time,last,close_time,received_at,source,open,high,low,volume,quote_volume,trades,taker_buy,taker_buy_quote,ignore
1780499700000,756.03,1780500599999,1791376157436,legacy_historical,,,,,,,,,
1780500600000,755.23470662,1780501499999,1791376157436,legacy_historical,,,,,,,,,
1780501500000,755.12,1780502399999,1791376157436,legacy_historical,,,,,,,,,
1780502400000,755.04,1780503299999,1791376157436,legacy_historical,,,,,,,,,
1780503300000,754.08421414,1780504199999,1791376157436,legacy_historical,,,,,,,,,
1780504200000,753.88,1780505099999,1791376157436,legacy_historical,,,,,,,,,
1780505100000,754.98,1780505999999,1791376157436,legacy_historical,,,,,,,,,
1780506000000,754.19,1780506899999,1791376157436,legacy_historical,,,,,,,,,
1780506900000,754.465574,1780507799999,1791376157436,legacy_historical,,,,,,,,,
1780507800000,755.07,1780508699999,1791376157436,legacy_historical,,,,,,,,,
1780508700000,755.4,1780509599999,1791376157436,legacy_historical,,,,,,,,,
1780509600000,755.02,1780510499999,1791376157436,legacy_historical,,,,,,,,,
1780510500000,755.6689348,1780511399999,1791376157436,legacy_historical,,,,,,,,,
1780511400000,755.39,1780512299999,1791376157436,legacy_historical,,,,,,,,,
1780512300000,755.20727634,1780513199999,1791376157436,legacy_historical,,,,,,,,,
1780513200000,754.69,1780514099999,1791376157436,legacy_historical,,,,,,,,,
1780514100000,754.49,1780514999999,1791376157436,legacy_historical,,,,,,,,,
1780515000000,755.06,1780515899999,1791376157436,legacy_historical,,,,,,,,,
1780515900000,754.13,1780516799999,1791376157436,legacy_historical,,,,,,,,,
1780516800000,753.67653527,1780517699999,1791376157436,legacy_historical,,,,,,,,,
1780517700000,753.05981686,1780518599999,1791376157436,legacy_historical,,,,,,,,,
1780518600000,751.61936306,1780519499999,1791376157436,legacy_historical,,,,,,,,,
1780519500000,751.82,1780520399999,1791376157436,legacy_historical,,,,,,,,,
1780520400000,751.80644104,1780521299999,1791376157436,legacy_historical,,,,,,,,,
1780521300000,751.57569447,1780522199999,1791376157436,legacy_historical,,,,,,,,,
1780522200000,750.69,1780523099999,1791376157436,legacy_historical,,,,,,,,,
1780523100000,750.89,1780523999999,1791376157436,legacy_historical,,,,,,,,,
1780524000000,750.96,1780524899999,1791376157436,legacy_historical,,,,,,,,,
1780524900000,750.88605921,1780525799999,1791376157436,legacy_historical,,,,,,,,,
1780525800000,750.75392964,1780526699999,1791376157436,legacy_historical,,,,,,,,,
1780526700000,751.38,1780527599999,1791376157436,legacy_historical,,,,,,,,,
1780527600000,750.68,1780528499999,1791376157436,legacy_historical,,,,,,,,,
1780528500000,750.44000176,1780529399999,1791376157436,legacy_historical,,,,,,,,,
1780529400000,750.06561835,1780530299999,1791376157436,legacy_historical,,,,,,,,,
1780530300000,750.47,1780531199999,1791376157436,legacy_historical,,,,,,,,,
1780531200000,750.9602578,1780532099999,1791376157436,legacy_historical,,,,,,,,,
1780532100000,751.15,1780532999999,1791376157436,legacy_historical,,,,,,,,,
1780533000000,751.47611879,1780533899999,1791376157436,legacy_historical,,,,,,,,,
1780533900000,751.54,1780534799999,1791376157436,legacy_historical,,,,,,,,,
1780534800000,751.84,1780535699999,1791376157436,legacy_historical,,,,,,,,,
1780535700000,751.28,1780536599999,1791376157436,legacy_historical,,,,,,,,,
1780536600000,751.21508909,1780537499999,1791376157436,legacy_historical,,,,,,,,,
1780537500000,750.74378541,1780538399999,1791376157436,legacy_historical,,,,,,,,,
1780538400000,750.27,1780539299999,1791376157436,legacy_historical,,,,,,,,,
1780539300000,750.35,1780540199999,1791376157436,legacy_historical,,,,,,,,,
1780540200000,750.37,1780541099999,1791376157436,legacy_historical,,,,,,,,,
1780541100000,750.38,1780541999999,1791376157436,legacy_historical,,,,,,,,,
1780542000000,750.7009774,1780542899999,1791376157436,legacy_historical,,,,,,,,,
1780542900000,751.05,1780543799999,1791376157436,legacy_historical,,,,,,,,,
1780543800000,750.71416187,1780544699999,1791376157436,legacy_historical,,,,,,,,,
1780544700000,751.14,1780545599999,1791376157436,legacy_historical,,,,,,,,,
1780545600000,751.33512687,1780546499999,1791376157436,legacy_historical,,,,,,,,,
1780546500000,751.07,1780547399999,1791376157436,legacy_historical,,,,,,,,,
1780547400000,751.45988126,1780548299999,1791376157436,legacy_historical,,,,,,,,,
1780548300000,751.4296551,1780549199999,1791376157436,legacy_historical,,,,,,,,,
1780549200000,750.98,1780550099999,1791376157436,legacy_historical,,,,,,,,,
1780550100000,750.83,1780550999999,1791376157436,legacy_historical,,,,,,,,,
1780551000000,751.29,1780551899999,1791376157436,legacy_historical,,,,,,,,,
1780551900000,751.21401236,1780552799999,1791376157436,legacy_historical,,,,,,,,,
1780552800000,751.5,1780553699999,1791376157436,legacy_historical,,,,,,,,,
1780553700000,751.50219921,1780554599999,1791376157436,legacy_historical,,,,,,,,,
1780554600000,751.94927375,1780555499999,1791376157436,legacy_historical,,,,,,,,,
1780555500000,752.13423497,1780556399999,1791376157436,legacy_historical,,,,,,,,,
1780556400000,752.33,1780557299999,1791376157436,legacy_historical,,,,,,,,,
1780557300000,752.36585525,1780558199999,1791376157436,legacy_historical,,,,,,,,,
1780558200000,752.45,1780559099999,1791376157436,legacy_historical,,,,,,,,,
1780559100000,752.38625746,1780559999999,1791376157436,legacy_historical,,,,,,,,,
1780560000000,751.33,1780560899999,1791376157436,legacy_historical,,,,,,,,,
1780560900000,751.26599579,1780561799999,1791376157436,legacy_historical,,,,,,,,,
1780561800000,751.39,1780562699999,1791376157436,legacy_historical,,,,,,,,,
1780562700000,750.98,1780563599999,1791376157436,legacy_historical,,,,,,,,,
1780563600000,750.19070805,1780564499999,1791376157436,legacy_historical,,,,,,,,,
1780564500000,750.84,1780565399999,1791376157436,legacy_historical,,,,,,,,,
1780565400000,751.2,1780566299999,1791376157436,legacy_historical,,,,,,,,,
1780566300000,751.57069401,1780567199999,1791376157436,legacy_historical,,,,,,,,,
1780567200000,751.11964356,1780568099999,1791376157436,legacy_historical,,,,,,,,,
1780568100000,750.43813286,1780568999999,1791376157436,legacy_historical,,,,,,,,,
1780569000000,750.28,1780569899999,1791376157436,legacy_historical,,,,,,,,,
1780569900000,750.07895092,1780570799999,1791376157436,legacy_historical,,,,,,,,,
1780570800000,750.45,1780571699999,1791376157436,legacy_historical,,,,,,,,,
1780571700000,750.82,1780572599999,1791376157436,legacy_historical,,,,,,,,,
1780572600000,750.00253084,1780573499999,1791376157436,legacy_historical,,,,,,,,,
1780573500000,751.16,1780574399999,1791376157436,legacy_historical,,,,,,,,,
1780574400000,750.65,1780575299999,1791376157436,legacy_historical,,,,,,,,,
1780575300000,751.14,1780576199999,1791376157436,legacy_historical,,,,,,,,,
1780576200000,751.88,1780577099999,1791376157436,legacy_historical,,,,,,,,,
1780577100000,752.22,1780577999999,1791376157436,legacy_historical,,,,,,,,,
1780578000000,751.97021913,1780578899999,1791376157436,legacy_historical,,,,,,,,,
1780578900000,751.66073483,1780579799999,1791376157436,legacy_historical,,,,,,,,,
1780579800000,751.6275896,1780580699999,1791376157436,legacy_historical,,,,,,,,,
1780580700000,753.02494649,1780581599999,1791376157436,legacy_historical,,,,,,,,,
1780581600000,753.07,1780582499999,1791376157436,legacy_historical,,,,,,,,,
1780582500000,753.63,1780583399999,1791376157436,legacy_historical,,,,,,,,,
1780583400000,753.43,1780584299999,1791376157436,legacy_historical,,,,,,,,,
1780584300000,753.67011862,1780585199999,1791376157436,legacy_historical,,,,,,,,,
1780585200000,755.1075189,1780586099999,1791376157436,legacy_historical,,,,,,,,,
1780586100000,755.43,1780586999999,1791376157436,legacy_historical,,,,,,,,,
1780587000000,754.79588892,1780587899999,1791376157436,legacy_historical,,,,,,,,,
1780587900000,754.7,1780588799999,1791376157436,legacy_historical,,,,,,,,,
1780588800000,755.70412196,1780589699999,1791376157436,legacy_historical,,,,,,,,,
1780589700000,756.05628389,1780590599999,1791376157436,legacy_historical,,,,,,,,,
1780590600000,756.34018253,1780591499999,1791376157436,legacy_historical,,,,,,,,,
1780591500000,756.36242325,1780592399999,1791376157436,legacy_historical,,,,,,,,,
1780592400000,756.30430191,1780593299999,1791376157436,legacy_historical,,,,,,,,,
1780593300000,756.62,1780594199999,1791376157436,legacy_historical,,,,,,,,,
1780594200000,756.78044512,1780595099999,1791376157436,legacy_historical,,,,,,,,,
1780595100000,757.48,1780595999999,1791376157436,legacy_historical,,,,,,,,,
1780596000000,757.5,1780596899999,1791376157436,legacy_historical,,,,,,,,,
1780596900000,757.44502145,1780597799999,1791376157436,legacy_historical,,,,,,,,,
1780597800000,757.37332412,1780598699999,1791376157436,legacy_historical,,,,,,,,,
1780598700000,757.18521997,1780599599999,1791376157436,legacy_historical,,,,,,,,,
1780599600000,757.29,1780600499999,1791376157436,legacy_historical,,,,,,,,,
1780600500000,757.73,1780601399999,1791376157436,legacy_historical,,,,,,,,,
1780601400000,757.33,1780602299999,1791376157436,legacy_historical,,,,,,,,,
1780602300000,756.73114307,1780603199999,1791376157436,legacy_historical,,,,,,,,,
1780603200000,756.08,1780604099999,1791376157436,legacy_historical,,,,,,,,,
1780604100000,755.49373455,1780604999999,1791376157436,legacy_historical,,,,,,,,,
1780605000000,755.56024239,1780605899999,1791376157436,legacy_historical,,,,,,,,,
1780605900000,755.4739645,1780606799999,1791376157436,legacy_historical,,,,,,,,,
1780606800000,755.14,1780607699999,1791376157436,legacy_historical,,,,,,,,,
1780607700000,755.2,1780608599999,1791376157436,legacy_historical,,,,,,,,,
1780608600000,755.66,1780609499999,1791376157436,legacy_historical,,,,,,,,,
1780609500000,755.61756808,1780610399999,1791376157436,legacy_historical,,,,,,,,,
1780610400000,755.19,1780611299999,1791376157436,legacy_historical,,,,,,,,,
1780611300000,754.91,1780612199999,1791376157436,legacy_historical,,,,,,,,,
1780612200000,755.03,1780613099999,1791376157436,legacy_historical,,,,,,,,,
1780613100000,755.36,1780613999999,1791376157436,legacy_historical,,,,,,,,,
1780614000000,754.92,1780614899999,1791376157436,legacy_historical,,,,,,,,,
1780614900000,754.73,1780615799999,1791376157436,legacy_historical,,,,,,,,,
1780615800000,754.49255926,1780616699999,1791376157436,legacy_historical,,,,,,,,,
1780616700000,754.21755249,1780617599999,1791376157436,legacy_historical,,,,,,,,,
1780617600000,753.32,1780618499999,1791376157436,legacy_historical,,,,,,,,,
1780618500000,753.27,1780619399999,1791376157436,legacy_historical,,,,,,,,,
1780619400000,753.14,1780620299999,1791376157436,legacy_historical,,,,,,,,,
1780620300000,752.87042655,1780621199999,1791376157436,legacy_historical,,,,,,,,,
1780621200000,752.53692021,1780622099999,1791376157436,legacy_historical,,,,,,,,,
1780622100000,752.01991988,1780622999999,1791376157436,legacy_historical,,,,,,,,,
1780623000000,752.48,1780623899999,1791376157436,legacy_historical,,,,,,,,,
1780623900000,753.17,1780624799999,1791376157436,legacy_historical,,,,,,,,,
1780624800000,753.42,1780625699999,1791376157436,legacy_historical,,,,,,,,,
1780625700000,753.61733225,1780626599999,1791376157436,legacy_historical,,,,,,,,,
1780626600000,753.25,1780627499999,1791376157436,legacy_historical,,,,,,,,,
1780627500000,753.09645554,1780628399999,1791376157436,legacy_historical,,,,,,,,,
1780628400000,753.0664987,1780629299999,1791376157436,legacy_historical,,,,,,,,,
1780629300000,752.94538627,1780630199999,1791376157436,legacy_historical,,,,,,,,,
1780630200000,753.03,1780631099999,1791376157436,legacy_historical,,,,,,,,,
1780631100000,752.67024241,1780631999999,1791376157436,legacy_historical,,,,,,,,,
1780632000000,752.75,1780632899999,1791376157436,legacy_historical,,,,,,,,,
1780632900000,752.81,1780633799999,1791376157436,legacy_historical,,,,,,,,,
1780633800000,753.11778635,1780634699999,1791376157436,legacy_historical,,,,,,,,,
1780634700000,753.55,1780635599999,1791376157436,legacy_historical,,,,,,,,,
1780635600000,753.14150763,1780636499999,1791376157436,legacy_historical,,,,,,,,,
1780636500000,753.02246478,1780637399999,1791376157436,legacy_historical,,,,,,,,,
1780637400000,753.4,1780638299999,1791376157436,legacy_historical,,,,,,,,,
1780638300000,752.86398962,1780639199999,1791376157436,legacy_historical,,,,,,,,,
1780639200000,753.03,1780640099999,1791376157436,legacy_historical,,,,,,,,,
1780640100000,752.54286565,1780640999999,1791376157436,legacy_historical,,,,,,,,,
1780641000000,752.44,1780641899999,1791376157436,legacy_historical,,,,,,,,,
1780641900000,752.43,1780642799999,1791376157436,legacy_historical,,,,,,,,,
1780642800000,752.02,1780643699999,1791376157436,legacy_historical,,,,,,,,,
1780643700000,752.62,1780644599999,1791376157436,legacy_historical,,,,,,,,,
1780644600000,752.79805877,1780645499999,1791376157436,legacy_historical,,,,,,,,,
1780645500000,752.82,1780646399999,1791376157436,legacy_historical,,,,,,,,,
1780646400000,753.2,1780647299999,1791376157436,legacy_historical,,,,,,,,,
1780647300000,753.68,1780648199999,1791376157436,legacy_historical,,,,,,,,,
1780648200000,753.31,1780649099999,1791376157436,legacy_historical,,,,,,,,,
1780649100000,753.16,1780649999999,1791376157436,legacy_historical,,,,,,,,,
1780650000000,754.23,1780650899999,1791376157436,legacy_historical,,,,,,,,,
1780650900000,753.72594358,1780651799999,1791376157436,legacy_historical,,,,,,,,,
1780651800000,753.55,1780652699999,1791376157436,legacy_historical,,,,,,,,,
1780652700000,753.78534306,1780653599999,1791376157436,legacy_historical,,,,,,,,,
1780653600000,753.8939502,1780654499999,1791376157436,legacy_historical,,,,,,,,,
1780654500000,754.22043435,1780655399999,1791376157436,legacy_historical,,,,,,,,,
1780655400000,754.09956379,1780656299999,1791376157436,legacy_historical,,,,,,,,,
1780656300000,753.75807708,1780657199999,1791376157436,legacy_historical,,,,,,,,,
1780657200000,753.73,1780658099999,1791376157436,legacy_historical,,,,,,,,,
1780658100000,753.67568109,1780658999999,1791376157436,legacy_historical,,,,,,,,,
1780659000000,753.63,1780659899999,1791376157436,legacy_historical,,,,,,,,,
1780659900000,753.20320706,1780660799999,1791376157436,legacy_historical,,,,,,,,,
1780660800000,752.71459718,1780661699999,1791376157436,legacy_historical,,,,,,,,,
1780661700000,752.78433318,1780662599999,1791376157436,legacy_historical,,,,,,,,,
1780662600000,752.84,1780663499999,1791376157436,legacy_historical,,,,,,,,,
1780663500000,751.94,1780664399999,1791376157436,legacy_historical,,,,,,,,,
1780664400000,751.55946777,1780665299999,1791376157436,legacy_historical,,,,,,,,,
1780665300000,751.67,1780666199999,1791376157436,legacy_historical,,,,,,,,,
1780666200000,749.83698363,1780667099999,1791376157436,legacy_historical,,,,,,,,,
1780667100000,748.08399805,1780667999999,1791376157436,legacy_historical,,,,,,,,,
1780668000000,749.44321529,1780668899999,1791376157436,legacy_historical,,,,,,,,,
1780668900000,748.6,1780669799999,1791376157436,legacy_historical,,,,,,,,,
1780669800000,749.02498063,1780670699999,1791376157436,legacy_historical,,,,,,,,,
1780670700000,749.36033133,1780671599999,1791376157436,legacy_historical,,,,,,,,,
1780671600000,747.85250178,1780672499999,1791376157436,legacy_historical,,,,,,,,,
1780672500000,747.84,1780673399999,1791376157436,legacy_historical,,,,,,,,,
1780673400000,746.17,1780674299999,1791376157436,legacy_historical,,,,,,,,,
1780674300000,746.25,1780675199999,1791376157436,legacy_historical,,,,,,,,,
1780675200000,745.43835811,1780676099999,1791376157436,legacy_historical,,,,,,,,,
1780676100000,744.75720866,1780676999999,1791376157436,legacy_historical,,,,,,,,,
1780677000000,743.16,1780677899999,1791376157436,legacy_historical,,,,,,,,,
1780677900000,744.48,1780678799999,1791376157436,legacy_historical,,,,,,,,,
1780678800000,743.05970074,1780679699999,1791376157436,legacy_historical,,,,,,,,,
1780679700000,743.69,1780680599999,1791376157436,legacy_historical,,,,,,,,,
1780680600000,743.53902348,1780681499999,1791376157436,legacy_historical,,,,,,,,,
1780681500000,744.36236431,1780682399999,1791376157436,legacy_historical,,,,,,,,,
1780682400000,741.78379578,1780683299999,1791376157436,legacy_historical,,,,,,,,,
1780683300000,740.64870789,1780684199999,1791376157436,legacy_historical,,,,,,,,,
1780684200000,740.02657633,1780685099999,1791376157436,legacy_historical,,,,,,,,,
1780685100000,738.97,1780685999999,1791376157436,legacy_historical,,,,,,,,,
1780686000000,736.92177246,1780686899999,1791376157436,legacy_historical,,,,,,,,,
1780686900000,738.21742295,1780687799999,1791376157436,legacy_historical,,,,,,,,,
1780687800000,737.57875828,1780688699999,1791376157436,legacy_historical,,,,,,,,,
1780688700000,737.1723867,1780689599999,1791376157436,legacy_historical,,,,,,,,,
1780689600000,733.78,1780690499999,1791376157436,legacy_historical,,,,,,,,,
1780690500000,734.00507115,1780691399999,1791376157436,legacy_historical,,,,,,,,,
1780691400000,733.9,1780692299999,1791376157436,legacy_historical,,,,,,,,,
1780692300000,734.51031831,1780693199999,1791376157436,legacy_historical,,,,,,,,,
1780693200000,734.79802786,1780694099999,1791376157436,legacy_historical,,,,,,,,,
1780694100000,736.10357867,1780694999999,1791376157436,legacy_historical,,,,,,,,,
1780695000000,736.19188507,1780695899999,1791376157436,legacy_historical,,,,,,,,,
1780695900000,735.91,1780696799999,1791376157436,legacy_historical,,,,,,,,,
1780696800000,736.13,1780697699999,1791376157436,legacy_historical,,,,,,,,,
1780697700000,736.42,1780698599999,1791376157436,legacy_historical,,,,,,,,,
1780698600000,736.19,1780699499999,1791376157436,legacy_historical,,,,,,,,,
1780699500000,736.73055407,1780700399999,1791376157436,legacy_historical,,,,,,,,,
1780700400000,737.1,1780701299999,1791376157436,legacy_historical,,,,,,,,,
1780701300000,736.7,1780702199999,1791376157436,legacy_historical,,,,,,,,,
1780702200000,736.28,1780703099999,1791376157436,legacy_historical,,,,,,,,,
1780703100000,735.97,1780703999999,1791376157436,legacy_historical,,,,,,,,,
1780704000000,738.46,1780704899999,1791376157436,legacy_historical,,,,,,,,,
1780704900000,739.38,1780705799999,1791376157436,legacy_historical,,,,,,,,,
1780705800000,739.8,1780706699999,1791376157436,legacy_historical,,,,,,,,,
1780706700000,738.71383716,1780707599999,1791376157436,legacy_historical,,,,,,,,,
1780707600000,738.07535806,1780708499999,1791376157436,legacy_historical,,,,,,,,,
1780708500000,736.18,1780709399999,1791376157436,legacy_historical,,,,,,,,,
1780709400000,735.0608702,1780710299999,1791376157436,legacy_historical,,,,,,,,,
1780710300000,733.71,1780711199999,1791376157436,legacy_historical,,,,,,,,,
1780711200000,733.36715679,1780712099999,1791376157436,legacy_historical,,,,,,,,,
1780712100000,732.86119174,1780712999999,1791376157436,legacy_historical,,,,,,,,,
1780713000000,730.39034258,1780713899999,1791376157436,legacy_historical,,,,,,,,,
1780713900000,731.26,1780714799999,1791376157436,legacy_historical,,,,,,,,,
1780714800000,731.05,1780715699999,1791376157436,legacy_historical,,,,,,,,,
1780715700000,733.06493263,1780716599999,1791376157436,legacy_historical,,,,,,,,,
1780716600000,734.05381255,1780717499999,1791376157436,legacy_historical,,,,,,,,,
1780717500000,734.77,1780718399999,1791376157436,legacy_historical,,,,,,,,,
1780718400000,733.94,1780719299999,1791376157436,legacy_historical,,,,,,,,,
1780719300000,731.28,1780720199999,1791376157436,legacy_historical,,,,,,,,,
1780720200000,729.7,1780721099999,1791376157436,legacy_historical,,,,,,,,,
1780721100000,729.81,1780721999999,1791376157436,legacy_historical,,,,,,,,,
1780722000000,731.62733904,1780722899999,1791376157436,legacy_historical,,,,,,,,,
1780722900000,731.78058458,1780723799999,1791376157436,legacy_historical,,,,,,,,,
1780723800000,732.01,1780724699999,1791376157436,legacy_historical,,,,,,,,,
1780724700000,732.51,1780725599999,1791376157436,legacy_historical,,,,,,,,,
1780725600000,734.04,1780726499999,1791376157436,legacy_historical,,,,,,,,,
1780726500000,734.82,1780727399999,1791376157436,legacy_historical,,,,,,,,,
1780727400000,734.66,1780728299999,1791376157436,legacy_historical,,,,,,,,,
1780728300000,734.6,1780729199999,1791376157436,legacy_historical,,,,,,,,,
1780729200000,733.82,1780730099999,1791376157436,legacy_historical,,,,,,,,,
1780730100000,734.07,1780730999999,1791376157436,legacy_historical,,,,,,,,,
1780731000000,732.63833199,1780731899999,1791376157436,legacy_historical,,,,,,,,,
1780731900000,732.15198266,1780732799999,1791376157436,legacy_historical,,,,,,,,,
1780732800000,732.12,1780733699999,1791376157436,legacy_historical,,,,,,,,,
1780733700000,733.42447511,1780734599999,1791376157436,legacy_historical,,,,,,,,,
1780734600000,731.3,1780735499999,1791376157436,legacy_historical,,,,,,,,,
1780735500000,733.49,1780736399999,1791376157436,legacy_historical,,,,,,,,,
1780736400000,734.4,1780737299999,1791376157436,legacy_historical,,,,,,,,,
1780737300000,734.37,1780738199999,1791376157436,legacy_historical,,,,,,,,,
1780738200000,734.74,1780739099999,1791376157436,legacy_historical,,,,,,,,,
1780739100000,734.12599673,1780739999999,1791376157436,legacy_historical,,,,,,,,,
1780740000000,732.54,1780740899999,1791376157436,legacy_historical,,,,,,,,,
1780740900000,732.74077182,1780741799999,1791376157436,legacy_historical,,,,,,,,,
1780741800000,733.95,1780742699999,1791376157436,legacy_historical,,,,,,,,,
1780742700000,733.91,1780743599999,1791376157436,legacy_historical,,,,,,,,,
1780743600000,734.12,1780744499999,1791376157436,legacy_historical,,,,,,,,,
1780744500000,734.58944991,1780745399999,1791376157436,legacy_historical,,,,,,,,,
1780745400000,734.4566342,1780746299999,1791376157436,legacy_historical,,,,,,,,,
1780746300000,734.29740136,1780747199999,1791376157436,legacy_historical,,,,,,,,,
1780747200000,736.31,1780748099999,1791376157436,legacy_historical,,,,,,,,,
1780748100000,736.89,1780748999999,1791376157436,legacy_historical,,,,,,,,,
1780749000000,737.01,1780749899999,1791376157436,legacy_historical,,,,,,,,,
1780749900000,737.8,1780750799999,1791376157436,legacy_historical,,,,,,,,,
1780750800000,738.12,1780751699999,1791376157436,legacy_historical,,,,,,,,,
1780751700000,738.55,1780752599999,1791376157436,legacy_historical,,,,,,,,,
1780752600000,738.08634356,1780753499999,1791376157436,legacy_historical,,,,,,,,,
1780753500000,738.19502872,1780754399999,1791376157436,legacy_historical,,,,,,,,,
1780754400000,737.45,1780755299999,1791376157436,legacy_historical,,,,,,,,,
1780755300000,738.03685547,1780756199999,1791376157436,legacy_historical,,,,,,,,,
1780756200000,738.20878419,1780757099999,1791376157436,legacy_historical,,,,,,,,,
1780757100000,737.84111157,1780757999999,1791376157436,legacy_historical,,,,,,,,,
1780758000000,737.26,1780758899999,1791376157436,legacy_historical,,,,,,,,,
1780758900000,737.3,1780759799999,1791376157436,legacy_historical,,,,,,,,,
1780759800000,737.49527994,1780760699999,1791376157436,legacy_historical,,,,,,,,,
1780760700000,737.29,1780761599999,1791376157436,legacy_historical,,,,,,,,,
1780761600000,737.57564154,1780762499999,1791376157436,legacy_historical,,,,,,,,,
1780762500000,737.85,1780763399999,1791376157436,legacy_historical,,,,,,,,,
1780763400000,738.23196505,1780764299999,1791376157436,legacy_historical,,,,,,,,,
1780764300000,738.44388565,1780765199999,1791376157436,legacy_historical,,,,,,,,,
1780765200000,737.09,1780766099999,1791376157436,legacy_historical,,,,,,,,,
1780766100000,735.46208353,1780766999999,1791376157436,legacy_historical,,,,,,,,,
1780767000000,735.25,1780767899999,1791376157436,legacy_historical,,,,,,,,,
1780767900000,735.06,1780768799999,1791376157436,legacy_historical,,,,,,,,,
1780768800000,735.81728054,1780769699999,1791376157436,legacy_historical,,,,,,,,,
1780769700000,735.96626248,1780770599999,1791376157436,legacy_historical,,,,,,,,,
1780770600000,736.28812878,1780771499999,1791376157436,legacy_historical,,,,,,,,,
1780771500000,736.49777579,1780772399999,1791376157436,legacy_historical,,,,,,,,,
1780772400000,737.09661321,1780773299999,1791376157436,legacy_historical,,,,,,,,,
1780773300000,737.27,1780774199999,1791376157436,legacy_historical,,,,,,,,,
1780774200000,737.29760722,1780775099999,1791376157436,legacy_historical,,,,,,,,,
1780775100000,737.92,1780775999999,1791376157436,legacy_historical,,,,,,,,,
1780776000000,737.20404292,1780776899999,1791376157436,legacy_historical,,,,,,,,,
1780776900000,737.94,1780777799999,1791376157436,legacy_historical,,,,,,,,,
1780777800000,738.02,1780778699999,1791376157436,legacy_historical,,,,,,,,,
1780778700000,737.77973464,1780779599999,1791376157436,legacy_historical,,,,,,,,,
1780779600000,737.88,1780780499999,1791376157436,legacy_historical,,,,,,,,,
1780780500000,737.51,1780781399999,1791376157436,legacy_historical,,,,,,,,,
1780781400000,736.93265642,1780782299999,1791376157436,legacy_historical,,,,,,,,,
1780782300000,736.11591973,1780783199999,1791376157436,legacy_historical,,,,,,,,,
1780783200000,736.11,1780784099999,1791376157436,legacy_historical,,,,,,,,,
1780784100000,735.69,1780784999999,1791376157436,legacy_historical,,,,,,,,,
1780785000000,736.0949126,1780785899999,1791376157436,legacy_historical,,,,,,,,,
1780785900000,736.92,1780786799999,1791376157436,legacy_historical,,,,,,,,,
1780786800000,737.10911502,1780787699999,1791376157436,legacy_historical,,,,,,,,,
1780787700000,737.41,1780788599999,1791376157436,legacy_historical,,,,,,,,,
1780788600000,737.83,1780789499999,1791376157436,legacy_historical,,,,,,,,,
1780789500000,738.11199451,1780790399999,1791376157436,legacy_historical,,,,,,,,,
1780790400000,737.94686669,1780791299999,1791376157436,legacy_historical,,,,,,,,,
1780791300000,737.56,1780792199999,1791376157436,legacy_historical,,,,,,,,,
1780792200000,737.31,1780793099999,1791376157436,legacy_historical,,,,,,,,,
1780793100000,737.27,1780793999999,1791376157436,legacy_historical,,,,,,,,,
1780794000000,737.45499961,1780794899999,1791376157436,legacy_historical,,,,,,,,,
1780794900000,738.26,1780795799999,1791376157436,legacy_historical,,,,,,,,,
1780795800000,738.75,1780796699999,1791376157436,legacy_historical,,,,,,,,,
1780796700000,738.446197,1780797599999,1791376157436,legacy_historical,,,,,,,,,
1780797600000,738.55414519,1780798499999,1791376157436,legacy_historical,,,,,,,,,
1780798500000,738.36,1780799399999,1791376157436,legacy_historical,,,,,,,,,
1780799400000,738.1,1780800299999,1791376157436,legacy_historical,,,,,,,,,
1780800300000,738.44581415,1780801199999,1791376157436,legacy_historical,,,,,,,,,
1780801200000,738.58,1780802099999,1791376157436,legacy_historical,,,,,,,,,
1780802100000,738.45765265,1780802999999,1791376157436,legacy_historical,,,,,,,,,
1780803000000,739.03838256,1780803899999,1791376157436,legacy_historical,,,,,,,,,
1780803900000,738.67,1780804799999,1791376157436,legacy_historical,,,,,,,,,
1780804800000,738.69493402,1780805699999,1791376157436,legacy_historical,,,,,,,,,
1780805700000,739.09768475,1780806599999,1791376157436,legacy_historical,,,,,,,,,
1780806600000,739.17,1780807499999,1791376157436,legacy_historical,,,,,,,,,
1780807500000,739.29072856,1780808399999,1791376157436,legacy_historical,,,,,,,,,
1780808400000,739.01,1780809299999,1791376157436,legacy_historical,,,,,,,,,
1780809300000,738.96,1780810199999,1791376157436,legacy_historical,,,,,,,,,
1780810200000,739.2366654,1780811099999,1791376157436,legacy_historical,,,,,,,,,
1780811100000,739.08,1780811999999,1791376157436,legacy_historical,,,,,,,,,
1780812000000,739.57997455,1780812899999,1791376157436,legacy_historical,,,,,,,,,
1780812900000,739.30516482,1780813799999,1791376157436,legacy_historical,,,,,,,,,
1780813800000,739.4360373,1780814699999,1791376157436,legacy_historical,,,,,,,,,
1780814700000,739.46804769,1780815599999,1791376157436,legacy_historical,,,,,,,,,
1780815600000,739.26243665,1780816499999,1791376157436,legacy_historical,,,,,,,,,
1780816500000,739.31,1780817399999,1791376157436,legacy_historical,,,,,,,,,
1780817400000,739.17478593,1780818299999,1791376157436,legacy_historical,,,,,,,,,
1780818300000,739.33,1780819199999,1791376157436,legacy_historical,,,,,,,,,
1780819200000,739.32,1780820099999,1791376157436,legacy_historical,,,,,,,,,
1780820100000,739.33,1780820999999,1791376157436,legacy_historical,,,,,,,,,
1780821000000,739.33,1780821899999,1791376157436,legacy_historical,,,,,,,,,
1780821900000,739.68785524,1780822799999,1791376157436,legacy_historical,,,,,,,,,
1780822800000,738.92,1780823699999,1791376157436,legacy_historical,,,,,,,,,
1780823700000,738.85,1780824599999,1791376157436,legacy_historical,,,,,,,,,
1780824600000,737.57460828,1780825499999,1791376157436,legacy_historical,,,,,,,,,
1780825500000,737.26,1780826399999,1791376157436,legacy_historical,,,,,,,,,
1780826400000,736.25,1780827299999,1791376157436,legacy_historical,,,,,,,,,
1780827300000,737.0,1780828199999,1791376157436,legacy_historical,,,,,,,,,
1780828200000,737.63929432,1780829099999,1791376157436,legacy_historical,,,,,,,,,
1780829100000,737.5,1780829999999,1791376157436,legacy_historical,,,,,,,,,
1780830000000,737.39,1780830899999,1791376157436,legacy_historical,,,,,,,,,
1780830900000,736.62,1780831799999,1791376157436,legacy_historical,,,,,,,,,
1780831800000,736.73121731,1780832699999,1791376157436,legacy_historical,,,,,,,,,
1780832700000,736.27,1780833599999,1791376157436,legacy_historical,,,,,,,,,
1780833600000,735.60853772,1780834499999,1791376157436,legacy_historical,,,,,,,,,
1780834500000,735.18631765,1780835399999,1791376157436,legacy_historical,,,,,,,,,
1780835400000,735.26102772,1780836299999,1791376157436,legacy_historical,,,,,,,,,
1780836300000,735.56,1780837199999,1791376157436,legacy_historical,,,,,,,,,
1780837200000,734.97,1780838099999,1791376157436,legacy_historical,,,,,,,,,
1780838100000,735.3,1780838999999,1791376157436,legacy_historical,,,,,,,,,
1780839000000,736.69,1780839899999,1791376157436,legacy_historical,,,,,,,,,
1780839900000,737.69,1780840799999,1791376157436,legacy_historical,,,,,,,,,
1780840800000,737.36,1780841699999,1791376157436,legacy_historical,,,,,,,,,
1780841700000,736.86,1780842599999,1791376157436,legacy_historical,,,,,,,,,
1780842600000,736.76947399,1780843499999,1791376157436,legacy_historical,,,,,,,,,
1780843500000,736.62,1780844399999,1791376157436,legacy_historical,,,,,,,,,
1780844400000,736.79,1780845299999,1791376157436,legacy_historical,,,,,,,,,
1780845300000,736.54337365,1780846199999,1791376157436,legacy_historical,,,,,,,,,
1780846200000,737.23828633,1780847099999,1791376157436,legacy_historical,,,,,,,,,
1780847100000,737.0,1780847999999,1791376157436,legacy_historical,,,,,,,,,
1780848000000,736.98744119,1780848899999,1791376157436,legacy_historical,,,,,,,,,
1780848900000,737.81486165,1780849799999,1791376157436,legacy_historical,,,,,,,,,
1780849800000,738.26,1780850699999,1791376157436,legacy_historical,,,,,,,,,
1780850700000,738.41,1780851599999,1791376157436,legacy_historical,,,,,,,,,
1780851600000,738.16808173,1780852499999,1791376157436,legacy_historical,,,,,,,,,
1780852500000,737.23,1780853399999,1791376157436,legacy_historical,,,,,,,,,
1780853400000,737.36546849,1780854299999,1791376157436,legacy_historical,,,,,,,,,
1780854300000,736.82,1780855199999,1791376157436,legacy_historical,,,,,,,,,
1780855200000,735.93,1780856099999,1791376157436,legacy_historical,,,,,,,,,
1780856100000,734.87,1780856999999,1791376157436,legacy_historical,,,,,,,,,
1780857000000,734.88,1780857899999,1791376157436,legacy_historical,,,,,,,,,
1780857900000,734.97,1780858799999,1791376157436,legacy_historical,,,,,,,,,
1780858800000,733.4,1780859699999,1791376157436,legacy_historical,,,,,,,,,
1780859700000,734.52,1780860599999,1791376157436,legacy_historical,,,,,,,,,
1780860600000,732.9,1780861499999,1791376157436,legacy_historical,,,,,,,,,
1780861500000,734.31,1780862399999,1791376157436,legacy_historical,,,,,,,,,
1780862400000,734.21,1780863299999,1791376157436,legacy_historical,,,,,,,,,
1780863300000,735.25,1780864199999,1791376157436,legacy_historical,,,,,,,,,
1780864200000,734.19,1780865099999,1791376157436,legacy_historical,,,,,,,,,
1780865100000,734.63249496,1780865999999,1791376157436,legacy_historical,,,,,,,,,
1780866000000,736.33,1780866899999,1791376157436,legacy_historical,,,,,,,,,
1780866900000,737.67,1780867799999,1791376157436,legacy_historical,,,,,,,,,
1780867800000,737.9,1780868699999,1791376157436,legacy_historical,,,,,,,,,
1780868700000,735.51057096,1780869599999,1791376157436,legacy_historical,,,,,,,,,
1780869600000,735.26,1780870499999,1791376157436,legacy_historical,,,,,,,,,
1780870500000,734.95015892,1780871399999,1791376157436,legacy_historical,,,,,,,,,
1780871400000,735.18309524,1780872299999,1791376157436,legacy_historical,,,,,,,,,
1780872300000,733.4483048,1780873199999,1791376157436,legacy_historical,,,,,,,,,
1780873200000,734.82355264,1780874099999,1791376157436,legacy_historical,,,,,,,,,
1780874100000,734.64,1780874999999,1791376157436,legacy_historical,,,,,,,,,
1780875000000,735.54491788,1780875899999,1791376157436,legacy_historical,,,,,,,,,
1780875900000,736.6,1780876799999,1791376157436,legacy_historical,,,,,,,,,
1780876800000,737.36072594,1780877699999,1791376157436,legacy_historical,,,,,,,,,
1780877700000,738.20550232,1780878599999,1791376157436,legacy_historical,,,,,,,,,
1780878600000,738.37721699,1780879499999,1791376157436,legacy_historical,,,,,,,,,
1780879500000,738.43129502,1780880399999,1791376157436,legacy_historical,,,,,,,,,
1780880400000,737.50743915,1780881299999,1791376157436,legacy_historical,,,,,,,,,
1780881300000,735.98,1780882199999,1791376157436,legacy_historical,,,,,,,,,
1780882200000,737.26,1780883099999,1791376157436,legacy_historical,,,,,,,,,
1780883100000,737.26,1780883999999,1791376157436,legacy_historical,,,,,,,,,
1780884000000,737.54561331,1780884899999,1791376157436,legacy_historical,,,,,,,,,
1780884900000,737.74925436,1780885799999,1791376157436,legacy_historical,,,,,,,,,
1780885800000,738.6858409,1780886699999,1791376157436,legacy_historical,,,,,,,,,
1780886700000,738.40394585,1780887599999,1791376157436,legacy_historical,,,,,,,,,
1780887600000,738.6,1780888499999,1791376157436,legacy_historical,,,,,,,,,
1780888500000,738.57,1780889399999,1791376157436,legacy_historical,,,,,,,,,
1780889400000,738.43219586,1780890299999,1791376157436,legacy_historical,,,,,,,,,
1780890300000,738.54,1780891199999,1791376157436,legacy_historical,,,,,,,,,
1780891200000,738.38,1780892099999,1791376157436,legacy_historical,,,,,,,,,
1780892100000,738.18,1780892999999,1791376157436,legacy_historical,,,,,,,,,
1780893000000,737.46,1780893899999,1791376157436,legacy_historical,,,,,,,,,
1780893900000,737.42,1780894799999,1791376157436,legacy_historical,,,,,,,,,
1780894800000,737.07,1780895699999,1791376157436,legacy_historical,,,,,,,,,
1780895700000,737.40409623,1780896599999,1791376157436,legacy_historical,,,,,,,,,
1780896600000,736.24941296,1780897499999,1791376157436,legacy_historical,,,,,,,,,
1780897500000,736.14521537,1780898399999,1791376157436,legacy_historical,,,,,,,,,
1780898400000,736.91,1780899299999,1791376157436,legacy_historical,,,,,,,,,
1780899300000,738.20224524,1780900199999,1791376157436,legacy_historical,,,,,,,,,
1780900200000,737.40673384,1780901099999,1791376157436,legacy_historical,,,,,,,,,
1780901100000,737.52,1780901999999,1791376157436,legacy_historical,,,,,,,,,
1780902000000,738.3,1780902899999,1791376157436,legacy_historical,,,,,,,,,
1780902900000,739.41,1780903799999,1791376157436,legacy_historical,,,,,,,,,
1780903800000,739.5100341,1780904699999,1791376157436,legacy_historical,,,,,,,,,
1780904700000,739.54985465,1780905599999,1791376157436,legacy_historical,,,,,,,,,
1780905600000,739.04384265,1780906499999,1791376157436,legacy_historical,,,,,,,,,
1780906500000,739.02580417,1780907399999,1791376157436,legacy_historical,,,,,,,,,
1780907400000,738.84380891,1780908299999,1791376157436,legacy_historical,,,,,,,,,
1780908300000,738.99,1780909199999,1791376157436,legacy_historical,,,,,,,,,
1780909200000,739.05987337,1780910099999,1791376157436,legacy_historical,,,,,,,,,
1780910100000,739.24780447,1780910999999,1791376157436,legacy_historical,,,,,,,,,
1780911000000,739.67,1780911899999,1791376157436,legacy_historical,,,,,,,,,
1780911900000,740.16704182,1780912799999,1791376157436,legacy_historical,,,,,,,,,
1780912800000,739.8025898,1780913699999,1791376157436,legacy_historical,,,,,,,,,
1780913700000,739.46,1780914599999,1791376157436,legacy_historical,,,,,,,,,
1780914600000,740.34861782,1780915499999,1791376157436,legacy_historical,,,,,,,,,
1780915500000,740.26,1780916399999,1791376157436,legacy_historical,,,,,,,,,
1780916400000,742.06724894,1780917299999,1791376157436,legacy_historical,,,,,,,,,
1780917300000,742.51,1780918199999,1791376157436,legacy_historical,,,,,,,,,
1780918200000,742.53398048,1780919099999,1791376157436,legacy_historical,,,,,,,,,
1780919100000,742.12492704,1780919999999,1791376157436,legacy_historical,,,,,,,,,
1780920000000,742.7820485,1780920899999,1791376157436,legacy_historical,,,,,,,,,
1780920900000,743.2535729,1780921799999,1791376157436,legacy_historical,,,,,,,,,
1780921800000,743.73046086,1780922699999,1791376157436,legacy_historical,,,,,,,,,
1780922700000,743.59,1780923599999,1791376157436,legacy_historical,,,,,,,,,
1780923600000,743.82,1780924499999,1791376157436,legacy_historical,,,,,,,,,
1780924500000,743.27783326,1780925399999,1791376157436,legacy_historical,,,,,,,,,
1780925400000,742.1,1780926299999,1791376157436,legacy_historical,,,,,,,,,
1780926300000,740.4808226,1780927199999,1791376157436,legacy_historical,,,,,,,,,
1780927200000,741.29,1780928099999,1791376157436,legacy_historical,,,,,,,,,
1780928100000,742.06,1780928999999,1791376157436,legacy_historical,,,,,,,,,
1780929000000,742.22371166,1780929899999,1791376157436,legacy_historical,,,,,,,,,
1780929900000,744.39,1780930799999,1791376157436,legacy_historical,,,,,,,,,
1780930800000,744.28228319,1780931699999,1791376157436,legacy_historical,,,,,,,,,
1780931700000,742.68278203,1780932599999,1791376157436,legacy_historical,,,,,,,,,
1780932600000,743.11,1780933499999,1791376157436,legacy_historical,,,,,,,,,
1780933500000,742.18,1780934399999,1791376157436,legacy_historical,,,,,,,,,
1780934400000,742.61579104,1780935299999,1791376157436,legacy_historical,,,,,,,,,
1780935300000,741.81454306,1780936199999,1791376157436,legacy_historical,,,,,,,,,
1780936200000,741.72087479,1780937099999,1791376157436,legacy_historical,,,,,,,,,
1780937100000,741.71,1780937999999,1791376157436,legacy_historical,,,,,,,,,
1780938000000,740.629103,1780938899999,1791376157436,legacy_historical,,,,,,,,,
1780938900000,741.68,1780939799999,1791376157436,legacy_historical,,,,,,,,,
1780939800000,740.10230713,1780940699999,1791376157436,legacy_historical,,,,,,,,,
1780940700000,740.80535169,1780941599999,1791376157436,legacy_historical,,,,,,,,,
1780941600000,741.09,1780942499999,1791376157436,legacy_historical,,,,,,,,,
1780942500000,741.67621845,1780943399999,1791376157436,legacy_historical,,,,,,,,,
1780943400000,740.70072861,1780944299999,1791376157436,legacy_historical,,,,,,,,,
1780944300000,740.72099721,1780945199999,1791376157436,legacy_historical,,,,,,,,,
1780945200000,738.84,1780946099999,1791376157436,legacy_historical,,,,,,,,,
1780946100000,738.69,1780946999999,1791376157436,legacy_historical,,,,,,,,,
1780947000000,738.93907044,1780947899999,1791376157436,legacy_historical,,,,,,,,,
1780947900000,739.01,1780948799999,1791376157436,legacy_historical,,,,,,,,,
1780948800000,738.82,1780949699999,1791376157436,legacy_historical,,,,,,,,,
1780949700000,738.71124,1780950599999,1791376157436,legacy_historical,,,,,,,,,
1780950600000,738.58008106,1780951499999,1791376157436,legacy_historical,,,,,,,,,
1780951500000,738.75,1780952399999,1791376157436,legacy_historical,,,,,,,,,
1780952400000,738.91416373,1780953299999,1791376157436,legacy_historical,,,,,,,,,
1780953300000,739.04507203,1780954199999,1791376157436,legacy_historical,,,,,,,,,
1780954200000,739.07,1780955099999,1791376157436,legacy_historical,,,,,,,,,
1780955100000,739.02231408,1780955999999,1791376157436,legacy_historical,,,,,,,,,
1780956000000,737.13,1780956899999,1791376157436,legacy_historical,,,,,,,,,
1780956900000,737.15362279,1780957799999,1791376157436,legacy_historical,,,,,,,,,
1780957800000,738.02,1780958699999,1791376157436,legacy_historical,,,,,,,,,
1780958700000,738.89287746,1780959599999,1791376157436,legacy_historical,,,,,,,,,
1780959600000,739.29,1780960499999,1791376157436,legacy_historical,,,,,,,,,
1780960500000,738.86,1780961399999,1791376157436,legacy_historical,,,,,,,,,
1780961400000,738.99,1780962299999,1791376157436,legacy_historical,,,,,,,,,
1780962300000,738.68434055,1780963199999,1791376157436,legacy_historical,,,,,,,,,
1780963200000,737.34,1780964099999,1791376157436,legacy_historical,,,,,,,,,
1780964100000,737.54115222,1780964999999,1791376157436,legacy_historical,,,,,,,,,
1780965000000,737.27,1780965899999,1791376157436,legacy_historical,,,,,,,,,
1780965900000,737.21,1780966799999,1791376157436,legacy_historical,,,,,,,,,
1780966800000,737.67586032,1780967699999,1791376157436,legacy_historical,,,,,,,,,
1780967700000,738.96,1780968599999,1791376157436,legacy_historical,,,,,,,,,
1780968600000,739.56,1780969499999,1791376157436,legacy_historical,,,,,,,,,
1780969500000,739.6,1780970399999,1791376157436,legacy_historical,,,,,,,,,
1780970400000,739.76238,1780971299999,1791376157436,legacy_historical,,,,,,,,,
1780971300000,739.61800645,1780972199999,1791376157436,legacy_historical,,,,,,,,,
1780972200000,739.78,1780973099999,1791376157436,legacy_historical,,,,,,,,,
1780973100000,739.88439565,1780973999999,1791376157436,legacy_historical,,,,,,,,,
1780974000000,740.20653016,1780974899999,1791376157436,legacy_historical,,,,,,,,,
1780974900000,740.11789194,1780975799999,1791376157436,legacy_historical,,,,,,,,,
1780975800000,740.83006694,1780976699999,1791376157436,legacy_historical,,,,,,,,,
1780976700000,740.8825,1780977599999,1791376157436,legacy_historical,,,,,,,,,
1780977600000,740.96,1780978499999,1791376157436,legacy_historical,,,,,,,,,
1780978500000,740.96930306,1780979399999,1791376157436,legacy_historical,,,,,,,,,
1780979400000,740.92117871,1780980299999,1791376157436,legacy_historical,,,,,,,,,
1780980300000,740.66974323,1780981199999,1791376157436,legacy_historical,,,,,,,,,
1780981200000,740.54,1780982099999,1791376157436,legacy_historical,,,,,,,,,
1780982100000,740.19,1780982999999,1791376157436,legacy_historical,,,,,,,,,
1780983000000,741.17618258,1780983899999,1791376157436,legacy_historical,,,,,,,,,
1780983900000,741.33,1780984799999,1791376157436,legacy_historical,,,,,,,,,
1780984800000,741.68,1780985699999,1791376157436,legacy_historical,,,,,,,,,
1780985700000,741.42718435,1780986599999,1791376157436,legacy_historical,,,,,,,,,
1780986600000,741.451245,1780987499999,1791376157436,legacy_historical,,,,,,,,,
1780987500000,741.14,1780988399999,1791376157436,legacy_historical,,,,,,,,,
1780988400000,741.6725,1780989299999,1791376157436,legacy_historical,,,,,,,,,
1780989300000,741.18775661,1780990199999,1791376157436,legacy_historical,,,,,,,,,
1780990200000,741.37054613,1780991099999,1791376157436,legacy_historical,,,,,,,,,
1780991100000,740.91758694,1780991999999,1791376157436,legacy_historical,,,,,,,,,
1780992000000,742.05250666,1780992899999,1791376157436,legacy_historical,,,,,,,,,
1780992900000,742.10022435,1780993799999,1791376157436,legacy_historical,,,,,,,,,
1780993800000,742.53,1780994699999,1791376157436,legacy_historical,,,,,,,,,
1780994700000,741.9983535,1780995599999,1791376157436,legacy_historical,,,,,,,,,
1780995600000,742.40457144,1780996499999,1791376157436,legacy_historical,,,,,,,,,
1780996500000,742.6364763,1780997399999,1791376157436,legacy_historical,,,,,,,,,
1780997400000,742.47,1780998299999,1791376157436,legacy_historical,,,,,,,,,
1780998300000,742.6641614,1780999199999,1791376157436,legacy_historical,,,,,,,,,
1780999200000,742.59,1781000099999,1791376157436,legacy_historical,,,,,,,,,
1781000100000,742.6591661,1781000999999,1791376157436,legacy_historical,,,,,,,,,
1781001000000,742.45968173,1781001899999,1791376157436,legacy_historical,,,,,,,,,
1781001900000,742.9416271,1781002799999,1791376157436,legacy_historical,,,,,,,,,
1781002800000,742.77,1781003699999,1791376157436,legacy_historical,,,,,,,,,
1781003700000,742.37075055,1781004599999,1791376157436,legacy_historical,,,,,,,,,
1781004600000,742.62,1781005499999,1791376157436,legacy_historical,,,,,,,,,
1781005500000,742.12,1781006399999,1791376157436,legacy_historical,,,,,,,,,
1781006400000,742.01,1781007299999,1791376157436,legacy_historical,,,,,,,,,
1781007300000,742.12,1781008199999,1791376157436,legacy_historical,,,,,,,,,
1781008200000,742.61087521,1781009099999,1791376157436,legacy_historical,,,,,,,,,
1781009100000,743.18853481,1781009999999,1791376157436,legacy_historical,,,,,,,,,
1781010000000,742.82680924,1781010899999,1791376157436,legacy_historical,,,,,,,,,
1781010900000,743.51,1781011799999,1791376157436,legacy_historical,,,,,,,,,
1781011800000,745.18256245,1781012699999,1791376157436,legacy_historical,,,,,,,,,
1781012700000,743.89,1781013599999,1791376157436,legacy_historical,,,,,,,,,
1781013600000,741.5784,1781014499999,1791376157436,legacy_historical,,,,,,,,,
1781014500000,740.95720571,1781015399999,1791376157436,legacy_historical,,,,,,,,,
1781015400000,738.44,1781016299999,1791376157436,legacy_historical,,,,,,,,,
1781016300000,737.45346795,1781017199999,1791376157436,legacy_historical,,,,,,,,,
1781017200000,737.47185342,1781018099999,1791376157436,legacy_historical,,,,,,,,,
1781018100000,730.91,1781018999999,1791376157436,legacy_historical,,,,,,,,,
1781019000000,731.59801639,1781019899999,1791376157436,legacy_historical,,,,,,,,,
1781019900000,728.89,1781020799999,1791376157436,legacy_historical,,,,,,,,,
1781020800000,728.3079272,1781021699999,1791376157436,legacy_historical,,,,,,,,,
1781021700000,727.2205455,1781022599999,1791376157436,legacy_historical,,,,,,,,,
1781022600000,724.58848944,1781023499999,1791376157436,legacy_historical,,,,,,,,,
1781023500000,726.16,1781024399999,1791376157436,legacy_historical,,,,,,,,,
1781024400000,728.18,1781025299999,1791376157436,legacy_historical,,,,,,,,,
1781025300000,730.4,1781026199999,1791376157436,legacy_historical,,,,,,,,,
1781026200000,732.79236622,1781027099999,1791376157436,legacy_historical,,,,,,,,,
1781027100000,732.46,1781027999999,1791376157436,legacy_historical,,,,,,,,,
1781028000000,733.03499261,1781028899999,1791376157436,legacy_historical,,,,,,,,,
1781028900000,734.8,1781029799999,1791376157436,legacy_historical,,,,,,,,,
1781029800000,734.12,1781030699999,1791376157436,legacy_historical,,,,,,,,,
1781030700000,736.40924502,1781031599999,1791376157436,legacy_historical,,,,,,,,,
1781031600000,734.95,1781032499999,1791376157436,legacy_historical,,,,,,,,,
1781032500000,734.18836714,1781033399999,1791376157436,legacy_historical,,,,,,,,,
1781033400000,733.10756207,1781034299999,1791376157436,legacy_historical,,,,,,,,,
1781034300000,736.83991762,1781035199999,1791376157436,legacy_historical,,,,,,,,,
1781035200000,736.18,1781036099999,1791376157436,legacy_historical,,,,,,,,,
1781036100000,736.54,1781036999999,1791376157436,legacy_historical,,,,,,,,,
1781037000000,736.55179443,1781037899999,1791376157436,legacy_historical,,,,,,,,,
1781037900000,736.56747845,1781038799999,1791376157436,legacy_historical,,,,,,,,,
1781038800000,736.01,1781039699999,1791376157436,legacy_historical,,,,,,,,,
1781039700000,734.53200469,1781040599999,1791376157436,legacy_historical,,,,,,,,,
1781040600000,734.86464504,1781041499999,1791376157436,legacy_historical,,,,,,,,,
1781041500000,734.72774146,1781042399999,1791376157436,legacy_historical,,,,,,,,,
1781042400000,735.79526443,1781043299999,1791376157436,legacy_historical,,,,,,,,,
1781043300000,735.42187375,1781044199999,1791376157436,legacy_historical,,,,,,,,,
1781044200000,734.68,1781045099999,1791376157436,legacy_historical,,,,,,,,,
1781045100000,734.42,1781045999999,1791376157436,legacy_historical,,,,,,,,,
1781046000000,734.42434358,1781046899999,1791376157436,legacy_historical,,,,,,,,,
1781046900000,734.11,1781047799999,1791376157436,legacy_historical,,,,,,,,,
1781047800000,734.32685699,1781048699999,1791376157436,legacy_historical,,,,,,,,,
1781048700000,735.31,1781049599999,1791376157436,legacy_historical,,,,,,,,,
1781049600000,735.93,1781050499999,1791376157436,legacy_historical,,,,,,,,,
1781050500000,735.82172771,1781051399999,1791376157436,legacy_historical,,,,,,,,,
1781051400000,734.31948091,1781052299999,1791376157436,legacy_historical,,,,,,,,,
1781052300000,735.62623451,1781053199999,1791376157436,legacy_historical,,,,,,,,,
1781053200000,735.90171034,1781054099999,1791376157436,legacy_historical,,,,,,,,,
1781054100000,735.74,1781054999999,1791376157436,legacy_historical,,,,,,,,,
1781055000000,735.45581532,1781055899999,1791376157436,legacy_historical,,,,,,,,,
1781055900000,735.39903859,1781056799999,1791376157436,legacy_historical,,,,,,,,,
1781056800000,734.93,1781057699999,1791376157436,legacy_historical,,,,,,,,,
1781057700000,735.17,1781058599999,1791376157436,legacy_historical,,,,,,,,,
1781058600000,734.89079533,1781059499999,1791376157436,legacy_historical,,,,,,,,,
1781059500000,734.46571464,1781060399999,1791376157436,legacy_historical,,,,,,,,,
1781060400000,735.08110068,1781061299999,1791376157436,legacy_historical,,,,,,,,,
1781061300000,735.14,1781062199999,1791376157436,legacy_historical,,,,,,,,,
1781062200000,734.51,1781063099999,1791376157436,legacy_historical,,,,,,,,,
1781063100000,734.7,1781063999999,1791376157436,legacy_historical,,,,,,,,,
1781064000000,734.15515246,1781064899999,1791376157436,legacy_historical,,,,,,,,,
1781064900000,734.17,1781065799999,1791376157436,legacy_historical,,,,,,,,,
1781065800000,733.33,1781066699999,1791376157436,legacy_historical,,,,,,,,,
1781066700000,733.48,1781067599999,1791376157436,legacy_historical,,,,,,,,,
1781067600000,733.64898577,1781068499999,1791376157436,legacy_historical,,,,,,,,,
1781068500000,734.33,1781069399999,1791376157436,legacy_historical,,,,,,,,,
1781069400000,734.02104194,1781070299999,1791376157436,legacy_historical,,,,,,,,,
1781070300000,734.46803987,1781071199999,1791376157436,legacy_historical,,,,,,,,,
1781071200000,734.9,1781072099999,1791376157436,legacy_historical,,,,,,,,,
1781072100000,734.77,1781072999999,1791376157436,legacy_historical,,,,,,,,,
1781073000000,734.86914193,1781073899999,1791376157436,legacy_historical,,,,,,,,,
1781073900000,734.6,1781074799999,1791376157436,legacy_historical,,,,,,,,,
1781074800000,734.96172651,1781075699999,1791376157436,legacy_historical,,,,,,,,,
1781075700000,734.11,1781076599999,1791376157436,legacy_historical,,,,,,,,,
1781076600000,734.36846536,1781077499999,1791376157436,legacy_historical,,,,,,,,,
1781077500000,734.52352656,1781078399999,1791376157436,legacy_historical,,,,,,,,,
1781078400000,733.48,1781079299999,1791376157436,legacy_historical,,,,,,,,,
1781079300000,733.15657306,1781080199999,1791376157436,legacy_historical,,,,,,,,,
1781080200000,731.78,1781081099999,1791376157436,legacy_historical,,,,,,,,,
1781081100000,731.5,1781081999999,1791376157436,legacy_historical,,,,,,,,,
1781082000000,730.18,1781082899999,1791376157436,legacy_historical,,,,,,,,,
1781082900000,731.22,1781083799999,1791376157436,legacy_historical,,,,,,,,,
1781083800000,730.80259821,1781084699999,1791376157436,legacy_historical,,,,,,,,,
1781084700000,731.26821266,1781085599999,1791376157436,legacy_historical,,,,,,,,,
1781085600000,730.98,1781086499999,1791376157436,legacy_historical,,,,,,,,,
1781086500000,731.08,1781087399999,1791376157436,legacy_historical,,,,,,,,,
1781087400000,731.95482528,1781088299999,1791376157436,legacy_historical,,,,,,,,,
1781088300000,731.92,1781089199999,1791376157436,legacy_historical,,,,,,,,,
1781089200000,730.18,1781090099999,1791376157436,legacy_historical,,,,,,,,,
1781090100000,729.14896786,1781090999999,1791376157436,legacy_historical,,,,,,,,,
1781091000000,728.72174631,1781091899999,1791376157436,legacy_historical,,,,,,,,,
1781091900000,729.84056881,1781092799999,1791376157436,legacy_historical,,,,,,,,,
1781092800000,730.5,1781093699999,1791376157436,legacy_historical,,,,,,,,,
1781093700000,731.37938557,1781094599999,1791376157436,legacy_historical,,,,,,,,,
1781094600000,734.39,1781095499999,1791376157436,legacy_historical,,,,,,,,,
1781095500000,733.51,1781096399999,1791376157436,legacy_historical,,,,,,,,,
1781096400000,733.16,1781097299999,1791376157436,legacy_historical,,,,,,,,,
1781097300000,733.64,1781098199999,1791376157436,legacy_historical,,,,,,,,,
1781098200000,736.39,1781099099999,1791376157436,legacy_historical,,,,,,,,,
1781099100000,735.75014343,1781099999999,1791376157436,legacy_historical,,,,,,,,,
1781100000000,736.79725482,1781100899999,1791376157436,legacy_historical,,,,,,,,,
1781100900000,737.32164361,1781101799999,1791376157436,legacy_historical,,,,,,,,,
1781101800000,735.66637909,1781102699999,1791376157436,legacy_historical,,,,,,,,,
1781102700000,732.83743815,1781103599999,1791376157436,legacy_historical,,,,,,,,,
1781103600000,730.46438109,1781104499999,1791376157436,legacy_historical,,,,,,,,,
1781104500000,731.27,1781105399999,1791376157436,legacy_historical,,,,,,,,,
1781105400000,731.82885566,1781106299999,1791376157436,legacy_historical,,,,,,,,,
1781106300000,731.45875426,1781107199999,1791376157436,legacy_historical,,,,,,,,,
1781107200000,729.72,1781108099999,1791376157436,legacy_historical,,,,,,,,,
1781108100000,730.15849759,1781108999999,1791376157436,legacy_historical,,,,,,,,,
1781109000000,730.54391874,1781109899999,1791376157436,legacy_historical,,,,,,,,,
1781109900000,729.94193484,1781110799999,1791376157436,legacy_historical,,,,,,,,,
1781110800000,728.59,1781111699999,1791376157436,legacy_historical,,,,,,,,,
1781111700000,729.22,1781112599999,1791376157436,legacy_historical,,,,,,,,,
1781112600000,727.72,1781113499999,1791376157436,legacy_historical,,,,,,,,,
1781113500000,730.43,1781114399999,1791376157436,legacy_historical,,,,,,,,,
1781114400000,730.38,1781115299999,1791376157436,legacy_historical,,,,,,,,,
1781115300000,729.33,1781116199999,1791376157436,legacy_historical,,,,,,,,,
1781116200000,728.12,1781117099999,1791376157436,legacy_historical,,,,,,,,,
1781117100000,727.03861753,1781117999999,1791376157436,legacy_historical,,,,,,,,,
1781118000000,726.76,1781118899999,1791376157436,legacy_historical,,,,,,,,,
1781118900000,725.78,1781119799999,1791376157436,legacy_historical,,,,,,,,,
1781119800000,727.22216323,1781120699999,1791376157436,legacy_historical,,,,,,,,,
1781120700000,725.60950995,1781121599999,1791376157436,legacy_historical,,,,,,,,,
1781121600000,724.93,1781122499999,1791376157436,legacy_historical,,,,,,,,,
1781122500000,724.88,1781123399999,1791376157436,legacy_historical,,,,,,,,,
1781123400000,724.11231106,1781124299999,1791376157436,legacy_historical,,,,,,,,,
1781124300000,724.5737956,1781125199999,1791376157436,legacy_historical,,,,,,,,,
1781125200000,724.83589846,1781126099999,1791376157436,legacy_historical,,,,,,,,,
1781126100000,724.92,1781126999999,1791376157436,legacy_historical,,,,,,,,,
1781127000000,725.32,1781127899999,1791376157436,legacy_historical,,,,,,,,,
1781127900000,724.56967903,1781128799999,1791376157436,legacy_historical,,,,,,,,,
1781128800000,723.31,1781129699999,1791376157436,legacy_historical,,,,,,,,,
1781129700000,723.52120244,1781130599999,1791376157436,legacy_historical,,,,,,,,,
1781130600000,723.74,1781131499999,1791376157436,legacy_historical,,,,,,,,,
1781131500000,722.3,1781132399999,1791376157436,legacy_historical,,,,,,,,,
1781132400000,721.20299512,1781133299999,1791376157436,legacy_historical,,,,,,,,,
1781133300000,723.31502023,1781134199999,1791376157436,legacy_historical,,,,,,,,,
1781134200000,723.45,1781135099999,1791376157436,legacy_historical,,,,,,,,,
1781135100000,722.43171467,1781135999999,1791376157436,legacy_historical,,,,,,,,,
1781136000000,723.07392058,1781136899999,1791376157436,legacy_historical,,,,,,,,,
1781136900000,724.28761205,1781137799999,1791376157436,legacy_historical,,,,,,,,,
1781137800000,723.89,1781138699999,1791376157436,legacy_historical,,,,,,,,,
1781138700000,725.5659828,1781139599999,1791376157436,legacy_historical,,,,,,,,,
1781139600000,727.97886107,1781140499999,1791376157436,legacy_historical,,,,,,,,,
1781140500000,728.206482,1781141399999,1791376157436,legacy_historical,,,,,,,,,
1781141400000,727.42715639,1781142299999,1791376157436,legacy_historical,,,,,,,,,
1781142300000,726.55076994,1781143199999,1791376157436,legacy_historical,,,,,,,,,
1781143200000,726.57,1781144099999,1791376157436,legacy_historical,,,,,,,,,
1781144100000,725.68,1781144999999,1791376157436,legacy_historical,,,,,,,,,
1781145000000,725.72,1781145899999,1791376157436,legacy_historical,,,,,,,,,
1781145900000,726.72,1781146799999,1791376157436,legacy_historical,,,,,,,,,
1781146800000,726.24,1781147699999,1791376157436,legacy_historical,,,,,,,,,
1781147700000,726.54,1781148599999,1791376157436,legacy_historical,,,,,,,,,
1781148600000,727.74222332,1781149499999,1791376157436,legacy_historical,,,,,,,,,
1781149500000,728.47756494,1781150399999,1791376157436,legacy_historical,,,,,,,,,
1781150400000,728.31725599,1781151299999,1791376157436,legacy_historical,,,,,,,,,
1781151300000,728.61,1781152199999,1791376157436,legacy_historical,,,,,,,,,
1781152200000,729.52,1781153099999,1791376157436,legacy_historical,,,,,,,,,
1781153100000,729.15215953,1781153999999,1791376157436,legacy_historical,,,,,,,,,
1781154000000,728.48610145,1781154899999,1791376157436,legacy_historical,,,,,,,,,
1781154900000,728.48,1781155799999,1791376157436,legacy_historical,,,,,,,,,
1781155800000,728.69,1781156699999,1791376157436,legacy_historical,,,,,,,,,
1781156700000,728.66,1781157599999,1791376157436,legacy_historical,,,,,,,,,
1781157600000,728.41492275,1781158499999,1791376157436,legacy_historical,,,,,,,,,
1781158500000,728.22,1781159399999,1791376157436,legacy_historical,,,,,,,,,
1781159400000,728.61,1781160299999,1791376157436,legacy_historical,,,,,,,,,
1781160300000,728.93,1781161199999,1791376157436,legacy_historical,,,,,,,,,
1781161200000,729.33042512,1781162099999,1791376157436,legacy_historical,,,,,,,,,
1781162100000,730.3767199,1781162999999,1791376157436,legacy_historical,,,,,,,,,
1781163000000,730.52548389,1781163899999,1791376157436,legacy_historical,,,,,,,,,
1781163900000,730.14,1781164799999,1791376157436,legacy_historical,,,,,,,,,
1781164800000,731.13,1781165699999,1791376157436,legacy_historical,,,,,,,,,
1781165700000,730.99,1781166599999,1791376157436,legacy_historical,,,,,,,,,
1781166600000,731.06779586,1781167499999,1791376157436,legacy_historical,,,,,,,,,
1781167500000,731.12235284,1781168399999,1791376157436,legacy_historical,,,,,,,,,
1781168400000,730.88,1781169299999,1791376157436,legacy_historical,,,,,,,,,
1781169300000,731.01088091,1781170199999,1791376157436,legacy_historical,,,,,,,,,
1781170200000,731.18,1781171099999,1791376157436,legacy_historical,,,,,,,,,
1781171100000,731.22,1781171999999,1791376157436,legacy_historical,,,,,,,,,
1781172000000,730.88,1781172899999,1791376157436,legacy_historical,,,,,,,,,
1781172900000,730.79,1781173799999,1791376157436,legacy_historical,,,,,,,,,
1781173800000,730.63,1781174699999,1791376157436,legacy_historical,,,,,,,,,
1781174700000,730.65,1781175599999,1791376157436,legacy_historical,,,,,,,,,
1781175600000,729.63740451,1781176499999,1791376157436,legacy_historical,,,,,,,,,
1781176500000,729.42,1781177399999,1791376157436,legacy_historical,,,,,,,,,
1781177400000,730.34619233,1781178299999,1791376157436,legacy_historical,,,,,,,,,
1781178300000,730.40808337,1781179199999,1791376157436,legacy_historical,,,,,,,,,
1781179200000,730.44,1781180099999,1791376157436,legacy_historical,,,,,,,,,
1781180100000,728.38,1781180999999,1791376157436,legacy_historical,,,,,,,,,
1781181000000,727.47,1781181899999,1791376157436,legacy_historical,,,,,,,,,
1781181900000,728.7,1781182799999,1791376157436,legacy_historical,,,,,,,,,
1781182800000,728.3259315,1781183699999,1791376157436,legacy_historical,,,,,,,,,
1781183700000,728.44,1781184599999,1791376157436,legacy_historical,,,,,,,,,
1781184600000,726.76,1781185499999,1791376157436,legacy_historical,,,,,,,,,
1781185500000,730.03,1781186399999,1791376157436,legacy_historical,,,,,,,,,
1781186400000,727.82,1781187299999,1791376157436,legacy_historical,,,,,,,,,
1781187300000,728.05,1781188199999,1791376157436,legacy_historical,,,,,,,,,
1781188200000,728.84,1781189099999,1791376157436,legacy_historical,,,,,,,,,
1781189100000,725.1,1781189999999,1791376157436,legacy_historical,,,,,,,,,
1781190000000,727.08,1781190899999,1791376157436,legacy_historical,,,,,,,,,
1781190900000,727.03824058,1781191799999,1791376157436,legacy_historical,,,,,,,,,
1781191800000,727.49712062,1781192699999,1791376157436,legacy_historical,,,,,,,,,
1781192700000,727.76254083,1781193599999,1791376157436,legacy_historical,,,,,,,,,
1781193600000,729.48,1781194499999,1791376157436,legacy_historical,,,,,,,,,
1781194500000,727.66,1781195399999,1791376157436,legacy_historical,,,,,,,,,
1781195400000,728.18,1781196299999,1791376157436,legacy_historical,,,,,,,,,
1781196300000,726.42312572,1781197199999,1791376157436,legacy_historical,,,,,,,,,
1781197200000,726.15,1781198099999,1791376157436,legacy_historical,,,,,,,,,
1781198100000,730.4661311,1781198999999,1791376157436,legacy_historical,,,,,,,,,
1781199000000,736.38474686,1781199899999,1791376157436,legacy_historical,,,,,,,,,
1781199900000,735.22518044,1781200799999,1791376157436,legacy_historical,,,,,,,,,
1781200800000,734.12,1781201699999,1791376157436,legacy_historical,,,,,,,,,
1781201700000,734.20087142,1781202599999,1791376157436,legacy_historical,,,,,,,,,
1781202600000,734.72526083,1781203499999,1791376157436,legacy_historical,,,,,,,,,
1781203500000,735.54754706,1781204399999,1791376157436,legacy_historical,,,,,,,,,
1781204400000,736.57722455,1781205299999,1791376157436,legacy_historical,,,,,,,,,
1781205300000,737.51505642,1781206199999,1791376157436,legacy_historical,,,,,,,,,
1781206200000,738.82894373,1781207099999,1791376157436,legacy_historical,,,,,,,,,
1781207100000,737.351204,1781207999999,1791376157436,legacy_historical,,,,,,,,,
1781208000000,738.31349474,1781208899999,1791376157436,legacy_historical,,,,,,,,,
1781208900000,737.78,1781209799999,1791376157436,legacy_historical,,,,,,,,,
1781209800000,736.83,1781210699999,1791376157436,legacy_historical,,,,,,,,,
1781210700000,737.35844723,1781211599999,1791376157436,legacy_historical,,,,,,,,,
1781211600000,736.88,1781212499999,1791376157436,legacy_historical,,,,,,,,,
1781212500000,737.04,1781213399999,1791376157436,legacy_historical,,,,,,,,,
1781213400000,737.35,1781214299999,1791376157436,legacy_historical,,,,,,,,,
1781214300000,737.78945656,1781215199999,1791376157436,legacy_historical,,,,,,,,,
1781215200000,738.86037515,1781216099999,1791376157436,legacy_historical,,,,,,,,,
1781216100000,738.78766702,1781216999999,1791376157436,legacy_historical,,,,,,,,,
1781217000000,738.80259583,1781217899999,1791376157436,legacy_historical,,,,,,,,,
1781217900000,738.64625386,1781218799999,1791376157436,legacy_historical,,,,,,,,,
1781218800000,738.35362507,1781219699999,1791376157436,legacy_historical,,,,,,,,,
1781219700000,738.13137208,1781220599999,1791376157436,legacy_historical,,,,,,,,,
1781220600000,738.9,1781221499999,1791376157436,legacy_historical,,,,,,,,,
1781221500000,739.08043576,1781222399999,1791376157436,legacy_historical,,,,,,,,,
1781222400000,738.97079411,1781223299999,1791376157436,legacy_historical,,,,,,,,,
1781223300000,739.3,1781224199999,1791376157436,legacy_historical,,,,,,,,,
1781224200000,738.9406015,1781225099999,1791376157436,legacy_historical,,,,,,,,,
1781225100000,738.96655476,1781225999999,1791376157436,legacy_historical,,,,,,,,,
1781226000000,738.67,1781226899999,1791376157436,legacy_historical,,,,,,,,,
1781226900000,737.63,1781227799999,1791376157436,legacy_historical,,,,,,,,,
1781227800000,737.68464741,1781228699999,1791376157436,legacy_historical,,,,,,,,,
1781228700000,738.64,1781229599999,1791376157436,legacy_historical,,,,,,,,,
1781229600000,738.95,1781230499999,1791376157436,legacy_historical,,,,,,,,,
1781230500000,738.26,1781231399999,1791376157436,legacy_historical,,,,,,,,,
1781231400000,738.62097221,1781232299999,1791376157436,legacy_historical,,,,,,,,,
1781232300000,739.15,1781233199999,1791376157436,legacy_historical,,,,,,,,,
1781233200000,738.45569152,1781234099999,1791376157436,legacy_historical,,,,,,,,,
1781234100000,738.42,1781234999999,1791376157436,legacy_historical,,,,,,,,,
1781235000000,738.59803344,1781235899999,1791376157436,legacy_historical,,,,,,,,,
1781235900000,738.67313357,1781236799999,1791376157436,legacy_historical,,,,,,,,,
1781236800000,738.29,1781237699999,1791376157436,legacy_historical,,,,,,,,,
1781237700000,738.82,1781238599999,1791376157436,legacy_historical,,,,,,,,,
1781238600000,739.0,1781239499999,1791376157436,legacy_historical,,,,,,,,,
1781239500000,739.06342606,1781240399999,1791376157436,legacy_historical,,,,,,,,,
1781240400000,738.86,1781241299999,1791376157436,legacy_historical,,,,,,,,,
1781241300000,738.99,1781242199999,1791376157436,legacy_historical,,,,,,,,,
1781242200000,738.28,1781243099999,1791376157436,legacy_historical,,,,,,,,,
1781243100000,737.23331538,1781243999999,1791376157436,legacy_historical,,,,,,,,,
1781244000000,738.15,1781244899999,1791376157436,legacy_historical,,,,,,,,,
1781244900000,737.69924143,1781245799999,1791376157436,legacy_historical,,,,,,,,,
1781245800000,737.02,1781246699999,1791376157436,legacy_historical,,,,,,,,,
1781246700000,736.98127941,1781247599999,1791376157436,legacy_historical,,,,,,,,,
1781247600000,735.85,1781248499999,1791376157436,legacy_historical,,,,,,,,,
1781248500000,735.94,1781249399999,1791376157436,legacy_historical,,,,,,,,,
1781249400000,737.13,1781250299999,1791376157436,legacy_historical,,,,,,,,,
1781250300000,738.16792244,1781251199999,1791376157436,legacy_historical,,,,,,,,,
1781251200000,739.56751601,1781252099999,1791376157436,legacy_historical,,,,,,,,,
1781252100000,740.39,1781252999999,1791376157436,legacy_historical,,,,,,,,,
1781253000000,739.58,1781253899999,1791376157436,legacy_historical,,,,,,,,,
1781253900000,739.96799144,1781254799999,1791376157436,legacy_historical,,,,,,,,,
1781254800000,740.93604477,1781255699999,1791376157436,legacy_historical,,,,,,,,,
1781255700000,742.02,1781256599999,1791376157436,legacy_historical,,,,,,,,,
1781256600000,742.88703488,1781257499999,1791376157436,legacy_historical,,,,,,,,,
1781257500000,742.29,1781258399999,1791376157436,legacy_historical,,,,,,,,,
1781258400000,741.8,1781259299999,1791376157436,legacy_historical,,,,,,,,,
1781259300000,740.41,1781260199999,1791376157436,legacy_historical,,,,,,,,,
1781260200000,740.86594624,1781261099999,1791376157436,legacy_historical,,,,,,,,,
1781261100000,740.76,1781261999999,1791376157436,legacy_historical,,,,,,,,,
1781262000000,741.4,1781262899999,1791376157436,legacy_historical,,,,,,,,,
1781262900000,742.15083379,1781263799999,1791376157436,legacy_historical,,,,,,,,,
1781263800000,742.5296493,1781264699999,1791376157436,legacy_historical,,,,,,,,,
1781264700000,742.66405893,1781265599999,1791376157436,legacy_historical,,,,,,,,,
1781265600000,741.74575719,1781266499999,1791376157436,legacy_historical,,,,,,,,,
1781266500000,740.65,1781267399999,1791376157436,legacy_historical,,,,,,,,,
1781267400000,739.5,1781268299999,1791376157436,legacy_historical,,,,,,,,,
1781268300000,738.44,1781269199999,1791376157436,legacy_historical,,,,,,,,,
1781269200000,739.44,1781270099999,1791376157436,legacy_historical,,,,,,,,,
1781270100000,740.35,1781270999999,1791376157436,legacy_historical,,,,,,,,,
1781271000000,735.72754273,1781271899999,1791376157436,legacy_historical,,,,,,,,,
1781271900000,736.47753852,1781272799999,1791376157436,legacy_historical,,,,,,,,,
1781272800000,739.06817109,1781273699999,1791376157436,legacy_historical,,,,,,,,,
1781273700000,739.42766663,1781274599999,1791376157436,legacy_historical,,,,,,,,,
1781274600000,737.76,1781275499999,1791376157436,legacy_historical,,,,,,,,,
1781275500000,742.00751288,1781276399999,1791376157436,legacy_historical,,,,,,,,,
1781276400000,742.62080276,1781277299999,1791376157436,legacy_historical,,,,,,,,,
1781277300000,743.72472558,1781278199999,1791376157436,legacy_historical,,,,,,,,,
1781278200000,740.44296632,1781279099999,1791376157436,legacy_historical,,,,,,,,,
1781279100000,738.54,1781279999999,1791376157436,legacy_historical,,,,,,,,,
1781280000000,740.63293245,1781280899999,1791376157436,legacy_historical,,,,,,,,,
1781280900000,740.23425315,1781281799999,1791376157436,legacy_historical,,,,,,,,,
1781281800000,740.22859049,1781282699999,1791376157436,legacy_historical,,,,,,,,,
1781282700000,741.13135276,1781283599999,1791376157436,legacy_historical,,,,,,,,,
1781283600000,741.43623046,1781284499999,1791376157436,legacy_historical,,,,,,,,,
1781284500000,741.9,1781285399999,1791376157436,legacy_historical,,,,,,,,,
1781285400000,741.26335553,1781286299999,1791376157436,legacy_historical,,,,,,,,,
1781286300000,741.0,1781287199999,1791376157436,legacy_historical,,,,,,,,,
1781287200000,740.69,1781288099999,1791376157436,legacy_historical,,,,,,,,,
1781288100000,740.89,1781288999999,1791376157436,legacy_historical,,,,,,,,,
1781289000000,741.80239697,1781289899999,1791376157436,legacy_historical,,,,,,,,,
1781289900000,740.72,1781290799999,1791376157436,legacy_historical,,,,,,,,,
1781290800000,741.23,1781291699999,1791376157436,legacy_historical,,,,,,,,,
1781291700000,741.4298914,1781292599999,1791376157436,legacy_historical,,,,,,,,,
1781292600000,740.56,1781293499999,1791376157436,legacy_historical,,,,,,,,,
1781293500000,741.41132516,1781294399999,1791376157436,legacy_historical,,,,,,,,,
1781294400000,742.14518908,1781295299999,1791376157436,legacy_historical,,,,,,,,,
1781295300000,742.07,1781296199999,1791376157436,legacy_historical,,,,,,,,,
1781296200000,741.82,1781297099999,1791376157436,legacy_historical,,,,,,,,,
1781297100000,741.69496928,1781297999999,1791376157436,legacy_historical,,,,,,,,,
1781298000000,741.87830579,1781298899999,1791376157436,legacy_historical,,,,,,,,,
1781298900000,742.04,1781299799999,1791376157436,legacy_historical,,,,,,,,,
1781299800000,742.51,1781300699999,1791376157436,legacy_historical,,,,,,,,,
1781300700000,742.737199,1781301599999,1791376157436,legacy_historical,,,,,,,,,
1781301600000,742.65,1781302499999,1791376157436,legacy_historical,,,,,,,,,
1781302500000,742.34664612,1781303399999,1791376157436,legacy_historical,,,,,,,,,
1781303400000,742.3,1781304299999,1791376157436,legacy_historical,,,,,,,,,
1781304300000,742.74409975,1781305199999,1791376157436,legacy_historical,,,,,,,,,
1781305200000,742.99891652,1781306099999,1791376157436,legacy_historical,,,,,,,,,
1781306100000,743.11,1781306999999,1791376157436,legacy_historical,,,,,,,,,
1781307000000,743.16411533,1781307899999,1791376157436,legacy_historical,,,,,,,,,
1781307900000,742.92131852,1781308799999,1791376157436,legacy_historical,,,,,,,,,
1781308800000,743.36,1781309699999,1791376157436,legacy_historical,,,,,,,,,
1781309700000,743.08929901,1781310599999,1791376157436,legacy_historical,,,,,,,,,
1781310600000,743.16768413,1781311499999,1791376157436,legacy_historical,,,,,,,,,
1781311500000,742.28,1781312399999,1791376157436,legacy_historical,,,,,,,,,
1781312400000,742.65868799,1781313299999,1791376157436,legacy_historical,,,,,,,,,
1781313300000,742.01,1781314199999,1791376157436,legacy_historical,,,,,,,,,
1781314200000,742.69194223,1781315099999,1791376157436,legacy_historical,,,,,,,,,
1781315100000,742.88815289,1781315999999,1791376157436,legacy_historical,,,,,,,,,
1781316000000,744.66,1781316899999,1791376157436,legacy_historical,,,,,,,,,
1781316900000,744.47960945,1781317799999,1791376157436,legacy_historical,,,,,,,,,
1781317800000,745.1012205,1781318699999,1791376157436,legacy_historical,,,,,,,,,
1781318700000,744.44460494,1781319599999,1791376157436,legacy_historical,,,,,,,,,
1781319600000,743.71625771,1781320499999,1791376157436,legacy_historical,,,,,,,,,
1781320500000,743.43,1781321399999,1791376157436,legacy_historical,,,,,,,,,
1781321400000,743.51103512,1781322299999,1791376157436,legacy_historical,,,,,,,,,
1781322300000,743.55329595,1781323199999,1791376157436,legacy_historical,,,,,,,,,
1781323200000,743.08283503,1781324099999,1791376157436,legacy_historical,,,,,,,,,
1781324100000,742.15,1781324999999,1791376157436,legacy_historical,,,,,,,,,
1781325000000,741.67,1781325899999,1791376157436,legacy_historical,,,,,,,,,
1781325900000,741.35249674,1781326799999,1791376157436,legacy_historical,,,,,,,,,
1781326800000,741.84,1781327699999,1791376157436,legacy_historical,,,,,,,,,
1781327700000,741.71432054,1781328599999,1791376157436,legacy_historical,,,,,,,,,
1781328600000,741.9,1781329499999,1791376157436,legacy_historical,,,,,,,,,
1781329500000,741.96,1781330399999,1791376157436,legacy_historical,,,,,,,,,
1781330400000,742.73,1781331299999,1791376157436,legacy_historical,,,,,,,,,
1781331300000,742.93040253,1781332199999,1791376157436,legacy_historical,,,,,,,,,
1781332200000,742.26,1781333099999,1791376157436,legacy_historical,,,,,,,,,
1781333100000,741.82379878,1781333999999,1791376157436,legacy_historical,,,,,,,,,
1781334000000,741.61,1781334899999,1791376157436,legacy_historical,,,,,,,,,
1781334900000,742.7138339,1781335799999,1791376157436,legacy_historical,,,,,,,,,
1781335800000,742.75917227,1781336699999,1791376157436,legacy_historical,,,,,,,,,
1781336700000,742.69653728,1781337599999,1791376157436,legacy_historical,,,,,,,,,
1781337600000,742.66,1781338499999,1791376157436,legacy_historical,,,,,,,,,
1781338500000,741.9,1781339399999,1791376157436,legacy_historical,,,,,,,,,
1781339400000,742.87,1781340299999,1791376157436,legacy_historical,,,,,,,,,
1781340300000,742.56,1781341199999,1791376157436,legacy_historical,,,,,,,,,
1781341200000,742.65,1781342099999,1791376157436,legacy_historical,,,,,,,,,
1781342100000,742.43,1781342999999,1791376157436,legacy_historical,,,,,,,,,
1781343000000,742.03,1781343899999,1791376157436,legacy_historical,,,,,,,,,
1781343900000,742.09,1781344799999,1791376157436,legacy_historical,,,,,,,,,
1781344800000,742.16,1781345699999,1791376157436,legacy_historical,,,,,,,,,
1781345700000,742.23518078,1781346599999,1791376157436,legacy_historical,,,,,,,,,
1781346600000,742.07,1781347499999,1791376157436,legacy_historical,,,,,,,,,
1781347500000,742.09,1781348399999,1791376157436,legacy_historical,,,,,,,,,
1781348400000,742.23583263,1781349299999,1791376157436,legacy_historical,,,,,,,,,
1781349300000,742.2,1781350199999,1791376157436,legacy_historical,,,,,,,,,
1781350200000,742.39791612,1781351099999,1791376157436,legacy_historical,,,,,,,,,
1781351100000,742.43,1781351999999,1791376157436,legacy_historical,,,,,,,,,
1781352000000,743.24,1781352899999,1791376157436,legacy_historical,,,,,,,,,
1781352900000,741.99,1781353799999,1791376157436,legacy_historical,,,,,,,,,
1781353800000,742.24148991,1781354699999,1791376157436,legacy_historical,,,,,,,,,
1781354700000,743.45,1781355599999,1791376157436,legacy_historical,,,,,,,,,
1781355600000,742.85,1781356499999,1791376157436,legacy_historical,,,,,,,,,
1781356500000,743.09,1781357399999,1791376157436,legacy_historical,,,,,,,,,
1781357400000,742.39,1781358299999,1791376157436,legacy_historical,,,,,,,,,
1781358300000,742.59,1781359199999,1791376157436,legacy_historical,,,,,,,,,
1781359200000,742.54,1781360099999,1791376157436,legacy_historical,,,,,,,,,
1781360100000,742.64,1781360999999,1791376157436,legacy_historical,,,,,,,,,
1781361000000,743.34955941,1781361899999,1791376157436,legacy_historical,,,,,,,,,
1781361900000,743.28121572,1781362799999,1791376157436,legacy_historical,,,,,,,,,
1781362800000,743.57,1781363699999,1791376157436,legacy_historical,,,,,,,,,
1781363700000,744.02,1781364599999,1791376157436,legacy_historical,,,,,,,,,
1781364600000,743.70372695,1781365499999,1791376157436,legacy_historical,,,,,,,,,
1781365500000,743.98643561,1781366399999,1791376157436,legacy_historical,,,,,,,,,
1781366400000,743.99,1781367299999,1791376157436,legacy_historical,,,,,,,,,
1781367300000,743.58142944,1781368199999,1791376157436,legacy_historical,,,,,,,,,
1781368200000,743.95737368,1781369099999,1791376157436,legacy_historical,,,,,,,,,
1781369100000,741.7,1781369999999,1791376157436,legacy_historical,,,,,,,,,
1781370000000,741.36,1781370899999,1791376157436,legacy_historical,,,,,,,,,
1781370900000,740.90074135,1781371799999,1791376157436,legacy_historical,,,,,,,,,
1781371800000,741.41,1781372699999,1791376157436,legacy_historical,,,,,,,,,
1781372700000,742.15,1781373599999,1791376157436,legacy_historical,,,,,,,,,
1781373600000,742.10721925,1781374499999,1791376157436,legacy_historical,,,,,,,,,
1781374500000,742.71,1781375399999,1791376157436,legacy_historical,,,,,,,,,
1781375400000,742.00176839,1781376299999,1791376157436,legacy_historical,,,,,,,,,
1781376300000,742.00703589,1781377199999,1791376157436,legacy_historical,,,,,,,,,
1781377200000,742.29654729,1781378099999,1791376157436,legacy_historical,,,,,,,,,
1781378100000,741.83866534,1781378999999,1791376157436,legacy_historical,,,,,,,,,
1781379000000,742.19,1781379899999,1791376157436,legacy_historical,,,,,,,,,
1781379900000,742.52813757,1781380799999,1791376157436,legacy_historical,,,,,,,,,
1781380800000,742.51657352,1781381699999,1791376157436,legacy_historical,,,,,,,,,
1781381700000,742.43,1781382599999,1791376157436,legacy_historical,,,,,,,,,
1781382600000,742.39515325,1781383499999,1791376157436,legacy_historical,,,,,,,,,
1781383500000,742.47547772,1781384399999,1791376157436,legacy_historical,,,,,,,,,
1781384400000,742.47536486,1781385299999,1791376157436,legacy_historical,,,,,,,,,
1781385300000,742.49148056,1781386199999,1791376157436,legacy_historical,,,,,,,,,
1781386200000,742.58563831,1781387099999,1791376157436,legacy_historical,,,,,,,,,
1781387100000,742.77,1781387999999,1791376157436,legacy_historical,,,,,,,,,
1781388000000,742.73,1781388899999,1791376157436,legacy_historical,,,,,,,,,
1781388900000,743.22,1781389799999,1791376157436,legacy_historical,,,,,,,,,
1781389800000,743.04,1781390699999,1791376157436,legacy_historical,,,,,,,,,
1781390700000,742.9,1781391599999,1791376157436,legacy_historical,,,,,,,,,
1781391600000,742.82458028,1781392499999,1791376157436,legacy_historical,,,,,,,,,
1781392500000,743.09815677,1781393399999,1791376157436,legacy_historical,,,,,,,,,
1781393400000,742.96547696,1781394299999,1791376157436,legacy_historical,,,,,,,,,
1781394300000,742.88,1781395199999,1791376157436,legacy_historical,,,,,,,,,
1781395200000,742.68,1781396099999,1791376157436,legacy_historical,,,,,,,,,
1781396100000,742.66,1781396999999,1791376157436,legacy_historical,,,,,,,,,
1781397000000,742.76,1781397899999,1791376157436,legacy_historical,,,,,,,,,
1781397900000,743.03649781,1781398799999,1791376157436,legacy_historical,,,,,,,,,
1781398800000,743.17,1781399699999,1791376157436,legacy_historical,,,,,,,,,
1781399700000,742.8339071,1781400599999,1791376157436,legacy_historical,,,,,,,,,
1781400600000,743.13671908,1781401499999,1791376157436,legacy_historical,,,,,,,,,
1781401500000,743.47,1781402399999,1791376157436,legacy_historical,,,,,,,,,
1781402400000,743.31,1781403299999,1791376157436,legacy_historical,,,,,,,,,
1781403300000,743.56,1781404199999,1791376157436,legacy_historical,,,,,,,,,
1781404200000,743.16,1781405099999,1791376157436,legacy_historical,,,,,,,,,
1781405100000,743.39,1781405999999,1791376157436,legacy_historical,,,,,,,,,
1781406000000,743.45570031,1781406899999,1791376157436,legacy_historical,,,,,,,,,
1781406900000,743.68676645,1781407799999,1791376157436,legacy_historical,,,,,,,,,
1781407800000,743.88,1781408699999,1791376157436,legacy_historical,,,,,,,,,
1781408700000,743.73651504,1781409599999,1791376157436,legacy_historical,,,,,,,,,
1781409600000,744.19912346,1781410499999,1791376157436,legacy_historical,,,,,,,,,
1781410500000,744.19,1781411399999,1791376157436,legacy_historical,,,,,,,,,
1781411400000,743.56187625,1781412299999,1791376157436,legacy_historical,,,,,,,,,
1781412300000,743.9,1781413199999,1791376157436,legacy_historical,,,,,,,,,
1781413200000,743.23,1781414099999,1791376157436,legacy_historical,,,,,,,,,
1781414100000,743.62,1781414999999,1791376157436,legacy_historical,,,,,,,,,
1781415000000,744.01761634,1781415899999,1791376157436,legacy_historical,,,,,,,,,
1781415900000,743.59,1781416799999,1791376157436,legacy_historical,,,,,,,,,
1781416800000,743.64,1781417699999,1791376157436,legacy_historical,,,,,,,,,
1781417700000,743.47,1781418599999,1791376157436,legacy_historical,,,,,,,,,
1781418600000,743.69594192,1781419499999,1791376157436,legacy_historical,,,,,,,,,
1781419500000,743.71599138,1781420399999,1791376157436,legacy_historical,,,,,,,,,
1781420400000,743.73548007,1781421299999,1791376157436,legacy_historical,,,,,,,,,
1781421300000,743.86630572,1781422199999,1791376157436,legacy_historical,,,,,,,,,
1781422200000,743.9,1781423099999,1791376157436,legacy_historical,,,,,,,,,
1781423100000,744.04,1781423999999,1791376157436,legacy_historical,,,,,,,,,
1781424000000,744.24705801,1781424899999,1791376157436,legacy_historical,,,,,,,,,
1781424900000,744.70995326,1781425799999,1791376157436,legacy_historical,,,,,,,,,
1781425800000,744.93969811,1781426699999,1791376157436,legacy_historical,,,,,,,,,
1781426700000,744.82,1781427599999,1791376157436,legacy_historical,,,,,,,,,
1781427600000,744.86,1781428499999,1791376157436,legacy_historical,,,,,,,,,
1781428500000,744.78,1781429399999,1791376157436,legacy_historical,,,,,,,,,
1781429400000,744.97,1781430299999,1791376157436,legacy_historical,,,,,,,,,
1781430300000,744.94579573,1781431199999,1791376157436,legacy_historical,,,,,,,,,
1781431200000,744.94,1781432099999,1791376157436,legacy_historical,,,,,,,,,
1781432100000,745.94,1781432999999,1791376157436,legacy_historical,,,,,,,,,
1781433000000,745.55,1781433899999,1791376157436,legacy_historical,,,,,,,,,
1781433900000,745.50137985,1781434799999,1791376157436,legacy_historical,,,,,,,,,
1781434800000,745.82745154,1781435699999,1791376157436,legacy_historical,,,,,,,,,
1781435700000,745.9832745,1781436599999,1791376157436,legacy_historical,,,,,,,,,
1781436600000,746.06448304,1781437499999,1791376157436,legacy_historical,,,,,,,,,
1781437500000,746.11,1781438399999,1791376157436,legacy_historical,,,,,,,,,
1781438400000,745.8237581,1781439299999,1791376157436,legacy_historical,,,,,,,,,
1781439300000,745.76393979,1781440199999,1791376157436,legacy_historical,,,,,,,,,
1781440200000,745.47232806,1781441099999,1791376157436,legacy_historical,,,,,,,,,
1781441100000,745.46,1781441999999,1791376157436,legacy_historical,,,,,,,,,
1781442000000,746.22,1781442899999,1791376157436,legacy_historical,,,,,,,,,
1781442900000,745.33827964,1781443799999,1791376157436,legacy_historical,,,,,,,,,
1781443800000,745.57,1781444699999,1791376157436,legacy_historical,,,,,,,,,
1781444700000,745.32208338,1781445599999,1791376157436,legacy_historical,,,,,,,,,
1781445600000,743.7,1781446499999,1791376157436,legacy_historical,,,,,,,,,
1781446500000,743.95106629,1781447399999,1791376157436,legacy_historical,,,,,,,,,
1781447400000,744.56579924,1781448299999,1791376157436,legacy_historical,,,,,,,,,
1781448300000,745.09,1781449199999,1791376157436,legacy_historical,,,,,,,,,
1781449200000,745.46881715,1781450099999,1791376157436,legacy_historical,,,,,,,,,
1781450100000,745.70571935,1781450999999,1791376157436,legacy_historical,,,,,,,,,
1781451000000,745.17,1781451899999,1791376157436,legacy_historical,,,,,,,,,
1781451900000,745.28509005,1781452799999,1791376157436,legacy_historical,,,,,,,,,
1781452800000,744.82,1781453699999,1791376157436,legacy_historical,,,,,,,,,
1781453700000,745.17627354,1781454599999,1791376157436,legacy_historical,,,,,,,,,
1781454600000,744.90374701,1781455499999,1791376157436,legacy_historical,,,,,,,,,
1781455500000,744.99515547,1781456399999,1791376157436,legacy_historical,,,,,,,,,
1781456400000,745.06,1781457299999,1791376157436,legacy_historical,,,,,,,,,
1781457300000,745.04,1781458199999,1791376157436,legacy_historical,,,,,,,,,
1781458200000,745.22,1781459099999,1791376157436,legacy_historical,,,,,,,,,
1781459100000,744.7017403,1781459999999,1791376157436,legacy_historical,,,,,,,,,
1781460000000,744.6426845,1781460899999,1791376157436,legacy_historical,,,,,,,,,
1781460900000,744.84495436,1781461799999,1791376157436,legacy_historical,,,,,,,,,
1781461800000,744.77446313,1781462699999,1791376157436,legacy_historical,,,,,,,,,
1781462700000,744.78,1781463599999,1791376157436,legacy_historical,,,,,,,,,
1781463600000,745.05,1781464499999,1791376157436,legacy_historical,,,,,,,,,
1781464500000,745.24771512,1781465399999,1791376157436,legacy_historical,,,,,,,,,
1781465400000,744.80410759,1781466299999,1791376157436,legacy_historical,,,,,,,,,
1781466300000,745.02,1781467199999,1791376157436,legacy_historical,,,,,,,,,
1781467200000,745.03778487,1781468099999,1791376157436,legacy_historical,,,,,,,,,
1781468100000,745.03720164,1781468999999,1791376157436,legacy_historical,,,,,,,,,
1781469000000,744.97450009,1781469899999,1791376157436,legacy_historical,,,,,,,,,
1781469900000,745.07553469,1781470799999,1791376157436,legacy_historical,,,,,,,,,
1781470800000,745.73,1781471699999,1791376157436,legacy_historical,,,,,,,,,
1781471700000,746.61863993,1781472599999,1791376157436,legacy_historical,,,,,,,,,
1781472600000,749.62151759,1781473499999,1791376157436,legacy_historical,,,,,,,,,
1781473500000,750.28798673,1781474399999,1791376157436,legacy_historical,,,,,,,,,
1781474400000,748.90022259,1781475299999,1791376157436,legacy_historical,,,,,,,,,
1781475300000,748.07,1781476199999,1791376157436,legacy_historical,,,,,,,,,
1781476200000,747.62,1781477099999,1791376157436,legacy_historical,,,,,,,,,
1781477100000,747.85103534,1781477999999,1791376157436,legacy_historical,,,,,,,,,
1781478000000,747.38,1781478899999,1791376157436,legacy_historical,,,,,,,,,
1781478900000,747.57,1781479799999,1791376157436,legacy_historical,,,,,,,,,
1781479800000,748.1621501,1781480699999,1791376157436,legacy_historical,,,,,,,,,
1781480700000,748.13157741,1781481599999,1791376157436,legacy_historical,,,,,,,,,
1781481600000,749.28,1781482499999,1791376157436,legacy_historical,,,,,,,,,
1781482500000,749.4107614,1781483399999,1791376157436,legacy_historical,,,,,,,,,
1781483400000,749.11055963,1781484299999,1791376157436,legacy_historical,,,,,,,,,
1781484300000,749.11,1781485199999,1791376157436,legacy_historical,,,,,,,,,
1781485200000,749.37713026,1781486099999,1791376157436,legacy_historical,,,,,,,,,
1781486100000,749.54991134,1781486999999,1791376157436,legacy_historical,,,,,,,,,
1781487000000,749.69361033,1781487899999,1791376157436,legacy_historical,,,,,,,,,
1781487900000,749.62,1781488799999,1791376157436,legacy_historical,,,,,,,,,
1781488800000,749.83493441,1781489699999,1791376157436,legacy_historical,,,,,,,,,
1781489700000,750.07,1781490599999,1791376157436,legacy_historical,,,,,,,,,
1781490600000,750.11366701,1781491499999,1791376157436,legacy_historical,,,,,,,,,
1781491500000,750.36553013,1781492399999,1791376157436,legacy_historical,,,,,,,,,
1781492400000,750.44,1781493299999,1791376157436,legacy_historical,,,,,,,,,
1781493300000,750.62858514,1781494199999,1791376157436,legacy_historical,,,,,,,,,
1781494200000,750.5,1781495099999,1791376157436,legacy_historical,,,,,,,,,
1781495100000,750.43,1781495999999,1791376157436,legacy_historical,,,,,,,,,
1781496000000,750.60363628,1781496899999,1791376157436,legacy_historical,,,,,,,,,
1781496900000,750.90927607,1781497799999,1791376157436,legacy_historical,,,,,,,,,
1781497800000,750.73630034,1781498699999,1791376157436,legacy_historical,,,,,,,,,
1781498700000,751.02975318,1781499599999,1791376157436,legacy_historical,,,,,,,,,
1781499600000,751.33537257,1781500499999,1791376157436,legacy_historical,,,,,,,,,
1781500500000,751.47939009,1781501399999,1791376157436,legacy_historical,,,,,,,,,
1781501400000,751.61,1781502299999,1791376157436,legacy_historical,,,,,,,,,
1781502300000,751.73,1781503199999,1791376157436,legacy_historical,,,,,,,,,
1781503200000,751.82443584,1781504099999,1791376157436,legacy_historical,,,,,,,,,
1781504100000,751.63,1781504999999,1791376157436,legacy_historical,,,,,,,,,
1781505000000,751.16,1781505899999,1791376157436,legacy_historical,,,,,,,,,
1781505900000,750.92994316,1781506799999,1791376157436,legacy_historical,,,,,,,,,
1781506800000,751.05789698,1781507699999,1791376157436,legacy_historical,,,,,,,,,
1781507700000,751.27035085,1781508599999,1791376157436,legacy_historical,,,,,,,,,
1781508600000,751.13,1781509499999,1791376157436,legacy_historical,,,,,,,,,
1781509500000,750.80070194,1781510399999,1791376157436,legacy_historical,,,,,,,,,
1781510400000,751.33837032,1781511299999,1791376157436,legacy_historical,,,,,,,,,
1781511300000,751.71656425,1781512199999,1791376157436,legacy_historical,,,,,,,,,
1781512200000,751.77,1781513099999,1791376157436,legacy_historical,,,,,,,,,
1781513100000,751.24,1781513999999,1791376157436,legacy_historical,,,,,,,,,
1781514000000,751.38,1781514899999,1791376157436,legacy_historical,,,,,,,,,
1781514900000,751.17,1781515799999,1791376157436,legacy_historical,,,,,,,,,
1781515800000,751.2,1781516699999,1791376157436,legacy_historical,,,,,,,,,
1781516700000,751.24,1781517599999,1791376157436,legacy_historical,,,,,,,,,
1781517600000,751.56041656,1781518499999,1791376157436,legacy_historical,,,,,,,,,
1781518500000,751.55858576,1781519399999,1791376157436,legacy_historical,,,,,,,,,
1781519400000,751.43518683,1781520299999,1791376157436,legacy_historical,,,,,,,,,
1781520300000,751.73218665,1781521199999,1791376157436,legacy_historical,,,,,,,,,
1781521200000,752.24,1781522099999,1791376157436,legacy_historical,,,,,,,,,
1781522100000,752.4,1781522999999,1791376157436,legacy_historical,,,,,,,,,
1781523000000,751.60111659,1781523899999,1791376157436,legacy_historical,,,,,,,,,
1781523900000,751.95,1781524799999,1791376157436,legacy_historical,,,,,,,,,
1781524800000,751.86511317,1781525699999,1791376157436,legacy_historical,,,,,,,,,
1781525700000,751.11675032,1781526599999,1791376157436,legacy_historical,,,,,,,,,
1781526600000,751.14428893,1781527499999,1791376157436,legacy_historical,,,,,,,,,
1781527500000,751.43,1781528399999,1791376157436,legacy_historical,,,,,,,,,
1781528400000,751.49817517,1781529299999,1791376157436,legacy_historical,,,,,,,,,
1781529300000,751.67,1781530199999,1791376157436,legacy_historical,,,,,,,,,
1781530200000,752.83213948,1781531099999,1791376157436,legacy_historical,,,,,,,,,
1781531100000,753.17,1781531999999,1791376157436,legacy_historical,,,,,,,,,
1781532000000,752.93183798,1781532899999,1791376157436,legacy_historical,,,,,,,,,
1781532900000,753.56580662,1781533799999,1791376157436,legacy_historical,,,,,,,,,
1781533800000,753.27638238,1781534699999,1791376157436,legacy_historical,,,,,,,,,
1781534700000,754.4,1781535599999,1791376157436,legacy_historical,,,,,,,,,
1781535600000,754.97465301,1781536499999,1791376157436,legacy_historical,,,,,,,,,
1781536500000,755.40862074,1781537399999,1791376157436,legacy_historical,,,,,,,,,
1781537400000,755.40406522,1781538299999,1791376157436,legacy_historical,,,,,,,,,
1781538300000,756.14621869,1781539199999,1791376157436,legacy_historical,,,,,,,,,
1781539200000,755.89,1781540099999,1791376157436,legacy_historical,,,,,,,,,
1781540100000,756.32191736,1781540999999,1791376157436,legacy_historical,,,,,,,,,
1781541000000,755.81,1781541899999,1791376157436,legacy_historical,,,,,,,,,
1781541900000,755.65,1781542799999,1791376157436,legacy_historical,,,,,,,,,
1781542800000,755.81,1781543699999,1791376157436,legacy_historical,,,,,,,,,
1781543700000,756.2122831,1781544599999,1791376157436,legacy_historical,,,,,,,,,
1781544600000,755.91,1781545499999,1791376157436,legacy_historical,,,,,,,,,
1781545500000,755.16339722,1781546399999,1791376157436,legacy_historical,,,,,,,,,
1781546400000,755.25,1781547299999,1791376157436,legacy_historical,,,,,,,,,
1781547300000,754.85,1781548199999,1791376157436,legacy_historical,,,,,,,,,
1781548200000,755.43,1781549099999,1791376157436,legacy_historical,,,,,,,,,
1781549100000,755.11,1781549999999,1791376157436,legacy_historical,,,,,,,,,
1781550000000,755.26,1781550899999,1791376157436,legacy_historical,,,,,,,,,
1781550900000,754.65203812,1781551799999,1791376157436,legacy_historical,,,,,,,,,
1781551800000,754.67803166,1781552699999,1791376157436,legacy_historical,,,,,,,,,
1781552700000,754.61977497,1781553599999,1791376157436,legacy_historical,,,,,,,,,
1781553600000,754.87,1781554499999,1791376157436,legacy_historical,,,,,,,,,
1781554500000,754.58977014,1781555399999,1791376157436,legacy_historical,,,,,,,,,
1781555400000,754.82,1781556299999,1791376157436,legacy_historical,,,,,,,,,
1781556300000,754.47,1781557199999,1791376157436,legacy_historical,,,,,,,,,
1781557200000,754.84,1781558099999,1791376157436,legacy_historical,,,,,,,,,
1781558100000,755.01,1781558999999,1791376157436,legacy_historical,,,,,,,,,
1781559000000,755.06074325,1781559899999,1791376157436,legacy_historical,,,,,,,,,
1781559900000,755.15802903,1781560799999,1791376157436,legacy_historical,,,,,,,,,
1781560800000,754.22,1781561699999,1791376157436,legacy_historical,,,,,,,,,
1781561700000,753.57,1781562599999,1791376157436,legacy_historical,,,,,,,,,
1781562600000,753.62146838,1781563499999,1791376157436,legacy_historical,,,,,,,,,
1781563500000,753.67,1781564399999,1791376157436,legacy_historical,,,,,,,,,
1781564400000,753.48,1781565299999,1791376157436,legacy_historical,,,,,,,,,
1781565300000,754.10272147,1781566199999,1791376157436,legacy_historical,,,,,,,,,
1781566200000,753.78,1781567099999,1791376157436,legacy_historical,,,,,,,,,
1781567100000,754.05326013,1781567999999,1791376157436,legacy_historical,,,,,,,,,
1781568000000,754.08661128,1781568899999,1791376157436,legacy_historical,,,,,,,,,
1781568900000,754.14,1781569799999,1791376157436,legacy_historical,,,,,,,,,
1781569800000,753.88,1781570699999,1791376157436,legacy_historical,,,,,,,,,
1781570700000,753.56522235,1781571599999,1791376157436,legacy_historical,,,,,,,,,
1781571600000,753.90594456,1781572499999,1791376157436,legacy_historical,,,,,,,,,
1781572500000,754.03525492,1781573399999,1791376157436,legacy_historical,,,,,,,,,
1781573400000,753.86790134,1781574299999,1791376157436,legacy_historical,,,,,,,,,
1781574300000,753.76,1781575199999,1791376157436,legacy_historical,,,,,,,,,
1781575200000,753.57,1781576099999,1791376157436,legacy_historical,,,,,,,,,
1781576100000,753.86,1781576999999,1791376157436,legacy_historical,,,,,,,,,
1781577000000,754.01,1781577899999,1791376157436,legacy_historical,,,,,,,,,
1781577900000,753.8500722,1781578799999,1791376157436,legacy_historical,,,,,,,,,
1781578800000,754.02373911,1781579699999,1791376157436,legacy_historical,,,,,,,,,
1781579700000,754.50355709,1781580599999,1791376157436,legacy_historical,,,,,,,,,
1781580600000,755.04,1781581499999,1791376157436,legacy_historical,,,,,,,,,
1781581500000,754.53,1781582399999,1791376157436,legacy_historical,,,,,,,,,
1781582400000,754.34242652,1781583299999,1791376157436,legacy_historical,,,,,,,,,
1781583300000,754.33893588,1781584199999,1791376157436,legacy_historical,,,,,,,,,
1781584200000,754.28611127,1781585099999,1791376157436,legacy_historical,,,,,,,,,
1781585100000,754.00257139,1781585999999,1791376157436,legacy_historical,,,,,,,,,
1781586000000,754.54086697,1781586899999,1791376157436,legacy_historical,,,,,,,,,
1781586900000,754.58006215,1781587799999,1791376157436,legacy_historical,,,,,,,,,
1781587800000,754.08,1781588699999,1791376157436,legacy_historical,,,,,,,,,
1781588700000,754.20418226,1781589599999,1791376157436,legacy_historical,,,,,,,,,
1781589600000,754.50987169,1781590499999,1791376157436,legacy_historical,,,,,,,,,
1781590500000,754.52,1781591399999,1791376157436,legacy_historical,,,,,,,,,
1781591400000,754.5417028,1781592299999,1791376157436,legacy_historical,,,,,,,,,
1781592300000,754.57,1781593199999,1791376157436,legacy_historical,,,,,,,,,
1781593200000,754.76,1781594099999,1791376157436,legacy_historical,,,,,,,,,
1781594100000,754.96341488,1781594999999,1791376157436,legacy_historical,,,,,,,,,
1781595000000,754.58,1781595899999,1791376157436,legacy_historical,,,,,,,,,
1781595900000,754.64,1781596799999,1791376157436,legacy_historical,,,,,,,,,
1781596800000,754.92,1781597699999,1791376157436,legacy_historical,,,,,,,,,
1781597700000,754.92,1781598599999,1791376157436,legacy_historical,,,,,,,,,
1781598600000,754.63,1781599499999,1791376157436,legacy_historical,,,,,,,,,
1781599500000,754.99,1781600399999,1791376157436,legacy_historical,,,,,,,,,
1781600400000,754.93,1781601299999,1791376157436,legacy_historical,,,,,,,,,
1781601300000,754.60270003,1781602199999,1791376157436,legacy_historical,,,,,,,,,
1781602200000,754.26,1781603099999,1791376157436,legacy_historical,,,,,,,,,
1781603100000,754.28901148,1781603999999,1791376157436,legacy_historical,,,,,,,,,
1781604000000,754.66,1781604899999,1791376157436,legacy_historical,,,,,,,,,
1781604900000,754.8,1781605799999,1791376157436,legacy_historical,,,,,,,,,
1781605800000,754.93685662,1781606699999,1791376157436,legacy_historical,,,,,,,,,
1781606700000,755.17897989,1781607599999,1791376157436,legacy_historical,,,,,,,,,
1781607600000,755.27130865,1781608499999,1791376157436,legacy_historical,,,,,,,,,
1781608500000,755.44776625,1781609399999,1791376157436,legacy_historical,,,,,,,,,
1781609400000,755.57980637,1781610299999,1791376157436,legacy_historical,,,,,,,,,
1781610300000,755.6,1781611199999,1791376157436,legacy_historical,,,,,,,,,
1781611200000,755.52,1781612099999,1791376157436,legacy_historical,,,,,,,,,
1781612100000,754.91,1781612999999,1791376157436,legacy_historical,,,,,,,,,
1781613000000,754.6,1781613899999,1791376157436,legacy_historical,,,,,,,,,
1781613900000,754.79489199,1781614799999,1791376157436,legacy_historical,,,,,,,,,
1781614800000,754.76858166,1781615699999,1791376157436,legacy_historical,,,,,,,,,
1781615700000,755.09845161,1781616599999,1791376157436,legacy_historical,,,,,,,,,
1781616600000,755.43,1781617499999,1791376157436,legacy_historical,,,,,,,,,
1781617500000,754.63,1781618399999,1791376157436,legacy_historical,,,,,,,,,
1781618400000,755.2,1781619299999,1791376157436,legacy_historical,,,,,,,,,
1781619300000,753.45047525,1781620199999,1791376157436,legacy_historical,,,,,,,,,
1781620200000,753.68888817,1781621099999,1791376157436,legacy_historical,,,,,,,,,
1781621100000,753.20919536,1781621999999,1791376157436,legacy_historical,,,,,,,,,
1781622000000,753.77,1781622899999,1791376157436,legacy_historical,,,,,,,,,
1781622900000,753.07,1781623799999,1791376157436,legacy_historical,,,,,,,,,
1781623800000,752.89,1781624699999,1791376157436,legacy_historical,,,,,,,,,
1781624700000,753.23,1781625599999,1791376157436,legacy_historical,,,,,,,,,
1781625600000,754.13,1781626499999,1791376157436,legacy_historical,,,,,,,,,
1781626500000,753.91332042,1781627399999,1791376157436,legacy_historical,,,,,,,,,
1781627400000,753.4875199,1781628299999,1791376157436,legacy_historical,,,,,,,,,
1781628300000,753.21,1781629199999,1791376157436,legacy_historical,,,,,,,,,
1781629200000,753.06867085,1781630099999,1791376157436,legacy_historical,,,,,,,,,
1781630100000,752.69,1781630999999,1791376157436,legacy_historical,,,,,,,,,
1781631000000,752.49675349,1781631899999,1791376157436,legacy_historical,,,,,,,,,
1781631900000,752.77,1781632799999,1791376157436,legacy_historical,,,,,,,,,
1781632800000,752.57,1781633699999,1791376157436,legacy_historical,,,,,,,,,
1781633700000,752.63889655,1781634599999,1791376157436,legacy_historical,,,,,,,,,
1781634600000,752.61329396,1781635499999,1791376157436,legacy_historical,,,,,,,,,
1781635500000,752.25557207,1781636399999,1791376157436,legacy_historical,,,,,,,,,
1781636400000,751.5,1781637299999,1791376157436,legacy_historical,,,,,,,,,
1781637300000,751.72,1781638199999,1791376157436,legacy_historical,,,,,,,,,
1781638200000,751.47,1781639099999,1791376157436,legacy_historical,,,,,,,,,
1781639100000,750.88004361,1781639999999,1791376157436,legacy_historical,,,,,,,,,
1781640000000,750.36428159,1781640899999,1791376157436,legacy_historical,,,,,,,,,
1781640900000,750.3926535,1781641799999,1791376157436,legacy_historical,,,,,,,,,
1781641800000,750.69,1781642699999,1791376157436,legacy_historical,,,,,,,,,
1781642700000,750.53,1781643599999,1791376157436,legacy_historical,,,,,,,,,
1781643600000,749.98043145,1781644499999,1791376157436,legacy_historical,,,,,,,,,
1781644500000,750.09602057,1781645399999,1791376157436,legacy_historical,,,,,,,,,
1781645400000,750.10736314,1781646299999,1791376157436,legacy_historical,,,,,,,,,
1781646300000,750.39,1781647199999,1791376157436,legacy_historical,,,,,,,,,
1781647200000,751.41340351,1781648099999,1791376157436,legacy_historical,,,,,,,,,
1781648100000,751.54260191,1781648999999,1791376157436,legacy_historical,,,,,,,,,
1781649000000,751.45860051,1781649899999,1791376157436,legacy_historical,,,,,,,,,
1781649900000,751.7396438,1781650799999,1791376157436,legacy_historical,,,,,,,,,
1781650800000,751.52,1781651699999,1791376157436,legacy_historical,,,,,,,,,
1781651700000,751.33,1781652599999,1791376157436,legacy_historical,,,,,,,,,
1781652600000,751.35,1781653499999,1791376157436,legacy_historical,,,,,,,,,
1781653500000,751.2,1781654399999,1791376157436,legacy_historical,,,,,,,,,
1781654400000,751.73809397,1781655299999,1791376157436,legacy_historical,,,,,,,,,
1781655300000,751.96014122,1781656199999,1791376157436,legacy_historical,,,,,,,,,
1781656200000,752.16656011,1781657099999,1791376157436,legacy_historical,,,,,,,,,
1781657100000,751.97,1781657999999,1791376157436,legacy_historical,,,,,,,,,
1781658000000,752.29116701,1781658899999,1791376157436,legacy_historical,,,,,,,,,
1781658900000,752.44323097,1781659799999,1791376157436,legacy_historical,,,,,,,,,
1781659800000,752.42,1781660699999,1791376157436,legacy_historical,,,,,,,,,
1781660700000,752.57,1781661599999,1791376157436,legacy_historical,,,,,,,,,
1781661600000,752.57815737,1781662499999,1791376157436,legacy_historical,,,,,,,,,
1781662500000,752.46,1781663399999,1791376157436,legacy_historical,,,,,,,,,
1781663400000,752.36,1781664299999,1791376157436,legacy_historical,,,,,,,,,
1781664300000,752.44427716,1781665199999,1791376157436,legacy_historical,,,,,,,,,
1781665200000,752.3,1781666099999,1791376157436,legacy_historical,,,,,,,,,
1781666100000,752.19,1781666999999,1791376157436,legacy_historical,,,,,,,,,
1781667000000,752.55449824,1781667899999,1791376157436,legacy_historical,,,,,,,,,
1781667900000,752.6574987,1781668799999,1791376157436,legacy_historical,,,,,,,,,
1781668800000,752.62,1781669699999,1791376157436,legacy_historical,,,,,,,,,
1781669700000,752.72296789,1781670599999,1791376157436,legacy_historical,,,,,,,,,
1781670600000,752.46328892,1781671499999,1791376157436,legacy_historical,,,,,,,,,
1781671500000,752.73475038,1781672399999,1791376157436,legacy_historical,,,,,,,,,
1781672400000,752.64,1781673299999,1791376157436,legacy_historical,,,,,,,,,
1781673300000,752.59667438,1781674199999,1791376157436,legacy_historical,,,,,,,,,
1781674200000,752.68961898,1781675099999,1791376157436,legacy_historical,,,,,,,,,
1781675100000,752.58064648,1781675999999,1791376157436,legacy_historical,,,,,,,,,
1781676000000,752.71717289,1781676899999,1791376157436,legacy_historical,,,,,,,,,
1781676900000,752.58733432,1781677799999,1791376157436,legacy_historical,,,,,,,,,
1781677800000,752.98,1781678699999,1791376157436,legacy_historical,,,,,,,,,
1781678700000,753.04,1781679599999,1791376157436,legacy_historical,,,,,,,,,
1781679600000,753.36,1781680499999,1791376157436,legacy_historical,,,,,,,,,
1781680500000,752.68762966,1781681399999,1791376157436,legacy_historical,,,,,,,,,
1781681400000,752.78125731,1781682299999,1791376157436,legacy_historical,,,,,,,,,
1781682300000,752.79,1781683199999,1791376157436,legacy_historical,,,,,,,,,
1781683200000,752.15437385,1781684099999,1791376157436,legacy_historical,,,,,,,,,
1781684100000,752.16160606,1781684999999,1791376157436,legacy_historical,,,,,,,,,
1781685000000,751.46,1781685899999,1791376157436,legacy_historical,,,,,,,,,
1781685900000,751.9,1781686799999,1791376157436,legacy_historical,,,,,,,,,
1781686800000,751.73219247,1781687699999,1791376157436,legacy_historical,,,,,,,,,
1781687700000,752.02,1781688599999,1791376157436,legacy_historical,,,,,,,,,
1781688600000,751.80607183,1781689499999,1791376157436,legacy_historical,,,,,,,,,
1781689500000,751.03944334,1781690399999,1791376157436,legacy_historical,,,,,,,,,
1781690400000,750.96,1781691299999,1791376157436,legacy_historical,,,,,,,,,
1781691300000,751.2598545,1781692199999,1791376157436,legacy_historical,,,,,,,,,
1781692200000,751.47,1781693099999,1791376157436,legacy_historical,,,,,,,,,
1781693100000,751.17545767,1781693999999,1791376157436,legacy_historical,,,,,,,,,
1781694000000,751.55,1781694899999,1791376157436,legacy_historical,,,,,,,,,
1781694900000,751.49992237,1781695799999,1791376157436,legacy_historical,,,,,,,,,
1781695800000,751.0,1781696699999,1791376157436,legacy_historical,,,,,,,,,
1781696700000,750.79,1781697599999,1791376157436,legacy_historical,,,,,,,,,
1781697600000,751.33,1781698499999,1791376157436,legacy_historical,,,,,,,,,
1781698500000,751.01,1781699399999,1791376157436,legacy_historical,,,,,,,,,
1781699400000,751.55065982,1781700299999,1791376157436,legacy_historical,,,,,,,,,
1781700300000,751.62,1781701199999,1791376157436,legacy_historical,,,,,,,,,
1781701200000,751.42385442,1781702099999,1791376157436,legacy_historical,,,,,,,,,
1781702100000,751.65,1781702999999,1791376157436,legacy_historical,,,,,,,,,
1781703000000,751.83737797,1781703899999,1791376157436,legacy_historical,,,,,,,,,
1781703900000,750.33208762,1781704799999,1791376157436,legacy_historical,,,,,,,,,
1781704800000,751.48,1781705699999,1791376157436,legacy_historical,,,,,,,,,
1781705700000,752.06,1781706599999,1791376157436,legacy_historical,,,,,,,,,
1781706600000,750.50065598,1781707499999,1791376157436,legacy_historical,,,,,,,,,
1781707500000,749.33734785,1781708399999,1791376157436,legacy_historical,,,,,,,,,
1781708400000,749.85613674,1781709299999,1791376157436,legacy_historical,,,,,,,,,
1781709300000,750.35,1781710199999,1791376157436,legacy_historical,,,,,,,,,
1781710200000,750.57,1781711099999,1791376157436,legacy_historical,,,,,,,,,
1781711100000,750.76,1781711999999,1791376157436,legacy_historical,,,,,,,,,
1781712000000,750.72,1781712899999,1791376157436,legacy_historical,,,,,,,,,
1781712900000,750.97732361,1781713799999,1791376157436,legacy_historical,,,,,,,,,
1781713800000,750.32,1781714699999,1791376157436,legacy_historical,,,,,,,,,
1781714700000,750.16,1781715599999,1791376157436,legacy_historical,,,,,,,,,
1781715600000,749.43,1781716499999,1791376157436,legacy_historical,,,,,,,,,
1781716500000,749.74550192,1781717399999,1791376157436,legacy_historical,,,,,,,,,
1781717400000,749.42986108,1781718299999,1791376157436,legacy_historical,,,,,,,,,
1781718300000,750.81,1781719199999,1791376157436,legacy_historical,,,,,,,,,
1781719200000,746.67,1781720099999,1791376157436,legacy_historical,,,,,,,,,
1781720100000,746.3215347,1781720999999,1791376157436,legacy_historical,,,,,,,,,
1781721000000,750.1,1781721899999,1791376157436,legacy_historical,,,,,,,,,
1781721900000,746.10200399,1781722799999,1791376157436,legacy_historical,,,,,,,,,
1781722800000,746.66,1781723699999,1791376157436,legacy_historical,,,,,,,,,
1781723700000,742.26789335,1781724599999,1791376157436,legacy_historical,,,,,,,,,
1781724600000,740.01909635,1781725499999,1791376157436,legacy_historical,,,,,,,,,
1781725500000,741.39606356,1781726399999,1791376157436,legacy_historical,,,,,,,,,
1781726400000,741.36,1781727299999,1791376157436,legacy_historical,,,,,,,,,
1781727300000,742.87,1781728199999,1791376157436,legacy_historical,,,,,,,,,
1781728200000,743.25194919,1781729099999,1791376157436,legacy_historical,,,,,,,,,
1781729100000,743.10894874,1781729999999,1791376157436,legacy_historical,,,,,,,,,
1781730000000,742.75,1781730899999,1791376157436,legacy_historical,,,,,,,,,
1781730900000,742.05963321,1781731799999,1791376157436,legacy_historical,,,,,,,,,
1781731800000,741.98579349,1781732699999,1791376157436,legacy_historical,,,,,,,,,
1781732700000,742.47,1781733599999,1791376157436,legacy_historical,,,,,,,,,
1781733600000,744.14229802,1781734499999,1791376157436,legacy_historical,,,,,,,,,
1781734500000,744.48163393,1781735399999,1791376157436,legacy_historical,,,,,,,,,
1781735400000,744.62,1781736299999,1791376157436,legacy_historical,,,,,,,,,
1781736300000,744.7,1781737199999,1791376157436,legacy_historical,,,,,,,,,
1781737200000,745.27,1781738099999,1791376157436,legacy_historical,,,,,,,,,
1781738100000,745.92,1781738999999,1791376157436,legacy_historical,,,,,,,,,
1781739000000,745.67,1781739899999,1791376157436,legacy_historical,,,,,,,,,
1781739900000,746.2,1781740799999,1791376157436,legacy_historical,,,,,,,,,
1781740800000,747.23,1781741699999,1791376157436,legacy_historical,,,,,,,,,
1781741700000,745.69962531,1781742599999,1791376157436,legacy_historical,,,,,,,,,
1781742600000,746.19,1781743499999,1791376157436,legacy_historical,,,,,,,,,
1781743500000,745.67457488,1781744399999,1791376157436,legacy_historical,,,,,,,,,
1781744400000,746.57,1781745299999,1791376157436,legacy_historical,,,,,,,,,
1781745300000,746.42,1781746199999,1791376157436,legacy_historical,,,,,,,,,
1781746200000,746.14769712,1781747099999,1791376157436,legacy_historical,,,,,,,,,
1781747100000,745.8279015,1781747999999,1791376157436,legacy_historical,,,,,,,,,
1781748000000,746.38925371,1781748899999,1791376157436,legacy_historical,,,,,,,,,
1781748900000,746.18,1781749799999,1791376157436,legacy_historical,,,,,,,,,
1781749800000,746.27902851,1781750699999,1791376157436,legacy_historical,,,,,,,,,
1781750700000,746.2405231,1781751599999,1791376157436,legacy_historical,,,,,,,,,
1781751600000,746.02994924,1781752499999,1791376157436,legacy_historical,,,,,,,,,
1781752500000,746.30932682,1781753399999,1791376157436,legacy_historical,,,,,,,,,
1781753400000,745.86348255,1781754299999,1791376157436,legacy_historical,,,,,,,,,
1781754300000,746.18,1781755199999,1791376157436,legacy_historical,,,,,,,,,
1781755200000,745.58415498,1781756099999,1791376157436,legacy_historical,,,,,,,,,
1781756100000,745.4106215,1781756999999,1791376157436,legacy_historical,,,,,,,,,
1781757000000,744.73223464,1781757899999,1791376157436,legacy_historical,,,,,,,,,
1781757900000,745.15661447,1781758799999,1791376157436,legacy_historical,,,,,,,,,
1781758800000,745.14,1781759699999,1791376157436,legacy_historical,,,,,,,,,
1781759700000,745.57,1781760599999,1791376157436,legacy_historical,,,,,,,,,
1781760600000,745.6005579,1781761499999,1791376157436,legacy_historical,,,,,,,,,
1781761500000,745.44,1781762399999,1791376157436,legacy_historical,,,,,,,,,
1781762400000,745.32,1781763299999,1791376157436,legacy_historical,,,,,,,,,
1781763300000,745.89,1781764199999,1791376157436,legacy_historical,,,,,,,,,
1781764200000,745.54,1781765099999,1791376157436,legacy_historical,,,,,,,,,
1781765100000,746.65882645,1781765999999,1791376157436,legacy_historical,,,,,,,,,
1781766000000,746.19,1781766899999,1791376157436,legacy_historical,,,,,,,,,
1781766900000,746.83,1781767799999,1791376157436,legacy_historical,,,,,,,,,
1781767800000,746.7,1781768699999,1791376157436,legacy_historical,,,,,,,,,
1781768700000,746.93,1781769599999,1791376157436,legacy_historical,,,,,,,,,
1781769600000,747.5188881,1781770499999,1791376157436,legacy_historical,,,,,,,,,
1781770500000,747.11737872,1781771399999,1791376157436,legacy_historical,,,,,,,,,
1781771400000,746.93148117,1781772299999,1791376157436,legacy_historical,,,,,,,,,
1781772300000,745.759501,1781773199999,1791376157436,legacy_historical,,,,,,,,,
1781773200000,746.13,1781774099999,1791376157436,legacy_historical,,,,,,,,,
1781774100000,746.25,1781774999999,1791376157436,legacy_historical,,,,,,,,,
1781775000000,746.77131142,1781775899999,1791376157436,legacy_historical,,,,,,,,,
1781775900000,747.14,1781776799999,1791376157436,legacy_historical,,,,,,,,,
1781776800000,747.15,1781777699999,1791376157436,legacy_historical,,,,,,,,,
1781777700000,746.88240039,1781778599999,1791376157436,legacy_historical,,,,,,,,,
1781778600000,746.14,1781779499999,1791376157436,legacy_historical,,,,,,,,,
1781779500000,746.19,1781780399999,1791376157436,legacy_historical,,,,,,,,,
1781780400000,745.26,1781781299999,1791376157436,legacy_historical,,,,,,,,,
1781781300000,744.96804378,1781782199999,1791376157436,legacy_historical,,,,,,,,,
1781782200000,744.56277361,1781783099999,1791376157436,legacy_historical,,,,,,,,,
1781783100000,744.98,1781783999999,1791376157436,legacy_historical,,,,,,,,,
1781784000000,745.47537186,1781784899999,1791376157436,legacy_historical,,,,,,,,,
1781784900000,746.18,1781785799999,1791376157436,legacy_historical,,,,,,,,,
1781785800000,746.4091703,1781786699999,1791376157436,legacy_historical,,,,,,,,,
1781786700000,746.87448743,1781787599999,1791376157436,legacy_historical,,,,,,,,,
1781787600000,746.93221302,1781788499999,1791376157436,legacy_historical,,,,,,,,,
1781788500000,748.62,1781789399999,1791376157436,legacy_historical,,,,,,,,,
1781789400000,744.69,1781790299999,1791376157436,legacy_historical,,,,,,,,,
1781790300000,745.30801358,1781791199999,1791376157436,legacy_historical,,,,,,,,,
1781791200000,745.42896911,1781792099999,1791376157436,legacy_historical,,,,,,,,,
1781792100000,745.96831818,1781792999999,1791376157436,legacy_historical,,,,,,,,,
1781793000000,746.82,1781793899999,1791376157436,legacy_historical,,,,,,,,,
1781793900000,747.72204256,1781794799999,1791376157436,legacy_historical,,,,,,,,,
1781794800000,747.16,1781795699999,1791376157436,legacy_historical,,,,,,,,,
1781795700000,746.19,1781796599999,1791376157436,legacy_historical,,,,,,,,,
1781796600000,745.68,1781797499999,1791376157436,legacy_historical,,,,,,,,,
1781797500000,747.07,1781798399999,1791376157436,legacy_historical,,,,,,,,,
1781798400000,746.92,1781799299999,1791376157436,legacy_historical,,,,,,,,,
1781799300000,747.3,1781800199999,1791376157436,legacy_historical,,,,,,,,,
1781800200000,747.71294696,1781801099999,1791376157436,legacy_historical,,,,,,,,,
1781801100000,747.3788963,1781801999999,1791376157436,legacy_historical,,,,,,,,,
1781802000000,748.33486194,1781802899999,1791376157436,legacy_historical,,,,,,,,,
1781802900000,748.28,1781803799999,1791376157436,legacy_historical,,,,,,,,,
1781803800000,748.14407034,1781804699999,1791376157436,legacy_historical,,,,,,,,,
1781804700000,747.83328224,1781805599999,1791376157436,legacy_historical,,,,,,,,,
1781805600000,747.42940307,1781806499999,1791376157436,legacy_historical,,,,,,,,,
1781806500000,747.32265246,1781807399999,1791376157436,legacy_historical,,,,,,,,,
1781807400000,747.21,1781808299999,1791376157436,legacy_historical,,,,,,,,,
1781808300000,747.16183541,1781809199999,1791376157436,legacy_historical,,,,,,,,,
1781809200000,746.14,1781810099999,1791376157436,legacy_historical,,,,,,,,,
1781810100000,746.78753979,1781810999999,1791376157436,legacy_historical,,,,,,,,,
1781811000000,748.1,1781811899999,1791376157436,legacy_historical,,,,,,,,,
1781811900000,747.6,1781812799999,1791376157436,legacy_historical,,,,,,,,,
1781812800000,748.55761465,1781813699999,1791376157436,legacy_historical,,,,,,,,,
1781813700000,748.63391759,1781814599999,1791376157436,legacy_historical,,,,,,,,,
1781814600000,748.1,1781815499999,1791376157436,legacy_historical,,,,,,,,,
1781815500000,748.22568798,1781816399999,1791376157436,legacy_historical,,,,,,,,,
1781816400000,748.22640217,1781817299999,1791376157436,legacy_historical,,,,,,,,,
1781817300000,748.12,1781818199999,1791376157436,legacy_historical,,,,,,,,,
1781818200000,747.94,1781819099999,1791376157436,legacy_historical,,,,,,,,,
1781819100000,747.90499695,1781819999999,1791376157436,legacy_historical,,,,,,,,,
1781820000000,748.21846216,1781820899999,1791376157436,legacy_historical,,,,,,,,,
1781820900000,747.46255229,1781821799999,1791376157436,legacy_historical,,,,,,,,,
1781821800000,747.06,1781822699999,1791376157436,legacy_historical,,,,,,,,,
1781822700000,747.0165278,1781823599999,1791376157436,legacy_historical,,,,,,,,,
1781823600000,746.95893773,1781824499999,1791376157436,legacy_historical,,,,,,,,,
1781824500000,747.2,1781825399999,1791376157436,legacy_historical,,,,,,,,,
1781825400000,747.26,1781826299999,1791376157436,legacy_historical,,,,,,,,,
1781826300000,747.42,1781827199999,1791376157436,legacy_historical,,,,,,,,,
1781827200000,746.65,1781828099999,1791376157436,legacy_historical,,,,,,,,,
1781828100000,746.96,1781828999999,1791376157436,legacy_historical,,,,,,,,,
1781829000000,746.78977442,1781829899999,1791376157436,legacy_historical,,,,,,,,,
1781829900000,746.68,1781830799999,1791376157436,legacy_historical,,,,,,,,,
1781830800000,746.11,1781831699999,1791376157436,legacy_historical,,,,,,,,,
1781831700000,746.48,1781832599999,1791376157436,legacy_historical,,,,,,,,,
1781832600000,746.07,1781833499999,1791376157436,legacy_historical,,,,,,,,,
1781833500000,745.82,1781834399999,1791376157436,legacy_historical,,,,,,,,,
1781834400000,745.54,1781835299999,1791376157436,legacy_historical,,,,,,,,,
1781835300000,745.68,1781836199999,1791376157436,legacy_historical,,,,,,,,,
1781836200000,745.91647477,1781837099999,1791376157436,legacy_historical,,,,,,,,,
1781837100000,745.72,1781837999999,1791376157436,legacy_historical,,,,,,,,,
1781838000000,745.58,1781838899999,1791376157436,legacy_historical,,,,,,,,,
1781838900000,744.95,1781839799999,1791376157436,legacy_historical,,,,,,,,,
1781839800000,745.00882647,1781840699999,1791376157436,legacy_historical,,,,,,,,,
1781840700000,744.86,1781841599999,1791376157436,legacy_historical,,,,,,,,,
1781841600000,744.85,1781842499999,1791376157436,legacy_historical,,,,,,,,,
1781842500000,744.62,1781843399999,1791376157436,legacy_historical,,,,,,,,,
1781843400000,744.16118959,1781844299999,1791376157436,legacy_historical,,,,,,,,,
1781844300000,743.52,1781845199999,1791376157436,legacy_historical,,,,,,,,,
1781845200000,743.64354261,1781846099999,1791376157436,legacy_historical,,,,,,,,,
1781846100000,743.74,1781846999999,1791376157436,legacy_historical,,,,,,,,,
1781847000000,743.37200158,1781847899999,1791376157436,legacy_historical,,,,,,,,,
1781847900000,744.30296387,1781848799999,1791376157436,legacy_historical,,,,,,,,,
1781848800000,744.54871456,1781849699999,1791376157436,legacy_historical,,,,,,,,,
1781849700000,744.9,1781850599999,1791376157436,legacy_historical,,,,,,,,,
1781850600000,744.76510077,1781851499999,1791376157436,legacy_historical,,,,,,,,,
1781851500000,745.31,1781852399999,1791376157436,legacy_historical,,,,,,,,,
1781852400000,745.69,1781853299999,1791376157436,legacy_historical,,,,,,,,,
1781853300000,745.71798778,1781854199999,1791376157436,legacy_historical,,,,,,,,,
1781854200000,746.05838179,1781855099999,1791376157436,legacy_historical,,,,,,,,,
1781855100000,746.36443348,1781855999999,1791376157436,legacy_historical,,,,,,,,,
1781856000000,746.44859416,1781856899999,1791376157436,legacy_historical,,,,,,,,,
1781856900000,746.59,1781857799999,1791376157436,legacy_historical,,,,,,,,,
1781857800000,746.66,1781858699999,1791376157436,legacy_historical,,,,,,,,,
1781858700000,746.78,1781859599999,1791376157436,legacy_historical,,,,,,,,,
1781859600000,746.47990953,1781860499999,1791376157436,legacy_historical,,,,,,,,,
1781860500000,746.31,1781861399999,1791376157436,legacy_historical,,,,,,,,,
1781861400000,746.77206815,1781862299999,1791376157436,legacy_historical,,,,,,,,,
1781862300000,746.45,1781863199999,1791376157436,legacy_historical,,,,,,,,,
1781863200000,746.1395188,1781864099999,1791376157436,legacy_historical,,,,,,,,,
1781864100000,745.4181351,1781864999999,1791376157436,legacy_historical,,,,,,,,,
1781865000000,745.24,1781865899999,1791376157436,legacy_historical,,,,,,,,,
1781865900000,745.36,1781866799999,1791376157436,legacy_historical,,,,,,,,,
1781866800000,745.13,1781867699999,1791376157436,legacy_historical,,,,,,,,,
1781867700000,744.79,1781868599999,1791376157436,legacy_historical,,,,,,,,,
1781868600000,745.44678808,1781869499999,1791376157436,legacy_historical,,,,,,,,,
1781869500000,745.33,1781870399999,1791376157436,legacy_historical,,,,,,,,,
1781870400000,745.33697358,1781871299999,1791376157436,legacy_historical,,,,,,,,,
1781871300000,745.04,1781872199999,1791376157436,legacy_historical,,,,,,,,,
1781872200000,745.07,1781873099999,1791376157436,legacy_historical,,,,,,,,,
1781873100000,746.80933174,1781873999999,1791376157436,legacy_historical,,,,,,,,,
1781874000000,747.05,1781874899999,1791376157436,legacy_historical,,,,,,,,,
1781874900000,746.99329135,1781875799999,1791376157436,legacy_historical,,,,,,,,,
1781875800000,746.85,1781876699999,1791376157436,legacy_historical,,,,,,,,,
1781876700000,747.01749511,1781877599999,1791376157436,legacy_historical,,,,,,,,,
1781877600000,746.95,1781878499999,1791376157436,legacy_historical,,,,,,,,,
1781878500000,747.11,1781879399999,1791376157436,legacy_historical,,,,,,,,,
1781879400000,747.43260654,1781880299999,1791376157436,legacy_historical,,,,,,,,,
1781880300000,747.65499302,1781881199999,1791376157436,legacy_historical,,,,,,,,,
1781881200000,747.75835832,1781882099999,1791376157436,legacy_historical,,,,,,,,,
1781882100000,747.71,1781882999999,1791376157436,legacy_historical,,,,,,,,,
1781883000000,747.15311572,1781883899999,1791376157436,legacy_historical,,,,,,,,,
1781883900000,747.59,1781884799999,1791376157436,legacy_historical,,,,,,,,,
1781884800000,747.12410412,1781885699999,1791376157436,legacy_historical,,,,,,,,,
1781885700000,747.51,1781886599999,1791376157436,legacy_historical,,,,,,,,,
1781886600000,747.68280511,1781887499999,1791376157436,legacy_historical,,,,,,,,,
1781887500000,746.88,1781888399999,1791376157436,legacy_historical,,,,,,,,,
1781888400000,747.14224846,1781889299999,1791376157436,legacy_historical,,,,,,,,,
1781889300000,746.90304768,1781890199999,1791376157436,legacy_historical,,,,,,,,,
1781890200000,746.87,1781891099999,1791376157436,legacy_historical,,,,,,,,,
1781891100000,746.96703828,1781891999999,1791376157436,legacy_historical,,,,,,,,,
1781892000000,746.93139,1781892899999,1791376157436,legacy_historical,,,,,,,,,
1781892900000,746.99236644,1781893799999,1791376157436,legacy_historical,,,,,,,,,
1781893800000,746.77387403,1781894699999,1791376157436,legacy_historical,,,,,,,,,
1781894700000,746.19,1781895599999,1791376157436,legacy_historical,,,,,,,,,
1781895600000,746.44001659,1781896499999,1791376157436,legacy_historical,,,,,,,,,
1781896500000,746.92743876,1781897399999,1791376157436,legacy_historical,,,,,,,,,
1781897400000,745.76944503,1781898299999,1791376157436,legacy_historical,,,,,,,,,
1781898300000,745.63,1781899199999,1791376157436,legacy_historical,,,,,,,,,
1781899200000,746.04,1781900099999,1791376157436,legacy_historical,,,,,,,,,
1781900100000,746.27544839,1781900999999,1791376157436,legacy_historical,,,,,,,,,
1781901000000,746.42862518,1781901899999,1791376157436,legacy_historical,,,,,,,,,
1781901900000,746.0,1781902799999,1791376157436,legacy_historical,,,,,,,,,
1781902800000,746.0,1781903699999,1791376157436,legacy_historical,,,,,,,,,
1781903700000,745.80696261,1781904599999,1791376157436,legacy_historical,,,,,,,,,
1781904600000,744.9087563,1781905499999,1791376157436,legacy_historical,,,,,,,,,
1781905500000,745.04296147,1781906399999,1791376157436,legacy_historical,,,,,,,,,
1781906400000,745.88,1781907299999,1791376157436,legacy_historical,,,,,,,,,
1781907300000,745.33835057,1781908199999,1791376157436,legacy_historical,,,,,,,,,
1781908200000,745.75507028,1781909099999,1791376157436,legacy_historical,,,,,,,,,
1781909100000,745.5897885,1781909999999,1791376157436,legacy_historical,,,,,,,,,
1781910000000,745.71,1781910899999,1791376157436,legacy_historical,,,,,,,,,
1781910900000,746.33,1781911799999,1791376157436,legacy_historical,,,,,,,,,
1781911800000,747.81,1781912699999,1791376157436,legacy_historical,,,,,,,,,
1781912700000,748.35,1781913599999,1791376157436,legacy_historical,,,,,,,,,
1781913600000,748.08478248,1781914499999,1791376157436,legacy_historical,,,,,,,,,
1781914500000,748.354855,1781915399999,1791376157436,legacy_historical,,,,,,,,,
1781915400000,748.27671638,1781916299999,1791376157436,legacy_historical,,,,,,,,,
1781916300000,747.82265067,1781917199999,1791376157436,legacy_historical,,,,,,,,,
1781917200000,747.47,1781918099999,1791376157436,legacy_historical,,,,,,,,,
1781918100000,747.33913121,1781918999999,1791376157436,legacy_historical,,,,,,,,,
1781919000000,747.36,1781919899999,1791376157436,legacy_historical,,,,,,,,,
1781919900000,747.31,1781920799999,1791376157436,legacy_historical,,,,,,,,,
1781920800000,747.33270491,1781921699999,1791376157436,legacy_historical,,,,,,,,,
1781921700000,747.42485718,1781922599999,1791376157436,legacy_historical,,,,,,,,,
1781922600000,747.68612046,1781923499999,1791376157436,legacy_historical,,,,,,,,,
1781923500000,748.08946945,1781924399999,1791376157436,legacy_historical,,,,,,,,,
1781924400000,747.64,1781925299999,1791376157436,legacy_historical,,,,,,,,,
1781925300000,747.69664028,1781926199999,1791376157436,legacy_historical,,,,,,,,,
1781926200000,748.06,1781927099999,1791376157436,legacy_historical,,,,,,,,,
1781927100000,747.96530961,1781927999999,1791376157436,legacy_historical,,,,,,,,,
1781928000000,748.03,1781928899999,1791376157436,legacy_historical,,,,,,,,,
1781928900000,748.25,1781929799999,1791376157436,legacy_historical,,,,,,,,,
1781929800000,748.08498863,1781930699999,1791376157436,legacy_historical,,,,,,,,,
1781930700000,748.28,1781931599999,1791376157436,legacy_historical,,,,,,,,,
1781931600000,748.10482126,1781932499999,1791376157436,legacy_historical,,,,,,,,,
1781932500000,748.19571833,1781933399999,1791376157436,legacy_historical,,,,,,,,,
1781933400000,748.29,1781934299999,1791376157436,legacy_historical,,,,,,,,,
1781934300000,748.24,1781935199999,1791376157436,legacy_historical,,,,,,,,,
1781935200000,748.30915687,1781936099999,1791376157436,legacy_historical,,,,,,,,,
1781936100000,748.39059501,1781936999999,1791376157436,legacy_historical,,,,,,,,,
1781937000000,748.48609153,1781937899999,1791376157436,legacy_historical,,,,,,,,,
1781937900000,748.67141969,1781938799999,1791376157436,legacy_historical,,,,,,,,,
1781938800000,748.53488893,1781939699999,1791376157436,legacy_historical,,,,,,,,,
1781939700000,748.45,1781940599999,1791376157436,legacy_historical,,,,,,,,,
1781940600000,748.34,1781941499999,1791376157436,legacy_historical,,,,,,,,,
1781941500000,748.14,1781942399999,1791376157436,legacy_historical,,,,,,,,,
1781942400000,748.24474005,1781943299999,1791376157436,legacy_historical,,,,,,,,,
1781943300000,748.13407468,1781944199999,1791376157436,legacy_historical,,,,,,,,,
1781944200000,748.08,1781945099999,1791376157436,legacy_historical,,,,,,,,,
1781945100000,747.98,1781945999999,1791376157436,legacy_historical,,,,,,,,,
1781946000000,748.06,1781946899999,1791376157436,legacy_historical,,,,,,,,,
1781946900000,748.08807442,1781947799999,1791376157436,legacy_historical,,,,,,,,,
1781947800000,748.12503227,1781948699999,1791376157436,legacy_historical,,,,,,,,,
1781948700000,748.17547541,1781949599999,1791376157436,legacy_historical,,,,,,,,,
1781949600000,747.83087137,1781950499999,1791376157436,legacy_historical,,,,,,,,,
1781950500000,748.04532693,1781951399999,1791376157436,legacy_historical,,,,,,,,,
1781951400000,748.0756676,1781952299999,1791376157436,legacy_historical,,,,,,,,,
1781952300000,748.10225601,1781953199999,1791376157436,legacy_historical,,,,,,,,,
1781953200000,748.04521192,1781954099999,1791376157436,legacy_historical,,,,,,,,,
1781954100000,748.02269114,1781954999999,1791376157436,legacy_historical,,,,,,,,,
1781955000000,748.02437686,1781955899999,1791376157436,legacy_historical,,,,,,,,,
1781955900000,748.07,1781956799999,1791376157436,legacy_historical,,,,,,,,,
1781956800000,748.05509978,1781957699999,1791376157436,legacy_historical,,,,,,,,,
1781957700000,748.03158243,1781958599999,1791376157436,legacy_historical,,,,,,,,,
1781958600000,748.13585491,1781959499999,1791376157436,legacy_historical,,,,,,,,,
1781959500000,748.38577813,1781960399999,1791376157436,legacy_historical,,,,,,,,,
1781960400000,748.36832816,1781961299999,1791376157436,legacy_historical,,,,,,,,,
1781961300000,747.25,1781962199999,1791376157436,legacy_historical,,,,,,,,,
1781962200000,747.07,1781963099999,1791376157436,legacy_historical,,,,,,,,,
1781963100000,746.33,1781963999999,1791376157436,legacy_historical,,,,,,,,,
1781964000000,745.59,1781964899999,1791376157436,legacy_historical,,,,,,,,,
1781964900000,746.71737629,1781965799999,1791376157436,legacy_historical,,,,,,,,,
1781965800000,746.72638614,1781966699999,1791376157436,legacy_historical,,,,,,,,,
1781966700000,747.32526698,1781967599999,1791376157436,legacy_historical,,,,,,,,,
1781967600000,747.28,1781968499999,1791376157436,legacy_historical,,,,,,,,,
1781968500000,746.73284384,1781969399999,1791376157436,legacy_historical,,,,,,,,,
1781969400000,746.79,1781970299999,1791376157436,legacy_historical,,,,,,,,,
1781970300000,746.84,1781971199999,1791376157436,legacy_historical,,,,,,,,,
1781971200000,747.09650755,1781972099999,1791376157436,legacy_historical,,,,,,,,,
1781972100000,746.96,1781972999999,1791376157436,legacy_historical,,,,,,,,,
1781973000000,746.91485253,1781973899999,1791376157436,legacy_historical,,,,,,,,,
1781973900000,746.9,1781974799999,1791376157436,legacy_historical,,,,,,,,,
1781974800000,746.64371457,1781975699999,1791376157436,legacy_historical,,,,,,,,,
1781975700000,746.23,1781976599999,1791376157436,legacy_historical,,,,,,,,,
1781976600000,745.67,1781977499999,1791376157436,legacy_historical,,,,,,,,,
1781977500000,746.31,1781978399999,1791376157436,legacy_historical,,,,,,,,,
1781978400000,745.89,1781979299999,1791376157436,legacy_historical,,,,,,,,,
1781979300000,745.98435484,1781980199999,1791376157436,legacy_historical,,,,,,,,,
1781980200000,745.4217632,1781981099999,1791376157436,legacy_historical,,,,,,,,,
1781981100000,745.43312545,1781981999999,1791376157436,legacy_historical,,,,,,,,,
1781982000000,745.65451985,1781982899999,1791376157436,legacy_historical,,,,,,,,,
1781982900000,746.27,1781983799999,1791376157436,legacy_historical,,,,,,,,,
1781983800000,746.34390756,1781984699999,1791376157436,legacy_historical,,,,,,,,,
1781984700000,746.07,1781985599999,1791376157436,legacy_historical,,,,,,,,,
1781985600000,746.24,1781986499999,1791376157436,legacy_historical,,,,,,,,,
1781986500000,746.49697597,1781987399999,1791376157436,legacy_historical,,,,,,,,,
1781987400000,746.45600465,1781988299999,1791376157436,legacy_historical,,,,,,,,,
1781988300000,746.31,1781989199999,1791376157436,legacy_historical,,,,,,,,,
1781989200000,746.75598197,1781990099999,1791376157436,legacy_historical,,,,,,,,,
1781990100000,746.59536241,1781990999999,1791376157436,legacy_historical,,,,,,,,,
1781991000000,746.66362183,1781991899999,1791376157436,legacy_historical,,,,,,,,,
1781991900000,746.89741652,1781992799999,1791376157436,legacy_historical,,,,,,,,,
1781992800000,746.6743186,1781993699999,1791376157436,legacy_historical,,,,,,,,,
1781993700000,747.41536672,1781994599999,1791376157436,legacy_historical,,,,,,,,,
1781994600000,747.49704133,1781995499999,1791376157436,legacy_historical,,,,,,,,,
1781995500000,747.65411259,1781996399999,1791376157436,legacy_historical,,,,,,,,,
1781996400000,747.4855265,1781997299999,1791376157436,legacy_historical,,,,,,,,,
1781997300000,747.69701001,1781998199999,1791376157436,legacy_historical,,,,,,,,,
1781998200000,747.53536898,1781999099999,1791376157436,legacy_historical,,,,,,,,,
1781999100000,747.37,1781999999999,1791376157436,legacy_historical,,,,,,,,,
1782000000000,746.37,1782000899999,1791376157436,legacy_historical,,,,,,,,,
1782000900000,745.3,1782001799999,1791376157436,legacy_historical,,,,,,,,,
1782001800000,745.43,1782002699999,1791376157436,legacy_historical,,,,,,,,,
1782002700000,746.07567827,1782003599999,1791376157436,legacy_historical,,,,,,,,,
1782003600000,745.0,1782004499999,1791376157436,legacy_historical,,,,,,,,,
1782004500000,745.15211704,1782005399999,1791376157436,legacy_historical,,,,,,,,,
1782005400000,745.07,1782006299999,1791376157436,legacy_historical,,,,,,,,,
1782006300000,745.44,1782007199999,1791376157436,legacy_historical,,,,,,,,,
1782007200000,744.77123195,1782008099999,1791376157436,legacy_historical,,,,,,,,,
1782008100000,745.45,1782008999999,1791376157436,legacy_historical,,,,,,,,,
1782009000000,745.43554696,1782009899999,1791376157436,legacy_historical,,,,,,,,,
1782009900000,745.72741211,1782010799999,1791376157436,legacy_historical,,,,,,,,,
1782010800000,745.69665186,1782011699999,1791376157436,legacy_historical,,,,,,,,,
1782011700000,745.81,1782012599999,1791376157436,legacy_historical,,,,,,,,,
1782012600000,745.99708208,1782013499999,1791376157436,legacy_historical,,,,,,,,,
1782013500000,745.92,1782014399999,1791376157436,legacy_historical,,,,,,,,,
1782014400000,746.51,1782015299999,1791376157436,legacy_historical,,,,,,,,,
1782015300000,746.49075744,1782016199999,1791376157436,legacy_historical,,,,,,,,,
1782016200000,746.72714221,1782017099999,1791376157436,legacy_historical,,,,,,,,,
1782017100000,746.74616981,1782017999999,1791376157436,legacy_historical,,,,,,,,,
1782018000000,746.74,1782018899999,1791376157436,legacy_historical,,,,,,,,,
1782018900000,746.59,1782019799999,1791376157436,legacy_historical,,,,,,,,,
1782019800000,746.58,1782020699999,1791376157436,legacy_historical,,,,,,,,,
1782020700000,746.59506696,1782021599999,1791376157436,legacy_historical,,,,,,,,,
1782021600000,746.49421347,1782022499999,1791376157436,legacy_historical,,,,,,,,,
1782022500000,746.4858973,1782023399999,1791376157436,legacy_historical,,,,,,,,,
1782023400000,747.06783765,1782024299999,1791376157436,legacy_historical,,,,,,,,,
1782024300000,746.96,1782025199999,1791376157436,legacy_historical,,,,,,,,,
1782025200000,747.16,1782026099999,1791376157436,legacy_historical,,,,,,,,,
1782026100000,746.85846192,1782026999999,1791376157436,legacy_historical,,,,,,,,,
1782027000000,746.82401832,1782027899999,1791376157436,legacy_historical,,,,,,,,,
1782027900000,746.89,1782028799999,1791376157436,legacy_historical,,,,,,,,,
1782028800000,746.57810508,1782029699999,1791376157436,legacy_historical,,,,,,,,,
1782029700000,746.54324426,1782030599999,1791376157436,legacy_historical,,,,,,,,,
1782030600000,746.47,1782031499999,1791376157436,legacy_historical,,,,,,,,,
1782031500000,746.4,1782032399999,1791376157436,legacy_historical,,,,,,,,,
1782032400000,746.39449479,1782033299999,1791376157436,legacy_historical,,,,,,,,,
1782033300000,746.44,1782034199999,1791376157436,legacy_historical,,,,,,,,,
1782034200000,746.73716935,1782035099999,1791376157436,legacy_historical,,,,,,,,,
1782035100000,746.41,1782035999999,1791376157436,legacy_historical,,,,,,,,,
1782036000000,746.93,1782036899999,1791376157436,legacy_historical,,,,,,,,,
1782036900000,746.86637785,1782037799999,1791376157436,legacy_historical,,,,,,,,,
1782037800000,746.4932465,1782038699999,1791376157436,legacy_historical,,,,,,,,,
1782038700000,746.6,1782039599999,1791376157436,legacy_historical,,,,,,,,,
1782039600000,746.67762268,1782040499999,1791376157436,legacy_historical,,,,,,,,,
1782040500000,746.67,1782041399999,1791376157436,legacy_historical,,,,,,,,,
1782041400000,746.84684386,1782042299999,1791376157436,legacy_historical,,,,,,,,,
1782042300000,746.83,1782043199999,1791376157436,legacy_historical,,,,,,,,,
1782043200000,747.14,1782044099999,1791376157436,legacy_historical,,,,,,,,,
1782044100000,747.12603253,1782044999999,1791376157436,legacy_historical,,,,,,,,,
1782045000000,747.27,1782045899999,1791376157436,legacy_historical,,,,,,,,,
1782045900000,747.32,1782046799999,1791376157436,legacy_historical,,,,,,,,,
1782046800000,747.00044702,1782047699999,1791376157436,legacy_historical,,,,,,,,,
1782047700000,747.17,1782048599999,1791376157436,legacy_historical,,,,,,,,,
1782048600000,747.1,1782049499999,1791376157436,legacy_historical,,,,,,,,,
1782049500000,747.170401,1782050399999,1791376157436,legacy_historical,,,,,,,,,
1782050400000,747.19,1782051299999,1791376157436,legacy_historical,,,,,,,,,
1782051300000,747.06,1782052199999,1791376157436,legacy_historical,,,,,,,,,
1782052200000,746.76,1782053099999,1791376157436,legacy_historical,,,,,,,,,
1782053100000,746.84543245,1782053999999,1791376157436,legacy_historical,,,,,,,,,
1782054000000,746.97,1782054899999,1791376157436,legacy_historical,,,,,,,,,
1782054900000,747.04,1782055799999,1791376157436,legacy_historical,,,,,,,,,
1782055800000,746.91,1782056699999,1791376157436,legacy_historical,,,,,,,,,
1782056700000,746.83044754,1782057599999,1791376157436,legacy_historical,,,,,,,,,
1782057600000,746.54,1782058499999,1791376157436,legacy_historical,,,,,,,,,
1782058500000,746.68479043,1782059399999,1791376157436,legacy_historical,,,,,,,,,
1782059400000,746.48388759,1782060299999,1791376157436,legacy_historical,,,,,,,,,
1782060300000,746.4643758,1782061199999,1791376157436,legacy_historical,,,,,,,,,
1782061200000,746.07280563,1782062099999,1791376157436,legacy_historical,,,,,,,,,
1782062100000,745.66,1782062999999,1791376157436,legacy_historical,,,,,,,,,
1782063000000,745.66211092,1782063899999,1791376157436,legacy_historical,,,,,,,,,
1782063900000,745.60899847,1782064799999,1791376157436,legacy_historical,,,,,,,,,
1782064800000,745.4,1782065699999,1791376157436,legacy_historical,,,,,,,,,
1782065700000,745.32,1782066599999,1791376157436,legacy_historical,,,,,,,,,
1782066600000,745.31367715,1782067499999,1791376157436,legacy_historical,,,,,,,,,
1782067500000,745.32419044,1782068399999,1791376157436,legacy_historical,,,,,,,,,
1782068400000,745.36,1782069299999,1791376157436,legacy_historical,,,,,,,,,
1782069300000,745.69,1782070199999,1791376157436,legacy_historical,,,,,,,,,
1782070200000,745.87,1782071099999,1791376157436,legacy_historical,,,,,,,,,
1782071100000,745.81284111,1782071999999,1791376157436,legacy_historical,,,,,,,,,
1782072000000,745.89,1782072899999,1791376157436,legacy_historical,,,,,,,,,
1782072900000,745.81850804,1782073799999,1791376157436,legacy_historical,,,,,,,,,
1782073800000,745.60226514,1782074699999,1791376157436,legacy_historical,,,,,,,,,
1782074700000,745.45040337,1782075599999,1791376157436,legacy_historical,,,,,,,,,
1782075600000,745.27226957,1782076499999,1791376157436,legacy_historical,,,,,,,,,
1782076500000,745.65,1782077399999,1791376157436,legacy_historical,,,,,,,,,
1782077400000,745.20297301,1782078299999,1791376157436,legacy_historical,,,,,,,,,
1782078300000,745.69984432,1782079199999,1791376157436,legacy_historical,,,,,,,,,
1782079200000,744.92471722,1782080099999,1791376157436,legacy_historical,,,,,,,,,
1782080100000,745.82,1782080999999,1791376157436,legacy_historical,,,,,,,,,
1782081000000,745.92894032,1782081899999,1791376157436,legacy_historical,,,,,,,,,
1782081900000,745.51,1782082799999,1791376157436,legacy_historical,,,,,,,,,
1782082800000,744.42,1782083699999,1791376157436,legacy_historical,,,,,,,,,
1782083700000,744.42,1782084599999,1791376157436,legacy_historical,,,,,,,,,
1782084600000,743.54,1782085499999,1791376157436,legacy_historical,,,,,,,,,
1782085500000,742.77,1782086399999,1791376157436,legacy_historical,,,,,,,,,
1782086400000,744.54,1782087299999,1791376157436,legacy_historical,,,,,,,,,
1782087300000,745.42,1782088199999,1791376157436,legacy_historical,,,,,,,,,
1782088200000,745.36698749,1782089099999,1791376157436,legacy_historical,,,,,,,,,
1782089100000,745.92084135,1782089999999,1791376157436,legacy_historical,,,,,,,,,
1782090000000,746.28,1782090899999,1791376157436,legacy_historical,,,,,,,,,
1782090900000,746.27,1782091799999,1791376157436,legacy_historical,,,,,,,,,
1782091800000,746.13,1782092699999,1791376157436,legacy_historical,,,,,,,,,
1782092700000,745.70476455,1782093599999,1791376157436,legacy_historical,,,,,,,,,
1782093600000,745.3981065,1782094499999,1791376157436,legacy_historical,,,,,,,,,
1782094500000,745.15,1782095399999,1791376157436,legacy_historical,,,,,,,,,
1782095400000,744.96,1782096299999,1791376157436,legacy_historical,,,,,,,,,
1782096300000,744.74245148,1782097199999,1791376157436,legacy_historical,,,,,,,,,
1782097200000,744.42774411,1782098099999,1791376157436,legacy_historical,,,,,,,,,
1782098100000,744.83606286,1782098999999,1791376157436,legacy_historical,,,,,,,,,
1782099000000,744.78,1782099899999,1791376157436,legacy_historical,,,,,,,,,
1782099900000,744.29,1782100799999,1791376157436,legacy_historical,,,,,,,,,
1782100800000,744.16459022,1782101699999,1791376157436,legacy_historical,,,,,,,,,
1782101700000,744.01275323,1782102599999,1791376157436,legacy_historical,,,,,,,,,
1782102600000,743.86,1782103499999,1791376157436,legacy_historical,,,,,,,,,
1782103500000,744.34,1782104399999,1791376157436,legacy_historical,,,,,,,,,
1782104400000,745.41,1782105299999,1791376157436,legacy_historical,,,,,,,,,
1782105300000,745.43,1782106199999,1791376157436,legacy_historical,,,,,,,,,
1782106200000,745.36,1782107099999,1791376157436,legacy_historical,,,,,,,,,
1782107100000,745.4934307,1782107999999,1791376157436,legacy_historical,,,,,,,,,
1782108000000,746.14,1782108899999,1791376157436,legacy_historical,,,,,,,,,
1782108900000,746.57,1782109799999,1791376157436,legacy_historical,,,,,,,,,
1782109800000,746.69384886,1782110699999,1791376157436,legacy_historical,,,,,,,,,
1782110700000,746.88,1782111599999,1791376157436,legacy_historical,,,,,,,,,
1782111600000,747.00758318,1782112499999,1791376157436,legacy_historical,,,,,,,,,
1782112500000,747.37,1782113399999,1791376157436,legacy_historical,,,,,,,,,
1782113400000,747.0,1782114299999,1791376157436,legacy_historical,,,,,,,,,
1782114300000,746.97,1782115199999,1791376157436,legacy_historical,,,,,,,,,
1782115200000,746.4064312,1782116099999,1791376157436,legacy_historical,,,,,,,,,
1782116100000,746.25502392,1782116999999,1791376157436,legacy_historical,,,,,,,,,
1782117000000,746.63,1782117899999,1791376157436,legacy_historical,,,,,,,,,
1782117900000,746.66620723,1782118799999,1791376157436,legacy_historical,,,,,,,,,
1782118800000,746.94746506,1782119699999,1791376157436,legacy_historical,,,,,,,,,
1782119700000,746.77,1782120599999,1791376157436,legacy_historical,,,,,,,,,
1782120600000,746.39950265,1782121499999,1791376157436,legacy_historical,,,,,,,,,
1782121500000,746.31173315,1782122399999,1791376157436,legacy_historical,,,,,,,,,
1782122400000,747.09,1782123299999,1791376157436,legacy_historical,,,,,,,,,
1782123300000,747.02,1782124199999,1791376157436,legacy_historical,,,,,,,,,
1782124200000,746.62,1782125099999,1791376157436,legacy_historical,,,,,,,,,
1782125100000,746.61813357,1782125999999,1791376157436,legacy_historical,,,,,,,,,
1782126000000,746.97,1782126899999,1791376157436,legacy_historical,,,,,,,,,
1782126900000,746.96683799,1782127799999,1791376157436,legacy_historical,,,,,,,,,
1782127800000,747.11871787,1782128699999,1791376157436,legacy_historical,,,,,,,,,
1782128700000,747.08,1782129599999,1791376157436,legacy_historical,,,,,,,,,
1782129600000,747.7,1782130499999,1791376157436,legacy_historical,,,,,,,,,
1782130500000,748.17,1782131399999,1791376157436,legacy_historical,,,,,,,,,
1782131400000,747.96455052,1782132299999,1791376157436,legacy_historical,,,,,,,,,
1782132300000,747.62426132,1782133199999,1791376157436,legacy_historical,,,,,,,,,
1782133200000,748.42,1782134099999,1791376157436,legacy_historical,,,,,,,,,
1782134100000,748.20702754,1782134999999,1791376157436,legacy_historical,,,,,,,,,
1782135000000,748.76,1782135899999,1791376157436,legacy_historical,,,,,,,,,
1782135900000,750.37,1782136799999,1791376157436,legacy_historical,,,,,,,,,
1782136800000,749.94886876,1782137699999,1791376157436,legacy_historical,,,,,,,,,
1782137700000,747.16806365,1782138599999,1791376157436,legacy_historical,,,,,,,,,
1782138600000,745.06901978,1782139499999,1791376157436,legacy_historical,,,,,,,,,
1782139500000,745.23,1782140399999,1791376157436,legacy_historical,,,,,,,,,
1782140400000,744.81,1782141299999,1791376157436,legacy_historical,,,,,,,,,
1782141300000,744.77630466,1782142199999,1791376157436,legacy_historical,,,,,,,,,
1782142200000,746.22690723,1782143099999,1791376157436,legacy_historical,,,,,,,,,
1782143100000,745.05141203,1782143999999,1791376157436,legacy_historical,,,,,,,,,
1782144000000,745.38,1782144899999,1791376157436,legacy_historical,,,,,,,,,
1782144900000,745.29392762,1782145799999,1791376157436,legacy_historical,,,,,,,,,
1782145800000,744.76,1782146699999,1791376157436,legacy_historical,,,,,,,,,
1782146700000,745.33,1782147599999,1791376157436,legacy_historical,,,,,,,,,
1782147600000,744.9,1782148499999,1791376157436,legacy_historical,,,,,,,,,
1782148500000,745.05538148,1782149399999,1791376157436,legacy_historical,,,,,,,,,
1782149400000,744.72616796,1782150299999,1791376157436,legacy_historical,,,,,,,,,
1782150300000,745.01,1782151199999,1791376157436,legacy_historical,,,,,,,,,
1782151200000,745.35634277,1782152099999,1791376157436,legacy_historical,,,,,,,,,
1782152100000,745.51,1782152999999,1791376157436,legacy_historical,,,,,,,,,
1782153000000,744.84930914,1782153899999,1791376157436,legacy_historical,,,,,,,,,
1782153900000,743.92,1782154799999,1791376157436,legacy_historical,,,,,,,,,
1782154800000,744.09,1782155699999,1791376157436,legacy_historical,,,,,,,,,
1782155700000,743.60815077,1782156599999,1791376157436,legacy_historical,,,,,,,,,
1782156600000,743.5,1782157499999,1791376157436,legacy_historical,,,,,,,,,
1782157500000,744.66531485,1782158399999,1791376157436,legacy_historical,,,,,,,,,
1782158400000,745.0,1782159299999,1791376157436,legacy_historical,,,,,,,,,
1782159300000,744.72,1782160199999,1791376157436,legacy_historical,,,,,,,,,
1782160200000,744.77,1782161099999,1791376157436,legacy_historical,,,,,,,,,
1782161100000,744.66,1782161999999,1791376157436,legacy_historical,,,,,,,,,
1782162000000,744.52,1782162899999,1791376157436,legacy_historical,,,,,,,,,
1782162900000,744.53,1782163799999,1791376157436,legacy_historical,,,,,,,,,
1782163800000,744.46159432,1782164699999,1791376157436,legacy_historical,,,,,,,,,
1782164700000,744.47056944,1782165599999,1791376157436,legacy_historical,,,,,,,,,
1782165600000,744.69,1782166499999,1791376157436,legacy_historical,,,,,,,,,
1782166500000,744.48,1782167399999,1791376157436,legacy_historical,,,,,,,,,
1782167400000,743.66795327,1782168299999,1791376157436,legacy_historical,,,,,,,,,
1782168300000,743.92667655,1782169199999,1791376157436,legacy_historical,,,,,,,,,
1782169200000,743.6,1782170099999,1791376157436,legacy_historical,,,,,,,,,
1782170100000,743.79145833,1782170999999,1791376157436,legacy_historical,,,,,,,,,
1782171000000,743.76670756,1782171899999,1791376157436,legacy_historical,,,,,,,,,
1782171900000,743.87,1782172799999,1791376157436,legacy_historical,,,,,,,,,
1782172800000,743.29569996,1782173699999,1791376157436,legacy_historical,,,,,,,,,
1782173700000,743.26867042,1782174599999,1791376157436,legacy_historical,,,,,,,,,
1782174600000,744.83,1782175499999,1791376157436,legacy_historical,,,,,,,,,
1782175500000,744.80857342,1782176399999,1791376157436,legacy_historical,,,,,,,,,
1782176400000,744.61,1782177299999,1791376157436,legacy_historical,,,,,,,,,
1782177300000,744.3,1782178199999,1791376157436,legacy_historical,,,,,,,,,
1782178200000,743.05,1782179099999,1791376157436,legacy_historical,,,,,,,,,
1782179100000,743.06,1782179999999,1791376157436,legacy_historical,,,,,,,,,
1782180000000,742.81071504,1782180899999,1791376157436,legacy_historical,,,,,,,,,
1782180900000,742.94,1782181799999,1791376157436,legacy_historical,,,,,,,,,
1782181800000,742.58,1782182699999,1791376157436,legacy_historical,,,,,,,,,
1782182700000,741.97,1782183599999,1791376157436,legacy_historical,,,,,,,,,
1782183600000,741.47912665,1782184499999,1791376157436,legacy_historical,,,,,,,,,
1782184500000,741.66,1782185399999,1791376157436,legacy_historical,,,,,,,,,
1782185400000,740.84,1782186299999,1791376157436,legacy_historical,,,,,,,,,
1782186300000,741.71,1782187199999,1791376157436,legacy_historical,,,,,,,,,
1782187200000,741.06,1782188099999,1791376157436,legacy_historical,,,,,,,,,
1782188100000,740.53540763,1782188999999,1791376157436,legacy_historical,,,,,,,,,
1782189000000,740.02206616,1782189899999,1791376157436,legacy_historical,,,,,,,,,
1782189900000,739.18,1782190799999,1791376157436,legacy_historical,,,,,,,,,
1782190800000,739.23,1782191699999,1791376157436,legacy_historical,,,,,,,,,
1782191700000,738.61,1782192599999,1791376157436,legacy_historical,,,,,,,,,
1782192600000,738.24,1782193499999,1791376157436,legacy_historical,,,,,,,,,
1782193500000,738.15711317,1782194399999,1791376157436,legacy_historical,,,,,,,,,
1782194400000,737.7060337,1782195299999,1791376157436,legacy_historical,,,,,,,,,
1782195300000,736.49458547,1782196199999,1791376157436,legacy_historical,,,,,,,,,
1782196200000,736.11,1782197099999,1791376157436,legacy_historical,,,,,,,,,
1782197100000,735.82,1782197999999,1791376157436,legacy_historical,,,,,,,,,
1782198000000,736.3767685,1782198899999,1791376157436,legacy_historical,,,,,,,,,
1782198900000,735.77822283,1782199799999,1791376157436,legacy_historical,,,,,,,,,
1782199800000,735.08,1782200699999,1791376157436,legacy_historical,,,,,,,,,
1782200700000,734.49,1782201599999,1791376157436,legacy_historical,,,,,,,,,
1782201600000,734.20461042,1782202499999,1791376157436,legacy_historical,,,,,,,,,
1782202500000,733.56,1782203399999,1791376157436,legacy_historical,,,,,,,,,
1782203400000,734.52,1782204299999,1791376157436,legacy_historical,,,,,,,,,
1782204300000,734.09,1782205199999,1791376157436,legacy_historical,,,,,,,,,
1782205200000,735.01911792,1782206099999,1791376157436,legacy_historical,,,,,,,,,
1782206100000,735.55508468,1782206999999,1791376157436,legacy_historical,,,,,,,,,
1782207000000,735.16976002,1782207899999,1791376157436,legacy_historical,,,,,,,,,
1782207900000,735.5692478,1782208799999,1791376157436,legacy_historical,,,,,,,,,
1782208800000,735.42678415,1782209699999,1791376157436,legacy_historical,,,,,,,,,
1782209700000,735.22996215,1782210599999,1791376157436,legacy_historical,,,,,,,,,
1782210600000,734.31777425,1782211499999,1791376157436,legacy_historical,,,,,,,,,
1782211500000,734.91,1782212399999,1791376157436,legacy_historical,,,,,,,,,
1782212400000,735.43102876,1782213299999,1791376157436,legacy_historical,,,,,,,,,
1782213300000,735.14,1782214199999,1791376157436,legacy_historical,,,,,,,,,
1782214200000,736.14427947,1782215099999,1791376157436,legacy_historical,,,,,,,,,
1782215100000,736.33,1782215999999,1791376157436,legacy_historical,,,,,,,,,
1782216000000,735.87,1782216899999,1791376157436,legacy_historical,,,,,,,,,
1782216900000,734.94,1782217799999,1791376157436,legacy_historical,,,,,,,,,
1782217800000,734.49848098,1782218699999,1791376157436,legacy_historical,,,,,,,,,
1782218700000,734.35,1782219599999,1791376157436,legacy_historical,,,,,,,,,
1782219600000,734.47932093,1782220499999,1791376157436,legacy_historical,,,,,,,,,
1782220500000,733.96087874,1782221399999,1791376157436,legacy_historical,,,,,,,,,
1782221400000,735.36,1782222299999,1791376157436,legacy_historical,,,,,,,,,
1782222300000,737.53205033,1782223199999,1791376157436,legacy_historical,,,,,,,,,
1782223200000,739.31060158,1782224099999,1791376157436,legacy_historical,,,,,,,,,
1782224100000,739.11598138,1782224999999,1791376157436,legacy_historical,,,,,,,,,
1782225000000,737.68,1782225899999,1791376157436,legacy_historical,,,,,,,,,
1782225900000,737.25069697,1782226799999,1791376157436,legacy_historical,,,,,,,,,
1782226800000,736.3,1782227699999,1791376157436,legacy_historical,,,,,,,,,
1782227700000,734.84547277,1782228599999,1791376157436,legacy_historical,,,,,,,,,
1782228600000,735.29007024,1782229499999,1791376157436,legacy_historical,,,,,,,,,
1782229500000,736.3022347,1782230399999,1791376157436,legacy_historical,,,,,,,,,
1782230400000,737.86,1782231299999,1791376157436,legacy_historical,,,,,,,,,
1782231300000,737.79617407,1782232199999,1791376157436,legacy_historical,,,,,,,,,
1782232200000,738.17,1782233099999,1791376157436,legacy_historical,,,,,,,,,
1782233100000,737.89,1782233999999,1791376157436,legacy_historical,,,,,,,,,
1782234000000,737.80681139,1782234899999,1791376157436,legacy_historical,,,,,,,,,
1782234900000,737.95,1782235799999,1791376157436,legacy_historical,,,,,,,,,
1782235800000,737.64,1782236699999,1791376157436,legacy_historical,,,,,,,,,
1782236700000,736.29409556,1782237599999,1791376157436,legacy_historical,,,,,,,,,
1782237600000,736.31098037,1782238499999,1791376157436,legacy_historical,,,,,,,,,
1782238500000,736.0003045,1782239399999,1791376157436,legacy_historical,,,,,,,,,
1782239400000,734.38816315,1782240299999,1791376157436,legacy_historical,,,,,,,,,
1782240300000,734.60926339,1782241199999,1791376157436,legacy_historical,,,,,,,,,
1782241200000,734.90691406,1782242099999,1791376157436,legacy_historical,,,,,,,,,
1782242100000,735.56677447,1782242999999,1791376157436,legacy_historical,,,,,,,,,
1782243000000,735.19315531,1782243899999,1791376157436,legacy_historical,,,,,,,,,
1782243900000,734.72,1782244799999,1791376157436,legacy_historical,,,,,,,,,
1782244800000,734.89467209,1782245699999,1791376157436,legacy_historical,,,,,,,,,
1782245700000,735.07,1782246599999,1791376157436,legacy_historical,,,,,,,,,
1782246600000,735.07,1782247499999,1791376157436,legacy_historical,,,,,,,,,
1782247500000,735.49776583,1782248399999,1791376157436,legacy_historical,,,,,,,,,
1782248400000,735.0817972,1782249299999,1791376157436,legacy_historical,,,,,,,,,
1782249300000,735.53962001,1782250199999,1791376157436,legacy_historical,,,,,,,,,
1782250200000,735.49,1782251099999,1791376157436,legacy_historical,,,,,,,,,
1782251100000,735.32,1782251999999,1791376157436,legacy_historical,,,,,,,,,
1782252000000,735.85755611,1782252899999,1791376157436,legacy_historical,,,,,,,,,
1782252900000,734.60934258,1782253799999,1791376157436,legacy_historical,,,,,,,,,
1782253800000,733.94,1782254699999,1791376157436,legacy_historical,,,,,,,,,
1782254700000,734.27,1782255599999,1791376157436,legacy_historical,,,,,,,,,
1782255600000,734.06715043,1782256499999,1791376157436,legacy_historical,,,,,,,,,
1782256500000,734.36551,1782257399999,1791376157436,legacy_historical,,,,,,,,,
1782257400000,734.04368793,1782258299999,1791376157436,legacy_historical,,,,,,,,,
1782258300000,735.4,1782259199999,1791376157436,legacy_historical,,,,,,,,,
1782259200000,736.16284913,1782260099999,1791376157436,legacy_historical,,,,,,,,,
1782260100000,736.22,1782260999999,1791376157436,legacy_historical,,,,,,,,,
1782261000000,736.4718498,1782261899999,1791376157436,legacy_historical,,,,,,,,,
1782261900000,736.06,1782262799999,1791376157436,legacy_historical,,,,,,,,,
1782262800000,735.92030198,1782263699999,1791376157436,legacy_historical,,,,,,,,,
1782263700000,735.79936516,1782264599999,1791376157436,legacy_historical,,,,,,,,,
1782264600000,735.84198425,1782265499999,1791376157436,legacy_historical,,,,,,,,,
1782265500000,735.8,1782266399999,1791376157436,legacy_historical,,,,,,,,,
1782266400000,735.85,1782267299999,1791376157436,legacy_historical,,,,,,,,,
1782267300000,735.56,1782268199999,1791376157436,legacy_historical,,,,,,,,,
1782268200000,734.69,1782269099999,1791376157436,legacy_historical,,,,,,,,,
1782269100000,733.8,1782269999999,1791376157436,legacy_historical,,,,,,,,,
1782270000000,735.16,1782270899999,1791376157436,legacy_historical,,,,,,,,,
1782270900000,735.38873972,1782271799999,1791376157436,legacy_historical,,,,,,,,,
1782271800000,735.45098001,1782272699999,1791376157436,legacy_historical,,,,,,,,,
1782272700000,735.4,1782273599999,1791376157436,legacy_historical,,,,,,,,,
1782273600000,734.71945277,1782274499999,1791376157436,legacy_historical,,,,,,,,,
1782274500000,734.37960725,1782275399999,1791376157436,legacy_historical,,,,,,,,,
1782275400000,735.60893642,1782276299999,1791376157436,legacy_historical,,,,,,,,,
1782276300000,735.7,1782277199999,1791376157436,legacy_historical,,,,,,,,,
1782277200000,735.84810887,1782278099999,1791376157436,legacy_historical,,,,,,,,,
1782278100000,736.16638961,1782278999999,1791376157436,legacy_historical,,,,,,,,,
1782279000000,736.25,1782279899999,1791376157436,legacy_historical,,,,,,,,,
1782279900000,735.79,1782280799999,1791376157436,legacy_historical,,,,,,,,,
1782280800000,736.03,1782281699999,1791376157436,legacy_historical,,,,,,,,,
1782281700000,735.45,1782282599999,1791376157436,legacy_historical,,,,,,,,,
1782282600000,735.83,1782283499999,1791376157436,legacy_historical,,,,,,,,,
1782283500000,735.80724949,1782284399999,1791376157436,legacy_historical,,,,,,,,,
1782284400000,735.72,1782285299999,1791376157436,legacy_historical,,,,,,,,,
1782285300000,735.43344025,1782286199999,1791376157436,legacy_historical,,,,,,,,,
1782286200000,735.93857663,1782287099999,1791376157436,legacy_historical,,,,,,,,,
1782287100000,735.20477262,1782287999999,1791376157436,legacy_historical,,,,,,,,,
1782288000000,736.01,1782288899999,1791376157436,legacy_historical,,,,,,,,,
1782288900000,735.6,1782289799999,1791376157436,legacy_historical,,,,,,,,,
1782289800000,735.9101505,1782290699999,1791376157436,legacy_historical,,,,,,,,,
1782290700000,735.66,1782291599999,1791376157436,legacy_historical,,,,,,,,,
1782291600000,736.09,1782292499999,1791376157436,legacy_historical,,,,,,,,,
1782292500000,735.68,1782293399999,1791376157436,legacy_historical,,,,,,,,,
1782293400000,735.17686931,1782294299999,1791376157436,legacy_historical,,,,,,,,,
1782294300000,735.74,1782295199999,1791376157436,legacy_historical,,,,,,,,,
1782295200000,735.63,1782296099999,1791376157436,legacy_historical,,,,,,,,,
1782296100000,735.88,1782296999999,1791376157436,legacy_historical,,,,,,,,,
1782297000000,736.52945246,1782297899999,1791376157436,legacy_historical,,,,,,,,,
1782297900000,735.8492226,1782298799999,1791376157436,legacy_historical,,,,,,,,,
1782298800000,735.74,1782299699999,1791376157436,legacy_historical,,,,,,,,,
1782299700000,735.64,1782300599999,1791376157436,legacy_historical,,,,,,,,,
1782300600000,736.43,1782301499999,1791376157436,legacy_historical,,,,,,,,,
1782301500000,737.27,1782302399999,1791376157436,legacy_historical,,,,,,,,,
1782302400000,736.94301851,1782303299999,1791376157436,legacy_historical,,,,,,,,,
1782303300000,737.40647816,1782304199999,1791376157436,legacy_historical,,,,,,,,,
1782304200000,736.42985542,1782305099999,1791376157436,legacy_historical,,,,,,,,,
1782305100000,736.05814893,1782305999999,1791376157436,legacy_historical,,,,,,,,,
1782306000000,735.28508709,1782306899999,1791376157436,legacy_historical,,,,,,,,,
1782306900000,735.61312376,1782307799999,1791376157436,legacy_historical,,,,,,,,,
1782307800000,736.229329,1782308699999,1791376157436,legacy_historical,,,,,,,,,
1782308700000,736.72,1782309599999,1791376157436,legacy_historical,,,,,,,,,
1782309600000,736.14,1782310499999,1791376157436,legacy_historical,,,,,,,,,
1782310500000,736.8721092,1782311399999,1791376157436,legacy_historical,,,,,,,,,
1782311400000,738.0,1782312299999,1791376157436,legacy_historical,,,,,,,,,
1782312300000,739.98,1782313199999,1791376157436,legacy_historical,,,,,,,,,
1782313200000,739.07,1782314099999,1791376157436,legacy_historical,,,,,,,,,
1782314100000,740.04,1782314999999,1791376157436,legacy_historical,,,,,,,,,
1782315000000,738.74966387,1782315899999,1791376157436,legacy_historical,,,,,,,,,
1782315900000,738.64013572,1782316799999,1791376157436,legacy_historical,,,,,,,,,
1782316800000,738.72149442,1782317699999,1791376157436,legacy_historical,,,,,,,,,
1782317700000,738.31,1782318599999,1791376157436,legacy_historical,,,,,,,,,
1782318600000,736.7,1782319499999,1791376157436,legacy_historical,,,,,,,,,
1782319500000,735.96807314,1782320399999,1791376157436,legacy_historical,,,,,,,,,
1782320400000,735.1,1782321299999,1791376157436,legacy_historical,,,,,,,,,
1782321300000,732.43,1782322199999,1791376157436,legacy_historical,,,,,,,,,
1782322200000,732.2309503,1782323099999,1791376157436,legacy_historical,,,,,,,,,
1782323100000,732.18427252,1782323999999,1791376157436,legacy_historical,,,,,,,,,
1782324000000,733.26599308,1782324899999,1791376157436,legacy_historical,,,,,,,,,
1782324900000,734.6,1782325799999,1791376157436,legacy_historical,,,,,,,,,
1782325800000,733.47,1782326699999,1791376157436,legacy_historical,,,,,,,,,
1782326700000,732.14615721,1782327599999,1791376157436,legacy_historical,,,,,,,,,
1782327600000,731.97942394,1782328499999,1791376157436,legacy_historical,,,,,,,,,
1782328500000,732.17515933,1782329399999,1791376157436,legacy_historical,,,,,,,,,
1782329400000,731.54,1782330299999,1791376157436,legacy_historical,,,,,,,,,
1782330300000,733.08928057,1782331199999,1791376157436,legacy_historical,,,,,,,,,
1782331200000,736.73927431,1782332099999,1791376157436,legacy_historical,,,,,,,,,
1782332100000,737.73199918,1782332999999,1791376157436,legacy_historical,,,,,,,,,
1782333000000,738.77,1782333899999,1791376157436,legacy_historical,,,,,,,,,
1782333900000,738.24410878,1782334799999,1791376157436,legacy_historical,,,,,,,,,
1782334800000,737.77890119,1782335699999,1791376157436,legacy_historical,,,,,,,,,
1782335700000,738.28,1782336599999,1791376157436,legacy_historical,,,,,,,,,
1782336600000,738.15259855,1782337499999,1791376157436,legacy_historical,,,,,,,,,
1782337500000,738.04,1782338399999,1791376157436,legacy_historical,,,,,,,,,
1782338400000,738.00193494,1782339299999,1791376157436,legacy_historical,,,,,,,,,
1782339300000,737.53674649,1782340199999,1791376157436,legacy_historical,,,,,,,,,
1782340200000,737.82850435,1782341099999,1791376157436,legacy_historical,,,,,,,,,
1782341100000,737.41,1782341999999,1791376157436,legacy_historical,,,,,,,,,
1782342000000,737.28,1782342899999,1791376157436,legacy_historical,,,,,,,,,
1782342900000,737.59072785,1782343799999,1791376157436,legacy_historical,,,,,,,,,
1782343800000,738.13,1782344699999,1791376157436,legacy_historical,,,,,,,,,
1782344700000,737.92,1782345599999,1791376157436,legacy_historical,,,,,,,,,
1782345600000,737.79,1782346499999,1791376157436,legacy_historical,,,,,,,,,
1782346500000,737.38,1782347399999,1791376157436,legacy_historical,,,,,,,,,
1782347400000,736.44282731,1782348299999,1791376157436,legacy_historical,,,,,,,,,
1782348300000,736.12183809,1782349199999,1791376157436,legacy_historical,,,,,,,,,
1782349200000,736.26123298,1782350099999,1791376157436,legacy_historical,,,,,,,,,
1782350100000,736.43,1782350999999,1791376157436,legacy_historical,,,,,,,,,
1782351000000,736.87,1782351899999,1791376157436,legacy_historical,,,,,,,,,
1782351900000,736.90239225,1782352799999,1791376157436,legacy_historical,,,,,,,,,
1782352800000,736.3865984,1782353699999,1791376157436,legacy_historical,,,,,,,,,
1782353700000,736.97999784,1782354599999,1791376157436,legacy_historical,,,,,,,,,
1782354600000,736.76,1782355499999,1791376157436,legacy_historical,,,,,,,,,
1782355500000,737.14614999,1782356399999,1791376157436,legacy_historical,,,,,,,,,
1782356400000,737.18762586,1782357299999,1791376157436,legacy_historical,,,,,,,,,
1782357300000,737.44,1782358199999,1791376157436,legacy_historical,,,,,,,,,
1782358200000,737.24,1782359099999,1791376157436,legacy_historical,,,,,,,,,
1782359100000,737.75,1782359999999,1791376157436,legacy_historical,,,,,,,,,
1782360000000,737.41877711,1782360899999,1791376157436,legacy_historical,,,,,,,,,
1782360900000,737.23719335,1782361799999,1791376157436,legacy_historical,,,,,,,,,
1782361800000,737.49,1782362699999,1791376157436,legacy_historical,,,,,,,,,
1782362700000,737.28,1782363599999,1791376157436,legacy_historical,,,,,,,,,
1782363600000,737.87962559,1782364499999,1791376157436,legacy_historical,,,,,,,,,
1782364500000,738.25,1782365399999,1791376157436,legacy_historical,,,,,,,,,
1782365400000,738.39741454,1782366299999,1791376157436,legacy_historical,,,,,,,,,
1782366300000,738.08,1782367199999,1791376157436,legacy_historical,,,,,,,,,
1782367200000,738.71329232,1782368099999,1791376157436,legacy_historical,,,,,,,,,
1782368100000,738.91028917,1782368999999,1791376157436,legacy_historical,,,,,,,,,
1782369000000,738.87,1782369899999,1791376157436,legacy_historical,,,,,,,,,
1782369900000,738.73721695,1782370799999,1791376157436,legacy_historical,,,,,,,,,
1782370800000,739.16514746,1782371699999,1791376157436,legacy_historical,,,,,,,,,
1782371700000,739.5427004,1782372599999,1791376157436,legacy_historical,,,,,,,,,
1782372600000,739.62,1782373499999,1791376157436,legacy_historical,,,,,,,,,
1782373500000,739.67846378,1782374399999,1791376157436,legacy_historical,,,,,,,,,
1782374400000,739.22844956,1782375299999,1791376157436,legacy_historical,,,,,,,,,
1782375300000,739.29,1782376199999,1791376157436,legacy_historical,,,,,,,,,
1782376200000,739.01,1782377099999,1791376157436,legacy_historical,,,,,,,,,
1782377100000,738.59,1782377999999,1791376157436,legacy_historical,,,,,,,,,
1782378000000,738.89839565,1782378899999,1791376157436,legacy_historical,,,,,,,,,
1782378900000,738.81015648,1782379799999,1791376157436,legacy_historical,,,,,,,,,
1782379800000,739.09428615,1782380699999,1791376157436,legacy_historical,,,,,,,,,
1782380700000,739.02,1782381599999,1791376157436,legacy_historical,,,,,,,,,
1782381600000,739.47,1782382499999,1791376157436,legacy_historical,,,,,,,,,
1782382500000,739.50811418,1782383399999,1791376157436,legacy_historical,,,,,,,,,
1782383400000,739.13,1782384299999,1791376157436,legacy_historical,,,,,,,,,
1782384300000,739.24,1782385199999,1791376157436,legacy_historical,,,,,,,,,
1782385200000,738.8715407,1782386099999,1791376157436,legacy_historical,,,,,,,,,
1782386100000,738.22,1782386999999,1791376157436,legacy_historical,,,,,,,,,
1782387000000,738.74235238,1782387899999,1791376157436,legacy_historical,,,,,,,,,
1782387900000,738.48,1782388799999,1791376157436,legacy_historical,,,,,,,,,
1782388800000,738.59901986,1782389699999,1791376157436,legacy_historical,,,,,,,,,
1782389700000,738.45,1782390599999,1791376157436,legacy_historical,,,,,,,,,
1782390600000,739.44705729,1782391499999,1791376157436,legacy_historical,,,,,,,,,
1782391500000,739.51,1782392399999,1791376157436,legacy_historical,,,,,,,,,
1782392400000,739.17,1782393299999,1791376157436,legacy_historical,,,,,,,,,
1782393300000,739.4180587,1782394199999,1791376157436,legacy_historical,,,,,,,,,
1782394200000,734.78578094,1782395099999,1791376157436,legacy_historical,,,,,,,,,
1782395100000,730.28,1782395999999,1791376157436,legacy_historical,,,,,,,,,
1782396000000,734.5,1782396899999,1791376157436,legacy_historical,,,,,,,,,
1782396900000,735.87,1782397799999,1791376157436,legacy_historical,,,,,,,,,
1782397800000,735.71,1782398699999,1791376157436,legacy_historical,,,,,,,,,
1782398700000,735.7,1782399599999,1791376157436,legacy_historical,,,,,,,,,
1782399600000,733.31340853,1782400499999,1791376157436,legacy_historical,,,,,,,,,
1782400500000,734.5,1782401399999,1791376157436,legacy_historical,,,,,,,,,
1782401400000,735.16,1782402299999,1791376157436,legacy_historical,,,,,,,,,
1782402300000,734.55,1782403199999,1791376157436,legacy_historical,,,,,,,,,
1782403200000,736.03,1782404099999,1791376157436,legacy_historical,,,,,,,,,
1782404100000,734.59260702,1782404999999,1791376157436,legacy_historical,,,,,,,,,
1782405000000,732.53745238,1782405899999,1791376157436,legacy_historical,,,,,,,,,
1782405900000,732.78,1782406799999,1791376157436,legacy_historical,,,,,,,,,
1782406800000,733.61,1782407699999,1791376157436,legacy_historical,,,,,,,,,
1782407700000,733.65,1782408599999,1791376157436,legacy_historical,,,,,,,,,
1782408600000,732.95424853,1782409499999,1791376157436,legacy_historical,,,,,,,,,
1782409500000,733.77,1782410399999,1791376157436,legacy_historical,,,,,,,,,
1782410400000,733.5320937,1782411299999,1791376157436,legacy_historical,,,,,,,,,
1782411300000,736.15387417,1782412199999,1791376157436,legacy_historical,,,,,,,,,
1782412200000,734.27498821,1782413099999,1791376157436,legacy_historical,,,,,,,,,
1782413100000,734.15,1782413999999,1791376157436,legacy_historical,,,,,,,,,
1782414000000,732.83131148,1782414899999,1791376157436,legacy_historical,,,,,,,,,
1782414900000,732.9019255,1782415799999,1791376157436,legacy_historical,,,,,,,,,
1782415800000,732.51936483,1782416699999,1791376157436,legacy_historical,,,,,,,,,
1782416700000,733.08563245,1782417599999,1791376157436,legacy_historical,,,,,,,,,
1782417600000,734.57004967,1782418499999,1791376157436,legacy_historical,,,,,,,,,
1782418500000,735.48,1782419399999,1791376157436,legacy_historical,,,,,,,,,
1782419400000,734.86,1782420299999,1791376157436,legacy_historical,,,,,,,,,
1782420300000,734.03,1782421199999,1791376157436,legacy_historical,,,,,,,,,
1782421200000,734.26,1782422099999,1791376157436,legacy_historical,,,,,,,,,
1782422100000,734.32,1782422999999,1791376157436,legacy_historical,,,,,,,,,
1782423000000,733.98264908,1782423899999,1791376157436,legacy_historical,,,,,,,,,
1782423900000,733.88,1782424799999,1791376157436,legacy_historical,,,,,,,,,
1782424800000,732.96,1782425699999,1791376157436,legacy_historical,,,,,,,,,
1782425700000,732.4604163,1782426599999,1791376157436,legacy_historical,,,,,,,,,
1782426600000,732.99,1782427499999,1791376157436,legacy_historical,,,,,,,,,
1782427500000,733.34911426,1782428399999,1791376157436,legacy_historical,,,,,,,,,
1782428400000,734.11,1782429299999,1791376157436,legacy_historical,,,,,,,,,
1782429300000,735.91041103,1782430199999,1791376157436,legacy_historical,,,,,,,,,
1782430200000,734.03,1782431099999,1791376157436,legacy_historical,,,,,,,,,
1782431100000,733.16151833,1782431999999,1791376157436,legacy_historical,,,,,,,,,
1782432000000,733.99,1782432899999,1791376157436,legacy_historical,,,,,,,,,
1782432900000,733.76358071,1782433799999,1791376157436,legacy_historical,,,,,,,,,
1782433800000,733.61420015,1782434699999,1791376157436,legacy_historical,,,,,,,,,
1782434700000,733.25,1782435599999,1791376157436,legacy_historical,,,,,,,,,
1782435600000,733.2,1782436499999,1791376157436,legacy_historical,,,,,,,,,
1782436500000,732.76886638,1782437399999,1791376157436,legacy_historical,,,,,,,,,
1782437400000,731.32,1782438299999,1791376157436,legacy_historical,,,,,,,,,
1782438300000,730.9,1782439199999,1791376157436,legacy_historical,,,,,,,,,
1782439200000,730.47605738,1782440099999,1791376157436,legacy_historical,,,,,,,,,
1782440100000,730.11566777,1782440999999,1791376157436,legacy_historical,,,,,,,,,
1782441000000,729.28,1782441899999,1791376157436,legacy_historical,,,,,,,,,
1782441900000,728.37726613,1782442799999,1791376157436,legacy_historical,,,,,,,,,
1782442800000,728.19,1782443699999,1791376157436,legacy_historical,,,,,,,,,
1782443700000,728.22142248,1782444599999,1791376157436,legacy_historical,,,,,,,,,
1782444600000,728.11,1782445499999,1791376157436,legacy_historical,,,,,,,,,
1782445500000,729.56734629,1782446399999,1791376157436,legacy_historical,,,,,,,,,
1782446400000,729.45971793,1782447299999,1791376157436,legacy_historical,,,,,,,,,
1782447300000,728.94834968,1782448199999,1791376157436,legacy_historical,,,,,,,,,
1782448200000,728.54,1782449099999,1791376157436,legacy_historical,,,,,,,,,
1782449100000,728.07793188,1782449999999,1791376157436,legacy_historical,,,,,,,,,
1782450000000,728.9,1782450899999,1791376157436,legacy_historical,,,,,,,,,
1782450900000,729.15670059,1782451799999,1791376157436,legacy_historical,,,,,,,,,
1782451800000,728.08,1782452699999,1791376157436,legacy_historical,,,,,,,,,
1782452700000,728.5,1782453599999,1791376157436,legacy_historical,,,,,,,,,
1782453600000,728.84,1782454499999,1791376157436,legacy_historical,,,,,,,,,
1782454500000,729.86610954,1782455399999,1791376157436,legacy_historical,,,,,,,,,
1782455400000,730.85,1782456299999,1791376157436,legacy_historical,,,,,,,,,
1782456300000,731.59,1782457199999,1791376157436,legacy_historical,,,,,,,,,
1782457200000,731.38582202,1782458099999,1791376157436,legacy_historical,,,,,,,,,
1782458100000,732.04,1782458999999,1791376157436,legacy_historical,,,,,,,,,
1782459000000,731.75495782,1782459899999,1791376157436,legacy_historical,,,,,,,,,
1782459900000,732.15,1782460799999,1791376157436,legacy_historical,,,,,,,,,
1782460800000,731.31358349,1782461699999,1791376157436,legacy_historical,,,,,,,,,
1782461700000,731.87569809,1782462599999,1791376157436,legacy_historical,,,,,,,,,
1782462600000,730.79562623,1782463499999,1791376157436,legacy_historical,,,,,,,,,
1782463500000,729.91,1782464399999,1791376157436,legacy_historical,,,,,,,,,
1782464400000,729.91,1782465299999,1791376157436,legacy_historical,,,,,,,,,
1782465300000,729.36704784,1782466199999,1791376157436,legacy_historical,,,,,,,,,
1782466200000,730.38,1782467099999,1791376157436,legacy_historical,,,,,,,,,
1782467100000,729.67875537,1782467999999,1791376157436,legacy_historical,,,,,,,,,
1782468000000,729.79,1782468899999,1791376157436,legacy_historical,,,,,,,,,
1782468900000,729.61,1782469799999,1791376157436,legacy_historical,,,,,,,,,
1782469800000,729.5673097,1782470699999,1791376157436,legacy_historical,,,,,,,,,
1782470700000,729.73,1782471599999,1791376157436,legacy_historical,,,,,,,,,
1782471600000,730.17095263,1782472499999,1791376157436,legacy_historical,,,,,,,,,
1782472500000,729.77627047,1782473399999,1791376157436,legacy_historical,,,,,,,,,
1782473400000,729.71917934,1782474299999,1791376157436,legacy_historical,,,,,,,,,
1782474300000,729.63381176,1782475199999,1791376157436,legacy_historical,,,,,,,,,
1782475200000,730.96130592,1782476099999,1791376157436,legacy_historical,,,,,,,,,
1782476100000,730.58107614,1782476999999,1791376157436,legacy_historical,,,,,,,,,
1782477000000,729.68637903,1782477899999,1791376157436,legacy_historical,,,,,,,,,
1782477900000,729.57,1782478799999,1791376157436,legacy_historical,,,,,,,,,
1782478800000,728.93185886,1782479699999,1791376157436,legacy_historical,,,,,,,,,
1782479700000,729.18,1782480599999,1791376157436,legacy_historical,,,,,,,,,
1782480600000,729.78,1782481499999,1791376157436,legacy_historical,,,,,,,,,
1782481500000,731.14530177,1782482399999,1791376157436,legacy_historical,,,,,,,,,
1782482400000,733.50913876,1782483299999,1791376157436,legacy_historical,,,,,,,,,
1782483300000,733.77555995,1782484199999,1791376157436,legacy_historical,,,,,,,,,
1782484200000,732.42,1782485099999,1791376157436,legacy_historical,,,,,,,,,
1782485100000,732.8,1782485999999,1791376157436,legacy_historical,,,,,,,,,
1782486000000,732.48995897,1782486899999,1791376157436,legacy_historical,,,,,,,,,
1782486900000,734.92,1782487799999,1791376157436,legacy_historical,,,,,,,,,
1782487800000,736.49736669,1782488699999,1791376157436,legacy_historical,,,,,,,,,
1782488700000,735.82,1782489599999,1791376157436,legacy_historical,,,,,,,,,
1782489600000,734.47396373,1782490499999,1791376157436,legacy_historical,,,,,,,,,
1782490500000,733.64,1782491399999,1791376157436,legacy_historical,,,,,,,,,
1782491400000,734.33301293,1782492299999,1791376157436,legacy_historical,,,,,,,,,
1782492300000,734.84,1782493199999,1791376157436,legacy_historical,,,,,,,,,
1782493200000,735.41846769,1782494099999,1791376157436,legacy_historical,,,,,,,,,
1782494100000,735.13811405,1782494999999,1791376157436,legacy_historical,,,,,,,,,
1782495000000,734.61994865,1782495899999,1791376157436,legacy_historical,,,,,,,,,
1782495900000,734.01951883,1782496799999,1791376157436,legacy_historical,,,,,,,,,
1782496800000,734.33673581,1782497699999,1791376157436,legacy_historical,,,,,,,,,
1782497700000,733.15114063,1782498599999,1791376157436,legacy_historical,,,,,,,,,
1782498600000,733.25,1782499499999,1791376157436,legacy_historical,,,,,,,,,
1782499500000,732.0558128,1782500399999,1791376157436,legacy_historical,,,,,,,,,
1782500400000,733.17,1782501299999,1791376157436,legacy_historical,,,,,,,,,
1782501300000,732.61,1782502199999,1791376157436,legacy_historical,,,,,,,,,
1782502200000,733.51159997,1782503099999,1791376157436,legacy_historical,,,,,,,,,
1782503100000,731.54892846,1782503999999,1791376157436,legacy_historical,,,,,,,,,
1782504000000,732.5,1782504899999,1791376157436,legacy_historical,,,,,,,,,
1782504900000,732.74,1782505799999,1791376157436,legacy_historical,,,,,,,,,
1782505800000,731.18515185,1782506699999,1791376157436,legacy_historical,,,,,,,,,
1782506700000,730.92152218,1782507599999,1791376157436,legacy_historical,,,,,,,,,
1782507600000,730.79175338,1782508499999,1791376157436,legacy_historical,,,,,,,,,
1782508500000,731.02579294,1782509399999,1791376157436,legacy_historical,,,,,,,,,
1782509400000,730.98473288,1782510299999,1791376157436,legacy_historical,,,,,,,,,
1782510300000,731.64850807,1782511199999,1791376157436,legacy_historical,,,,,,,,,
1782511200000,731.7453017,1782512099999,1791376157436,legacy_historical,,,,,,,,,
1782512100000,731.61997219,1782512999999,1791376157436,legacy_historical,,,,,,,,,
1782513000000,731.4749313,1782513899999,1791376157436,legacy_historical,,,,,,,,,
1782513900000,731.53,1782514799999,1791376157436,legacy_historical,,,,,,,,,
1782514800000,731.52827217,1782515699999,1791376157436,legacy_historical,,,,,,,,,
1782515700000,731.52893679,1782516599999,1791376157436,legacy_historical,,,,,,,,,
1782516600000,731.57,1782517499999,1791376157436,legacy_historical,,,,,,,,,
1782517500000,731.8728839,1782518399999,1791376157436,legacy_historical,,,,,,,,,
1782518400000,732.85,1782519299999,1791376157436,legacy_historical,,,,,,,,,
1782519300000,733.05432503,1782520199999,1791376157436,legacy_historical,,,,,,,,,
1782520200000,733.01,1782521099999,1791376157436,legacy_historical,,,,,,,,,
1782521100000,732.34860345,1782521999999,1791376157436,legacy_historical,,,,,,,,,
1782522000000,732.82,1782522899999,1791376157436,legacy_historical,,,,,,,,,
1782522900000,732.79370591,1782523799999,1791376157436,legacy_historical,,,,,,,,,
1782523800000,732.27,1782524699999,1791376157436,legacy_historical,,,,,,,,,
1782524700000,732.38536724,1782525599999,1791376157436,legacy_historical,,,,,,,,,
1782525600000,733.42,1782526499999,1791376157436,legacy_historical,,,,,,,,,
1782526500000,734.03,1782527399999,1791376157436,legacy_historical,,,,,,,,,
1782527400000,733.1,1782528299999,1791376157436,legacy_historical,,,,,,,,,
1782528300000,732.3,1782529199999,1791376157436,legacy_historical,,,,,,,,,
1782529200000,732.48171695,1782530099999,1791376157436,legacy_historical,,,,,,,,,
1782530100000,732.37,1782530999999,1791376157436,legacy_historical,,,,,,,,,
1782531000000,731.38674259,1782531899999,1791376157436,legacy_historical,,,,,,,,,
1782531900000,731.62637067,1782532799999,1791376157436,legacy_historical,,,,,,,,,
1782532800000,732.68,1782533699999,1791376157436,legacy_historical,,,,,,,,,
1782533700000,732.57,1782534599999,1791376157436,legacy_historical,,,,,,,,,
1782534600000,731.38,1782535499999,1791376157436,legacy_historical,,,,,,,,,
1782535500000,730.96,1782536399999,1791376157436,legacy_historical,,,,,,,,,
1782536400000,731.33538779,1782537299999,1791376157436,legacy_historical,,,,,,,,,
1782537300000,731.58805125,1782538199999,1791376157436,legacy_historical,,,,,,,,,
1782538200000,731.52,1782539099999,1791376157436,legacy_historical,,,,,,,,,
1782539100000,731.73,1782539999999,1791376157436,legacy_historical,,,,,,,,,
1782540000000,731.7357345,1782540899999,1791376157436,legacy_historical,,,,,,,,,
1782540900000,732.34168653,1782541799999,1791376157436,legacy_historical,,,,,,,,,
1782541800000,732.72552898,1782542699999,1791376157436,legacy_historical,,,,,,,,,
1782542700000,732.7676118,1782543599999,1791376157436,legacy_historical,,,,,,,,,
1782543600000,731.84,1782544499999,1791376157436,legacy_historical,,,,,,,,,
1782544500000,731.92,1782545399999,1791376157436,legacy_historical,,,,,,,,,
1782545400000,731.97,1782546299999,1791376157436,legacy_historical,,,,,,,,,
1782546300000,731.82,1782547199999,1791376157436,legacy_historical,,,,,,,,,
1782547200000,731.93,1782548099999,1791376157436,legacy_historical,,,,,,,,,
1782548100000,732.18017698,1782548999999,1791376157436,legacy_historical,,,,,,,,,
1782549000000,731.95,1782549899999,1791376157436,legacy_historical,,,,,,,,,
1782549900000,732.0469104,1782550799999,1791376157436,legacy_historical,,,,,,,,,
1782550800000,732.02,1782551699999,1791376157436,legacy_historical,,,,,,,,,
1782551700000,731.75664927,1782552599999,1791376157436,legacy_historical,,,,,,,,,
1782552600000,731.82704534,1782553499999,1791376157436,legacy_historical,,,,,,,,,
1782553500000,731.92432359,1782554399999,1791376157436,legacy_historical,,,,,,,,,
1782554400000,731.63,1782555299999,1791376157436,legacy_historical,,,,,,,,,
1782555300000,731.54,1782556199999,1791376157436,legacy_historical,,,,,,,,,
1782556200000,731.51279871,1782557099999,1791376157436,legacy_historical,,,,,,,,,
1782557100000,731.25,1782557999999,1791376157436,legacy_historical,,,,,,,,,
1782558000000,731.69966764,1782558899999,1791376157436,legacy_historical,,,,,,,,,
1782558900000,731.55,1782559799999,1791376157436,legacy_historical,,,,,,,,,
1782559800000,731.42,1782560699999,1791376157436,legacy_historical,,,,,,,,,
1782560700000,731.41,1782561599999,1791376157436,legacy_historical,,,,,,,,,
1782561600000,731.52,1782562499999,1791376157436,legacy_historical,,,,,,,,,
1782562500000,731.37,1782563399999,1791376157436,legacy_historical,,,,,,,,,
1782563400000,731.43,1782564299999,1791376157436,legacy_historical,,,,,,,,,
1782564300000,731.48564219,1782565199999,1791376157436,legacy_historical,,,,,,,,,
1782565200000,731.90211143,1782566099999,1791376157436,legacy_historical,,,,,,,,,
1782566100000,731.87717434,1782566999999,1791376157436,legacy_historical,,,,,,,,,
1782567000000,732.30996051,1782567899999,1791376157436,legacy_historical,,,,,,,,,
1782567900000,732.378358,1782568799999,1791376157436,legacy_historical,,,,,,,,,
1782568800000,732.3057564,1782569699999,1791376157436,legacy_historical,,,,,,,,,
1782569700000,732.21,1782570599999,1791376157436,legacy_historical,,,,,,,,,
1782570600000,731.97,1782571499999,1791376157436,legacy_historical,,,,,,,,,
1782571500000,732.16,1782572399999,1791376157436,legacy_historical,,,,,,,,,
1782572400000,731.84,1782573299999,1791376157436,legacy_historical,,,,,,,,,
1782573300000,731.62,1782574199999,1791376157436,legacy_historical,,,,,,,,,
1782574200000,732.18639586,1782575099999,1791376157436,legacy_historical,,,,,,,,,
1782575100000,732.05020992,1782575999999,1791376157436,legacy_historical,,,,,,,,,
1782576000000,732.66,1782576899999,1791376157436,legacy_historical,,,,,,,,,
1782576900000,732.19,1782577799999,1791376157436,legacy_historical,,,,,,,,,
1782577800000,732.24,1782578699999,1791376157436,legacy_historical,,,,,,,,,
1782578700000,732.21,1782579599999,1791376157436,legacy_historical,,,,,,,,,
1782579600000,732.30598598,1782580499999,1791376157436,legacy_historical,,,,,,,,,
1782580500000,732.31884801,1782581399999,1791376157436,legacy_historical,,,,,,,,,
1782581400000,732.57753154,1782582299999,1791376157436,legacy_historical,,,,,,,,,
1782582300000,732.57639835,1782583199999,1791376157436,legacy_historical,,,,,,,,,
1782583200000,732.74,1782584099999,1791376157436,legacy_historical,,,,,,,,,
1782584100000,732.07136223,1782584999999,1791376157436,legacy_historical,,,,,,,,,
1782585000000,732.64,1782585899999,1791376157436,legacy_historical,,,,,,,,,
1782585900000,732.44485353,1782586799999,1791376157436,legacy_historical,,,,,,,,,
1782586800000,732.25008704,1782587699999,1791376157436,legacy_historical,,,,,,,,,
1782587700000,732.02,1782588599999,1791376157436,legacy_historical,,,,,,,,,
1782588600000,732.15453102,1782589499999,1791376157436,legacy_historical,,,,,,,,,
1782589500000,731.57,1782590399999,1791376157436,legacy_historical,,,,,,,,,
1782590400000,731.87373104,1782591299999,1791376157436,legacy_historical,,,,,,,,,
1782591300000,732.33806131,1782592199999,1791376157436,legacy_historical,,,,,,,,,
1782592200000,732.43,1782593099999,1791376157436,legacy_historical,,,,,,,,,
1782593100000,732.41642656,1782593999999,1791376157436,legacy_historical,,,,,,,,,
1782594000000,732.57,1782594899999,1791376157436,legacy_historical,,,,,,,,,
1782594900000,732.4179954,1782595799999,1791376157436,legacy_historical,,,,,,,,,
1782595800000,732.3,1782596699999,1791376157436,legacy_historical,,,,,,,,,
1782596700000,731.5,1782597599999,1791376157436,legacy_historical,,,,,,,,,
1782597600000,731.51,1782598499999,1791376157436,legacy_historical,,,,,,,,,
1782598500000,731.51,1782599399999,1791376157436,legacy_historical,,,,,,,,,
1782599400000,730.98,1782600299999,1791376157436,legacy_historical,,,,,,,,,
1782600300000,731.12,1782601199999,1791376157436,legacy_historical,,,,,,,,,
1782601200000,732.08,1782602099999,1791376157436,legacy_historical,,,,,,,,,
1782602100000,731.86912479,1782602999999,1791376157436,legacy_historical,,,,,,,,,
1782603000000,731.34,1782603899999,1791376157436,legacy_historical,,,,,,,,,
1782603900000,731.51,1782604799999,1791376157436,legacy_historical,,,,,,,,,
1782604800000,731.5,1782605699999,1791376157436,legacy_historical,,,,,,,,,
1782605700000,731.60561974,1782606599999,1791376157436,legacy_historical,,,,,,,,,
1782606600000,731.51,1782607499999,1791376157436,legacy_historical,,,,,,,,,
1782607500000,731.53,1782608399999,1791376157436,legacy_historical,,,,,,,,,
1782608400000,731.18226268,1782609299999,1791376157436,legacy_historical,,,,,,,,,
1782609300000,731.15,1782610199999,1791376157436,legacy_historical,,,,,,,,,
1782610200000,731.10742511,1782611099999,1791376157436,legacy_historical,,,,,,,,,
1782611100000,730.84,1782611999999,1791376157436,legacy_historical,,,,,,,,,
1782612000000,730.79022281,1782612899999,1791376157436,legacy_historical,,,,,,,,,
1782612900000,730.92530106,1782613799999,1791376157436,legacy_historical,,,,,,,,,
1782613800000,730.8,1782614699999,1791376157436,legacy_historical,,,,,,,,,
1782614700000,730.72,1782615599999,1791376157436,legacy_historical,,,,,,,,,
1782615600000,730.81554497,1782616499999,1791376157436,legacy_historical,,,,,,,,,
1782616500000,731.45007445,1782617399999,1791376157436,legacy_historical,,,,,,,,,
1782617400000,731.24596308,1782618299999,1791376157436,legacy_historical,,,,,,,,,
1782618300000,730.85,1782619199999,1791376157436,legacy_historical,,,,,,,,,
1782619200000,731.39856541,1782620099999,1791376157436,legacy_historical,,,,,,,,,
1782620100000,731.47720362,1782620999999,1791376157436,legacy_historical,,,,,,,,,
1782621000000,731.6575095,1782621899999,1791376157436,legacy_historical,,,,,,,,,
1782621900000,732.27,1782622799999,1791376157436,legacy_historical,,,,,,,,,
1782622800000,731.58,1782623699999,1791376157436,legacy_historical,,,,,,,,,
1782623700000,731.58,1782624599999,1791376157436,legacy_historical,,,,,,,,,
1782624600000,731.41,1782625499999,1791376157436,legacy_historical,,,,,,,,,
1782625500000,731.25299622,1782626399999,1791376157436,legacy_historical,,,,,,,,,
1782626400000,731.29,1782627299999,1791376157436,legacy_historical,,,,,,,,,
1782627300000,731.34,1782628199999,1791376157436,legacy_historical,,,,,,,,,
1782628200000,731.57694927,1782629099999,1791376157436,legacy_historical,,,,,,,,,
1782629100000,731.7,1782629999999,1791376157436,legacy_historical,,,,,,,,,
1782630000000,731.19188514,1782630899999,1791376157436,legacy_historical,,,,,,,,,
1782630900000,731.17,1782631799999,1791376157436,legacy_historical,,,,,,,,,
1782631800000,731.1532533,1782632699999,1791376157436,legacy_historical,,,,,,,,,
1782632700000,731.44614842,1782633599999,1791376157436,legacy_historical,,,,,,,,,
1782633600000,731.2945341,1782634499999,1791376157436,legacy_historical,,,,,,,,,
1782634500000,731.73,1782635399999,1791376157436,legacy_historical,,,,,,,,,
1782635400000,732.13,1782636299999,1791376157436,legacy_historical,,,,,,,,,
1782636300000,731.42135674,1782637199999,1791376157436,legacy_historical,,,,,,,,,
1782637200000,731.98694617,1782638099999,1791376157436,legacy_historical,,,,,,,,,
1782638100000,732.18,1782638999999,1791376157436,legacy_historical,,,,,,,,,
1782639000000,732.04568738,1782639899999,1791376157436,legacy_historical,,,,,,,,,
1782639900000,731.94,1782640799999,1791376157436,legacy_historical,,,,,,,,,
1782640800000,731.64,1782641699999,1791376157436,legacy_historical,,,,,,,,,
1782641700000,731.42,1782642599999,1791376157436,legacy_historical,,,,,,,,,
1782642600000,731.46,1782643499999,1791376157436,legacy_historical,,,,,,,,,
1782643500000,731.75,1782644399999,1791376157436,legacy_historical,,,,,,,,,
1782644400000,731.68,1782645299999,1791376157436,legacy_historical,,,,,,,,,
1782645300000,731.78633078,1782646199999,1791376157436,legacy_historical,,,,,,,,,
1782646200000,731.74465715,1782647099999,1791376157436,legacy_historical,,,,,,,,,
1782647100000,731.54,1782647999999,1791376157436,legacy_historical,,,,,,,,,
1782648000000,731.25,1782648899999,1791376157436,legacy_historical,,,,,,,,,
1782648900000,731.41,1782649799999,1791376157436,legacy_historical,,,,,,,,,
1782649800000,732.08968263,1782650699999,1791376157436,legacy_historical,,,,,,,,,
1782650700000,732.13775245,1782651599999,1791376157436,legacy_historical,,,,,,,,,
1782651600000,731.80003293,1782652499999,1791376157436,legacy_historical,,,,,,,,,
1782652500000,732.41905766,1782653399999,1791376157436,legacy_historical,,,,,,,,,
1782653400000,732.18527386,1782654299999,1791376157436,legacy_historical,,,,,,,,,
1782654300000,732.2550792,1782655199999,1791376157436,legacy_historical,,,,,,,,,
1782655200000,732.52756049,1782656099999,1791376157436,legacy_historical,,,,,,,,,
1782656100000,732.24147005,1782656999999,1791376157436,legacy_historical,,,,,,,,,
1782657000000,731.75,1782657899999,1791376157436,legacy_historical,,,,,,,,,
1782657900000,731.97303861,1782658799999,1791376157436,legacy_historical,,,,,,,,,
1782658800000,731.73,1782659699999,1791376157436,legacy_historical,,,,,,,,,
1782659700000,732.00503904,1782660599999,1791376157436,legacy_historical,,,,,,,,,
1782660600000,731.72,1782661499999,1791376157436,legacy_historical,,,,,,,,,
1782661500000,731.59,1782662399999,1791376157436,legacy_historical,,,,,,,,,
1782662400000,731.75409503,1782663299999,1791376157436,legacy_historical,,,,,,,,,
1782663300000,731.67,1782664199999,1791376157436,legacy_historical,,,,,,,,,
1782664200000,731.85630628,1782665099999,1791376157436,legacy_historical,,,,,,,,,
1782665100000,731.52,1782665999999,1791376157436,legacy_historical,,,,,,,,,
1782666000000,731.62,1782666899999,1791376157436,legacy_historical,,,,,,,,,
1782666900000,731.52353391,1782667799999,1791376157436,legacy_historical,,,,,,,,,
1782667800000,731.27267765,1782668699999,1791376157436,legacy_historical,,,,,,,,,
1782668700000,731.62657455,1782669599999,1791376157436,legacy_historical,,,,,,,,,
1782669600000,731.84779252,1782670499999,1791376157436,legacy_historical,,,,,,,,,
1782670500000,731.50417284,1782671399999,1791376157436,legacy_historical,,,,,,,,,
1782671400000,731.46,1782672299999,1791376157436,legacy_historical,,,,,,,,,
1782672300000,731.12,1782673199999,1791376157436,legacy_historical,,,,,,,,,
1782673200000,731.26,1782674099999,1791376157436,legacy_historical,,,,,,,,,
1782674100000,732.04,1782674999999,1791376157436,legacy_historical,,,,,,,,,
1782675000000,731.16,1782675899999,1791376157436,legacy_historical,,,,,,,,,
1782675900000,730.85,1782676799999,1791376157436,legacy_historical,,,,,,,,,
1782676800000,731.3,1782677699999,1791376157436,legacy_historical,,,,,,,,,
1782677700000,732.66,1782678599999,1791376157436,legacy_historical,,,,,,,,,
1782678600000,733.59,1782679499999,1791376157436,legacy_historical,,,,,,,,,
1782679500000,734.12,1782680399999,1791376157436,legacy_historical,,,,,,,,,
1782680400000,733.85,1782681299999,1791376157436,legacy_historical,,,,,,,,,
1782681300000,733.89681399,1782682199999,1791376157436,legacy_historical,,,,,,,,,
1782682200000,733.85,1782683099999,1791376157436,legacy_historical,,,,,,,,,
1782683100000,732.74,1782683999999,1791376157436,legacy_historical,,,,,,,,,
1782684000000,734.93,1782684899999,1791376157436,legacy_historical,,,,,,,,,
1782684900000,734.72,1782685799999,1791376157436,legacy_historical,,,,,,,,,
1782685800000,734.88330206,1782686699999,1791376157436,legacy_historical,,,,,,,,,
1782686700000,734.62492025,1782687599999,1791376157436,legacy_historical,,,,,,,,,
1782687600000,735.7,1782688499999,1791376157436,legacy_historical,,,,,,,,,
1782688500000,736.10612187,1782689399999,1791376157436,legacy_historical,,,,,,,,,
1782689400000,736.38,1782690299999,1791376157436,legacy_historical,,,,,,,,,
1782690300000,735.95553504,1782691199999,1791376157436,legacy_historical,,,,,,,,,
1782777600000,741.51,1782778499999,1791376157436,legacy_historical,,,,,,,,,
1782778500000,740.58,1782779399999,1791376157436,legacy_historical,,,,,,,,,
1782779400000,740.03,1782780299999,1791376157436,legacy_historical,,,,,,,,,
1782780300000,740.73,1782781199999,1791376157436,legacy_historical,,,,,,,,,
1782781200000,740.12,1782782099999,1791376157436,legacy_historical,,,,,,,,,
1782782100000,741.44,1782782999999,1791376157436,legacy_historical,,,,,,,,,
1782783000000,741.30537206,1782783899999,1791376157436,legacy_historical,,,,,,,,,
1782783900000,741.46,1782784799999,1791376157436,legacy_historical,,,,,,,,,
1782784800000,740.86982185,1782785699999,1791376157436,legacy_historical,,,,,,,,,
1782785700000,741.12547753,1782786599999,1791376157436,legacy_historical,,,,,,,,,
1782786600000,740.88,1782787499999,1791376157436,legacy_historical,,,,,,,,,
1782787500000,740.87490274,1782788399999,1791376157436,legacy_historical,,,,,,,,,
1782788400000,741.01280435,1782789299999,1791376157436,legacy_historical,,,,,,,,,
1782789300000,741.24708648,1782790199999,1791376157436,legacy_historical,,,,,,,,,
1782790200000,742.01,1782791099999,1791376157436,legacy_historical,,,,,,,,,
1782791100000,741.77394205,1782791999999,1791376157436,legacy_historical,,,,,,,,,
1782792000000,742.3,1782792899999,1791376157436,legacy_historical,,,,,,,,,
1782792900000,742.59201698,1782793799999,1791376157436,legacy_historical,,,,,,,,,
1782793800000,743.1,1782794699999,1791376157436,legacy_historical,,,,,,,,,
1782794700000,743.00212544,1782795599999,1791376157436,legacy_historical,,,,,,,,,
1782795600000,743.15,1782796499999,1791376157436,legacy_historical,,,,,,,,,
1782796500000,742.75,1782797399999,1791376157436,legacy_historical,,,,,,,,,
1782797400000,742.54133748,1782798299999,1791376157436,legacy_historical,,,,,,,,,
1782798300000,742.8298047,1782799199999,1791376157436,legacy_historical,,,,,,,,,
1782799200000,742.70137924,1782800099999,1791376157436,legacy_historical,,,,,,,,,
1782800100000,742.6,1782800999999,1791376157436,legacy_historical,,,,,,,,,
1782801000000,742.10476441,1782801899999,1791376157436,legacy_historical,,,,,,,,,
1782801900000,742.65505263,1782802799999,1791376157436,legacy_historical,,,,,,,,,
1782802800000,742.43,1782803699999,1791376157436,legacy_historical,,,,,,,,,
1782803700000,742.5967694,1782804599999,1791376157436,legacy_historical,,,,,,,,,
1782804600000,742.53,1782805499999,1791376157436,legacy_historical,,,,,,,,,
1782805500000,742.08446236,1782806399999,1791376157436,legacy_historical,,,,,,,,,
1782806400000,742.1562418,1782807299999,1791376157436,legacy_historical,,,,,,,,,
1782807300000,742.63626744,1782808199999,1791376157436,legacy_historical,,,,,,,,,
1782808200000,741.65700495,1782809099999,1791376157436,legacy_historical,,,,,,,,,
1782809100000,741.97752946,1782809999999,1791376157436,legacy_historical,,,,,,,,,
1782810000000,742.05,1782810899999,1791376157436,legacy_historical,,,,,,,,,
1782810900000,742.03810767,1782811799999,1791376157436,legacy_historical,,,,,,,,,
1782811800000,742.28,1782812699999,1791376157436,legacy_historical,,,,,,,,,
1782812700000,742.38715048,1782813599999,1791376157436,legacy_historical,,,,,,,,,
1782813600000,742.46,1782814499999,1791376157436,legacy_historical,,,,,,,,,
1782814500000,742.4,1782815399999,1791376157436,legacy_historical,,,,,,,,,
1782815400000,742.42,1782816299999,1791376157436,legacy_historical,,,,,,,,,
1782816300000,742.91,1782817199999,1791376157436,legacy_historical,,,,,,,,,
1782817200000,743.36,1782818099999,1791376157436,legacy_historical,,,,,,,,,
1782818100000,742.82,1782818999999,1791376157436,legacy_historical,,,,,,,,,
1782819000000,743.11,1782819899999,1791376157436,legacy_historical,,,,,,,,,
1782819900000,742.71,1782820799999,1791376157436,legacy_historical,,,,,,,,,
1782820800000,741.97,1782821699999,1791376157436,legacy_historical,,,,,,,,,
1782821700000,741.35979874,1782822599999,1791376157436,legacy_historical,,,,,,,,,
1782822600000,741.7328872,1782823499999,1791376157436,legacy_historical,,,,,,,,,
1782823500000,741.45,1782824399999,1791376157436,legacy_historical,,,,,,,,,
1782824400000,741.48,1782825299999,1791376157436,legacy_historical,,,,,,,,,
1782825300000,741.75,1782826199999,1791376157436,legacy_historical,,,,,,,,,
1782826200000,742.3590748,1782827099999,1791376157436,legacy_historical,,,,,,,,,
1782827100000,744.16177629,1782827999999,1791376157436,legacy_historical,,,,,,,,,
1782828000000,744.02,1782828899999,1791376157436,legacy_historical,,,,,,,,,
1782828900000,744.86,1782829799999,1791376157436,legacy_historical,,,,,,,,,
1782829800000,745.16,1782830699999,1791376157436,legacy_historical,,,,,,,,,
1782830700000,743.66,1782831599999,1791376157436,legacy_historical,,,,,,,,,
1782831600000,745.15,1782832499999,1791376157436,legacy_historical,,,,,,,,,
1782832500000,745.6526977,1782833399999,1791376157436,legacy_historical,,,,,,,,,
1782833400000,745.39304181,1782834299999,1791376157436,legacy_historical,,,,,,,,,
1782834300000,746.2,1782835199999,1791376157436,legacy_historical,,,,,,,,,
1782835200000,746.64161468,1782836099999,1791376157436,legacy_historical,,,,,,,,,
1782836100000,746.6,1782836999999,1791376157436,legacy_historical,,,,,,,,,
1782837000000,746.73121801,1782837899999,1791376157436,legacy_historical,,,,,,,,,
1782837900000,747.09,1782838799999,1791376157436,legacy_historical,,,,,,,,,
1782838800000,746.90891143,1782839699999,1791376157436,legacy_historical,,,,,,,,,
1782839700000,746.73511005,1782840599999,1791376157436,legacy_historical,,,,,,,,,
1782840600000,746.87,1782841499999,1791376157436,legacy_historical,,,,,,,,,
1782841500000,746.78949372,1782842399999,1791376157436,legacy_historical,,,,,,,,,
1782842400000,747.04,1782843299999,1791376157436,legacy_historical,,,,,,,,,
1782843300000,747.0699201,1782844199999,1791376157436,legacy_historical,,,,,,,,,
1782844200000,747.24,1782845099999,1791376157436,legacy_historical,,,,,,,,,
1782845100000,747.4,1782845999999,1791376157436,legacy_historical,,,,,,,,,
1782846000000,747.96,1782846899999,1791376157436,legacy_historical,,,,,,,,,
1782846900000,747.66754167,1782847799999,1791376157436,legacy_historical,,,,,,,,,
1782847800000,747.42,1782848699999,1791376157436,legacy_historical,,,,,,,,,
1782848700000,746.73,1782849599999,1791376157436,legacy_historical,,,,,,,,,
1782849600000,746.46065177,1782850499999,1791376157436,legacy_historical,,,,,,,,,
1782850500000,746.2,1782851399999,1791376157436,legacy_historical,,,,,,,,,
1782851400000,746.09439601,1782852299999,1791376157436,legacy_historical,,,,,,,,,
1782852300000,746.2,1782853199999,1791376157436,legacy_historical,,,,,,,,,
1782853200000,746.46,1782854099999,1791376157436,legacy_historical,,,,,,,,,
1782854100000,746.39304902,1782854999999,1791376157436,legacy_historical,,,,,,,,,
1782855000000,746.48561855,1782855899999,1791376157436,legacy_historical,,,,,,,,,
1782855900000,746.45,1782856799999,1791376157436,legacy_historical,,,,,,,,,
1782856800000,746.35,1782857699999,1791376157436,legacy_historical,,,,,,,,,
1782857700000,746.93,1782858599999,1791376157436,legacy_historical,,,,,,,,,
1782858600000,746.63,1782859499999,1791376157436,legacy_historical,,,,,,,,,
1782859500000,746.18846989,1782860399999,1791376157436,legacy_historical,,,,,,,,,
1782860400000,746.31,1782861299999,1791376157436,legacy_historical,,,,,,,,,
1782861300000,746.32,1782862199999,1791376157436,legacy_historical,,,,,,,,,
1782862200000,746.44639363,1782863099999,1791376157436,legacy_historical,,,,,,,,,
1782863100000,746.52,1782863999999,1791376157436,legacy_historical,,,,,,,,,
1782864000000,746.44,1782864899999,1791376157436,legacy_historical,,,,,,,,,
1782864900000,746.49,1782865799999,1791376157436,legacy_historical,,,,,,,,,
1782865800000,746.77578736,1782866699999,1791376157436,legacy_historical,,,,,,,,,
1782866700000,746.70726826,1782867599999,1791376157436,legacy_historical,,,,,,,,,
1782867600000,745.93,1782868499999,1791376157436,legacy_historical,,,,,,,,,
1782868500000,745.7698615,1782869399999,1791376157436,legacy_historical,,,,,,,,,
1782869400000,745.68,1782870299999,1791376157436,legacy_historical,,,,,,,,,
1782870300000,745.31257501,1782871199999,1791376157436,legacy_historical,,,,,,,,,
1782871200000,744.5,1782872099999,1791376157436,legacy_historical,,,,,,,,,
1782872100000,744.87,1782872999999,1791376157436,legacy_historical,,,,,,,,,
1782873000000,745.33,1782873899999,1791376157436,legacy_historical,,,,,,,,,
1782873900000,745.03,1782874799999,1791376157436,legacy_historical,,,,,,,,,
1782874800000,745.36135781,1782875699999,1791376157436,legacy_historical,,,,,,,,,
1782875700000,744.84,1782876599999,1791376157436,legacy_historical,,,,,,,,,
1782876600000,745.04,1782877499999,1791376157436,legacy_historical,,,,,,,,,
1782877500000,745.4570617,1782878399999,1791376157436,legacy_historical,,,,,,,,,
1782878400000,745.00457187,1782879299999,1791376157436,legacy_historical,,,,,,,,,
1782879300000,745.21411986,1782880199999,1791376157436,legacy_historical,,,,,,,,,
1782880200000,745.23668837,1782881099999,1791376157436,legacy_historical,,,,,,,,,
1782881100000,745.14,1782881999999,1791376157436,legacy_historical,,,,,,,,,
1782882000000,745.17,1782882899999,1791376157436,legacy_historical,,,,,,,,,
1782882900000,744.98348307,1782883799999,1791376157436,legacy_historical,,,,,,,,,
1782883800000,744.91,1782884699999,1791376157436,legacy_historical,,,,,,,,,
1782884700000,744.88906789,1782885599999,1791376157436,legacy_historical,,,,,,,,,
1782885600000,744.71,1782886499999,1791376157436,legacy_historical,,,,,,,,,
1782886500000,744.71559325,1782887399999,1791376157436,legacy_historical,,,,,,,,,
1782887400000,744.69,1782888299999,1791376157436,legacy_historical,,,,,,,,,
1782888300000,744.57,1782889199999,1791376157436,legacy_historical,,,,,,,,,
1782889200000,743.71,1782890099999,1791376157436,legacy_historical,,,,,,,,,
1782890100000,744.04057907,1782890999999,1791376157436,legacy_historical,,,,,,,,,
1782891000000,744.26,1782891899999,1791376157436,legacy_historical,,,,,,,,,
1782891900000,744.62,1782892799999,1791376157436,legacy_historical,,,,,,,,,
1782892800000,744.63439728,1782893699999,1791376157436,legacy_historical,,,,,,,,,
1782893700000,744.62,1782894599999,1791376157436,legacy_historical,,,,,,,,,
1782894600000,745.06498994,1782895499999,1791376157436,legacy_historical,,,,,,,,,
1782895500000,744.99,1782896399999,1791376157436,legacy_historical,,,,,,,,,
1782896400000,744.78,1782897299999,1791376157436,legacy_historical,,,,,,,,,
1782897300000,744.81,1782898199999,1791376157436,legacy_historical,,,,,,,,,
1782898200000,744.95,1782899099999,1791376157436,legacy_historical,,,,,,,,,
1782899100000,745.30206266,1782899999999,1791376157436,legacy_historical,,,,,,,,,
1782900000000,745.0027923,1782900899999,1791376157436,legacy_historical,,,,,,,,,
1782900900000,745.67,1782901799999,1791376157436,legacy_historical,,,,,,,,,
1782901800000,745.65093123,1782902699999,1791376157436,legacy_historical,,,,,,,,,
1782902700000,745.85912406,1782903599999,1791376157436,legacy_historical,,,,,,,,,
1782903600000,745.85,1782904499999,1791376157436,legacy_historical,,,,,,,,,
1782904500000,745.80410212,1782905399999,1791376157436,legacy_historical,,,,,,,,,
1782905400000,745.68,1782906299999,1791376157436,legacy_historical,,,,,,,,,
1782906300000,745.17144451,1782907199999,1791376157436,legacy_historical,,,,,,,,,
1782907200000,745.61774886,1782908099999,1791376157436,legacy_historical,,,,,,,,,
1782908100000,745.64956485,1782908999999,1791376157436,legacy_historical,,,,,,,,,
1782909000000,744.86,1782909899999,1791376157436,legacy_historical,,,,,,,,,
1782909900000,744.92703866,1782910799999,1791376157436,legacy_historical,,,,,,,,,
1782910800000,744.69,1782911699999,1791376157436,legacy_historical,,,,,,,,,
1782911700000,745.16901971,1782912599999,1791376157436,legacy_historical,,,,,,,,,
1782912600000,743.75738596,1782913499999,1791376157436,legacy_historical,,,,,,,,,
1782913500000,745.72,1782914399999,1791376157436,legacy_historical,,,,,,,,,
1782914400000,747.02,1782915299999,1791376157436,legacy_historical,,,,,,,,,
1782915300000,747.18821861,1782916199999,1791376157436,legacy_historical,,,,,,,,,
1782916200000,747.03680773,1782917099999,1791376157436,legacy_historical,,,,,,,,,
1782917100000,747.13,1782917999999,1791376157436,legacy_historical,,,,,,,,,
1782918000000,748.33,1782918899999,1791376157436,legacy_historical,,,,,,,,,
1782918900000,749.63805388,1782919799999,1791376157436,legacy_historical,,,,,,,,,
1782919800000,748.93,1782920699999,1791376157436,legacy_historical,,,,,,,,,
1782920700000,749.0,1782921599999,1791376157436,legacy_historical,,,,,,,,,
1782921600000,749.29,1782922499999,1791376157436,legacy_historical,,,,,,,,,
1782922500000,749.15995903,1782923399999,1791376157436,legacy_historical,,,,,,,,,
1782923400000,748.76,1782924299999,1791376157436,legacy_historical,,,,,,,,,
1782924300000,747.65,1782925199999,1791376157436,legacy_historical,,,,,,,,,
1782925200000,748.08,1782926099999,1791376157436,legacy_historical,,,,,,,,,
1782926100000,748.25,1782926999999,1791376157436,legacy_historical,,,,,,,,,
1782927000000,747.75234805,1782927899999,1791376157436,legacy_historical,,,,,,,,,
1782927900000,747.33139535,1782928799999,1791376157436,legacy_historical,,,,,,,,,
1782928800000,747.30503683,1782929699999,1791376157436,legacy_historical,,,,,,,,,
1782929700000,747.44699401,1782930599999,1791376157436,legacy_historical,,,,,,,,,
1782930600000,747.54999003,1782931499999,1791376157436,legacy_historical,,,,,,,,,
1782931500000,747.25,1782932399999,1791376157436,legacy_historical,,,,,,,,,
1782932400000,747.73667038,1782933299999,1791376157436,legacy_historical,,,,,,,,,
1782933300000,747.17177504,1782934199999,1791376157436,legacy_historical,,,,,,,,,
1782934200000,746.82,1782935099999,1791376157436,legacy_historical,,,,,,,,,
1782935100000,746.19,1782935999999,1791376157436,legacy_historical,,,,,,,,,
1782936000000,745.53808369,1782936899999,1791376157436,legacy_historical,,,,,,,,,
1782936900000,745.1,1782937799999,1791376157436,legacy_historical,,,,,,,,,
1782937800000,744.95,1782938699999,1791376157436,legacy_historical,,,,,,,,,
1782938700000,745.26434356,1782939599999,1791376157436,legacy_historical,,,,,,,,,
1782939600000,745.19278444,1782940499999,1791376157436,legacy_historical,,,,,,,,,
1782940500000,744.98,1782941399999,1791376157436,legacy_historical,,,,,,,,,
1782941400000,745.24352332,1782942299999,1791376157436,legacy_historical,,,,,,,,,
1782942300000,745.37780504,1782943199999,1791376157436,legacy_historical,,,,,,,,,
1782943200000,745.16464231,1782944099999,1791376157436,legacy_historical,,,,,,,,,
1782944100000,745.67953651,1782944999999,1791376157436,legacy_historical,,,,,,,,,
1782945000000,745.74,1782945899999,1791376157436,legacy_historical,,,,,,,,,
1782945900000,745.80606377,1782946799999,1791376157436,legacy_historical,,,,,,,,,
1782946800000,745.32374531,1782947699999,1791376157436,legacy_historical,,,,,,,,,
1782947700000,745.41,1782948599999,1791376157436,legacy_historical,,,,,,,,,
1782948600000,745.38,1782949499999,1791376157436,legacy_historical,,,,,,,,,
1782949500000,745.16,1782950399999,1791376157436,legacy_historical,,,,,,,,,
1782950400000,744.7124072,1782951299999,1791376157436,legacy_historical,,,,,,,,,
1782951300000,745.51373636,1782952199999,1791376157436,legacy_historical,,,,,,,,,
1782952200000,744.9614617,1782953099999,1791376157436,legacy_historical,,,,,,,,,
1782953100000,745.97695983,1782953999999,1791376157436,legacy_historical,,,,,,,,,
1782954000000,746.78,1782954899999,1791376157436,legacy_historical,,,,,,,,,
1782954900000,746.80730732,1782955799999,1791376157436,legacy_historical,,,,,,,,,
1782955800000,747.23920577,1782956699999,1791376157436,legacy_historical,,,,,,,,,
1782956700000,747.1677553,1782957599999,1791376157436,legacy_historical,,,,,,,,,
1782957600000,747.50724057,1782958499999,1791376157436,legacy_historical,,,,,,,,,
1782958500000,747.26,1782959399999,1791376157436,legacy_historical,,,,,,,,,
1782959400000,747.47030061,1782960299999,1791376157436,legacy_historical,,,,,,,,,
1782960300000,747.5493691,1782961199999,1791376157436,legacy_historical,,,,,,,,,
1782961200000,747.27962909,1782962099999,1791376157436,legacy_historical,,,,,,,,,
1782962100000,747.08545344,1782962999999,1791376157436,legacy_historical,,,,,,,,,
1782963000000,747.25,1782963899999,1791376157436,legacy_historical,,,,,,,,,
1782963900000,747.4,1782964799999,1791376157436,legacy_historical,,,,,,,,,
1782964800000,746.98038368,1782965699999,1791376157436,legacy_historical,,,,,,,,,
1782965700000,747.01591264,1782966599999,1791376157436,legacy_historical,,,,,,,,,
1782966600000,746.35374081,1782967499999,1791376157436,legacy_historical,,,,,,,,,
1782967500000,746.87727594,1782968399999,1791376157436,legacy_historical,,,,,,,,,
1782968400000,747.32341716,1782969299999,1791376157436,legacy_historical,,,,,,,,,
1782969300000,747.12870577,1782970199999,1791376157436,legacy_historical,,,,,,,,,
1782970200000,746.38737043,1782971099999,1791376157436,legacy_historical,,,,,,,,,
1782971100000,746.38,1782971999999,1791376157436,legacy_historical,,,,,,,,,
1782972000000,745.51,1782972899999,1791376157436,legacy_historical,,,,,,,,,
1782972900000,745.38,1782973799999,1791376157436,legacy_historical,,,,,,,,,
1782973800000,745.56,1782974699999,1791376157436,legacy_historical,,,,,,,,,
1782974700000,745.16052407,1782975599999,1791376157436,legacy_historical,,,,,,,,,
1782975600000,744.24266212,1782976499999,1791376157436,legacy_historical,,,,,,,,,
1782976500000,744.57302508,1782977399999,1791376157436,legacy_historical,,,,,,,,,
1782977400000,745.62805775,1782978299999,1791376157436,legacy_historical,,,,,,,,,
1782978300000,745.22,1782979199999,1791376157436,legacy_historical,,,,,,,,,
1782979200000,744.61,1782980099999,1791376157436,legacy_historical,,,,,,,,,
1782980100000,745.76210355,1782980999999,1791376157436,legacy_historical,,,,,,,,,
1782981000000,746.11487862,1782981899999,1791376157436,legacy_historical,,,,,,,,,
1782981900000,746.47,1782982799999,1791376157436,legacy_historical,,,,,,,,,
1782982800000,745.86,1782983699999,1791376157436,legacy_historical,,,,,,,,,
1782983700000,746.0,1782984599999,1791376157436,legacy_historical,,,,,,,,,
1782984600000,746.20625323,1782985499999,1791376157436,legacy_historical,,,,,,,,,
1782985500000,745.77,1782986399999,1791376157436,legacy_historical,,,,,,,,,
1782986400000,745.46,1782987299999,1791376157436,legacy_historical,,,,,,,,,
1782987300000,746.02,1782988199999,1791376157436,legacy_historical,,,,,,,,,
1782988200000,746.25736178,1782989099999,1791376157436,legacy_historical,,,,,,,,,
1782989100000,746.42,1782989999999,1791376157436,legacy_historical,,,,,,,,,
1782990000000,746.5,1782990899999,1791376157436,legacy_historical,,,,,,,,,
1782990900000,746.48575884,1782991799999,1791376157436,legacy_historical,,,,,,,,,
1782991800000,746.82,1782992699999,1791376157436,legacy_historical,,,,,,,,,
1782992700000,746.58966639,1782993599999,1791376157436,legacy_historical,,,,,,,,,
1782993600000,747.11278208,1782994499999,1791376157436,legacy_historical,,,,,,,,,
1782994500000,747.43896285,1782995399999,1791376157436,legacy_historical,,,,,,,,,
1782995400000,749.06,1782996299999,1791376157436,legacy_historical,,,,,,,,,
1782996300000,748.25,1782997199999,1791376157436,legacy_historical,,,,,,,,,
1782997200000,747.56,1782998099999,1791376157436,legacy_historical,,,,,,,,,
1782998100000,747.65851716,1782998999999,1791376157436,legacy_historical,,,,,,,,,
1782999000000,750.02068694,1782999899999,1791376157436,legacy_historical,,,,,,,,,
1782999900000,750.85,1783000799999,1791376157436,legacy_historical,,,,,,,,,
1783000800000,751.2169983,1783001699999,1791376157436,legacy_historical,,,,,,,,,
1783001700000,748.15,1783002599999,1791376157436,legacy_historical,,,,,,,,,
1783002600000,747.03713133,1783003499999,1791376157436,legacy_historical,,,,,,,,,
1783003500000,747.74,1783004399999,1791376157436,legacy_historical,,,,,,,,,
1783004400000,746.19968323,1783005299999,1791376157436,legacy_historical,,,,,,,,,
1783005300000,744.92905245,1783006199999,1791376157436,legacy_historical,,,,,,,,,
1783006200000,745.48,1783007099999,1791376157436,legacy_historical,,,,,,,,,
1783007100000,744.69,1783007999999,1791376157436,legacy_historical,,,,,,,,,
1783008000000,744.52,1783008899999,1791376157436,legacy_historical,,,,,,,,,
1783008900000,743.57,1783009799999,1791376157436,legacy_historical,,,,,,,,,
1783009800000,743.35202578,1783010699999,1791376157436,legacy_historical,,,,,,,,,
1783010700000,742.31943285,1783011599999,1791376157436,legacy_historical,,,,,,,,,
1783011600000,741.92,1783012499999,1791376157436,legacy_historical,,,,,,,,,
1783012500000,741.59910298,1783013399999,1791376157436,legacy_historical,,,,,,,,,
1783013400000,741.09,1783014299999,1791376157436,legacy_historical,,,,,,,,,
1783014300000,740.39737648,1783015199999,1791376157436,legacy_historical,,,,,,,,,
1783015200000,742.33219452,1783016099999,1791376157436,legacy_historical,,,,,,,,,
1783016100000,742.79,1783016999999,1791376157436,legacy_historical,,,,,,,,,
1783017000000,743.2,1783017899999,1791376157436,legacy_historical,,,,,,,,,
1783017900000,743.05,1783018799999,1791376157436,legacy_historical,,,,,,,,,
1783018800000,742.23648398,1783019699999,1791376157436,legacy_historical,,,,,,,,,
1783019700000,742.43,1783020599999,1791376157436,legacy_historical,,,,,,,,,
1783020600000,743.37048568,1783021499999,1791376157436,legacy_historical,,,,,,,,,
1783021500000,745.10770451,1783022399999,1791376157436,legacy_historical,,,,,,,,,
1783022400000,744.72728001,1783023299999,1791376157436,legacy_historical,,,,,,,,,
1783023300000,744.23,1783024199999,1791376157436,legacy_historical,,,,,,,,,
1783024200000,744.14782324,1783025099999,1791376157436,legacy_historical,,,,,,,,,
1783025100000,744.54,1783025999999,1791376157436,legacy_historical,,,,,,,,,
1783026000000,744.68776346,1783026899999,1791376157436,legacy_historical,,,,,,,,,
1783026900000,744.79,1783027799999,1791376157436,legacy_historical,,,,,,,,,
1783027800000,744.64154742,1783028699999,1791376157436,legacy_historical,,,,,,,,,
1783028700000,744.62807679,1783029599999,1791376157436,legacy_historical,,,,,,,,,
1783029600000,745.31,1783030499999,1791376157436,legacy_historical,,,,,,,,,
1783030500000,745.20322549,1783031399999,1791376157436,legacy_historical,,,,,,,,,
1783031400000,745.6417498,1783032299999,1791376157436,legacy_historical,,,,,,,,,
1783032300000,745.64525533,1783033199999,1791376157436,legacy_historical,,,,,,,,,
1783033200000,745.1,1783034099999,1791376157436,legacy_historical,,,,,,,,,
1783034100000,745.7295513,1783034999999,1791376157436,legacy_historical,,,,,,,,,
1783035000000,745.4945397,1783035899999,1791376157436,legacy_historical,,,,,,,,,
1783035900000,745.81331929,1783036799999,1791376157436,legacy_historical,,,,,,,,,
1783036800000,745.87428167,1783037699999,1791376157436,legacy_historical,,,,,,,,,
1783037700000,745.28640001,1783038599999,1791376157436,legacy_historical,,,,,,,,,
1783038600000,745.38,1783039499999,1791376157436,legacy_historical,,,,,,,,,
1783039500000,745.19022776,1783040399999,1791376157436,legacy_historical,,,,,,,,,
1783040400000,746.8698057,1783041299999,1791376157436,legacy_historical,,,,,,,,,
1783041300000,746.89,1783042199999,1791376157436,legacy_historical,,,,,,,,,
1783042200000,747.01,1783043099999,1791376157436,legacy_historical,,,,,,,,,
1783043100000,746.92,1783043999999,1791376157436,legacy_historical,,,,,,,,,
1783044000000,746.91530171,1783044899999,1791376157436,legacy_historical,,,,,,,,,
1783044900000,747.26909174,1783045799999,1791376157436,legacy_historical,,,,,,,,,
1783045800000,747.03337334,1783046699999,1791376157436,legacy_historical,,,,,,,,,
1783046700000,747.33,1783047599999,1791376157436,legacy_historical,,,,,,,,,
1783047600000,747.13,1783048499999,1791376157436,legacy_historical,,,,,,,,,
1783048500000,747.39,1783049399999,1791376157436,legacy_historical,,,,,,,,,
1783049400000,746.93,1783050299999,1791376157436,legacy_historical,,,,,,,,,
1783050300000,747.34865491,1783051199999,1791376157436,legacy_historical,,,,,,,,,
1783051200000,747.42145621,1783052099999,1791376157436,legacy_historical,,,,,,,,,
1783052100000,747.54,1783052999999,1791376157436,legacy_historical,,,,,,,,,
1783053000000,747.64,1783053899999,1791376157436,legacy_historical,,,,,,,,,
1783053900000,747.54,1783054799999,1791376157436,legacy_historical,,,,,,,,,
1783054800000,747.33,1783055699999,1791376157436,legacy_historical,,,,,,,,,
1783055700000,747.3,1783056599999,1791376157436,legacy_historical,,,,,,,,,
1783056600000,747.13,1783057499999,1791376157436,legacy_historical,,,,,,,,,
1783057500000,747.43617658,1783058399999,1791376157436,legacy_historical,,,,,,,,,
1783058400000,747.95,1783059299999,1791376157436,legacy_historical,,,,,,,,,
1783059300000,747.76,1783060199999,1791376157436,legacy_historical,,,,,,,,,
1783060200000,748.25,1783061099999,1791376157436,legacy_historical,,,,,,,,,
1783061100000,747.88,1783061999999,1791376157436,legacy_historical,,,,,,,,,
1783062000000,747.73346439,1783062899999,1791376157436,legacy_historical,,,,,,,,,
1783062900000,747.76394109,1783063799999,1791376157436,legacy_historical,,,,,,,,,
1783063800000,747.56,1783064699999,1791376157436,legacy_historical,,,,,,,,,
1783064700000,747.21895472,1783065599999,1791376157436,legacy_historical,,,,,,,,,
1783065600000,747.26,1783066499999,1791376157436,legacy_historical,,,,,,,,,
1783066500000,747.19,1783067399999,1791376157436,legacy_historical,,,,,,,,,
1783067400000,747.24,1783068299999,1791376157436,legacy_historical,,,,,,,,,
1783068300000,746.78,1783069199999,1791376157436,legacy_historical,,,,,,,,,
1783069200000,747.14741243,1783070099999,1791376157436,legacy_historical,,,,,,,,,
1783070100000,747.17623708,1783070999999,1791376157436,legacy_historical,,,,,,,,,
1783071000000,747.13082651,1783071899999,1791376157436,legacy_historical,,,,,,,,,
1783071900000,746.89,1783072799999,1791376157436,legacy_historical,,,,,,,,,
1783072800000,747.00561885,1783073699999,1791376157436,legacy_historical,,,,,,,,,
1783073700000,747.09,1783074599999,1791376157436,legacy_historical,,,,,,,,,
1783074600000,747.08586346,1783075499999,1791376157436,legacy_historical,,,,,,,,,
1783075500000,747.21,1783076399999,1791376157436,legacy_historical,,,,,,,,,
1783076400000,746.95131173,1783077299999,1791376157436,legacy_historical,,,,,,,,,
1783077300000,746.72,1783078199999,1791376157436,legacy_historical,,,,,,,,,
1783078200000,746.86392051,1783079099999,1791376157436,legacy_historical,,,,,,,,,
1783079100000,747.15,1783079999999,1791376157436,legacy_historical,,,,,,,,,
1783080000000,747.16,1783080899999,1791376157436,legacy_historical,,,,,,,,,
1783080900000,747.09,1783081799999,1791376157436,legacy_historical,,,,,,,,,
1783081800000,747.25618291,1783082699999,1791376157436,legacy_historical,,,,,,,,,
1783082700000,747.29902396,1783083599999,1791376157436,legacy_historical,,,,,,,,,
1783083600000,747.31,1783084499999,1791376157436,legacy_historical,,,,,,,,,
1783084500000,747.52682522,1783085399999,1791376157436,legacy_historical,,,,,,,,,
1783085400000,747.52,1783086299999,1791376157436,legacy_historical,,,,,,,,,
1783086300000,747.47642825,1783087199999,1791376157436,legacy_historical,,,,,,,,,
1783087200000,747.21,1783088099999,1791376157436,legacy_historical,,,,,,,,,
1783088100000,747.73,1783088999999,1791376157436,legacy_historical,,,,,,,,,
1783089000000,747.86,1783089899999,1791376157436,legacy_historical,,,,,,,,,
1783089900000,747.9976671,1783090799999,1791376157436,legacy_historical,,,,,,,,,
1783090800000,748.08,1783091699999,1791376157436,legacy_historical,,,,,,,,,
1783091700000,747.8237223,1783092599999,1791376157436,legacy_historical,,,,,,,,,
1783092600000,747.95,1783093499999,1791376157436,legacy_historical,,,,,,,,,
1783093500000,748.13616643,1783094399999,1791376157436,legacy_historical,,,,,,,,,
1783094400000,748.17,1783095299999,1791376157436,legacy_historical,,,,,,,,,
1783095300000,747.94337327,1783096199999,1791376157436,legacy_historical,,,,,,,,,
1783096200000,748.16,1783097099999,1791376157436,legacy_historical,,,,,,,,,
1783097100000,748.08,1783097999999,1791376157436,legacy_historical,,,,,,,,,
1783098000000,748.10533049,1783098899999,1791376157436,legacy_historical,,,,,,,,,
1783098900000,746.95,1783099799999,1791376157436,legacy_historical,,,,,,,,,
1783099800000,748.31,1783100699999,1791376157436,legacy_historical,,,,,,,,,
1783100700000,748.64778096,1783101599999,1791376157436,legacy_historical,,,,,,,,,
1783101600000,748.09572932,1783102499999,1791376157436,legacy_historical,,,,,,,,,
1783102500000,747.82005489,1783103399999,1791376157436,legacy_historical,,,,,,,,,
1783103400000,748.07,1783104299999,1791376157436,legacy_historical,,,,,,,,,
1783104300000,747.98237971,1783105199999,1791376157436,legacy_historical,,,,,,,,,
1783105200000,747.96757237,1783106099999,1791376157436,legacy_historical,,,,,,,,,
1783106100000,748.35749294,1783106999999,1791376157436,legacy_historical,,,,,,,,,
1783107000000,748.21,1783107899999,1791376157436,legacy_historical,,,,,,,,,
1783107900000,745.57217619,1783108799999,1791376157436,legacy_historical,,,,,,,,,
1783108800000,746.78144071,1783109699999,1791376157436,legacy_historical,,,,,,,,,
1783109700000,745.44,1783110599999,1791376157436,legacy_historical,,,,,,,,,
1783110600000,745.6,1783111499999,1791376157436,legacy_historical,,,,,,,,,
1783111500000,746.47493855,1783112399999,1791376157436,legacy_historical,,,,,,,,,
1783112400000,746.87471209,1783113299999,1791376157436,legacy_historical,,,,,,,,,
1783113300000,747.15964891,1783114199999,1791376157436,legacy_historical,,,,,,,,,
1783114200000,746.95960785,1783115099999,1791376157436,legacy_historical,,,,,,,,,
1783115100000,747.11,1783115999999,1791376157436,legacy_historical,,,,,,,,,
1783116000000,747.17671013,1783116899999,1791376157436,legacy_historical,,,,,,,,,
1783116900000,746.80315903,1783117799999,1791376157436,legacy_historical,,,,,,,,,
1783117800000,745.82,1783118699999,1791376157436,legacy_historical,,,,,,,,,
1783118700000,745.81,1783119599999,1791376157436,legacy_historical,,,,,,,,,
1783119600000,745.88,1783120499999,1791376157436,legacy_historical,,,,,,,,,
1783120500000,745.92,1783121399999,1791376157436,legacy_historical,,,,,,,,,
1783121400000,745.98,1783122299999,1791376157436,legacy_historical,,,,,,,,,
1783122300000,746.08554828,1783123199999,1791376157436,legacy_historical,,,,,,,,,
1783123200000,745.88,1783124099999,1791376157436,legacy_historical,,,,,,,,,
1783124100000,745.89,1783124999999,1791376157436,legacy_historical,,,,,,,,,
1783125000000,745.71,1783125899999,1791376157436,legacy_historical,,,,,,,,,
1783125900000,745.97572321,1783126799999,1791376157436,legacy_historical,,,,,,,,,
1783126800000,745.79494961,1783127699999,1791376157436,legacy_historical,,,,,,,,,
1783127700000,745.3,1783128599999,1791376157436,legacy_historical,,,,,,,,,
1783128600000,745.29,1783129499999,1791376157436,legacy_historical,,,,,,,,,
1783129500000,745.76,1783130399999,1791376157436,legacy_historical,,,,,,,,,
1783130400000,745.6452674,1783131299999,1791376157436,legacy_historical,,,,,,,,,
1783131300000,745.52394559,1783132199999,1791376157436,legacy_historical,,,,,,,,,
1783132200000,745.55,1783133099999,1791376157436,legacy_historical,,,,,,,,,
1783133100000,745.8472744,1783133999999,1791376157436,legacy_historical,,,,,,,,,
1783134000000,745.66491791,1783134899999,1791376157436,legacy_historical,,,,,,,,,
1783134900000,745.66649065,1783135799999,1791376157436,legacy_historical,,,,,,,,,
1783135800000,745.87,1783136699999,1791376157436,legacy_historical,,,,,,,,,
1783136700000,745.87609877,1783137599999,1791376157436,legacy_historical,,,,,,,,,
1783137600000,745.8249726,1783138499999,1791376157436,legacy_historical,,,,,,,,,
1783138500000,745.65353819,1783139399999,1791376157436,legacy_historical,,,,,,,,,
1783139400000,746.067182,1783140299999,1791376157436,legacy_historical,,,,,,,,,
1783140300000,746.63,1783141199999,1791376157436,legacy_historical,,,,,,,,,
1783141200000,746.05,1783142099999,1791376157436,legacy_historical,,,,,,,,,
1783142100000,746.08,1783142999999,1791376157436,legacy_historical,,,,,,,,,
1783143000000,746.06449328,1783143899999,1791376157436,legacy_historical,,,,,,,,,
1783143900000,745.73,1783144799999,1791376157436,legacy_historical,,,,,,,,,
1783144800000,745.96468606,1783145699999,1791376157436,legacy_historical,,,,,,,,,
1783145700000,745.95477467,1783146599999,1791376157436,legacy_historical,,,,,,,,,
1783146600000,745.91,1783147499999,1791376157436,legacy_historical,,,,,,,,,
1783147500000,745.62297604,1783148399999,1791376157436,legacy_historical,,,,,,,,,
1783148400000,745.94615176,1783149299999,1791376157436,legacy_historical,,,,,,,,,
1783149300000,745.97569853,1783150199999,1791376157436,legacy_historical,,,,,,,,,
1783150200000,745.71397013,1783151099999,1791376157436,legacy_historical,,,,,,,,,
1783151100000,745.80969779,1783151999999,1791376157436,legacy_historical,,,,,,,,,
1783152000000,746.37881455,1783152899999,1791376157436,legacy_historical,,,,,,,,,
1783152900000,746.74,1783153799999,1791376157436,legacy_historical,,,,,,,,,
1783153800000,746.31,1783154699999,1791376157436,legacy_historical,,,,,,,,,
1783154700000,746.45,1783155599999,1791376157436,legacy_historical,,,,,,,,,
1783155600000,747.17,1783156499999,1791376157436,legacy_historical,,,,,,,,,
1783156500000,746.98710414,1783157399999,1791376157436,legacy_historical,,,,,,,,,
1783157400000,747.06,1783158299999,1791376157436,legacy_historical,,,,,,,,,
1783158300000,747.04603054,1783159199999,1791376157436,legacy_historical,,,,,,,,,
1783159200000,747.07587541,1783160099999,1791376157436,legacy_historical,,,,,,,,,
1783160100000,747.04,1783160999999,1791376157436,legacy_historical,,,,,,,,,
1783161000000,747.04517017,1783161899999,1791376157436,legacy_historical,,,,,,,,,
1783161900000,747.52,1783162799999,1791376157436,legacy_historical,,,,,,,,,
1783162800000,747.48682914,1783163699999,1791376157436,legacy_historical,,,,,,,,,
1783163700000,747.65514307,1783164599999,1791376157436,legacy_historical,,,,,,,,,
1783164600000,747.91812494,1783165499999,1791376157436,legacy_historical,,,,,,,,,
1783165500000,747.9,1783166399999,1791376157436,legacy_historical,,,,,,,,,
1783166400000,747.25202324,1783167299999,1791376157436,legacy_historical,,,,,,,,,
1783167300000,747.22,1783168199999,1791376157436,legacy_historical,,,,,,,,,
1783168200000,747.37542437,1783169099999,1791376157436,legacy_historical,,,,,,,,,
1783169100000,747.46714282,1783169999999,1791376157436,legacy_historical,,,,,,,,,
1783170000000,747.66,1783170899999,1791376157436,legacy_historical,,,,,,,,,
1783170900000,747.67,1783171799999,1791376157436,legacy_historical,,,,,,,,,
1783171800000,747.67593563,1783172699999,1791376157436,legacy_historical,,,,,,,,,
1783172700000,747.3937788,1783173599999,1791376157436,legacy_historical,,,,,,,,,
1783173600000,747.13022676,1783174499999,1791376157436,legacy_historical,,,,,,,,,
1783174500000,747.2239952,1783175399999,1791376157436,legacy_historical,,,,,,,,,
1783175400000,747.26,1783176299999,1791376157436,legacy_historical,,,,,,,,,
1783176300000,746.96,1783177199999,1791376157436,legacy_historical,,,,,,,,,
1783177200000,747.46,1783178099999,1791376157436,legacy_historical,,,,,,,,,
1783178100000,747.34,1783178999999,1791376157436,legacy_historical,,,,,,,,,
1783179000000,746.86166835,1783179899999,1791376157436,legacy_historical,,,,,,,,,
1783179900000,747.30592551,1783180799999,1791376157436,legacy_historical,,,,,,,,,
1783180800000,747.09399991,1783181699999,1791376157436,legacy_historical,,,,,,,,,
1783181700000,746.91377637,1783182599999,1791376157436,legacy_historical,,,,,,,,,
1783182600000,746.72020127,1783183499999,1791376157436,legacy_historical,,,,,,,,,
1783183500000,746.81430809,1783184399999,1791376157436,legacy_historical,,,,,,,,,
1783184400000,746.11,1783185299999,1791376157436,legacy_historical,,,,,,,,,
1783185300000,746.14,1783186199999,1791376157436,legacy_historical,,,,,,,,,
1783186200000,746.28,1783187099999,1791376157436,legacy_historical,,,,,,,,,
1783187100000,746.71,1783187999999,1791376157436,legacy_historical,,,,,,,,,
1783188000000,746.56476158,1783188899999,1791376157436,legacy_historical,,,,,,,,,
1783188900000,746.46414308,1783189799999,1791376157436,legacy_historical,,,,,,,,,
1783189800000,746.55607789,1783190699999,1791376157436,legacy_historical,,,,,,,,,
1783190700000,746.92073139,1783191599999,1791376157436,legacy_historical,,,,,,,,,
1783191600000,747.18,1783192499999,1791376157436,legacy_historical,,,,,,,,,
1783192500000,747.3,1783193399999,1791376157436,legacy_historical,,,,,,,,,
1783193400000,747.27,1783194299999,1791376157436,legacy_historical,,,,,,,,,
1783194300000,747.49,1783195199999,1791376157436,legacy_historical,,,,,,,,,
1783195200000,747.48,1783196099999,1791376157436,legacy_historical,,,,,,,,,
1783196100000,747.54,1783196999999,1791376157436,legacy_historical,,,,,,,,,
1783197000000,747.02279435,1783197899999,1791376157436,legacy_historical,,,,,,,,,
1783197900000,747.08,1783198799999,1791376157436,legacy_historical,,,,,,,,,
1783198800000,746.65125926,1783199699999,1791376157436,legacy_historical,,,,,,,,,
1783199700000,746.99565503,1783200599999,1791376157436,legacy_historical,,,,,,,,,
1783200600000,747.31,1783201499999,1791376157436,legacy_historical,,,,,,,,,
1783201500000,747.2,1783202399999,1791376157436,legacy_historical,,,,,,,,,
1783202400000,747.12400398,1783203299999,1791376157436,legacy_historical,,,,,,,,,
1783203300000,747.49723882,1783204199999,1791376157436,legacy_historical,,,,,,,,,
1783204200000,747.83828964,1783205099999,1791376157436,legacy_historical,,,,,,,,,
1783205100000,747.72300342,1783205999999,1791376157436,legacy_historical,,,,,,,,,
1783206000000,746.9575187,1783206899999,1791376157436,legacy_historical,,,,,,,,,
1783206900000,748.14,1783207799999,1791376157436,legacy_historical,,,,,,,,,
1783207800000,748.03,1783208699999,1791376157436,legacy_historical,,,,,,,,,
1783208700000,748.0,1783209599999,1791376157436,legacy_historical,,,,,,,,,
1783209600000,747.56446649,1783210499999,1791376157436,legacy_historical,,,,,,,,,
1783210500000,747.25,1783211399999,1791376157436,legacy_historical,,,,,,,,,
1783211400000,747.42495228,1783212299999,1791376157436,legacy_historical,,,,,,,,,
1783212300000,747.46,1783213199999,1791376157436,legacy_historical,,,,,,,,,
1783213200000,747.44565318,1783214099999,1791376157436,legacy_historical,,,,,,,,,
1783214100000,747.58,1783214999999,1791376157436,legacy_historical,,,,,,,,,
1783215000000,747.5,1783215899999,1791376157436,legacy_historical,,,,,,,,,
1783215900000,747.6,1783216799999,1791376157436,legacy_historical,,,,,,,,,
1783216800000,747.61550945,1783217699999,1791376157436,legacy_historical,,,,,,,,,
1783217700000,747.59527399,1783218599999,1791376157436,legacy_historical,,,,,,,,,
1783218600000,747.6,1783219499999,1791376157436,legacy_historical,,,,,,,,,
1783219500000,747.22238921,1783220399999,1791376157436,legacy_historical,,,,,,,,,
1783220400000,747.57711845,1783221299999,1791376157436,legacy_historical,,,,,,,,,
1783221300000,747.44,1783222199999,1791376157436,legacy_historical,,,,,,,,,
1783222200000,747.59,1783223099999,1791376157436,legacy_historical,,,,,,,,,
1783223100000,747.61,1783223999999,1791376157436,legacy_historical,,,,,,,,,
1783224000000,747.8,1783224899999,1791376157436,legacy_historical,,,,,,,,,
1783224900000,747.62451656,1783225799999,1791376157436,legacy_historical,,,,,,,,,
1783225800000,747.66,1783226699999,1791376157436,legacy_historical,,,,,,,,,
1783226700000,747.79,1783227599999,1791376157436,legacy_historical,,,,,,,,,
1783227600000,747.64412103,1783228499999,1791376157436,legacy_historical,,,,,,,,,
1783228500000,747.57368421,1783229399999,1791376157436,legacy_historical,,,,,,,,,
1783229400000,747.56399973,1783230299999,1791376157436,legacy_historical,,,,,,,,,
1783230300000,747.89759119,1783231199999,1791376157436,legacy_historical,,,,,,,,,
1783231200000,747.51412009,1783232099999,1791376157436,legacy_historical,,,,,,,,,
1783232100000,747.58,1783232999999,1791376157436,legacy_historical,,,,,,,,,
1783233000000,747.41375456,1783233899999,1791376157436,legacy_historical,,,,,,,,,
1783233900000,747.47483733,1783234799999,1791376157436,legacy_historical,,,,,,,,,
1783234800000,747.47,1783235699999,1791376157436,legacy_historical,,,,,,,,,
1783235700000,747.28356864,1783236599999,1791376157436,legacy_historical,,,,,,,,,
1783236600000,747.43,1783237499999,1791376157436,legacy_historical,,,,,,,,,
1783237500000,747.34,1783238399999,1791376157436,legacy_historical,,,,,,,,,
1783238400000,747.23,1783239299999,1791376157436,legacy_historical,,,,,,,,,
1783239300000,747.43,1783240199999,1791376157436,legacy_historical,,,,,,,,,
1783240200000,747.34,1783241099999,1791376157436,legacy_historical,,,,,,,,,
1783241100000,747.33505542,1783241999999,1791376157436,legacy_historical,,,,,,,,,
1783242000000,747.33,1783242899999,1791376157436,legacy_historical,,,,,,,,,
1783242900000,746.81055961,1783243799999,1791376157436,legacy_historical,,,,,,,,,
1783243800000,746.52,1783244699999,1791376157436,legacy_historical,,,,,,,,,
1783244700000,746.72,1783245599999,1791376157436,legacy_historical,,,,,,,,,
1783245600000,747.21,1783246499999,1791376157436,legacy_historical,,,,,,,,,
1783246500000,747.5,1783247399999,1791376157436,legacy_historical,,,,,,,,,
1783247400000,747.0,1783248299999,1791376157436,legacy_historical,,,,,,,,,
1783248300000,747.15,1783249199999,1791376157436,legacy_historical,,,,,,,,,
1783249200000,747.19,1783250099999,1791376157436,legacy_historical,,,,,,,,,
1783250100000,747.27626897,1783250999999,1791376157436,legacy_historical,,,,,,,,,
1783251000000,747.34652792,1783251899999,1791376157436,legacy_historical,,,,,,,,,
1783251900000,748.0,1783252799999,1791376157436,legacy_historical,,,,,,,,,
1783252800000,747.97901651,1783253699999,1791376157436,legacy_historical,,,,,,,,,
1783253700000,748.13,1783254599999,1791376157436,legacy_historical,,,,,,,,,
1783254600000,747.90106422,1783255499999,1791376157436,legacy_historical,,,,,,,,,
1783255500000,748.02583768,1783256399999,1791376157436,legacy_historical,,,,,,,,,
1783256400000,747.8343929,1783257299999,1791376157436,legacy_historical,,,,,,,,,
1783257300000,747.68349239,1783258199999,1791376157436,legacy_historical,,,,,,,,,
1783258200000,748.56676386,1783259099999,1791376157436,legacy_historical,,,,,,,,,
1783259100000,748.03,1783259999999,1791376157436,legacy_historical,,,,,,,,,
1783260000000,748.31,1783260899999,1791376157436,legacy_historical,,,,,,,,,
1783260900000,748.54820941,1783261799999,1791376157436,legacy_historical,,,,,,,,,
1783261800000,748.25,1783262699999,1791376157436,legacy_historical,,,,,,,,,
1783262700000,748.12395843,1783263599999,1791376157436,legacy_historical,,,,,,,,,
1783263600000,748.4,1783264499999,1791376157436,legacy_historical,,,,,,,,,
1783264500000,748.22360369,1783265399999,1791376157436,legacy_historical,,,,,,,,,
1783265400000,748.11,1783266299999,1791376157436,legacy_historical,,,,,,,,,
1783266300000,748.06,1783267199999,1791376157436,legacy_historical,,,,,,,,,
1783267200000,748.09,1783268099999,1791376157436,legacy_historical,,,,,,,,,
1783268100000,748.04,1783268999999,1791376157436,legacy_historical,,,,,,,,,
1783269000000,748.09500804,1783269899999,1791376157436,legacy_historical,,,,,,,,,
1783269900000,747.99,1783270799999,1791376157436,legacy_historical,,,,,,,,,
1783270800000,748.08512112,1783271699999,1791376157436,legacy_historical,,,,,,,,,
1783271700000,748.2061058,1783272599999,1791376157436,legacy_historical,,,,,,,,,
1783272600000,748.09,1783273499999,1791376157436,legacy_historical,,,,,,,,,
1783273500000,748.04,1783274399999,1791376157436,legacy_historical,,,,,,,,,
1783274400000,748.16582459,1783275299999,1791376157436,legacy_historical,,,,,,,,,
1783275300000,748.17,1783276199999,1791376157436,legacy_historical,,,,,,,,,
1783276200000,748.05,1783277099999,1791376157436,legacy_historical,,,,,,,,,
1783277100000,748.43,1783277999999,1791376157436,legacy_historical,,,,,,,,,
1783278000000,748.0,1783278899999,1791376157436,legacy_historical,,,,,,,,,
1783278900000,748.02,1783279799999,1791376157436,legacy_historical,,,,,,,,,
1783279800000,748.34,1783280699999,1791376157436,legacy_historical,,,,,,,,,
1783280700000,748.4374184,1783281599999,1791376157436,legacy_historical,,,,,,,,,
1783281600000,748.38,1783282499999,1791376157436,legacy_historical,,,,,,,,,
1783282500000,748.28,1783283399999,1791376157436,legacy_historical,,,,,,,,,
1783283400000,748.58,1783284299999,1791376157436,legacy_historical,,,,,,,,,
1783284300000,748.33,1783285199999,1791376157436,legacy_historical,,,,,,,,,
1783285200000,748.11301353,1783286099999,1791376157436,legacy_historical,,,,,,,,,
1783286100000,748.53815393,1783286999999,1791376157436,legacy_historical,,,,,,,,,
1783287000000,747.86604327,1783287899999,1791376157436,legacy_historical,,,,,,,,,
1783287900000,748.12134699,1783288799999,1791376157436,legacy_historical,,,,,,,,,
1783288800000,747.84501958,1783289699999,1791376157436,legacy_historical,,,,,,,,,
1783289700000,748.33,1783290599999,1791376157436,legacy_historical,,,,,,,,,
1783290600000,748.68,1783291499999,1791376157436,legacy_historical,,,,,,,,,
1783291500000,748.46127557,1783292399999,1791376157436,legacy_historical,,,,,,,,,
1783292400000,748.97104317,1783293299999,1791376157436,legacy_historical,,,,,,,,,
1783293300000,748.76,1783294199999,1791376157436,legacy_historical,,,,,,,,,
1783294200000,748.71045715,1783295099999,1791376157436,legacy_historical,,,,,,,,,
1783295100000,749.09396701,1783295999999,1791376157436,legacy_historical,,,,,,,,,
1783296000000,749.08,1783296899999,1791376157436,legacy_historical,,,,,,,,,
1783296900000,748.21686646,1783297799999,1791376157436,legacy_historical,,,,,,,,,
1783297800000,748.90259489,1783298699999,1791376157436,legacy_historical,,,,,,,,,
1783298700000,748.83645897,1783299599999,1791376157436,legacy_historical,,,,,,,,,
1783299600000,748.54211635,1783300499999,1791376157436,legacy_historical,,,,,,,,,
1783300500000,747.82,1783301399999,1791376157436,legacy_historical,,,,,,,,,
1783301400000,748.0,1783302299999,1791376157436,legacy_historical,,,,,,,,,
1783302300000,747.61158963,1783303199999,1791376157436,legacy_historical,,,,,,,,,
1783303200000,747.13,1783304099999,1791376157436,legacy_historical,,,,,,,,,
1783304100000,747.00945406,1783304999999,1791376157436,legacy_historical,,,,,,,,,
1783305000000,746.45,1783305899999,1791376157436,legacy_historical,,,,,,,,,
1783305900000,746.71510084,1783306799999,1791376157436,legacy_historical,,,,,,,,,
1783306800000,746.73771372,1783307699999,1791376157436,legacy_historical,,,,,,,,,
1783307700000,746.87,1783308599999,1791376157436,legacy_historical,,,,,,,,,
1783308600000,746.52492269,1783309499999,1791376157436,legacy_historical,,,,,,,,,
1783309500000,746.55472693,1783310399999,1791376157436,legacy_historical,,,,,,,,,
1783310400000,746.95,1783311299999,1791376157436,legacy_historical,,,,,,,,,
1783311300000,747.13,1783312199999,1791376157436,legacy_historical,,,,,,,,,
1783312200000,747.49437023,1783313099999,1791376157436,legacy_historical,,,,,,,,,
1783313100000,747.63,1783313999999,1791376157436,legacy_historical,,,,,,,,,
1783314000000,747.67,1783314899999,1791376157436,legacy_historical,,,,,,,,,
1783314900000,747.37515498,1783315799999,1791376157436,legacy_historical,,,,,,,,,
1783315800000,747.48,1783316699999,1791376157436,legacy_historical,,,,,,,,,
1783316700000,747.4793918,1783317599999,1791376157436,legacy_historical,,,,,,,,,
1783317600000,746.98,1783318499999,1791376157436,legacy_historical,,,,,,,,,
1783318500000,747.49842371,1783319399999,1791376157436,legacy_historical,,,,,,,,,
1783319400000,747.8979346,1783320299999,1791376157436,legacy_historical,,,,,,,,,
1783320300000,747.8,1783321199999,1791376157436,legacy_historical,,,,,,,,,
1783321200000,747.97,1783322099999,1791376157436,legacy_historical,,,,,,,,,
1783322100000,747.93134889,1783322999999,1791376157436,legacy_historical,,,,,,,,,
1783323000000,748.63,1783323899999,1791376157436,legacy_historical,,,,,,,,,
1783323900000,748.62,1783324799999,1791376157436,legacy_historical,,,,,,,,,
1783324800000,748.31699896,1783325699999,1791376157436,legacy_historical,,,,,,,,,
1783325700000,748.50372421,1783326599999,1791376157436,legacy_historical,,,,,,,,,
1783326600000,748.55684993,1783327499999,1791376157436,legacy_historical,,,,,,,,,
1783327500000,748.72,1783328399999,1791376157436,legacy_historical,,,,,,,,,
1783328400000,748.34,1783329299999,1791376157436,legacy_historical,,,,,,,,,
1783329300000,748.63,1783330199999,1791376157436,legacy_historical,,,,,,,,,
1783330200000,748.45893756,1783331099999,1791376157436,legacy_historical,,,,,,,,,
1783331100000,748.83222568,1783331999999,1791376157436,legacy_historical,,,,,,,,,
1783332000000,748.84,1783332899999,1791376157436,legacy_historical,,,,,,,,,
1783332900000,748.63279398,1783333799999,1791376157436,legacy_historical,,,,,,,,,
1783333800000,748.37977397,1783334699999,1791376157436,legacy_historical,,,,,,,,,
1783334700000,748.6353833,1783335599999,1791376157436,legacy_historical,,,,,,,,,
1783335600000,748.39745184,1783336499999,1791376157436,legacy_historical,,,,,,,,,
1783336500000,748.45931834,1783337399999,1791376157436,legacy_historical,,,,,,,,,
1783337400000,748.46,1783338299999,1791376157436,legacy_historical,,,,,,,,,
1783338300000,748.09,1783339199999,1791376157436,legacy_historical,,,,,,,,,
1783339200000,748.47,1783340099999,1791376157436,legacy_historical,,,,,,,,,
1783340100000,748.05603379,1783340999999,1791376157436,legacy_historical,,,,,,,,,
1783341000000,748.16,1783341899999,1791376157436,legacy_historical,,,,,,,,,
1783341900000,748.46,1783342799999,1791376157436,legacy_historical,,,,,,,,,
1783342800000,747.88,1783343699999,1791376157436,legacy_historical,,,,,,,,,
1783343700000,748.65,1783344599999,1791376157436,legacy_historical,,,,,,,,,
1783344600000,748.69702186,1783345499999,1791376157436,legacy_historical,,,,,,,,,
1783345500000,748.55,1783346399999,1791376157436,legacy_historical,,,,,,,,,
1783346400000,749.46103994,1783347299999,1791376157436,legacy_historical,,,,,,,,,
1783347300000,749.98796977,1783348199999,1791376157436,legacy_historical,,,,,,,,,
1783348200000,749.84,1783349099999,1791376157436,legacy_historical,,,,,,,,,
1783349100000,750.43,1783349999999,1791376157436,legacy_historical,,,,,,,,,
1783350000000,750.32,1783350899999,1791376157436,legacy_historical,,,,,,,,,
1783350900000,750.89,1783351799999,1791376157436,legacy_historical,,,,,,,,,
1783351800000,751.05932346,1783352699999,1791376157436,legacy_historical,,,,,,,,,
1783352700000,751.03,1783353599999,1791376157436,legacy_historical,,,,,,,,,
1783353600000,751.17014885,1783354499999,1791376157436,legacy_historical,,,,,,,,,
1783354500000,750.82165782,1783355399999,1791376157436,legacy_historical,,,,,,,,,
1783355400000,750.87839806,1783356299999,1791376157436,legacy_historical,,,,,,,,,
1783356300000,750.64,1783357199999,1791376157436,legacy_historical,,,,,,,,,
1783357200000,751.52,1783358099999,1791376157436,legacy_historical,,,,,,,,,
1783358100000,751.07,1783358999999,1791376157436,legacy_historical,,,,,,,,,
1783359000000,750.41323695,1783359899999,1791376157436,legacy_historical,,,,,,,,,
1783359900000,750.28,1783360799999,1791376157436,legacy_historical,,,,,,,,,
1783360800000,751.16,1783361699999,1791376157436,legacy_historical,,,,,,,,,
1783361700000,751.46,1783362599999,1791376157436,legacy_historical,,,,,,,,,
1783362600000,751.43245026,1783363499999,1791376157436,legacy_historical,,,,,,,,,
1783363500000,752.03,1783364399999,1791376157436,legacy_historical,,,,,,,,,
1783364400000,752.09656847,1783365299999,1791376157436,legacy_historical,,,,,,,,,
1783365300000,752.44,1783366199999,1791376157436,legacy_historical,,,,,,,,,
1783366200000,752.2,1783367099999,1791376157436,legacy_historical,,,,,,,,,
1783367100000,751.25049982,1783367999999,1791376157436,legacy_historical,,,,,,,,,
1783368000000,752.00761014,1783368899999,1791376157436,legacy_historical,,,,,,,,,
1783368900000,751.89,1783369799999,1791376157436,legacy_historical,,,,,,,,,
1783369800000,751.99427874,1783370699999,1791376157436,legacy_historical,,,,,,,,,
1783370700000,751.94350984,1783371599999,1791376157436,legacy_historical,,,,,,,,,
1783371600000,751.98,1783372499999,1791376157436,legacy_historical,,,,,,,,,
1783372500000,752.34472248,1783373399999,1791376157436,legacy_historical,,,,,,,,,
1783373400000,752.27556794,1783374299999,1791376157436,legacy_historical,,,,,,,,,
1783374300000,752.3,1783375199999,1791376157436,legacy_historical,,,,,,,,,
1783375200000,752.28916781,1783376099999,1791376157436,legacy_historical,,,,,,,,,
1783376100000,752.28052882,1783376999999,1791376157436,legacy_historical,,,,,,,,,
1783377000000,752.2054363,1783377899999,1791376157436,legacy_historical,,,,,,,,,
1783377900000,751.80916801,1783378799999,1791376157436,legacy_historical,,,,,,,,,
1783378800000,751.94,1783379699999,1791376157436,legacy_historical,,,,,,,,,
1783379700000,751.7948867,1783380599999,1791376157436,legacy_historical,,,,,,,,,
1783380600000,751.4642282,1783381499999,1791376157436,legacy_historical,,,,,,,,,
1783381500000,750.94,1783382399999,1791376157436,legacy_historical,,,,,,,,,
1783382400000,750.96,1783383299999,1791376157436,legacy_historical,,,,,,,,,
1783383300000,751.38,1783384199999,1791376157436,legacy_historical,,,,,,,,,
1783384200000,751.21070109,1783385099999,1791376157436,legacy_historical,,,,,,,,,
1783385100000,750.89,1783385999999,1791376157436,legacy_historical,,,,,,,,,
1783386000000,750.95937786,1783386899999,1791376157436,legacy_historical,,,,,,,,,
1783386900000,750.67,1783387799999,1791376157436,legacy_historical,,,,,,,,,
1783387800000,751.05,1783388699999,1791376157436,legacy_historical,,,,,,,,,
1783388700000,750.75610805,1783389599999,1791376157436,legacy_historical,,,,,,,,,
1783389600000,750.95815813,1783390499999,1791376157436,legacy_historical,,,,,,,,,
1783390500000,750.58,1783391399999,1791376157436,legacy_historical,,,,,,,,,
1783391400000,750.5,1783392299999,1791376157436,legacy_historical,,,,,,,,,
1783392300000,750.22041713,1783393199999,1791376157436,legacy_historical,,,,,,,,,
1783393200000,750.30434112,1783394099999,1791376157436,legacy_historical,,,,,,,,,
1783394100000,749.82551024,1783394999999,1791376157436,legacy_historical,,,,,,,,,
1783395000000,749.74,1783395899999,1791376157436,legacy_historical,,,,,,,,,
1783395900000,749.74834936,1783396799999,1791376157436,legacy_historical,,,,,,,,,
1783396800000,749.55986088,1783397699999,1791376157436,legacy_historical,,,,,,,,,
1783397700000,749.47,1783398599999,1791376157436,legacy_historical,,,,,,,,,
1783398600000,749.30551711,1783399499999,1791376157436,legacy_historical,,,,,,,,,
1783399500000,749.16,1783400399999,1791376157436,legacy_historical,,,,,,,,,
1783400400000,748.83724873,1783401299999,1791376157436,legacy_historical,,,,,,,,,
1783401300000,748.88,1783402199999,1791376157436,legacy_historical,,,,,,,,,
1783402200000,749.46,1783403099999,1791376157436,legacy_historical,,,,,,,,,
1783403100000,749.68,1783403999999,1791376157436,legacy_historical,,,,,,,,,
1783404000000,749.12796716,1783404899999,1791376157436,legacy_historical,,,,,,,,,
1783404900000,749.43955879,1783405799999,1791376157436,legacy_historical,,,,,,,,,
1783405800000,749.65802165,1783406699999,1791376157436,legacy_historical,,,,,,,,,
1783406700000,749.76443861,1783407599999,1791376157436,legacy_historical,,,,,,,,,
1783407600000,749.97,1783408499999,1791376157436,legacy_historical,,,,,,,,,
1783408500000,750.24,1783409399999,1791376157436,legacy_historical,,,,,,,,,
1783409400000,750.03576674,1783410299999,1791376157436,legacy_historical,,,,,,,,,
1783410300000,749.49739103,1783411199999,1791376157436,legacy_historical,,,,,,,,,
1783411200000,750.06,1783412099999,1791376157436,legacy_historical,,,,,,,,,
1783412100000,750.34,1783412999999,1791376157436,legacy_historical,,,,,,,,,
1783413000000,750.35,1783413899999,1791376157436,legacy_historical,,,,,,,,,
1783413900000,750.1544364,1783414799999,1791376157436,legacy_historical,,,,,,,,,
1783414800000,750.54253643,1783415699999,1791376157436,legacy_historical,,,,,,,,,
1783415700000,750.43,1783416599999,1791376157436,legacy_historical,,,,,,,,,
1783416600000,750.52,1783417499999,1791376157436,legacy_historical,,,,,,,,,
1783417500000,750.53418293,1783418399999,1791376157436,legacy_historical,,,,,,,,,
1783418400000,750.17911514,1783419299999,1791376157436,legacy_historical,,,,,,,,,
1783419300000,750.42,1783420199999,1791376157436,legacy_historical,,,,,,,,,
1783420200000,750.24251765,1783421099999,1791376157436,legacy_historical,,,,,,,,,
1783421100000,750.05,1783421999999,1791376157436,legacy_historical,,,,,,,,,
1783422000000,749.70926936,1783422899999,1791376157436,legacy_historical,,,,,,,,,
1783422900000,749.9192462,1783423799999,1791376157436,legacy_historical,,,,,,,,,
1783423800000,749.79,1783424699999,1791376157436,legacy_historical,,,,,,,,,
1783424700000,750.17,1783425599999,1791376157436,legacy_historical,,,,,,,,,
1783425600000,750.65,1783426499999,1791376157436,legacy_historical,,,,,,,,,
1783426500000,750.72596696,1783427399999,1791376157436,legacy_historical,,,,,,,,,
1783427400000,750.83,1783428299999,1791376157436,legacy_historical,,,,,,,,,
1783428300000,750.3742925,1783429199999,1791376157436,legacy_historical,,,,,,,,,
1783429200000,750.38583643,1783430099999,1791376157436,legacy_historical,,,,,,,,,
1783430100000,750.40405922,1783430999999,1791376157436,legacy_historical,,,,,,,,,
1783431000000,750.30602563,1783431899999,1791376157436,legacy_historical,,,,,,,,,
1783431900000,749.02,1783432799999,1791376157436,legacy_historical,,,,,,,,,
1783432800000,747.19352286,1783433699999,1791376157436,legacy_historical,,,,,,,,,
1783433700000,746.90627145,1783434599999,1791376157436,legacy_historical,,,,,,,,,
1783434600000,745.94,1783435499999,1791376157436,legacy_historical,,,,,,,,,
1783435500000,746.74,1783436399999,1791376157436,legacy_historical,,,,,,,,,
1783436400000,746.30042239,1783437299999,1791376157436,legacy_historical,,,,,,,,,
1783437300000,746.52765261,1783438199999,1791376157436,legacy_historical,,,,,,,,,
1783438200000,746.60554213,1783439099999,1791376157436,legacy_historical,,,,,,,,,
1783439100000,747.57,1783439999999,1791376157436,legacy_historical,,,,,,,,,
1783440000000,748.31449934,1783440899999,1791376157436,legacy_historical,,,,,,,,,
1783440900000,748.86,1783441799999,1791376157436,legacy_historical,,,,,,,,,
1783441800000,748.91,1783442699999,1791376157436,legacy_historical,,,,,,,,,
1783442700000,749.03099951,1783443599999,1791376157436,legacy_historical,,,,,,,,,
1783443600000,749.03481631,1783444499999,1791376157436,legacy_historical,,,,,,,,,
1783444500000,748.98583694,1783445399999,1791376157436,legacy_historical,,,,,,,,,
1783445400000,749.21,1783446299999,1791376157436,legacy_historical,,,,,,,,,
1783446300000,749.26509395,1783447199999,1791376157436,legacy_historical,,,,,,,,,
1783447200000,749.09892121,1783448099999,1791376157436,legacy_historical,,,,,,,,,
1783448100000,749.05764063,1783448999999,1791376157436,legacy_historical,,,,,,,,,
1783449000000,748.8,1783449899999,1791376157436,legacy_historical,,,,,,,,,
1783449900000,747.60270363,1783450799999,1791376157436,legacy_historical,,,,,,,,,
1783450800000,746.83,1783451699999,1791376157436,legacy_historical,,,,,,,,,
1783451700000,746.71,1783452599999,1791376157436,legacy_historical,,,,,,,,,
1783452600000,746.63863812,1783453499999,1791376157436,legacy_historical,,,,,,,,,
1783453500000,747.57182248,1783454399999,1791376157436,legacy_historical,,,,,,,,,
1783454400000,747.57,1783455299999,1791376157436,legacy_historical,,,,,,,,,
1783455300000,747.49,1783456199999,1791376157436,legacy_historical,,,,,,,,,
1783456200000,747.65447801,1783457099999,1791376157436,legacy_historical,,,,,,,,,
1783457100000,747.56,1783457999999,1791376157436,legacy_historical,,,,,,,,,
1783458000000,747.56392612,1783458899999,1791376157436,legacy_historical,,,,,,,,,
1783458900000,746.54,1783459799999,1791376157436,legacy_historical,,,,,,,,,
1783459800000,746.65467298,1783460699999,1791376157436,legacy_historical,,,,,,,,,
1783460700000,746.83,1783461599999,1791376157436,legacy_historical,,,,,,,,,
1783461600000,746.8,1783462499999,1791376157436,legacy_historical,,,,,,,,,
1783462500000,747.0,1783463399999,1791376157436,legacy_historical,,,,,,,,,
1783463400000,746.94292474,1783464299999,1791376157436,legacy_historical,,,,,,,,,
1783464300000,747.15870726,1783465199999,1791376157436,legacy_historical,,,,,,,,,
1783465200000,747.12,1783466099999,1791376157436,legacy_historical,,,,,,,,,
1783466100000,747.54,1783466999999,1791376157436,legacy_historical,,,,,,,,,
1783467000000,746.83535806,1783467899999,1791376157436,legacy_historical,,,,,,,,,
1783467900000,746.37020604,1783468799999,1791376157436,legacy_historical,,,,,,,,,
1783468800000,747.19937385,1783469699999,1791376157436,legacy_historical,,,,,,,,,
1783469700000,747.64674799,1783470599999,1791376157436,legacy_historical,,,,,,,,,
1783470600000,748.3260756,1783471499999,1791376157436,legacy_historical,,,,,,,,,
1783471500000,748.50823845,1783472399999,1791376157436,legacy_historical,,,,,,,,,
1783472400000,748.61,1783473299999,1791376157436,legacy_historical,,,,,,,,,
1783473300000,748.03,1783474199999,1791376157436,legacy_historical,,,,,,,,,
1783474200000,747.80292415,1783475099999,1791376157436,legacy_historical,,,,,,,,,
1783475100000,747.63,1783475999999,1791376157436,legacy_historical,,,,,,,,,
1783476000000,747.16,1783476899999,1791376157436,legacy_historical,,,,,,,,,
1783476900000,747.32431409,1783477799999,1791376157436,legacy_historical,,,,,,,,,
1783477800000,747.61,1783478699999,1791376157436,legacy_historical,,,,,,,,,
1783478700000,747.6647314,1783479599999,1791376157436,legacy_historical,,,,,,,,,
1783479600000,748.15,1783480499999,1791376157436,legacy_historical,,,,,,,,,
1783480500000,748.38,1783481399999,1791376157436,legacy_historical,,,,,,,,,
1783481400000,747.90962238,1783482299999,1791376157436,legacy_historical,,,,,,,,,
1783482300000,747.83169767,1783483199999,1791376157436,legacy_historical,,,,,,,,,
1783483200000,747.57,1783484099999,1791376157436,legacy_historical,,,,,,,,,
1783484100000,747.86993274,1783484999999,1791376157436,legacy_historical,,,,,,,,,
1783485000000,747.56,1783485899999,1791376157436,legacy_historical,,,,,,,,,
1783485900000,747.54887479,1783486799999,1791376157436,legacy_historical,,,,,,,,,
1783486800000,747.50699266,1783487699999,1791376157436,legacy_historical,,,,,,,,,
1783487700000,747.24,1783488599999,1791376157436,legacy_historical,,,,,,,,,
1783488600000,746.83862293,1783489499999,1791376157436,legacy_historical,,,,,,,,,
1783489500000,746.77,1783490399999,1791376157436,legacy_historical,,,,,,,,,
1783490400000,746.52545274,1783491299999,1791376157436,legacy_historical,,,,,,,,,
1783491300000,746.41363403,1783492199999,1791376157436,legacy_historical,,,,,,,,,
1783492200000,745.831719,1783493099999,1791376157436,legacy_historical,,,,,,,,,
1783493100000,746.26088132,1783493999999,1791376157436,legacy_historical,,,,,,,,,
1783494000000,745.9926765,1783494899999,1791376157436,legacy_historical,,,,,,,,,
1783494900000,746.48979147,1783495799999,1791376157436,legacy_historical,,,,,,,,,
1783495800000,746.86,1783496699999,1791376157436,legacy_historical,,,,,,,,,
1783496700000,746.58,1783497599999,1791376157436,legacy_historical,,,,,,,,,
1783497600000,746.98,1783498499999,1791376157436,legacy_historical,,,,,,,,,
1783498500000,742.42150261,1783499399999,1791376157436,legacy_historical,,,,,,,,,
1783499400000,741.15107183,1783500299999,1791376157436,legacy_historical,,,,,,,,,
1783500300000,740.62030144,1783501199999,1791376157436,legacy_historical,,,,,,,,,
1783501200000,739.52103878,1783502099999,1791376157436,legacy_historical,,,,,,,,,
1783502100000,739.55858,1783502999999,1791376157436,legacy_historical,,,,,,,,,
1783503000000,740.50328357,1783503899999,1791376157436,legacy_historical,,,,,,,,,
1783503900000,739.95062794,1783504799999,1791376157436,legacy_historical,,,,,,,,,
1783504800000,740.37246912,1783505699999,1791376157436,legacy_historical,,,,,,,,,
1783505700000,741.29805519,1783506599999,1791376157436,legacy_historical,,,,,,,,,
1783506600000,741.87859398,1783507499999,1791376157436,legacy_historical,,,,,,,,,
1783507500000,741.11094382,1783508399999,1791376157436,legacy_historical,,,,,,,,,
1783508400000,741.07,1783509299999,1791376157436,legacy_historical,,,,,,,,,
1783509300000,740.75798095,1783510199999,1791376157436,legacy_historical,,,,,,,,,
1783510200000,742.36896125,1783511099999,1791376157436,legacy_historical,,,,,,,,,
1783511100000,742.36785803,1783511999999,1791376157436,legacy_historical,,,,,,,,,
1783512000000,743.33174855,1783512899999,1791376157436,legacy_historical,,,,,,,,,
1783512900000,743.65464658,1783513799999,1791376157436,legacy_historical,,,,,,,,,
1783513800000,743.63635985,1783514699999,1791376157436,legacy_historical,,,,,,,,,
1783514700000,743.01391232,1783515599999,1791376157436,legacy_historical,,,,,,,,,
1783515600000,743.88118878,1783516499999,1791376157436,legacy_historical,,,,,,,,,
1783516500000,743.10164941,1783517399999,1791376157436,legacy_historical,,,,,,,,,
1783517400000,744.36582337,1783518299999,1791376157436,legacy_historical,,,,,,,,,
1783518300000,744.06056086,1783519199999,1791376157436,legacy_historical,,,,,,,,,
1783519200000,743.29,1783520099999,1791376157436,legacy_historical,,,,,,,,,
1783520100000,743.24087885,1783520999999,1791376157436,legacy_historical,,,,,,,,,
1783521000000,742.48148378,1783521899999,1791376157436,legacy_historical,,,,,,,,,
1783521900000,741.87133084,1783522799999,1791376157436,legacy_historical,,,,,,,,,
1783522800000,741.15580417,1783523699999,1791376157436,legacy_historical,,,,,,,,,
1783523700000,740.06385944,1783524599999,1791376157436,legacy_historical,,,,,,,,,
1783524600000,740.75449498,1783525499999,1791376157436,legacy_historical,,,,,,,,,
1783525500000,740.66,1783526399999,1791376157436,legacy_historical,,,,,,,,,
1783526400000,742.32,1783527299999,1791376157436,legacy_historical,,,,,,,,,
1783527300000,743.17,1783528199999,1791376157436,legacy_historical,,,,,,,,,
1783528200000,743.96821118,1783529099999,1791376157436,legacy_historical,,,,,,,,,
1783529100000,744.68,1783529999999,1791376157436,legacy_historical,,,,,,,,,
1783530000000,744.34653499,1783530899999,1791376157436,legacy_historical,,,,,,,,,
1783530900000,745.77112859,1783531799999,1791376157436,legacy_historical,,,,,,,,,
1783531800000,745.07952459,1783532699999,1791376157436,legacy_historical,,,,,,,,,
1783532700000,744.37390152,1783533599999,1791376157436,legacy_historical,,,,,,,,,
1783533600000,745.36,1783534499999,1791376157436,legacy_historical,,,,,,,,,
1783534500000,744.80140037,1783535399999,1791376157436,legacy_historical,,,,,,,,,
1783535400000,745.09,1783536299999,1791376157436,legacy_historical,,,,,,,,,
1783536300000,745.41,1783537199999,1791376157436,legacy_historical,,,,,,,,,
1783537200000,745.04,1783538099999,1791376157436,legacy_historical,,,,,,,,,
1783538100000,745.29,1783538999999,1791376157436,legacy_historical,,,,,,,,,
1783539000000,745.31330125,1783539899999,1791376157436,legacy_historical,,,,,,,,,
1783539900000,745.39,1783540799999,1791376157436,legacy_historical,,,,,,,,,
1783540800000,745.00730116,1783541699999,1791376157436,legacy_historical,,,,,,,,,
1783541700000,744.34,1783542599999,1791376157436,legacy_historical,,,,,,,,,
1783542600000,744.05,1783543499999,1791376157436,legacy_historical,,,,,,,,,
1783543500000,744.2385006,1783544399999,1791376157436,legacy_historical,,,,,,,,,
1783544400000,744.35736657,1783545299999,1791376157436,legacy_historical,,,,,,,,,
1783545300000,744.30901058,1783546199999,1791376157436,legacy_historical,,,,,,,,,
1783546200000,744.35,1783547099999,1791376157436,legacy_historical,,,,,,,,,
1783547100000,744.33,1783547999999,1791376157436,legacy_historical,,,,,,,,,
1783548000000,744.65,1783548899999,1791376157436,legacy_historical,,,,,,,,,
1783548900000,744.52,1783549799999,1791376157436,legacy_historical,,,,,,,,,
1783549800000,744.30054046,1783550699999,1791376157436,legacy_historical,,,,,,,,,
1783550700000,744.46896047,1783551599999,1791376157436,legacy_historical,,,,,,,,,
1783551600000,744.77897953,1783552499999,1791376157436,legacy_historical,,,,,,,,,
1783552500000,744.5651634,1783553399999,1791376157436,legacy_historical,,,,,,,,,
1783553400000,745.08257435,1783554299999,1791376157436,legacy_historical,,,,,,,,,
1783554300000,745.44529782,1783555199999,1791376157436,legacy_historical,,,,,,,,,
1783555200000,745.9013904,1783556099999,1791376157436,legacy_historical,,,,,,,,,
1783556100000,745.97255222,1783556999999,1791376157436,legacy_historical,,,,,,,,,
1783557000000,745.76464457,1783557899999,1791376157436,legacy_historical,,,,,,,,,
1783557900000,745.80396197,1783558799999,1791376157436,legacy_historical,,,,,,,,,
1783558800000,745.99222189,1783559699999,1791376157436,legacy_historical,,,,,,,,,
1783559700000,745.984583,1783560599999,1791376157436,legacy_historical,,,,,,,,,
1783560600000,746.20312535,1783561499999,1791376157436,legacy_historical,,,,,,,,,
1783561500000,745.65651482,1783562399999,1791376157436,legacy_historical,,,,,,,,,
1783562400000,746.39070101,1783563299999,1791376157436,legacy_historical,,,,,,,,,
1783563300000,746.54204907,1783564199999,1791376157436,legacy_historical,,,,,,,,,
1783564200000,745.78951149,1783565099999,1791376157436,legacy_historical,,,,,,,,,
1783565100000,745.46922838,1783565999999,1791376157436,legacy_historical,,,,,,,,,
1783566000000,745.36,1783566899999,1791376157436,legacy_historical,,,,,,,,,
1783566900000,746.04,1783567799999,1791376157436,legacy_historical,,,,,,,,,
1783567800000,746.48190576,1783568699999,1791376157436,legacy_historical,,,,,,,,,
1783568700000,746.51551725,1783569599999,1791376157436,legacy_historical,,,,,,,,,
1783569600000,746.4420539,1783570499999,1791376157436,legacy_historical,,,,,,,,,
1783570500000,746.23958972,1783571399999,1791376157436,legacy_historical,,,,,,,,,
1783571400000,746.9522416,1783572299999,1791376157436,legacy_historical,,,,,,,,,
1783572300000,747.25,1783573199999,1791376157436,legacy_historical,,,,,,,,,
1783573200000,747.55,1783574099999,1791376157436,legacy_historical,,,,,,,,,
1783574100000,746.8272113,1783574999999,1791376157436,legacy_historical,,,,,,,,,
1783575000000,747.14,1783575899999,1791376157436,legacy_historical,,,,,,,,,
1783575900000,747.89,1783576799999,1791376157436,legacy_historical,,,,,,,,,
1783576800000,747.68098242,1783577699999,1791376157436,legacy_historical,,,,,,,,,
1783577700000,747.77961448,1783578599999,1791376157436,legacy_historical,,,,,,,,,
1783578600000,747.81,1783579499999,1791376157436,legacy_historical,,,,,,,,,
1783579500000,747.70617041,1783580399999,1791376157436,legacy_historical,,,,,,,,,
1783580400000,748.0,1783581299999,1791376157436,legacy_historical,,,,,,,,,
1783581300000,747.87,1783582199999,1791376157436,legacy_historical,,,,,,,,,
1783582200000,748.37,1783583099999,1791376157436,legacy_historical,,,,,,,,,
1783583100000,748.15254616,1783583999999,1791376157436,legacy_historical,,,,,,,,,
1783584000000,748.08647615,1783584899999,1791376157436,legacy_historical,,,,,,,,,
1783584900000,748.04485579,1783585799999,1791376157436,legacy_historical,,,,,,,,,
1783585800000,747.54984528,1783586699999,1791376157436,legacy_historical,,,,,,,,,
1783586700000,747.37368073,1783587599999,1791376157436,legacy_historical,,,,,,,,,
1783587600000,746.94,1783588499999,1791376157436,legacy_historical,,,,,,,,,
1783588500000,746.95,1783589399999,1791376157436,legacy_historical,,,,,,,,,
1783589400000,746.48,1783590299999,1791376157436,legacy_historical,,,,,,,,,
1783590300000,746.91,1783591199999,1791376157436,legacy_historical,,,,,,,,,
1783591200000,746.82,1783592099999,1791376157436,legacy_historical,,,,,,,,,
1783592100000,746.79,1783592999999,1791376157436,legacy_historical,,,,,,,,,
1783593000000,746.78,1783593899999,1791376157436,legacy_historical,,,,,,,,,
1783593900000,746.1,1783594799999,1791376157436,legacy_historical,,,,,,,,,
1783594800000,746.49727856,1783595699999,1791376157436,legacy_historical,,,,,,,,,
1783595700000,746.5,1783596599999,1791376157436,legacy_historical,,,,,,,,,
1783596600000,746.81,1783597499999,1791376157436,legacy_historical,,,,,,,,,
1783597500000,747.07054638,1783598399999,1791376157436,legacy_historical,,,,,,,,,
1783598400000,747.41,1783599299999,1791376157436,legacy_historical,,,,,,,,,
1783599300000,747.5499098,1783600199999,1791376157436,legacy_historical,,,,,,,,,
1783600200000,747.5917211,1783601099999,1791376157436,legacy_historical,,,,,,,,,
1783601100000,747.29,1783601999999,1791376157436,legacy_historical,,,,,,,,,
1783602000000,747.60635935,1783602899999,1791376157436,legacy_historical,,,,,,,,,
1783602900000,747.51884553,1783603799999,1791376157436,legacy_historical,,,,,,,,,
1783603800000,748.52305915,1783604699999,1791376157436,legacy_historical,,,,,,,,,
1783604700000,748.78,1783605599999,1791376157436,legacy_historical,,,,,,,,,
1783605600000,747.78,1783606499999,1791376157436,legacy_historical,,,,,,,,,
1783606500000,748.09060458,1783607399999,1791376157436,legacy_historical,,,,,,,,,
1783607400000,748.09601762,1783608299999,1791376157436,legacy_historical,,,,,,,,,
1783608300000,748.78,1783609199999,1791376157436,legacy_historical,,,,,,,,,
1783609200000,749.42928538,1783610099999,1791376157436,legacy_historical,,,,,,,,,
1783610100000,749.96093565,1783610999999,1791376157436,legacy_historical,,,,,,,,,
1783611000000,750.25010387,1783611899999,1791376157436,legacy_historical,,,,,,,,,
1783611900000,750.0,1783612799999,1791376157436,legacy_historical,,,,,,,,,
1783612800000,750.67,1783613699999,1791376157436,legacy_historical,,,,,,,,,
1783613700000,750.76,1783614599999,1791376157436,legacy_historical,,,,,,,,,
1783614600000,750.91,1783615499999,1791376157436,legacy_historical,,,,,,,,,
1783615500000,750.72,1783616399999,1791376157436,legacy_historical,,,,,,,,,
1783616400000,751.45,1783617299999,1791376157436,legacy_historical,,,,,,,,,
1783617300000,751.89,1783618199999,1791376157436,legacy_historical,,,,,,,,,
1783618200000,751.73,1783619099999,1791376157436,legacy_historical,,,,,,,,,
1783619100000,751.6,1783619999999,1791376157436,legacy_historical,,,,,,,,,
1783620000000,751.84,1783620899999,1791376157436,legacy_historical,,,,,,,,,
1783620900000,751.42298169,1783621799999,1791376157436,legacy_historical,,,,,,,,,
1783621800000,751.36,1783622699999,1791376157436,legacy_historical,,,,,,,,,
1783622700000,751.13738278,1783623599999,1791376157436,legacy_historical,,,,,,,,,
1783623600000,751.01543174,1783624499999,1791376157436,legacy_historical,,,,,,,,,
1783624500000,751.17869437,1783625399999,1791376157436,legacy_historical,,,,,,,,,
1783625400000,751.43134082,1783626299999,1791376157436,legacy_historical,,,,,,,,,
1783626300000,751.5635017,1783627199999,1791376157436,legacy_historical,,,,,,,,,
1783627200000,751.74,1783628099999,1791376157436,legacy_historical,,,,,,,,,
1783628100000,751.42336557,1783628999999,1791376157436,legacy_historical,,,,,,,,,
1783629000000,751.41003691,1783629899999,1791376157436,legacy_historical,,,,,,,,,
1783629900000,751.14090391,1783630799999,1791376157436,legacy_historical,,,,,,,,,
1783630800000,751.30721857,1783631699999,1791376157436,legacy_historical,,,,,,,,,
1783631700000,751.25495119,1783632599999,1791376157436,legacy_historical,,,,,,,,,
1783632600000,751.25595537,1783633499999,1791376157436,legacy_historical,,,,,,,,,
1783633500000,751.20164313,1783634399999,1791376157436,legacy_historical,,,,,,,,,
1783634400000,751.14947003,1783635299999,1791376157436,legacy_historical,,,,,,,,,
1783635300000,751.16,1783636199999,1791376157436,legacy_historical,,,,,,,,,
1783636200000,751.25850386,1783637099999,1791376157436,legacy_historical,,,,,,,,,
1783637100000,751.33,1783637999999,1791376157436,legacy_historical,,,,,,,,,
1783638000000,751.58,1783638899999,1791376157436,legacy_historical,,,,,,,,,
1783638900000,751.76,1783639799999,1791376157436,legacy_historical,,,,,,,,,
1783639800000,751.64,1783640699999,1791376157436,legacy_historical,,,,,,,,,
1783640700000,751.54078673,1783641599999,1791376157436,legacy_historical,,,,,,,,,
1783641600000,751.18431817,1783642499999,1791376157436,legacy_historical,,,,,,,,,
1783642500000,750.71499083,1783643399999,1791376157436,legacy_historical,,,,,,,,,
1783643400000,750.61,1783644299999,1791376157436,legacy_historical,,,,,,,,,
1783644300000,750.82,1783645199999,1791376157436,legacy_historical,,,,,,,,,
1783645200000,750.5609904,1783646099999,1791376157436,legacy_historical,,,,,,,,,
1783646100000,750.7389254,1783646999999,1791376157436,legacy_historical,,,,,,,,,
1783647000000,750.83354891,1783647899999,1791376157436,legacy_historical,,,,,,,,,
1783647900000,750.85540939,1783648799999,1791376157436,legacy_historical,,,,,,,,,
1783648800000,750.79070336,1783649699999,1791376157436,legacy_historical,,,,,,,,,
1783649700000,750.73204752,1783650599999,1791376157436,legacy_historical,,,,,,,,,
1783650600000,750.91,1783651499999,1791376157436,legacy_historical,,,,,,,,,
1783651500000,751.34,1783652399999,1791376157436,legacy_historical,,,,,,,,,
1783652400000,751.44,1783653299999,1791376157436,legacy_historical,,,,,,,,,
1783653300000,751.17481069,1783654199999,1791376157436,legacy_historical,,,,,,,,,
1783654200000,751.12811284,1783655099999,1791376157436,legacy_historical,,,,,,,,,
1783655100000,751.19500041,1783655999999,1791376157436,legacy_historical,,,,,,,,,
1783656000000,751.20961398,1783656899999,1791376157436,legacy_historical,,,,,,,,,
1783656900000,750.98,1783657799999,1791376157436,legacy_historical,,,,,,,,,
1783657800000,750.91,1783658699999,1791376157436,legacy_historical,,,,,,,,,
1783658700000,750.6,1783659599999,1791376157436,legacy_historical,,,,,,,,,
1783659600000,750.64248276,1783660499999,1791376157436,legacy_historical,,,,,,,,,
1783660500000,750.66792224,1783661399999,1791376157436,legacy_historical,,,,,,,,,
1783661400000,750.6946471,1783662299999,1791376157436,legacy_historical,,,,,,,,,
1783662300000,750.51,1783663199999,1791376157436,legacy_historical,,,,,,,,,
1783663200000,750.47679465,1783664099999,1791376157436,legacy_historical,,,,,,,,,
1783664100000,750.03,1783664999999,1791376157436,legacy_historical,,,,,,,,,
1783665000000,750.11,1783665899999,1791376157436,legacy_historical,,,,,,,,,
1783665900000,750.26,1783666799999,1791376157436,legacy_historical,,,,,,,,,
1783666800000,750.50506144,1783667699999,1791376157436,legacy_historical,,,,,,,,,
1783667700000,750.68151901,1783668599999,1791376157436,legacy_historical,,,,,,,,,
1783668600000,750.39,1783669499999,1791376157436,legacy_historical,,,,,,,,,
1783669500000,750.05606629,1783670399999,1791376157436,legacy_historical,,,,,,,,,
1783670400000,750.61217384,1783671299999,1791376157436,legacy_historical,,,,,,,,,
1783671300000,750.38,1783672199999,1791376157436,legacy_historical,,,,,,,,,
1783672200000,750.4,1783673099999,1791376157436,legacy_historical,,,,,,,,,
1783673100000,750.34250262,1783673999999,1791376157436,legacy_historical,,,,,,,,,
1783674000000,750.82,1783674899999,1791376157436,legacy_historical,,,,,,,,,
1783674900000,750.94,1783675799999,1791376157436,legacy_historical,,,,,,,,,
1783675800000,750.89737353,1783676699999,1791376157436,legacy_historical,,,,,,,,,
1783676700000,750.98073983,1783677599999,1791376157436,legacy_historical,,,,,,,,,
1783677600000,751.33,1783678499999,1791376157436,legacy_historical,,,,,,,,,
1783678500000,751.49058416,1783679399999,1791376157436,legacy_historical,,,,,,,,,
1783679400000,751.73612622,1783680299999,1791376157436,legacy_historical,,,,,,,,,
1783680300000,751.89792884,1783681199999,1791376157436,legacy_historical,,,,,,,,,
1783681200000,751.97,1783682099999,1791376157436,legacy_historical,,,,,,,,,
1783682100000,751.56480198,1783682999999,1791376157436,legacy_historical,,,,,,,,,
1783683000000,751.35867498,1783683899999,1791376157436,legacy_historical,,,,,,,,,
1783683900000,751.21,1783684799999,1791376157436,legacy_historical,,,,,,,,,
1783684800000,751.69419086,1783685699999,1791376157436,legacy_historical,,,,,,,,,
1783685700000,751.59,1783686599999,1791376157436,legacy_historical,,,,,,,,,
1783686600000,751.73896725,1783687499999,1791376157436,legacy_historical,,,,,,,,,
1783687500000,751.67,1783688399999,1791376157436,legacy_historical,,,,,,,,,
1783688400000,751.85863676,1783689299999,1791376157436,legacy_historical,,,,,,,,,
1783689300000,752.02981004,1783690199999,1791376157436,legacy_historical,,,,,,,,,
1783690200000,752.2246777,1783691099999,1791376157436,legacy_historical,,,,,,,,,
1783691100000,752.92210835,1783691999999,1791376157436,legacy_historical,,,,,,,,,
1783692000000,752.87504898,1783692899999,1791376157436,legacy_historical,,,,,,,,,
1783692900000,752.79,1783693799999,1791376157436,legacy_historical,,,,,,,,,
1783693800000,752.16,1783694699999,1791376157436,legacy_historical,,,,,,,,,
1783694700000,751.32,1783695599999,1791376157436,legacy_historical,,,,,,,,,
1783695600000,752.13628285,1783696499999,1791376157436,legacy_historical,,,,,,,,,
1783696500000,753.46425863,1783697399999,1791376157436,legacy_historical,,,,,,,,,
1783697400000,752.19,1783698299999,1791376157436,legacy_historical,,,,,,,,,
1783698300000,752.98434006,1783699199999,1791376157436,legacy_historical,,,,,,,,,
1783699200000,753.29,1783700099999,1791376157436,legacy_historical,,,,,,,,,
1783700100000,753.37859982,1783700999999,1791376157436,legacy_historical,,,,,,,,,
1783701000000,753.72907236,1783701899999,1791376157436,legacy_historical,,,,,,,,,
1783701900000,754.17974945,1783702799999,1791376157436,legacy_historical,,,,,,,,,
1783702800000,753.95,1783703699999,1791376157436,legacy_historical,,,,,,,,,
1783703700000,754.19895541,1783704599999,1791376157436,legacy_historical,,,,,,,,,
1783704600000,754.24398191,1783705499999,1791376157436,legacy_historical,,,,,,,,,
1783705500000,754.1,1783706399999,1791376157436,legacy_historical,,,,,,,,,
1783706400000,754.37030207,1783707299999,1791376157436,legacy_historical,,,,,,,,,
1783707300000,754.55345966,1783708199999,1791376157436,legacy_historical,,,,,,,,,
1783708200000,754.66,1783709099999,1791376157436,legacy_historical,,,,,,,,,
1783709100000,754.65619588,1783709999999,1791376157436,legacy_historical,,,,,,,,,
1783710000000,755.21,1783710899999,1791376157436,legacy_historical,,,,,,,,,
1783710900000,755.12312108,1783711799999,1791376157436,legacy_historical,,,,,,,,,
1783711800000,755.17,1783712699999,1791376157436,legacy_historical,,,,,,,,,
1783712700000,754.85439283,1783713599999,1791376157436,legacy_historical,,,,,,,,,
1783713600000,755.1045456,1783714499999,1791376157436,legacy_historical,,,,,,,,,
1783714500000,755.32,1783715399999,1791376157436,legacy_historical,,,,,,,,,
1783715400000,755.39478609,1783716299999,1791376157436,legacy_historical,,,,,,,,,
1783716300000,755.38245165,1783717199999,1791376157436,legacy_historical,,,,,,,,,
1783717200000,755.53169804,1783718099999,1791376157436,legacy_historical,,,,,,,,,
1783718100000,755.50227119,1783718999999,1791376157436,legacy_historical,,,,,,,,,
1783719000000,755.22,1783719899999,1791376157436,legacy_historical,,,,,,,,,
1783719900000,755.5072851,1783720799999,1791376157436,legacy_historical,,,,,,,,,
1783720800000,755.22,1783721699999,1791376157436,legacy_historical,,,,,,,,,
1783721700000,755.59,1783722599999,1791376157436,legacy_historical,,,,,,,,,
1783722600000,755.72505794,1783723499999,1791376157436,legacy_historical,,,,,,,,,
1783723500000,755.77486101,1783724399999,1791376157436,legacy_historical,,,,,,,,,
1783724400000,755.79400348,1783725299999,1791376157436,legacy_historical,,,,,,,,,
1783725300000,755.55552277,1783726199999,1791376157436,legacy_historical,,,,,,,,,
1783726200000,755.86375535,1783727099999,1791376157436,legacy_historical,,,,,,,,,
1783727100000,755.71720959,1783727999999,1791376157436,legacy_historical,,,,,,,,,
1783728000000,755.81773011,1783728899999,1791376157436,legacy_historical,,,,,,,,,
1783728900000,755.85693232,1783729799999,1791376157436,legacy_historical,,,,,,,,,
1783729800000,756.00689031,1783730699999,1791376157436,legacy_historical,,,,,,,,,
1783730700000,755.98605056,1783731599999,1791376157436,legacy_historical,,,,,,,,,
1783731600000,756.28766311,1783732499999,1791376157436,legacy_historical,,,,,,,,,
1783732500000,755.97,1783733399999,1791376157436,legacy_historical,,,,,,,,,
1783733400000,755.73,1783734299999,1791376157436,legacy_historical,,,,,,,,,
1783734300000,755.81,1783735199999,1791376157436,legacy_historical,,,,,,,,,
1783735200000,755.9359623,1783736099999,1791376157436,legacy_historical,,,,,,,,,
1783736100000,755.86824629,1783736999999,1791376157436,legacy_historical,,,,,,,,,
1783737000000,755.95553859,1783737899999,1791376157436,legacy_historical,,,,,,,,,
1783737900000,756.07641188,1783738799999,1791376157436,legacy_historical,,,,,,,,,
1783738800000,756.15628323,1783739699999,1791376157436,legacy_historical,,,,,,,,,
1783739700000,756.15570098,1783740599999,1791376157436,legacy_historical,,,,,,,,,
1783740600000,756.15542705,1783741499999,1791376157436,legacy_historical,,,,,,,,,
1783741500000,755.81,1783742399999,1791376157436,legacy_historical,,,,,,,,,
1783742400000,755.97467965,1783743299999,1791376157436,legacy_historical,,,,,,,,,
1783743300000,755.95518582,1783744199999,1791376157436,legacy_historical,,,,,,,,,
1783744200000,756.19706392,1783745099999,1791376157436,legacy_historical,,,,,,,,,
1783745100000,756.0203327,1783745999999,1791376157436,legacy_historical,,,,,,,,,
1783746000000,756.00309363,1783746899999,1791376157436,legacy_historical,,,,,,,,,
1783746900000,756.60863772,1783747799999,1791376157436,legacy_historical,,,,,,,,,
1783747800000,755.86,1783748699999,1791376157436,legacy_historical,,,,,,,,,
1783748700000,755.87,1783749599999,1791376157436,legacy_historical,,,,,,,,,
1783749600000,756.09537564,1783750499999,1791376157436,legacy_historical,,,,,,,,,
1783750500000,756.14727097,1783751399999,1791376157436,legacy_historical,,,,,,,,,
1783751400000,756.52819139,1783752299999,1791376157436,legacy_historical,,,,,,,,,
1783752300000,756.6380868,1783753199999,1791376157436,legacy_historical,,,,,,,,,
1783753200000,756.82,1783754099999,1791376157436,legacy_historical,,,,,,,,,
1783754100000,756.77,1783754999999,1791376157436,legacy_historical,,,,,,,,,
1783755000000,756.64454749,1783755899999,1791376157436,legacy_historical,,,,,,,,,
1783755900000,756.75,1783756799999,1791376157436,legacy_historical,,,,,,,,,
1783756800000,756.55410602,1783757699999,1791376157436,legacy_historical,,,,,,,,,
1783757700000,757.0,1783758599999,1791376157436,legacy_historical,,,,,,,,,
1783758600000,756.5740618,1783759499999,1791376157436,legacy_historical,,,,,,,,,
1783759500000,756.56448742,1783760399999,1791376157436,legacy_historical,,,,,,,,,
1783760400000,756.22,1783761299999,1791376157436,legacy_historical,,,,,,,,,
1783761300000,756.38,1783762199999,1791376157436,legacy_historical,,,,,,,,,
1783762200000,756.3506956,1783763099999,1791376157436,legacy_historical,,,,,,,,,
1783763100000,756.55,1783763999999,1791376157436,legacy_historical,,,,,,,,,
1783764000000,756.4,1783764899999,1791376157436,legacy_historical,,,,,,,,,
1783764900000,756.66932298,1783765799999,1791376157436,legacy_historical,,,,,,,,,
1783765800000,756.74,1783766699999,1791376157436,legacy_historical,,,,,,,,,
1783766700000,756.72563719,1783767599999,1791376157436,legacy_historical,,,,,,,,,
1783767600000,756.65483091,1783768499999,1791376157436,legacy_historical,,,,,,,,,
1783768500000,756.6,1783769399999,1791376157436,legacy_historical,,,,,,,,,
1783769400000,756.64,1783770299999,1791376157436,legacy_historical,,,,,,,,,
1783770300000,756.67510648,1783771199999,1791376157436,legacy_historical,,,,,,,,,
1783771200000,756.63175127,1783772099999,1791376157436,legacy_historical,,,,,,,,,
1783772100000,756.77,1783772999999,1791376157436,legacy_historical,,,,,,,,,
1783773000000,756.53420766,1783773899999,1791376157436,legacy_historical,,,,,,,,,
1783773900000,756.54,1783774799999,1791376157436,legacy_historical,,,,,,,,,
1783774800000,756.42,1783775699999,1791376157436,legacy_historical,,,,,,,,,
1783775700000,756.40463868,1783776599999,1791376157436,legacy_historical,,,,,,,,,
1783776600000,756.32,1783777499999,1791376157436,legacy_historical,,,,,,,,,
1783777500000,756.3,1783778399999,1791376157436,legacy_historical,,,,,,,,,
1783778400000,756.67724006,1783779299999,1791376157436,legacy_historical,,,,,,,,,
1783779300000,756.64,1783780199999,1791376157436,legacy_historical,,,,,,,,,
1783780200000,757.09,1783781099999,1791376157436,legacy_historical,,,,,,,,,
1783781100000,757.00687523,1783781999999,1791376157436,legacy_historical,,,,,,,,,
1783782000000,757.21761234,1783782899999,1791376157436,legacy_historical,,,,,,,,,
1783782900000,757.28,1783783799999,1791376157436,legacy_historical,,,,,,,,,
1783783800000,757.03430363,1783784699999,1791376157436,legacy_historical,,,,,,,,,
1783784700000,757.33,1783785599999,1791376157436,legacy_historical,,,,,,,,,
1783785600000,757.36674097,1783786499999,1791376157436,legacy_historical,,,,,,,,,
1783786500000,757.19470188,1783787399999,1791376157436,legacy_historical,,,,,,,,,
1783787400000,756.9629603,1783788299999,1791376157436,legacy_historical,,,,,,,,,
1783788300000,756.96,1783789199999,1791376157436,legacy_historical,,,,,,,,,
1783789200000,757.16344084,1783790099999,1791376157436,legacy_historical,,,,,,,,,
1783790100000,757.31,1783790999999,1791376157436,legacy_historical,,,,,,,,,
1783791000000,757.48,1783791899999,1791376157436,legacy_historical,,,,,,,,,
1783791900000,757.67,1783792799999,1791376157436,legacy_historical,,,,,,,,,
1783792800000,757.14199456,1783793699999,1791376157436,legacy_historical,,,,,,,,,
1783793700000,757.39,1783794599999,1791376157436,legacy_historical,,,,,,,,,
1783794600000,757.31400992,1783795499999,1791376157436,legacy_historical,,,,,,,,,
1783795500000,757.20380752,1783796399999,1791376157436,legacy_historical,,,,,,,,,
1783796400000,757.1640378,1783797299999,1791376157436,legacy_historical,,,,,,,,,
1783797300000,757.44657422,1783798199999,1791376157436,legacy_historical,,,,,,,,,
1783798200000,757.40728144,1783799099999,1791376157436,legacy_historical,,,,,,,,,
1783799100000,757.66657897,1783799999999,1791376157436,legacy_historical,,,,,,,,,
1783800000000,757.51281677,1783800899999,1791376157436,legacy_historical,,,,,,,,,
1783800900000,757.4747382,1783801799999,1791376157436,legacy_historical,,,,,,,,,
1783801800000,757.49808632,1783802699999,1791376157436,legacy_historical,,,,,,,,,
1783802700000,757.37412495,1783803599999,1791376157436,legacy_historical,,,,,,,,,
1783803600000,757.15230323,1783804499999,1791376157436,legacy_historical,,,,,,,,,
1783804500000,757.23102904,1783805399999,1791376157436,legacy_historical,,,,,,,,,
1783805400000,757.43,1783806299999,1791376157436,legacy_historical,,,,,,,,,
1783806300000,757.33,1783807199999,1791376157436,legacy_historical,,,,,,,,,
1783807200000,757.32491337,1783808099999,1791376157436,legacy_historical,,,,,,,,,
1783808100000,757.3249243,1783808999999,1791376157436,legacy_historical,,,,,,,,,
1783809000000,756.10737717,1783809899999,1791376157436,legacy_historical,,,,,,,,,
1783809900000,756.63322499,1783810799999,1791376157436,legacy_historical,,,,,,,,,
1783810800000,755.97639768,1783811699999,1791376157436,legacy_historical,,,,,,,,,
1783811700000,755.22990017,1783812599999,1791376157436,legacy_historical,,,,,,,,,
1783812600000,755.96,1783813499999,1791376157436,legacy_historical,,,,,,,,,
1783813500000,755.7,1783814399999,1791376157436,legacy_historical,,,,,,,,,
1783814400000,755.85538742,1783815299999,1791376157436,legacy_historical,,,,,,,,,
1783815300000,755.52267185,1783816199999,1791376157436,legacy_historical,,,,,,,,,
1783816200000,755.2315399,1783817099999,1791376157436,legacy_historical,,,,,,,,,
1783817100000,755.15,1783817999999,1791376157436,legacy_historical,,,,,,,,,
1783818000000,754.99,1783818899999,1791376157436,legacy_historical,,,,,,,,,
1783818900000,755.57,1783819799999,1791376157436,legacy_historical,,,,,,,,,
1783819800000,754.93,1783820699999,1791376157436,legacy_historical,,,,,,,,,
1783820700000,755.52,1783821599999,1791376157436,legacy_historical,,,,,,,,,
1783821600000,754.78147222,1783822499999,1791376157436,legacy_historical,,,,,,,,,
1783822500000,754.97445144,1783823399999,1791376157436,legacy_historical,,,,,,,,,
1783823400000,754.89,1783824299999,1791376157436,legacy_historical,,,,,,,,,
1783824300000,755.04,1783825199999,1791376157436,legacy_historical,,,,,,,,,
1783825200000,754.9,1783826099999,1791376157436,legacy_historical,,,,,,,,,
1783826100000,754.64,1783826999999,1791376157436,legacy_historical,,,,,,,,,
1783827000000,754.65,1783827899999,1791376157436,legacy_historical,,,,,,,,,
1783827900000,754.7453541,1783828799999,1791376157436,legacy_historical,,,,,,,,,
1783828800000,755.18866245,1783829699999,1791376157436,legacy_historical,,,,,,,,,
1783829700000,755.14,1783830599999,1791376157436,legacy_historical,,,,,,,,,
1783830600000,755.37,1783831499999,1791376157436,legacy_historical,,,,,,,,,
1783831500000,755.06432544,1783832399999,1791376157436,legacy_historical,,,,,,,,,
1783832400000,755.05439547,1783833299999,1791376157436,legacy_historical,,,,,,,,,
1783833300000,755.01,1783834199999,1791376157436,legacy_historical,,,,,,,,,
1783834200000,754.99460895,1783835099999,1791376157436,legacy_historical,,,,,,,,,
1783835100000,754.59,1783835999999,1791376157436,legacy_historical,,,,,,,,,
1783836000000,754.2813641,1783836899999,1791376157436,legacy_historical,,,,,,,,,
1783836900000,754.0003344,1783837799999,1791376157436,legacy_historical,,,,,,,,,
1783837800000,754.52,1783838699999,1791376157436,legacy_historical,,,,,,,,,
1783838700000,754.37510219,1783839599999,1791376157436,legacy_historical,,,,,,,,,
1783839600000,754.18,1783840499999,1791376157436,legacy_historical,,,,,,,,,
1783840500000,754.19,1783841399999,1791376157436,legacy_historical,,,,,,,,,
1783841400000,754.07,1783842299999,1791376157436,legacy_historical,,,,,,,,,
1783842300000,754.13010206,1783843199999,1791376157436,legacy_historical,,,,,,,,,
1783843200000,754.62,1783844099999,1791376157436,legacy_historical,,,,,,,,,
1783844100000,754.35517378,1783844999999,1791376157436,legacy_historical,,,,,,,,,
1783845000000,754.72,1783845899999,1791376157436,legacy_historical,,,,,,,,,
1783845900000,754.56501608,1783846799999,1791376157436,legacy_historical,,,,,,,,,
1783846800000,754.52477563,1783847699999,1791376157436,legacy_historical,,,,,,,,,
1783847700000,754.56,1783848599999,1791376157436,legacy_historical,,,,,,,,,
1783848600000,754.55377687,1783849499999,1791376157436,legacy_historical,,,,,,,,,
1783849500000,754.59,1783850399999,1791376157436,legacy_historical,,,,,,,,,
1783850400000,754.51018871,1783851299999,1791376157436,legacy_historical,,,,,,,,,
1783851300000,754.63577358,1783852199999,1791376157436,legacy_historical,,,,,,,,,
1783852200000,754.53477194,1783853099999,1791376157436,legacy_historical,,,,,,,,,
1783853100000,754.82783803,1783853999999,1791376157436,legacy_historical,,,,,,,,,
1783854000000,754.8520498,1783854899999,1791376157436,legacy_historical,,,,,,,,,
1783854900000,754.65,1783855799999,1791376157436,legacy_historical,,,,,,,,,
1783855800000,754.89685791,1783856699999,1791376157436,legacy_historical,,,,,,,,,
1783856700000,755.21560838,1783857599999,1791376157436,legacy_historical,,,,,,,,,
1783857600000,755.42,1783858499999,1791376157436,legacy_historical,,,,,,,,,
1783858500000,755.17,1783859399999,1791376157436,legacy_historical,,,,,,,,,
1783859400000,754.75199279,1783860299999,1791376157436,legacy_historical,,,,,,,,,
1783860300000,754.95,1783861199999,1791376157436,legacy_historical,,,,,,,,,
1783861200000,755.29635819,1783862099999,1791376157436,legacy_historical,,,,,,,,,
1783862100000,755.37,1783862999999,1791376157436,legacy_historical,,,,,,,,,
1783863000000,754.72,1783863899999,1791376157436,legacy_historical,,,,,,,,,
1783863900000,754.56490077,1783864799999,1791376157436,legacy_historical,,,,,,,,,
1783864800000,754.67697726,1783865699999,1791376157436,legacy_historical,,,,,,,,,
1783865700000,754.60370242,1783866599999,1791376157436,legacy_historical,,,,,,,,,
1783866600000,754.66449306,1783867499999,1791376157436,legacy_historical,,,,,,,,,
1783867500000,754.79,1783868399999,1791376157436,legacy_historical,,,,,,,,,
1783868400000,754.84,1783869299999,1791376157436,legacy_historical,,,,,,,,,
1783869300000,755.39,1783870199999,1791376157436,legacy_historical,,,,,,,,,
1783870200000,755.53,1783871099999,1791376157436,legacy_historical,,,,,,,,,
1783871100000,755.2356798,1783871999999,1791376157436,legacy_historical,,,,,,,,,
1783872000000,754.97,1783872899999,1791376157436,legacy_historical,,,,,,,,,
1783872900000,754.95364946,1783873799999,1791376157436,legacy_historical,,,,,,,,,
1783873800000,755.22,1783874699999,1791376157436,legacy_historical,,,,,,,,,
1783874700000,754.89416919,1783875599999,1791376157436,legacy_historical,,,,,,,,,
1783875600000,754.72,1783876499999,1791376157436,legacy_historical,,,,,,,,,
1783876500000,754.71376925,1783877399999,1791376157436,legacy_historical,,,,,,,,,
1783877400000,754.84084265,1783878299999,1791376157436,legacy_historical,,,,,,,,,
1783878300000,754.71463905,1783879199999,1791376157436,legacy_historical,,,,,,,,,
1783879200000,754.65437931,1783880099999,1791376157436,legacy_historical,,,,,,,,,
1783880100000,754.3912971,1783880999999,1791376157436,legacy_historical,,,,,,,,,
1783881000000,754.49271563,1783881899999,1791376157436,legacy_historical,,,,,,,,,
1783881900000,754.79,1783882799999,1791376157436,legacy_historical,,,,,,,,,
1783882800000,754.85,1783883699999,1791376157436,legacy_historical,,,,,,,,,
1783883700000,754.66404148,1783884599999,1791376157436,legacy_historical,,,,,,,,,
1783884600000,754.62398834,1783885499999,1791376157436,legacy_historical,,,,,,,,,
1783885500000,754.76541519,1783886399999,1791376157436,legacy_historical,,,,,,,,,
1783886400000,755.06,1783887299999,1791376157436,legacy_historical,,,,,,,,,
1783887300000,754.79435107,1783888199999,1791376157436,legacy_historical,,,,,,,,,
1783888200000,754.68524895,1783889099999,1791376157436,legacy_historical,,,,,,,,,
1783889100000,754.87527016,1783889999999,1791376157436,legacy_historical,,,,,,,,,
1783890000000,754.7329454,1783890899999,1791376157436,legacy_historical,,,,,,,,,
1783890900000,754.41,1783891799999,1791376157436,legacy_historical,,,,,,,,,
1783891800000,754.85696618,1783892699999,1791376157436,legacy_historical,,,,,,,,,
1783892700000,754.21851202,1783893599999,1791376157436,legacy_historical,,,,,,,,,
1783893600000,752.67,1783894499999,1791376157436,legacy_historical,,,,,,,,,
1783894500000,752.9,1783895399999,1791376157436,legacy_historical,,,,,,,,,
1783895400000,753.25,1783896299999,1791376157436,legacy_historical,,,,,,,,,
1783896300000,753.38033088,1783897199999,1791376157436,legacy_historical,,,,,,,,,
1783897200000,753.11,1783898099999,1791376157436,legacy_historical,,,,,,,,,
1783898100000,753.08071424,1783898999999,1791376157436,legacy_historical,,,,,,,,,
1783899000000,753.02,1783899899999,1791376157436,legacy_historical,,,,,,,,,
1783899900000,753.22205167,1783900799999,1791376157436,legacy_historical,,,,,,,,,
1783900800000,754.57432296,1783901699999,1791376157436,legacy_historical,,,,,,,,,
1783901700000,754.01780432,1783902599999,1791376157436,legacy_historical,,,,,,,,,
1783902600000,753.20804776,1783903499999,1791376157436,legacy_historical,,,,,,,,,
1783903500000,752.88501555,1783904399999,1791376157436,legacy_historical,,,,,,,,,
1783904400000,752.54759685,1783905299999,1791376157436,legacy_historical,,,,,,,,,
1783905300000,752.60177724,1783906199999,1791376157436,legacy_historical,,,,,,,,,
1783906200000,752.61,1783907099999,1791376157436,legacy_historical,,,,,,,,,
1783907100000,752.36628271,1783907999999,1791376157436,legacy_historical,,,,,,,,,
1783908000000,752.15738131,1783908899999,1791376157436,legacy_historical,,,,,,,,,
1783908900000,752.54899726,1783909799999,1791376157436,legacy_historical,,,,,,,,,
1783909800000,752.19,1783910699999,1791376157436,legacy_historical,,,,,,,,,
1783910700000,751.72674141,1783911599999,1791376157436,legacy_historical,,,,,,,,,
1783911600000,751.55874436,1783912499999,1791376157436,legacy_historical,,,,,,,,,
1783912500000,751.8,1783913399999,1791376157436,legacy_historical,,,,,,,,,
1783913400000,751.6729218,1783914299999,1791376157436,legacy_historical,,,,,,,,,
1783914300000,751.52531906,1783915199999,1791376157436,legacy_historical,,,,,,,,,
1783915200000,751.22,1783916099999,1791376157436,legacy_historical,,,,,,,,,
1783916100000,751.14626541,1783916999999,1791376157436,legacy_historical,,,,,,,,,
1783917000000,750.75,1783917899999,1791376157436,legacy_historical,,,,,,,,,
1783917900000,750.88577947,1783918799999,1791376157436,legacy_historical,,,,,,,,,
1783918800000,751.5,1783919699999,1791376157436,legacy_historical,,,,,,,,,
1783919700000,750.34907374,1783920599999,1791376157436,legacy_historical,,,,,,,,,
1783920600000,750.77170761,1783921499999,1791376157436,legacy_historical,,,,,,,,,
1783921500000,751.0,1783922399999,1791376157436,legacy_historical,,,,,,,,,
1783922400000,750.68,1783923299999,1791376157436,legacy_historical,,,,,,,,,
1783923300000,751.55370948,1783924199999,1791376157436,legacy_historical,,,,,,,,,
1783924200000,751.57522759,1783925099999,1791376157436,legacy_historical,,,,,,,,,
1783925100000,751.64,1783925999999,1791376157436,legacy_historical,,,,,,,,,
1783926000000,752.36598131,1783926899999,1791376157436,legacy_historical,,,,,,,,,
1783926900000,751.97,1783927799999,1791376157436,legacy_historical,,,,,,,,,
1783927800000,752.0,1783928699999,1791376157436,legacy_historical,,,,,,,,,
1783928700000,752.04,1783929599999,1791376157436,legacy_historical,,,,,,,,,
1783929600000,752.91977232,1783930499999,1791376157436,legacy_historical,,,,,,,,,
1783930500000,752.99171027,1783931399999,1791376157436,legacy_historical,,,,,,,,,
1783931400000,753.01,1783932299999,1791376157436,legacy_historical,,,,,,,,,
1783932300000,753.2608977,1783933199999,1791376157436,legacy_historical,,,,,,,,,
1783933200000,753.1,1783934099999,1791376157436,legacy_historical,,,,,,,,,
1783934100000,753.55526354,1783934999999,1791376157436,legacy_historical,,,,,,,,,
1783935000000,753.62664177,1783935899999,1791376157436,legacy_historical,,,,,,,,,
1783935900000,753.5,1783936799999,1791376157436,legacy_historical,,,,,,,,,
1783936800000,753.19,1783937699999,1791376157436,legacy_historical,,,,,,,,,
1783937700000,753.01431604,1783938599999,1791376157436,legacy_historical,,,,,,,,,
1783938600000,753.04,1783939499999,1791376157436,legacy_historical,,,,,,,,,
1783939500000,753.07,1783940399999,1791376157436,legacy_historical,,,,,,,,,
1783940400000,753.06,1783941299999,1791376157436,legacy_historical,,,,,,,,,
1783941300000,753.26133569,1783942199999,1791376157436,legacy_historical,,,,,,,,,
1783942200000,753.11541827,1783943099999,1791376157436,legacy_historical,,,,,,,,,
1783943100000,752.71,1783943999999,1791376157436,legacy_historical,,,,,,,,,
1783944000000,752.48,1783944899999,1791376157436,legacy_historical,,,,,,,,,
1783944900000,752.28197181,1783945799999,1791376157436,legacy_historical,,,,,,,,,
1783945800000,752.34904336,1783946699999,1791376157436,legacy_historical,,,,,,,,,
1783946700000,752.94795509,1783947599999,1791376157436,legacy_historical,,,,,,,,,
1783947600000,752.95,1783948499999,1791376157436,legacy_historical,,,,,,,,,
1783948500000,752.8,1783949399999,1791376157436,legacy_historical,,,,,,,,,
1783949400000,753.40168885,1783950299999,1791376157436,legacy_historical,,,,,,,,,
1783950300000,753.9,1783951199999,1791376157436,legacy_historical,,,,,,,,,
1783951200000,753.57,1783952099999,1791376157436,legacy_historical,,,,,,,,,
1783952100000,753.34,1783952999999,1791376157436,legacy_historical,,,,,,,,,
1783953000000,751.84,1783953899999,1791376157436,legacy_historical,,,,,,,,,
1783953900000,753.1,1783954799999,1791376157436,legacy_historical,,,,,,,,,
1783954800000,752.48755291,1783955699999,1791376157436,legacy_historical,,,,,,,,,
1783955700000,752.76,1783956599999,1791376157436,legacy_historical,,,,,,,,,
1783956600000,752.04044554,1783957499999,1791376157436,legacy_historical,,,,,,,,,
1783957500000,751.6108887,1783958399999,1791376157436,legacy_historical,,,,,,,,,
1783958400000,751.74,1783959299999,1791376157436,legacy_historical,,,,,,,,,
1783959300000,750.67,1783960199999,1791376157436,legacy_historical,,,,,,,,,
1783960200000,750.73,1783961099999,1791376157436,legacy_historical,,,,,,,,,
1783961100000,750.37640974,1783961999999,1791376157436,legacy_historical,,,,,,,,,
1783962000000,750.46183199,1783962899999,1791376157436,legacy_historical,,,,,,,,,
1783962900000,750.26,1783963799999,1791376157436,legacy_historical,,,,,,,,,
1783963800000,750.38,1783964699999,1791376157436,legacy_historical,,,,,,,,,
1783964700000,749.60148626,1783965599999,1791376157436,legacy_historical,,,,,,,,,
1783965600000,750.06,1783966499999,1791376157436,legacy_historical,,,,,,,,,
1783966500000,749.5,1783967399999,1791376157436,legacy_historical,,,,,,,,,
1783967400000,750.1,1783968299999,1791376157436,legacy_historical,,,,,,,,,
1783968300000,749.87,1783969199999,1791376157436,legacy_historical,,,,,,,,,
1783969200000,749.63,1783970099999,1791376157436,legacy_historical,,,,,,,,,
1783970100000,748.67381406,1783970999999,1791376157436,legacy_historical,,,,,,,,,
1783971000000,749.29,1783971899999,1791376157436,legacy_historical,,,,,,,,,
1783971900000,749.49,1783972799999,1791376157436,legacy_historical,,,,,,,,,
1783972800000,749.16177862,1783973699999,1791376157436,legacy_historical,,,,,,,,,
1783973700000,748.7958104,1783974599999,1791376157436,legacy_historical,,,,,,,,,
1783974600000,748.58,1783975499999,1791376157436,legacy_historical,,,,,,,,,
1783975500000,748.59998776,1783976399999,1791376157436,legacy_historical,,,,,,,,,
1783976400000,748.51494475,1783977299999,1791376157436,legacy_historical,,,,,,,,,
1783977300000,748.63,1783978199999,1791376157436,legacy_historical,,,,,,,,,
1783978200000,748.54,1783979099999,1791376157436,legacy_historical,,,,,,,,,
1783979100000,748.51,1783979999999,1791376157436,legacy_historical,,,,,,,,,
1783980000000,748.91947075,1783980899999,1791376157436,legacy_historical,,,,,,,,,
1783980900000,748.74,1783981799999,1791376157436,legacy_historical,,,,,,,,,
1783981800000,748.79,1783982699999,1791376157436,legacy_historical,,,,,,,,,
1783982700000,748.30450743,1783983599999,1791376157436,legacy_historical,,,,,,,,,
1783983600000,747.90652493,1783984499999,1791376157436,legacy_historical,,,,,,,,,
1783984500000,747.84,1783985399999,1791376157436,legacy_historical,,,,,,,,,
1783985400000,747.33,1783986299999,1791376157436,legacy_historical,,,,,,,,,
1783986300000,748.37,1783987199999,1791376157436,legacy_historical,,,,,,,,,
1783987200000,748.69,1783988099999,1791376157436,legacy_historical,,,,,,,,,
1783988100000,747.67498212,1783988999999,1791376157436,legacy_historical,,,,,,,,,
1783989000000,747.58,1783989899999,1791376157436,legacy_historical,,,,,,,,,
1783989900000,749.02688488,1783990799999,1791376157436,legacy_historical,,,,,,,,,
1783990800000,748.62,1783991699999,1791376157436,legacy_historical,,,,,,,,,
1783991700000,748.80407795,1783992599999,1791376157436,legacy_historical,,,,,,,,,
1783992600000,748.35343386,1783993499999,1791376157436,legacy_historical,,,,,,,,,
1783993500000,747.98883334,1783994399999,1791376157436,legacy_historical,,,,,,,,,
1783994400000,747.88,1783995299999,1791376157436,legacy_historical,,,,,,,,,
1783995300000,747.47,1783996199999,1791376157436,legacy_historical,,,,,,,,,
1783996200000,747.95,1783997099999,1791376157436,legacy_historical,,,,,,,,,
1783997100000,747.21,1783997999999,1791376157436,legacy_historical,,,,,,,,,
1783998000000,746.6478699,1783998899999,1791376157436,legacy_historical,,,,,,,,,
1783998900000,747.21,1783999799999,1791376157436,legacy_historical,,,,,,,,,
1783999800000,746.84456857,1784000699999,1791376157436,legacy_historical,,,,,,,,,
1784000700000,747.66493292,1784001599999,1791376157436,legacy_historical,,,,,,,,,
1784001600000,747.36778816,1784002499999,1791376157436,legacy_historical,,,,,,,,,
1784002500000,748.05250766,1784003399999,1791376157436,legacy_historical,,,,,,,,,
1784003400000,748.79027781,1784004299999,1791376157436,legacy_historical,,,,,,,,,
1784004300000,749.16944375,1784005199999,1791376157436,legacy_historical,,,,,,,,,
1784005200000,749.44193274,1784006099999,1791376157436,legacy_historical,,,,,,,,,
1784006100000,750.0,1784006999999,1791376157436,legacy_historical,,,,,,,,,
1784007000000,749.96310033,1784007899999,1791376157436,legacy_historical,,,,,,,,,
1784007900000,749.85198043,1784008799999,1791376157436,legacy_historical,,,,,,,,,
1784008800000,750.3809595,1784009699999,1791376157436,legacy_historical,,,,,,,,,
1784009700000,749.80264379,1784010599999,1791376157436,legacy_historical,,,,,,,,,
1784010600000,749.42,1784011499999,1791376157436,legacy_historical,,,,,,,,,
1784011500000,749.0463417,1784012399999,1791376157436,legacy_historical,,,,,,,,,
1784012400000,749.59,1784013299999,1791376157436,legacy_historical,,,,,,,,,
1784013300000,749.36,1784014199999,1791376157436,legacy_historical,,,,,,,,,
1784014200000,748.83,1784015099999,1791376157436,legacy_historical,,,,,,,,,
1784015100000,749.07,1784015999999,1791376157436,legacy_historical,,,,,,,,,
1784016000000,748.9,1784016899999,1791376157436,legacy_historical,,,,,,,,,
1784016900000,749.47768706,1784017799999,1791376157436,legacy_historical,,,,,,,,,
1784017800000,749.21836128,1784018699999,1791376157436,legacy_historical,,,,,,,,,
1784018700000,748.64043919,1784019599999,1791376157436,legacy_historical,,,,,,,,,
1784019600000,749.49450677,1784020499999,1791376157436,legacy_historical,,,,,,,,,
1784020500000,748.69,1784021399999,1791376157436,legacy_historical,,,,,,,,,
1784021400000,749.01185782,1784022299999,1791376157436,legacy_historical,,,,,,,,,
1784022300000,748.97,1784023199999,1791376157436,legacy_historical,,,,,,,,,
1784023200000,748.93534065,1784024099999,1791376157436,legacy_historical,,,,,,,,,
1784024100000,748.65064579,1784024999999,1791376157436,legacy_historical,,,,,,,,,
1784025000000,748.75666771,1784025899999,1791376157436,legacy_historical,,,,,,,,,
1784025900000,748.8,1784026799999,1791376157436,legacy_historical,,,,,,,,,
1784026800000,748.46020283,1784027699999,1791376157436,legacy_historical,,,,,,,,,
1784027700000,749.06,1784028599999,1791376157436,legacy_historical,,,,,,,,,
1784028600000,748.61,1784029499999,1791376157436,legacy_historical,,,,,,,,,
1784029500000,748.79208207,1784030399999,1791376157436,legacy_historical,,,,,,,,,
1784030400000,748.06750739,1784031299999,1791376157436,legacy_historical,,,,,,,,,
1784031300000,749.28829447,1784032199999,1791376157436,legacy_historical,,,,,,,,,
1784032200000,752.10888641,1784033099999,1791376157436,legacy_historical,,,,,,,,,
1784033100000,751.19,1784033999999,1791376157436,legacy_historical,,,,,,,,,
1784034000000,751.12474762,1784034899999,1791376157436,legacy_historical,,,,,,,,,
1784034900000,751.20492477,1784035799999,1791376157436,legacy_historical,,,,,,,,,
1784035800000,751.57389299,1784036699999,1791376157436,legacy_historical,,,,,,,,,
1784036700000,751.55556596,1784037599999,1791376157436,legacy_historical,,,,,,,,,
1784037600000,750.7534429,1784038499999,1791376157436,legacy_historical,,,,,,,,,
1784038500000,751.19,1784039399999,1791376157436,legacy_historical,,,,,,,,,
1784039400000,751.59449688,1784040299999,1791376157436,legacy_historical,,,,,,,,,
1784040300000,752.17,1784041199999,1791376157436,legacy_historical,,,,,,,,,
1784041200000,752.94,1784042099999,1791376157436,legacy_historical,,,,,,,,,
1784042100000,753.14,1784042999999,1791376157436,legacy_historical,,,,,,,,,
1784043000000,752.10476399,1784043899999,1791376157436,legacy_historical,,,,,,,,,
1784043900000,751.40229553,1784044799999,1791376157436,legacy_historical,,,,,,,,,
1784044800000,750.97,1784045699999,1791376157436,legacy_historical,,,,,,,,,
1784045700000,751.24,1784046599999,1791376157436,legacy_historical,,,,,,,,,
1784046600000,751.9,1784047499999,1791376157436,legacy_historical,,,,,,,,,
1784047500000,752.23206843,1784048399999,1791376157436,legacy_historical,,,,,,,,,
1784048400000,752.27295646,1784049299999,1791376157436,legacy_historical,,,,,,,,,
1784049300000,752.74,1784050199999,1791376157436,legacy_historical,,,,,,,,,
1784050200000,752.46,1784051099999,1791376157436,legacy_historical,,,,,,,,,
1784051100000,752.7893897,1784051999999,1791376157436,legacy_historical,,,,,,,,,
1784052000000,753.0,1784052899999,1791376157436,legacy_historical,,,,,,,,,
1784052900000,752.93,1784053799999,1791376157436,legacy_historical,,,,,,,,,
1784053800000,752.42836892,1784054699999,1791376157436,legacy_historical,,,,,,,,,
1784054700000,752.61,1784055599999,1791376157436,legacy_historical,,,,,,,,,
1784055600000,752.49,1784056499999,1791376157436,legacy_historical,,,,,,,,,
1784056500000,752.56010016,1784057399999,1791376157436,legacy_historical,,,,,,,,,
1784057400000,752.74984535,1784058299999,1791376157436,legacy_historical,,,,,,,,,
1784058300000,752.4499945,1784059199999,1791376157436,legacy_historical,,,,,,,,,
1784059200000,752.37,1784060099999,1791376157436,legacy_historical,,,,,,,,,
1784060100000,752.08836992,1784060999999,1791376157436,legacy_historical,,,,,,,,,
1784061000000,752.25,1784061899999,1791376157436,legacy_historical,,,,,,,,,
1784061900000,752.43,1784062799999,1791376157436,legacy_historical,,,,,,,,,
1784062800000,752.53542526,1784063699999,1791376157436,legacy_historical,,,,,,,,,
1784063700000,752.54,1784064599999,1791376157436,legacy_historical,,,,,,,,,
1784064600000,752.55,1784065499999,1791376157436,legacy_historical,,,,,,,,,
1784065500000,752.54,1784066399999,1791376157436,legacy_historical,,,,,,,,,
1784066400000,751.81,1784067299999,1791376157436,legacy_historical,,,,,,,,,
1784067300000,752.46813298,1784068199999,1791376157436,legacy_historical,,,,,,,,,
1784068200000,752.48,1784069099999,1791376157436,legacy_historical,,,,,,,,,
1784069100000,752.33,1784069999999,1791376157436,legacy_historical,,,,,,,,,
1784070000000,752.61,1784070899999,1791376157436,legacy_historical,,,,,,,,,
1784070900000,753.2571206,1784071799999,1791376157436,legacy_historical,,,,,,,,,
1784071800000,753.48392761,1784072699999,1791376157436,legacy_historical,,,,,,,,,
1784072700000,753.54,1784073599999,1791376157436,legacy_historical,,,,,,,,,
1784073600000,753.72,1784074499999,1791376157436,legacy_historical,,,,,,,,,
1784074500000,753.67640285,1784075399999,1791376157436,legacy_historical,,,,,,,,,
1784075400000,752.78,1784076299999,1791376157436,legacy_historical,,,,,,,,,
1784076300000,753.57604387,1784077199999,1791376157436,legacy_historical,,,,,,,,,
1784077200000,753.24535647,1784078099999,1791376157436,legacy_historical,,,,,,,,,
1784078100000,753.56,1784078999999,1791376157436,legacy_historical,,,,,,,,,
1784079000000,753.27,1784079899999,1791376157436,legacy_historical,,,,,,,,,
1784079900000,753.92,1784080799999,1791376157436,legacy_historical,,,,,,,,,
1784080800000,753.86,1784081699999,1791376157436,legacy_historical,,,,,,,,,
1784081700000,753.94,1784082599999,1791376157436,legacy_historical,,,,,,,,,
1784082600000,754.08,1784083499999,1791376157436,legacy_historical,,,,,,,,,
1784083500000,753.8,1784084399999,1791376157436,legacy_historical,,,,,,,,,
1784084400000,753.7,1784085299999,1791376157436,legacy_historical,,,,,,,,,
1784085300000,753.94716403,1784086199999,1791376157436,legacy_historical,,,,,,,,,
1784086200000,753.93008138,1784087099999,1791376157436,legacy_historical,,,,,,,,,
1784087100000,754.16611431,1784087999999,1791376157436,legacy_historical,,,,,,,,,
1784088000000,754.14925147,1784088899999,1791376157436,legacy_historical,,,,,,,,,
1784088900000,754.16,1784089799999,1791376157436,legacy_historical,,,,,,,,,
1784089800000,754.21,1784090699999,1791376157436,legacy_historical,,,,,,,,,
1784090700000,754.28,1784091599999,1791376157436,legacy_historical,,,,,,,,,
1784091600000,753.87,1784092499999,1791376157436,legacy_historical,,,,,,,,,
1784092500000,753.73,1784093399999,1791376157436,legacy_historical,,,,,,,,,
1784093400000,753.88,1784094299999,1791376157436,legacy_historical,,,,,,,,,
1784094300000,754.2,1784095199999,1791376157436,legacy_historical,,,,,,,,,
1784095200000,754.19804351,1784096099999,1791376157436,legacy_historical,,,,,,,,,
1784096100000,754.35,1784096999999,1791376157436,legacy_historical,,,,,,,,,
1784097000000,754.14772901,1784097899999,1791376157436,legacy_historical,,,,,,,,,
1784097900000,754.15,1784098799999,1791376157436,legacy_historical,,,,,,,,,
1784098800000,754.06132844,1784099699999,1791376157436,legacy_historical,,,,,,,,,
1784099700000,753.29,1784100599999,1791376157436,legacy_historical,,,,,,,,,
1784100600000,753.61,1784101499999,1791376157436,legacy_historical,,,,,,,,,
1784101500000,753.88,1784102399999,1791376157436,legacy_historical,,,,,,,,,
1784102400000,753.41,1784103299999,1791376157436,legacy_historical,,,,,,,,,
1784103300000,753.46,1784104199999,1791376157436,legacy_historical,,,,,,,,,
1784104200000,753.78,1784105099999,1791376157436,legacy_historical,,,,,,,,,
1784105100000,753.99,1784105999999,1791376157436,legacy_historical,,,,,,,,,
1784106000000,754.12673314,1784106899999,1791376157436,legacy_historical,,,,,,,,,
1784106900000,754.09446781,1784107799999,1791376157436,legacy_historical,,,,,,,,,
1784107800000,754.26,1784108699999,1791376157436,legacy_historical,,,,,,,,,
1784108700000,753.78,1784109599999,1791376157436,legacy_historical,,,,,,,,,
1784109600000,753.99,1784110499999,1791376157436,legacy_historical,,,,,,,,,
1784110500000,753.16920739,1784111399999,1791376157436,legacy_historical,,,,,,,,,
1784111400000,753.26713017,1784112299999,1791376157436,legacy_historical,,,,,,,,,
1784112300000,752.5063917,1784113199999,1791376157436,legacy_historical,,,,,,,,,
1784113200000,753.49138572,1784114099999,1791376157436,legacy_historical,,,,,,,,,
1784114100000,753.43,1784114999999,1791376157436,legacy_historical,,,,,,,,,
1784115000000,753.5,1784115899999,1791376157436,legacy_historical,,,,,,,,,
1784115900000,753.37708523,1784116799999,1791376157436,legacy_historical,,,,,,,,,
1784116800000,752.98297277,1784117699999,1791376157436,legacy_historical,,,,,,,,,
1784117700000,752.71301736,1784118599999,1791376157436,legacy_historical,,,,,,,,,
1784118600000,754.36748046,1784119499999,1791376157436,legacy_historical,,,,,,,,,
1784119500000,754.51750049,1784120399999,1791376157436,legacy_historical,,,,,,,,,
1784120400000,754.07,1784121299999,1791376157436,legacy_historical,,,,,,,,,
1784121300000,754.54,1784122199999,1791376157436,legacy_historical,,,,,,,,,
1784122200000,754.68,1784123099999,1791376157436,legacy_historical,,,,,,,,,
1784123100000,754.71203909,1784123999999,1791376157436,legacy_historical,,,,,,,,,
1784124000000,755.07927298,1784124899999,1791376157436,legacy_historical,,,,,,,,,
1784124900000,754.89,1784125799999,1791376157436,legacy_historical,,,,,,,,,
1784125800000,753.85,1784126699999,1791376157436,legacy_historical,,,,,,,,,
1784126700000,753.86058973,1784127599999,1791376157436,legacy_historical,,,,,,,,,
1784127600000,753.43,1784128499999,1791376157436,legacy_historical,,,,,,,,,
1784128500000,753.93,1784129399999,1791376157436,legacy_historical,,,,,,,,,
1784129400000,753.492081,1784130299999,1791376157436,legacy_historical,,,,,,,,,
1784130300000,753.0,1784131199999,1791376157436,legacy_historical,,,,,,,,,
1784131200000,751.59757003,1784132099999,1791376157436,legacy_historical,,,,,,,,,
1784132100000,751.14,1784132999999,1791376157436,legacy_historical,,,,,,,,,
1784133000000,751.18624703,1784133899999,1791376157436,legacy_historical,,,,,,,,,
1784133900000,751.93,1784134799999,1791376157436,legacy_historical,,,,,,,,,
1784134800000,752.07,1784135699999,1791376157436,legacy_historical,,,,,,,,,
1784135700000,753.11,1784136599999,1791376157436,legacy_historical,,,,,,,,,
1784136600000,753.6,1784137499999,1791376157436,legacy_historical,,,,,,,,,
1784137500000,754.37,1784138399999,1791376157436,legacy_historical,,,,,,,,,
1784138400000,754.72,1784139299999,1791376157436,legacy_historical,,,,,,,,,
1784139300000,754.90745494,1784140199999,1791376157436,legacy_historical,,,,,,,,,
1784140200000,754.32,1784141099999,1791376157436,legacy_historical,,,,,,,,,
1784141100000,753.52,1784141999999,1791376157436,legacy_historical,,,,,,,,,
1784142000000,754.05,1784142899999,1791376157436,legacy_historical,,,,,,,,,
1784142900000,753.86,1784143799999,1791376157436,legacy_historical,,,,,,,,,
1784143800000,754.37869993,1784144699999,1791376157436,legacy_historical,,,,,,,,,
1784144700000,754.85736041,1784145599999,1791376157436,legacy_historical,,,,,,,,,
1784145600000,754.71839656,1784146499999,1791376157436,legacy_historical,,,,,,,,,
1784146500000,754.8383998,1784147399999,1791376157436,legacy_historical,,,,,,,,,
1784147400000,754.82394399,1784148299999,1791376157436,legacy_historical,,,,,,,,,
1784148300000,754.85519164,1784149199999,1791376157436,legacy_historical,,,,,,,,,
1784149200000,754.91128501,1784150099999,1791376157436,legacy_historical,,,,,,,,,
1784150100000,754.65,1784150999999,1791376157436,legacy_historical,,,,,,,,,
1784151000000,754.72,1784151899999,1791376157436,legacy_historical,,,,,,,,,
1784151900000,754.69,1784152799999,1791376157436,legacy_historical,,,,,,,,,
1784152800000,755.16,1784153699999,1791376157436,legacy_historical,,,,,,,,,
1784153700000,754.9,1784154599999,1791376157436,legacy_historical,,,,,,,,,
1784154600000,754.83,1784155499999,1791376157436,legacy_historical,,,,,,,,,
1784155500000,755.15,1784156399999,1791376157436,legacy_historical,,,,,,,,,
1784156400000,755.19440107,1784157299999,1791376157436,legacy_historical,,,,,,,,,
1784157300000,755.35,1784158199999,1791376157436,legacy_historical,,,,,,,,,
1784158200000,755.34261428,1784159099999,1791376157436,legacy_historical,,,,,,,,,
1784159100000,754.98684439,1784159999999,1791376157436,legacy_historical,,,,,,,,,
1784160000000,755.9,1784160899999,1791376157436,legacy_historical,,,,,,,,,
1784160900000,755.24,1784161799999,1791376157436,legacy_historical,,,,,,,,,
1784161800000,754.87514208,1784162699999,1791376157436,legacy_historical,,,,,,,,,
1784162700000,754.93,1784163599999,1791376157436,legacy_historical,,,,,,,,,
1784163600000,754.79735542,1784164499999,1791376157436,legacy_historical,,,,,,,,,
1784164500000,754.47202217,1784165399999,1791376157436,legacy_historical,,,,,,,,,
1784165400000,754.5865403,1784166299999,1791376157436,legacy_historical,,,,,,,,,
1784166300000,754.83,1784167199999,1791376157436,legacy_historical,,,,,,,,,
1784167200000,754.68,1784168099999,1791376157436,legacy_historical,,,,,,,,,
1784168100000,755.27,1784168999999,1791376157436,legacy_historical,,,,,,,,,
1784169000000,755.22,1784169899999,1791376157436,legacy_historical,,,,,,,,,
1784169900000,755.69141477,1784170799999,1791376157436,legacy_historical,,,,,,,,,
1784170800000,755.70021384,1784171699999,1791376157436,legacy_historical,,,,,,,,,
1784171700000,755.53,1784172599999,1791376157436,legacy_historical,,,,,,,,,
1784172600000,755.74824743,1784173499999,1791376157436,legacy_historical,,,,,,,,,
1784173500000,755.87,1784174399999,1791376157436,legacy_historical,,,,,,,,,
1784174400000,756.03259151,1784175299999,1791376157436,legacy_historical,,,,,,,,,
1784175300000,755.65508297,1784176199999,1791376157436,legacy_historical,,,,,,,,,
1784176200000,755.62,1784177099999,1791376157436,legacy_historical,,,,,,,,,
1784177100000,755.61,1784177999999,1791376157436,legacy_historical,,,,,,,,,
1784178000000,756.04,1784178899999,1791376157436,legacy_historical,,,,,,,,,
1784178900000,756.08,1784179799999,1791376157436,legacy_historical,,,,,,,,,
1784179800000,755.46,1784180699999,1791376157436,legacy_historical,,,,,,,,,
1784180700000,755.18505531,1784181599999,1791376157436,legacy_historical,,,,,,,,,
1784181600000,755.43,1784182499999,1791376157436,legacy_historical,,,,,,,,,
1784182500000,755.12960287,1784183399999,1791376157436,legacy_historical,,,,,,,,,
1784183400000,754.91625891,1784184299999,1791376157436,legacy_historical,,,,,,,,,
1784184300000,755.1,1784185199999,1791376157436,legacy_historical,,,,,,,,,
1784185200000,754.45,1784186099999,1791376157436,legacy_historical,,,,,,,,,
1784186100000,754.41936047,1784186999999,1791376157436,legacy_historical,,,,,,,,,
1784187000000,753.98182039,1784187899999,1791376157436,legacy_historical,,,,,,,,,
1784187900000,753.71,1784188799999,1791376157436,legacy_historical,,,,,,,,,
1784188800000,752.91,1784189699999,1791376157436,legacy_historical,,,,,,,,,
1784189700000,753.5,1784190599999,1791376157436,legacy_historical,,,,,,,,,
1784190600000,753.72,1784191499999,1791376157436,legacy_historical,,,,,,,,,
1784191500000,754.14,1784192399999,1791376157436,legacy_historical,,,,,,,,,
1784192400000,754.62897395,1784193299999,1791376157436,legacy_historical,,,,,,,,,
1784193300000,754.44403746,1784194199999,1791376157436,legacy_historical,,,,,,,,,
1784194200000,754.33738885,1784195099999,1791376157436,legacy_historical,,,,,,,,,
1784195100000,753.95089474,1784195999999,1791376157436,legacy_historical,,,,,,,,,
1784196000000,754.04,1784196899999,1791376157436,legacy_historical,,,,,,,,,
1784196900000,753.79,1784197799999,1791376157436,legacy_historical,,,,,,,,,
1784197800000,753.78220563,1784198699999,1791376157436,legacy_historical,,,,,,,,,
1784198700000,753.70547629,1784199599999,1791376157436,legacy_historical,,,,,,,,,
1784199600000,753.41,1784200499999,1791376157436,legacy_historical,,,,,,,,,
1784200500000,753.3642405,1784201399999,1791376157436,legacy_historical,,,,,,,,,
1784201400000,753.02,1784202299999,1791376157436,legacy_historical,,,,,,,,,
1784202300000,753.15029589,1784203199999,1791376157436,legacy_historical,,,,,,,,,
1784203200000,752.49989937,1784204099999,1791376157436,legacy_historical,,,,,,,,,
1784204100000,752.23,1784204999999,1791376157436,legacy_historical,,,,,,,,,
1784205000000,751.65362869,1784205899999,1791376157436,legacy_historical,,,,,,,,,
1784205900000,752.05719321,1784206799999,1791376157436,legacy_historical,,,,,,,,,
1784206800000,752.92744847,1784207699999,1791376157436,legacy_historical,,,,,,,,,
1784207700000,753.12,1784208599999,1791376157436,legacy_historical,,,,,,,,,
1784208600000,751.65855082,1784209499999,1791376157436,legacy_historical,,,,,,,,,
1784209500000,752.19,1784210399999,1791376157436,legacy_historical,,,,,,,,,
1784210400000,753.65,1784211299999,1791376157436,legacy_historical,,,,,,,,,
1784211300000,754.66841769,1784212199999,1791376157436,legacy_historical,,,,,,,,,
1784212200000,754.7,1784213099999,1791376157436,legacy_historical,,,,,,,,,
1784213100000,754.47715087,1784213999999,1791376157436,legacy_historical,,,,,,,,,
1784214000000,753.63605081,1784214899999,1791376157436,legacy_historical,,,,,,,,,
1784214900000,754.15917747,1784215799999,1791376157436,legacy_historical,,,,,,,,,
1784215800000,754.01958828,1784216699999,1791376157436,legacy_historical,,,,,,,,,
1784216700000,753.94049933,1784217599999,1791376157436,legacy_historical,,,,,,,,,
1784217600000,752.31735846,1784218499999,1791376157436,legacy_historical,,,,,,,,,
1784218500000,752.24,1784219399999,1791376157436,legacy_historical,,,,,,,,,
1784219400000,752.30114606,1784220299999,1791376157436,legacy_historical,,,,,,,,,
1784220300000,753.16,1784221199999,1791376157436,legacy_historical,,,,,,,,,
1784221200000,752.44,1784222099999,1791376157436,legacy_historical,,,,,,,,,
1784222100000,752.98187895,1784222999999,1791376157436,legacy_historical,,,,,,,,,
1784223000000,751.66752998,1784223899999,1791376157436,legacy_historical,,,,,,,,,
1784223900000,751.63,1784224799999,1791376157436,legacy_historical,,,,,,,,,
1784224800000,751.0,1784225699999,1791376157436,legacy_historical,,,,,,,,,
1784225700000,751.16,1784226599999,1791376157436,legacy_historical,,,,,,,,,
1784226600000,750.76,1784227499999,1791376157436,legacy_historical,,,,,,,,,
1784227500000,750.56,1784228399999,1791376157436,legacy_historical,,,,,,,,,
1784228400000,749.93,1784229299999,1791376157436,legacy_historical,,,,,,,,,
1784229300000,749.43390707,1784230199999,1791376157436,legacy_historical,,,,,,,,,
1784230200000,748.79,1784231099999,1791376157436,legacy_historical,,,,,,,,,
1784231100000,751.13688243,1784231999999,1791376157436,legacy_historical,,,,,,,,,
1784232000000,750.07895279,1784232899999,1791376157436,legacy_historical,,,,,,,,,
1784232900000,750.24738226,1784233799999,1791376157436,legacy_historical,,,,,,,,,
1784233800000,750.22112159,1784234699999,1791376157436,legacy_historical,,,,,,,,,
1784234700000,750.32724658,1784235599999,1791376157436,legacy_historical,,,,,,,,,
1784235600000,750.3451212,1784236499999,1791376157436,legacy_historical,,,,,,,,,
1784236500000,750.29689782,1784237399999,1791376157436,legacy_historical,,,,,,,,,
1784237400000,750.56363282,1784238299999,1791376157436,legacy_historical,,,,,,,,,
1784238300000,750.77,1784239199999,1791376157436,legacy_historical,,,,,,,,,
1784239200000,750.40164329,1784240099999,1791376157436,legacy_historical,,,,,,,,,
1784240100000,750.14,1784240999999,1791376157436,legacy_historical,,,,,,,,,
1784241000000,750.09,1784241899999,1791376157436,legacy_historical,,,,,,,,,
1784241900000,749.94,1784242799999,1791376157436,legacy_historical,,,,,,,,,
1784242800000,749.86660418,1784243699999,1791376157436,legacy_historical,,,,,,,,,
1784243700000,749.5,1784244599999,1791376157436,legacy_historical,,,,,,,,,
1784244600000,749.6,1784245499999,1791376157436,legacy_historical,,,,,,,,,
1784245500000,749.37,1784246399999,1791376157436,legacy_historical,,,,,,,,,
1784246400000,748.83261247,1784247299999,1791376157436,legacy_historical,,,,,,,,,
1784247300000,748.61,1784248199999,1791376157436,legacy_historical,,,,,,,,,
1784248200000,748.58192302,1784249099999,1791376157436,legacy_historical,,,,,,,,,
1784249100000,748.90577872,1784249999999,1791376157436,legacy_historical,,,,,,,,,
1784250000000,748.26179709,1784250899999,1791376157436,legacy_historical,,,,,,,,,
1784250900000,748.48,1784251799999,1791376157436,legacy_historical,,,,,,,,,
1784251800000,747.59,1784252699999,1791376157436,legacy_historical,,,,,,,,,
1784252700000,747.5,1784253599999,1791376157436,legacy_historical,,,,,,,,,
1784253600000,747.24,1784254499999,1791376157436,legacy_historical,,,,,,,,,
1784254500000,746.92,1784255399999,1791376157436,legacy_historical,,,,,,,,,
1784255400000,746.89,1784256299999,1791376157436,legacy_historical,,,,,,,,,
1784256300000,746.75,1784257199999,1791376157436,legacy_historical,,,,,,,,,
1784257200000,747.19491885,1784258099999,1791376157436,legacy_historical,,,,,,,,,
1784258100000,747.71,1784258999999,1791376157436,legacy_historical,,,,,,,,,
1784259000000,746.79,1784259899999,1791376157436,legacy_historical,,,,,,,,,
1784259900000,746.14535308,1784260799999,1791376157436,legacy_historical,,,,,,,,,
1784260800000,745.55390858,1784261699999,1791376157436,legacy_historical,,,,,,,,,
1784261700000,745.15,1784262599999,1791376157436,legacy_historical,,,,,,,,,
1784262600000,745.09,1784263499999,1791376157436,legacy_historical,,,,,,,,,
1784263500000,745.17485294,1784264399999,1791376157436,legacy_historical,,,,,,,,,
1784264400000,744.88066928,1784265299999,1791376157436,legacy_historical,,,,,,,,,
1784265300000,744.84630983,1784266199999,1791376157436,legacy_historical,,,,,,,,,
1784266200000,744.46,1784267099999,1791376157436,legacy_historical,,,,,,,,,
1784267100000,744.84,1784267999999,1791376157436,legacy_historical,,,,,,,,,
1784268000000,745.22917226,1784268899999,1791376157436,legacy_historical,,,,,,,,,
1784268900000,745.97324458,1784269799999,1791376157436,legacy_historical,,,,,,,,,
1784269800000,745.28,1784270699999,1791376157436,legacy_historical,,,,,,,,,
1784270700000,744.97991954,1784271599999,1791376157436,legacy_historical,,,,,,,,,
1784271600000,745.23,1784272499999,1791376157436,legacy_historical,,,,,,,,,
1784272500000,745.43,1784273399999,1791376157436,legacy_historical,,,,,,,,,
1784273400000,745.36604095,1784274299999,1791376157436,legacy_historical,,,,,,,,,
1784274300000,744.91306429,1784275199999,1791376157436,legacy_historical,,,,,,,,,
1784275200000,744.53966845,1784276099999,1791376157436,legacy_historical,,,,,,,,,
1784276100000,743.84,1784276999999,1791376157436,legacy_historical,,,,,,,,,
1784277000000,743.19,1784277899999,1791376157436,legacy_historical,,,,,,,,,
1784277900000,743.63,1784278799999,1791376157436,legacy_historical,,,,,,,,,
1784278800000,744.26,1784279699999,1791376157436,legacy_historical,,,,,,,,,
1784279700000,744.72,1784280599999,1791376157436,legacy_historical,,,,,,,,,
1784280600000,744.11,1784281499999,1791376157436,legacy_historical,,,,,,,,,
1784281500000,744.86678466,1784282399999,1791376157436,legacy_historical,,,,,,,,,
1784282400000,745.36410815,1784283299999,1791376157436,legacy_historical,,,,,,,,,
1784283300000,745.41,1784284199999,1791376157436,legacy_historical,,,,,,,,,
1784284200000,745.69611749,1784285099999,1791376157436,legacy_historical,,,,,,,,,
1784285100000,745.64,1784285999999,1791376157436,legacy_historical,,,,,,,,,
1784286000000,745.02885141,1784286899999,1791376157436,legacy_historical,,,,,,,,,
1784286900000,745.29,1784287799999,1791376157436,legacy_historical,,,,,,,,,
1784287800000,745.09,1784288699999,1791376157436,legacy_historical,,,,,,,,,
1784288700000,745.62865717,1784289599999,1791376157436,legacy_historical,,,,,,,,,
1784289600000,744.82,1784290499999,1791376157436,legacy_historical,,,,,,,,,
1784290500000,744.84,1784291399999,1791376157436,legacy_historical,,,,,,,,,
1784291400000,744.53,1784292299999,1791376157436,legacy_historical,,,,,,,,,
1784292300000,744.32265529,1784293199999,1791376157436,legacy_historical,,,,,,,,,
1784293200000,743.17057236,1784294099999,1791376157436,legacy_historical,,,,,,,,,
1784294100000,742.27,1784294999999,1791376157436,legacy_historical,,,,,,,,,
1784295000000,741.45137696,1784295899999,1791376157436,legacy_historical,,,,,,,,,
1784295900000,744.95036808,1784296799999,1791376157436,legacy_historical,,,,,,,,,
1784296800000,746.35352688,1784297699999,1791376157436,legacy_historical,,,,,,,,,
1784297700000,746.49,1784298599999,1791376157436,legacy_historical,,,,,,,,,
1784298600000,746.06,1784299499999,1791376157436,legacy_historical,,,,,,,,,
1784299500000,745.2,1784300399999,1791376157436,legacy_historical,,,,,,,,,
1784300400000,744.44,1784301299999,1791376157436,legacy_historical,,,,,,,,,
1784301300000,745.6,1784302199999,1791376157436,legacy_historical,,,,,,,,,
1784302200000,745.75,1784303099999,1791376157436,legacy_historical,,,,,,,,,
1784303100000,747.08,1784303999999,1791376157436,legacy_historical,,,,,,,,,
1784304000000,746.56,1784304899999,1791376157436,legacy_historical,,,,,,,,,
1784304900000,746.39,1784305799999,1791376157436,legacy_historical,,,,,,,,,
1784305800000,746.7,1784306699999,1791376157436,legacy_historical,,,,,,,,,
1784306700000,746.45,1784307599999,1791376157436,legacy_historical,,,,,,,,,
1784307600000,746.69607735,1784308499999,1791376157436,legacy_historical,,,,,,,,,
1784308500000,746.99,1784309399999,1791376157436,legacy_historical,,,,,,,,,
1784309400000,745.81,1784310299999,1791376157436,legacy_historical,,,,,,,,,
1784310300000,744.9,1784311199999,1791376157436,legacy_historical,,,,,,,,,
1784311200000,744.62,1784312099999,1791376157436,legacy_historical,,,,,,,,,
1784312100000,744.14604023,1784312999999,1791376157436,legacy_historical,,,,,,,,,
1784313000000,743.69,1784313899999,1791376157436,legacy_historical,,,,,,,,,
1784313900000,744.82102892,1784314799999,1791376157436,legacy_historical,,,,,,,,,
1784314800000,743.12488304,1784315699999,1791376157436,legacy_historical,,,,,,,,,
1784315700000,743.4918777,1784316599999,1791376157436,legacy_historical,,,,,,,,,
1784316600000,743.84526256,1784317499999,1791376157436,legacy_historical,,,,,,,,,
1784317500000,743.69,1784318399999,1791376157436,legacy_historical,,,,,,,,,
1784318400000,742.81220244,1784319299999,1791376157436,legacy_historical,,,,,,,,,
1784319300000,743.32962988,1784320199999,1791376157436,legacy_historical,,,,,,,,,
1784320200000,743.51993947,1784321099999,1791376157436,legacy_historical,,,,,,,,,
1784321100000,743.49854757,1784321999999,1791376157436,legacy_historical,,,,,,,,,
1784322000000,743.41407153,1784322899999,1791376157436,legacy_historical,,,,,,,,,
1784322900000,743.47834414,1784323799999,1791376157436,legacy_historical,,,,,,,,,
1784323800000,743.56934751,1784324699999,1791376157436,legacy_historical,,,,,,,,,
1784324700000,743.69,1784325599999,1791376157436,legacy_historical,,,,,,,,,
1784325600000,743.5950662,1784326499999,1791376157436,legacy_historical,,,,,,,,,
1784326500000,743.71,1784327399999,1791376157436,legacy_historical,,,,,,,,,
1784327400000,743.66721506,1784328299999,1791376157436,legacy_historical,,,,,,,,,
1784328300000,743.76179951,1784329199999,1791376157436,legacy_historical,,,,,,,,,
1784329200000,743.64,1784330099999,1791376157436,legacy_historical,,,,,,,,,
1784330100000,743.33,1784330999999,1791376157436,legacy_historical,,,,,,,,,
1784331000000,743.36,1784331899999,1791376157436,legacy_historical,,,,,,,,,
1784331900000,742.7,1784332799999,1791376157436,legacy_historical,,,,,,,,,
1784332800000,742.58161915,1784333699999,1791376157436,legacy_historical,,,,,,,,,
1784333700000,742.98,1784334599999,1791376157436,legacy_historical,,,,,,,,,
1784334600000,743.33981132,1784335499999,1791376157436,legacy_historical,,,,,,,,,
1784335500000,743.04610514,1784336399999,1791376157436,legacy_historical,,,,,,,,,
1784336400000,743.15,1784337299999,1791376157436,legacy_historical,,,,,,,,,
1784337300000,743.73,1784338199999,1791376157436,legacy_historical,,,,,,,,,
1784338200000,743.53,1784339099999,1791376157436,legacy_historical,,,,,,,,,
1784339100000,743.37,1784339999999,1791376157436,legacy_historical,,,,,,,,,
1784340000000,743.19,1784340899999,1791376157436,legacy_historical,,,,,,,,,
1784340900000,743.21414497,1784341799999,1791376157436,legacy_historical,,,,,,,,,
1784341800000,743.06,1784342699999,1791376157436,legacy_historical,,,,,,,,,
1784342700000,743.56,1784343599999,1791376157436,legacy_historical,,,,,,,,,
1784343600000,743.50661297,1784344499999,1791376157436,legacy_historical,,,,,,,,,
1784344500000,743.65682908,1784345399999,1791376157436,legacy_historical,,,,,,,,,
1784345400000,744.04,1784346299999,1791376157436,legacy_historical,,,,,,,,,
1784346300000,743.34365444,1784347199999,1791376157436,legacy_historical,,,,,,,,,
1784347200000,743.52,1784348099999,1791376157436,legacy_historical,,,,,,,,,
1784348100000,744.15,1784348999999,1791376157436,legacy_historical,,,,,,,,,
1784349000000,743.91,1784349899999,1791376157436,legacy_historical,,,,,,,,,
1784349900000,744.3,1784350799999,1791376157436,legacy_historical,,,,,,,,,
1784350800000,744.04182607,1784351699999,1791376157436,legacy_historical,,,,,,,,,
1784351700000,744.51,1784352599999,1791376157436,legacy_historical,,,,,,,,,
1784352600000,744.25879122,1784353499999,1791376157436,legacy_historical,,,,,,,,,
1784353500000,744.53714934,1784354399999,1791376157436,legacy_historical,,,,,,,,,
1784354400000,743.60223968,1784355299999,1791376157436,legacy_historical,,,,,,,,,
1784355300000,743.86,1784356199999,1791376157436,legacy_historical,,,,,,,,,
1784356200000,743.71,1784357099999,1791376157436,legacy_historical,,,,,,,,,
1784357100000,743.5,1784357999999,1791376157436,legacy_historical,,,,,,,,,
1784358000000,743.54515833,1784358899999,1791376157436,legacy_historical,,,,,,,,,
1784358900000,743.83,1784359799999,1791376157436,legacy_historical,,,,,,,,,
1784359800000,743.93,1784360699999,1791376157436,legacy_historical,,,,,,,,,
1784360700000,743.73,1784361599999,1791376157436,legacy_historical,,,,,,,,,
1784361600000,743.67,1784362499999,1791376157436,legacy_historical,,,,,,,,,
1784362500000,743.25420021,1784363399999,1791376157436,legacy_historical,,,,,,,,,
1784363400000,743.42417942,1784364299999,1791376157436,legacy_historical,,,,,,,,,
1784364300000,743.37,1784365199999,1791376157436,legacy_historical,,,,,,,,,
1784365200000,743.45,1784366099999,1791376157436,legacy_historical,,,,,,,,,
1784366100000,743.0,1784366999999,1791376157436,legacy_historical,,,,,,,,,
1784367000000,743.21359815,1784367899999,1791376157436,legacy_historical,,,,,,,,,
1784367900000,743.14770387,1784368799999,1791376157436,legacy_historical,,,,,,,,,
1784368800000,743.20573179,1784369699999,1791376157436,legacy_historical,,,,,,,,,
1784369700000,743.33144392,1784370599999,1791376157436,legacy_historical,,,,,,,,,
1784370600000,743.23,1784371499999,1791376157436,legacy_historical,,,,,,,,,
1784371500000,742.95,1784372399999,1791376157436,legacy_historical,,,,,,,,,
1784372400000,743.20013192,1784373299999,1791376157436,legacy_historical,,,,,,,,,
1784373300000,742.96064104,1784374199999,1791376157436,legacy_historical,,,,,,,,,
1784374200000,742.62208172,1784375099999,1791376157436,legacy_historical,,,,,,,,,
1784375100000,743.51656967,1784375999999,1791376157436,legacy_historical,,,,,,,,,
1784376000000,743.56,1784376899999,1791376157436,legacy_historical,,,,,,,,,
1784376900000,742.98,1784377799999,1791376157436,legacy_historical,,,,,,,,,
1784377800000,742.98,1784378699999,1791376157436,legacy_historical,,,,,,,,,
1784378700000,743.76,1784379599999,1791376157436,legacy_historical,,,,,,,,,
1784379600000,743.36492588,1784380499999,1791376157436,legacy_historical,,,,,,,,,
1784380500000,743.51,1784381399999,1791376157436,legacy_historical,,,,,,,,,
1784381400000,743.44535579,1784382299999,1791376157436,legacy_historical,,,,,,,,,
1784382300000,743.1432052,1784383199999,1791376157436,legacy_historical,,,,,,,,,
1784383200000,743.34514964,1784384099999,1791376157436,legacy_historical,,,,,,,,,
1784384100000,743.39583027,1784384999999,1791376157436,legacy_historical,,,,,,,,,
1784385000000,743.31482665,1784385899999,1791376157436,legacy_historical,,,,,,,,,
1784385900000,743.36,1784386799999,1791376157436,legacy_historical,,,,,,,,,
1784386800000,743.3717759,1784387699999,1791376157436,legacy_historical,,,,,,,,,
1784387700000,743.51,1784388599999,1791376157436,legacy_historical,,,,,,,,,
1784388600000,743.36478474,1784389499999,1791376157436,legacy_historical,,,,,,,,,
1784389500000,743.24314704,1784390399999,1791376157436,legacy_historical,,,,,,,,,
1784390400000,742.77,1784391299999,1791376157436,legacy_historical,,,,,,,,,
1784391300000,742.70228379,1784392199999,1791376157436,legacy_historical,,,,,,,,,
1784392200000,742.51,1784393099999,1791376157436,legacy_historical,,,,,,,,,
1784393100000,742.93,1784393999999,1791376157436,legacy_historical,,,,,,,,,
1784394000000,742.9,1784394899999,1791376157436,legacy_historical,,,,,,,,,
1784394900000,743.09107694,1784395799999,1791376157436,legacy_historical,,,,,,,,,
1784395800000,743.25,1784396699999,1791376157436,legacy_historical,,,,,,,,,
1784396700000,743.69942114,1784397599999,1791376157436,legacy_historical,,,,,,,,,
1784397600000,743.05267797,1784398499999,1791376157436,legacy_historical,,,,,,,,,
1784398500000,743.55154451,1784399399999,1791376157436,legacy_historical,,,,,,,,,
1784399400000,743.1,1784400299999,1791376157436,legacy_historical,,,,,,,,,
1784400300000,743.17481172,1784401199999,1791376157436,legacy_historical,,,,,,,,,
1784401200000,743.05420686,1784402099999,1791376157436,legacy_historical,,,,,,,,,
1784402100000,742.8227089,1784402999999,1791376157436,legacy_historical,,,,,,,,,
1784403000000,742.81,1784403899999,1791376157436,legacy_historical,,,,,,,,,
1784403900000,742.77,1784404799999,1791376157436,legacy_historical,,,,,,,,,
1784404800000,742.52205955,1784405699999,1791376157436,legacy_historical,,,,,,,,,
1784405700000,742.44,1784406599999,1791376157436,legacy_historical,,,,,,,,,
1784406600000,742.89,1784407499999,1791376157436,legacy_historical,,,,,,,,,
1784407500000,742.88841114,1784408399999,1791376157436,legacy_historical,,,,,,,,,
1784408400000,743.02631019,1784409299999,1791376157436,legacy_historical,,,,,,,,,
1784409300000,742.69985587,1784410199999,1791376157436,legacy_historical,,,,,,,,,
1784410200000,742.26239358,1784411099999,1791376157436,legacy_historical,,,,,,,,,
1784411100000,742.66,1784411999999,1791376157436,legacy_historical,,,,,,,,,
1784412000000,742.08,1784412899999,1791376157436,legacy_historical,,,,,,,,,
1784412900000,742.36,1784413799999,1791376157436,legacy_historical,,,,,,,,,
1784413800000,742.45,1784414699999,1791376157436,legacy_historical,,,,,,,,,
1784414700000,742.52211159,1784415599999,1791376157436,legacy_historical,,,,,,,,,
1784415600000,742.3410432,1784416499999,1791376157436,legacy_historical,,,,,,,,,
1784416500000,742.75687106,1784417399999,1791376157436,legacy_historical,,,,,,,,,
1784417400000,743.14,1784418299999,1791376157436,legacy_historical,,,,,,,,,
1784418300000,742.835308,1784419199999,1791376157436,legacy_historical,,,,,,,,,
1784419200000,742.67548818,1784420099999,1791376157436,legacy_historical,,,,,,,,,
1784420100000,742.30170436,1784420999999,1791376157436,legacy_historical,,,,,,,,,
1784421000000,742.42444954,1784421899999,1791376157436,legacy_historical,,,,,,,,,
1784421900000,743.27,1784422799999,1791376157436,legacy_historical,,,,,,,,,
1784422800000,742.93766465,1784423699999,1791376157436,legacy_historical,,,,,,,,,
1784423700000,742.84,1784424599999,1791376157436,legacy_historical,,,,,,,,,
1784424600000,742.81458422,1784425499999,1791376157436,legacy_historical,,,,,,,,,
1784425500000,742.69369844,1784426399999,1791376157436,legacy_historical,,,,,,,,,
1784426400000,742.87,1784427299999,1791376157436,legacy_historical,,,,,,,,,
1784427300000,743.28,1784428199999,1791376157436,legacy_historical,,,,,,,,,
1784428200000,743.37290335,1784429099999,1791376157436,legacy_historical,,,,,,,,,
1784429100000,743.62,1784429999999,1791376157436,legacy_historical,,,,,,,,,
1784430000000,743.48642905,1784430899999,1791376157436,legacy_historical,,,,,,,,,
1784430900000,743.25,1784431799999,1791376157436,legacy_historical,,,,,,,,,
1784431800000,742.96245831,1784432699999,1791376157436,legacy_historical,,,,,,,,,
1784432700000,743.06453669,1784433599999,1791376157436,legacy_historical,,,,,,,,,
1784433600000,743.1,1784434499999,1791376157436,legacy_historical,,,,,,,,,
1784434500000,742.98,1784435399999,1791376157436,legacy_historical,,,,,,,,,
1784435400000,742.74,1784436299999,1791376157436,legacy_historical,,,,,,,,,
1784436300000,742.96512305,1784437199999,1791376157436,legacy_historical,,,,,,,,,
1784437200000,742.75301066,1784438099999,1791376157436,legacy_historical,,,,,,,,,
1784438100000,742.89528264,1784438999999,1791376157436,legacy_historical,,,,,,,,,
1784439000000,742.75411436,1784439899999,1791376157436,legacy_historical,,,,,,,,,
1784439900000,743.16,1784440799999,1791376157436,legacy_historical,,,,,,,,,
1784440800000,743.20629285,1784441699999,1791376157436,legacy_historical,,,,,,,,,
1784441700000,743.30352674,1784442599999,1791376157436,legacy_historical,,,,,,,,,
1784442600000,743.23,1784443499999,1791376157436,legacy_historical,,,,,,,,,
1784443500000,743.22,1784444399999,1791376157436,legacy_historical,,,,,,,,,
1784444400000,743.11,1784445299999,1791376157436,legacy_historical,,,,,,,,,
1784445300000,743.11455075,1784446199999,1791376157436,legacy_historical,,,,,,,,,
1784446200000,743.33,1784447099999,1791376157436,legacy_historical,,,,,,,,,
1784447100000,743.30487817,1784447999999,1791376157436,legacy_historical,,,,,,,,,
1784448000000,743.32,1784448899999,1791376157436,legacy_historical,,,,,,,,,
1784448900000,743.85,1784449799999,1791376157436,legacy_historical,,,,,,,,,
1784449800000,743.82678472,1784450699999,1791376157436,legacy_historical,,,,,,,,,
1784450700000,743.64473314,1784451599999,1791376157436,legacy_historical,,,,,,,,,
1784451600000,743.41,1784452499999,1791376157436,legacy_historical,,,,,,,,,
1784452500000,743.44,1784453399999,1791376157436,legacy_historical,,,,,,,,,
1784453400000,743.31345323,1784454299999,1791376157436,legacy_historical,,,,,,,,,
1784454300000,743.53517692,1784455199999,1791376157436,legacy_historical,,,,,,,,,
1784455200000,743.67,1784456099999,1791376157436,legacy_historical,,,,,,,,,
1784456100000,743.63562106,1784456999999,1791376157436,legacy_historical,,,,,,,,,
1784457000000,743.76,1784457899999,1791376157436,legacy_historical,,,,,,,,,
1784457900000,743.64279371,1784458799999,1791376157436,legacy_historical,,,,,,,,,
1784458800000,743.74,1784459699999,1791376157436,legacy_historical,,,,,,,,,
1784459700000,744.02,1784460599999,1791376157436,legacy_historical,,,,,,,,,
1784460600000,743.85515347,1784461499999,1791376157436,legacy_historical,,,,,,,,,
1784461500000,743.87,1784462399999,1791376157436,legacy_historical,,,,,,,,,
1784462400000,743.19041723,1784463299999,1791376157436,legacy_historical,,,,,,,,,
1784463300000,743.81668243,1784464199999,1791376157436,legacy_historical,,,,,,,,,
1784464200000,743.27178132,1784465099999,1791376157436,legacy_historical,,,,,,,,,
1784465100000,743.33,1784465999999,1791376157436,legacy_historical,,,,,,,,,
1784466000000,743.29,1784466899999,1791376157436,legacy_historical,,,,,,,,,
1784466900000,743.3,1784467799999,1791376157436,legacy_historical,,,,,,,,,
1784467800000,743.2,1784468699999,1791376157436,legacy_historical,,,,,,,,,
1784468700000,743.22,1784469599999,1791376157436,legacy_historical,,,,,,,,,
1784469600000,743.44661423,1784470499999,1791376157436,legacy_historical,,,,,,,,,
1784470500000,743.2241249,1784471399999,1791376157436,legacy_historical,,,,,,,,,
1784471400000,743.4,1784472299999,1791376157436,legacy_historical,,,,,,,,,
1784472300000,743.27,1784473199999,1791376157436,legacy_historical,,,,,,,,,
1784473200000,743.12535642,1784474099999,1791376157436,legacy_historical,,,,,,,,,
1784474100000,743.23,1784474999999,1791376157436,legacy_historical,,,,,,,,,
1784475000000,743.30277211,1784475899999,1791376157436,legacy_historical,,,,,,,,,
1784475900000,743.22,1784476799999,1791376157436,legacy_historical,,,,,,,,,
1784476800000,742.8,1784477699999,1791376157436,legacy_historical,,,,,,,,,
1784477700000,742.86410452,1784478599999,1791376157436,legacy_historical,,,,,,,,,
1784478600000,742.60331424,1784479499999,1791376157436,legacy_historical,,,,,,,,,
1784479500000,742.42261747,1784480399999,1791376157436,legacy_historical,,,,,,,,,
1784480400000,742.62,1784481299999,1791376157436,legacy_historical,,,,,,,,,
1784481300000,742.6451148,1784482199999,1791376157436,legacy_historical,,,,,,,,,
1784482200000,742.73,1784483099999,1791376157436,legacy_historical,,,,,,,,,
1784483100000,742.68944924,1784483999999,1791376157436,legacy_historical,,,,,,,,,
1784484000000,742.73,1784484899999,1791376157436,legacy_historical,,,,,,,,,
1784484900000,742.67487735,1784485799999,1791376157436,legacy_historical,,,,,,,,,
1784485800000,742.57,1784486699999,1791376157436,legacy_historical,,,,,,,,,
1784486700000,742.56439596,1784487599999,1791376157436,legacy_historical,,,,,,,,,
1784487600000,742.64521442,1784488499999,1791376157436,legacy_historical,,,,,,,,,
1784488500000,742.64505515,1784489399999,1791376157436,legacy_historical,,,,,,,,,
1784489400000,742.59473333,1784490299999,1791376157436,legacy_historical,,,,,,,,,
1784490300000,742.63,1784491199999,1791376157436,legacy_historical,,,,,,,,,
1784491200000,742.59,1784492099999,1791376157436,legacy_historical,,,,,,,,,
1784492100000,742.66,1784492999999,1791376157436,legacy_historical,,,,,,,,,
1784493000000,742.49,1784493899999,1791376157436,legacy_historical,,,,,,,,,
1784493900000,742.51461373,1784494799999,1791376157436,legacy_historical,,,,,,,,,
1784494800000,742.48439496,1784495699999,1791376157436,legacy_historical,,,,,,,,,
1784495700000,742.60546013,1784496599999,1791376157436,legacy_historical,,,,,,,,,
1784496600000,742.54497,1784497499999,1791376157436,legacy_historical,,,,,,,,,
1784497500000,743.74,1784498399999,1791376157436,legacy_historical,,,,,,,,,
1784498400000,742.56704426,1784499299999,1791376157436,legacy_historical,,,,,,,,,
1784499300000,742.83,1784500199999,1791376157436,legacy_historical,,,,,,,,,
1784500200000,744.06,1784501099999,1791376157436,legacy_historical,,,,,,,,,
1784501100000,743.41619207,1784501999999,1791376157436,legacy_historical,,,,,,,,,
1784502000000,743.57045208,1784502899999,1791376157436,legacy_historical,,,,,,,,,
1784502900000,743.43789422,1784503799999,1791376157436,legacy_historical,,,,,,,,,
1784503800000,744.17,1784504699999,1791376157436,legacy_historical,,,,,,,,,
1784504700000,744.30573785,1784505599999,1791376157436,legacy_historical,,,,,,,,,
1784505600000,745.19085691,1784506499999,1791376157436,legacy_historical,,,,,,,,,
1784506500000,744.97600786,1784507399999,1791376157436,legacy_historical,,,,,,,,,
1784507400000,744.32,1784508299999,1791376157436,legacy_historical,,,,,,,,,
1784508300000,744.10791146,1784509199999,1791376157436,legacy_historical,,,,,,,,,
1784509200000,744.36,1784510099999,1791376157436,legacy_historical,,,,,,,,,
1784510100000,743.88,1784510999999,1791376157436,legacy_historical,,,,,,,,,
1784511000000,743.58,1784511899999,1791376157436,legacy_historical,,,,,,,,,
1784511900000,743.46200728,1784512799999,1791376157436,legacy_historical,,,,,,,,,
1784512800000,743.81,1784513699999,1791376157436,legacy_historical,,,,,,,,,
1784513700000,743.63232836,1784514599999,1791376157436,legacy_historical,,,,,,,,,
1784514600000,744.68741575,1784515499999,1791376157436,legacy_historical,,,,,,,,,
1784515500000,744.59167588,1784516399999,1791376157436,legacy_historical,,,,,,,,,
1784516400000,744.28,1784517299999,1791376157436,legacy_historical,,,,,,,,,
1784517300000,744.38528327,1784518199999,1791376157436,legacy_historical,,,,,,,,,
1784518200000,744.82,1784519099999,1791376157436,legacy_historical,,,,,,,,,
1784519100000,744.59,1784519999999,1791376157436,legacy_historical,,,,,,,,,
1784520000000,744.44516669,1784520899999,1791376157436,legacy_historical,,,,,,,,,
1784520900000,744.79,1784521799999,1791376157436,legacy_historical,,,,,,,,,
1784521800000,745.27,1784522699999,1791376157436,legacy_historical,,,,,,,,,
1784522700000,745.01,1784523599999,1791376157436,legacy_historical,,,,,,,,,
1784523600000,744.41,1784524499999,1791376157436,legacy_historical,,,,,,,,,
1784524500000,744.14332684,1784525399999,1791376157436,legacy_historical,,,,,,,,,
1784525400000,743.82715263,1784526299999,1791376157436,legacy_historical,,,,,,,,,
1784526300000,743.71630324,1784527199999,1791376157436,legacy_historical,,,,,,,,,
1784527200000,743.55,1784528099999,1791376157436,legacy_historical,,,,,,,,,
1784528100000,743.52,1784528999999,1791376157436,legacy_historical,,,,,,,,,
1784529000000,743.71024944,1784529899999,1791376157436,legacy_historical,,,,,,,,,
1784529900000,743.66662537,1784530799999,1791376157436,legacy_historical,,,,,,,,,
1784530800000,744.06492062,1784531699999,1791376157436,legacy_historical,,,,,,,,,
1784531700000,745.05,1784532599999,1791376157436,legacy_historical,,,,,,,,,
1784532600000,745.77706059,1784533499999,1791376157436,legacy_historical,,,,,,,,,
1784533500000,745.54,1784534399999,1791376157436,legacy_historical,,,,,,,,,
1784534400000,745.95,1784535299999,1791376157436,legacy_historical,,,,,,,,,
1784535300000,745.8368504,1784536199999,1791376157436,legacy_historical,,,,,,,,,
1784536200000,745.28,1784537099999,1791376157436,legacy_historical,,,,,,,,,
1784537100000,745.44,1784537999999,1791376157436,legacy_historical,,,,,,,,,
1784538000000,745.24963371,1784538899999,1791376157436,legacy_historical,,,,,,,,,
1784538900000,745.67331602,1784539799999,1791376157436,legacy_historical,,,,,,,,,
1784539800000,746.09,1784540699999,1791376157436,legacy_historical,,,,,,,,,
1784540700000,746.17,1784541599999,1791376157436,legacy_historical,,,,,,,,,
1784541600000,745.86648116,1784542499999,1791376157436,legacy_historical,,,,,,,,,
1784542500000,746.00884695,1784543399999,1791376157436,legacy_historical,,,,,,,,,
1784543400000,746.1170507,1784544299999,1791376157436,legacy_historical,,,,,,,,,
1784544300000,746.28,1784545199999,1791376157436,legacy_historical,,,,,,,,,
1784545200000,746.72,1784546099999,1791376157436,legacy_historical,,,,,,,,,
1784546100000,746.35,1784546999999,1791376157436,legacy_historical,,,,,,,,,
1784547000000,748.03,1784547899999,1791376157436,legacy_historical,,,,,,,,,
1784547900000,747.46,1784548799999,1791376157436,legacy_historical,,,,,,,,,
1784548800000,746.68608155,1784549699999,1791376157436,legacy_historical,,,,,,,,,
1784549700000,746.95,1784550599999,1791376157436,legacy_historical,,,,,,,,,
1784550600000,746.51410752,1784551499999,1791376157436,legacy_historical,,,,,,,,,
1784551500000,746.79127772,1784552399999,1791376157436,legacy_historical,,,,,,,,,
1784552400000,746.75515353,1784553299999,1791376157436,legacy_historical,,,,,,,,,
1784553300000,747.148654,1784554199999,1791376157436,legacy_historical,,,,,,,,,
1784554200000,749.06192396,1784555099999,1791376157436,legacy_historical,,,,,,,,,
1784555100000,746.35,1784555999999,1791376157436,legacy_historical,,,,,,,,,
1784556000000,745.63334073,1784556899999,1791376157436,legacy_historical,,,,,,,,,
1784556900000,746.32178649,1784557799999,1791376157436,legacy_historical,,,,,,,,,
1784557800000,745.44,1784558699999,1791376157436,legacy_historical,,,,,,,,,
1784558700000,744.78,1784559599999,1791376157436,legacy_historical,,,,,,,,,
1784559600000,745.52991257,1784560499999,1791376157436,legacy_historical,,,,,,,,,
1784560500000,746.47814185,1784561399999,1791376157436,legacy_historical,,,,,,,,,
1784561400000,746.55,1784562299999,1791376157436,legacy_historical,,,,,,,,,
1784562300000,746.71541307,1784563199999,1791376157436,legacy_historical,,,,,,,,,
1784563200000,747.36216523,1784564099999,1791376157436,legacy_historical,,,,,,,,,
1784564100000,747.03423986,1784564999999,1791376157436,legacy_historical,,,,,,,,,
1784565000000,745.98,1784565899999,1791376157436,legacy_historical,,,,,,,,,
1784565900000,745.57,1784566799999,1791376157436,legacy_historical,,,,,,,,,
1784566800000,744.55668515,1784567699999,1791376157436,legacy_historical,,,,,,,,,
1784567700000,744.63978756,1784568599999,1791376157436,legacy_historical,,,,,,,,,
1784568600000,744.25074037,1784569499999,1791376157436,legacy_historical,,,,,,,,,
1784569500000,744.8709784,1784570399999,1791376157436,legacy_historical,,,,,,,,,
1784570400000,745.46,1784571299999,1791376157436,legacy_historical,,,,,,,,,
1784571300000,744.97,1784572199999,1791376157436,legacy_historical,,,,,,,,,
1784572200000,743.14,1784573099999,1791376157436,legacy_historical,,,,,,,,,
1784573100000,743.16936044,1784573999999,1791376157436,legacy_historical,,,,,,,,,
1784574000000,742.25105634,1784574899999,1791376157436,legacy_historical,,,,,,,,,
1784574900000,743.26,1784575799999,1791376157436,legacy_historical,,,,,,,,,
1784575800000,743.51629659,1784576699999,1791376157436,legacy_historical,,,,,,,,,
1784576700000,742.67244822,1784577599999,1791376157436,legacy_historical,,,,,,,,,
1784577600000,742.51455098,1784578499999,1791376157436,legacy_historical,,,,,,,,,
1784578500000,742.25,1784579399999,1791376157436,legacy_historical,,,,,,,,,
1784579400000,742.49488822,1784580299999,1791376157436,legacy_historical,,,,,,,,,
1784580300000,742.85,1784581199999,1791376157436,legacy_historical,,,,,,,,,
1784581200000,742.72264876,1784582099999,1791376157436,legacy_historical,,,,,,,,,
1784582100000,742.83,1784582999999,1791376157436,legacy_historical,,,,,,,,,
1784583000000,742.89468838,1784583899999,1791376157436,legacy_historical,,,,,,,,,
1784583900000,742.87,1784584799999,1791376157436,legacy_historical,,,,,,,,,
1784584800000,742.05,1784585699999,1791376157436,legacy_historical,,,,,,,,,
1784585700000,741.98,1784586599999,1791376157436,legacy_historical,,,,,,,,,
1784586600000,741.93830437,1784587499999,1791376157436,legacy_historical,,,,,,,,,
1784587500000,741.87,1784588399999,1791376157436,legacy_historical,,,,,,,,,
1784588400000,742.4933546,1784589299999,1791376157436,legacy_historical,,,,,,,,,
1784589300000,743.00505529,1784590199999,1791376157436,legacy_historical,,,,,,,,,
1784590200000,742.95971597,1784591099999,1791376157436,legacy_historical,,,,,,,,,
1784591100000,742.52326837,1784591999999,1791376157436,legacy_historical,,,,,,,,,
1784592000000,741.82443779,1784592899999,1791376157436,legacy_historical,,,,,,,,,
1784592900000,742.72919052,1784593799999,1791376157436,legacy_historical,,,,,,,,,
1784593800000,743.30501069,1784594699999,1791376157436,legacy_historical,,,,,,,,,
1784594700000,743.27047772,1784595599999,1791376157436,legacy_historical,,,,,,,,,
1784595600000,743.87896904,1784596499999,1791376157436,legacy_historical,,,,,,,,,
1784596500000,743.55700373,1784597399999,1791376157436,legacy_historical,,,,,,,,,
1784597400000,743.1917708,1784598299999,1791376157436,legacy_historical,,,,,,,,,
1784598300000,743.27008552,1784599199999,1791376157436,legacy_historical,,,,,,,,,
1784599200000,743.33814016,1784600099999,1791376157436,legacy_historical,,,,,,,,,
1784600100000,743.5,1784600999999,1791376157436,legacy_historical,,,,,,,,,
1784601000000,744.07,1784601899999,1791376157436,legacy_historical,,,,,,,,,
1784601900000,744.18,1784602799999,1791376157436,legacy_historical,,,,,,,,,
1784602800000,744.48,1784603699999,1791376157436,legacy_historical,,,,,,,,,
1784603700000,744.74,1784604599999,1791376157436,legacy_historical,,,,,,,,,
1784604600000,744.91060585,1784605499999,1791376157436,legacy_historical,,,,,,,,,
1784605500000,745.24,1784606399999,1791376157436,legacy_historical,,,,,,,,,
1784606400000,745.4283243,1784607299999,1791376157436,legacy_historical,,,,,,,,,
1784607300000,745.3,1784608199999,1791376157436,legacy_historical,,,,,,,,,
1784608200000,745.50763524,1784609099999,1791376157436,legacy_historical,,,,,,,,,
1784609100000,745.39,1784609999999,1791376157436,legacy_historical,,,,,,,,,
1784610000000,745.28,1784610899999,1791376157436,legacy_historical,,,,,,,,,
1784610900000,745.63,1784611799999,1791376157436,legacy_historical,,,,,,,,,
1784611800000,746.09,1784612699999,1791376157436,legacy_historical,,,,,,,,,
1784612700000,746.08083465,1784613599999,1791376157436,legacy_historical,,,,,,,,,
1784613600000,746.12916371,1784614499999,1791376157436,legacy_historical,,,,,,,,,
1784614500000,746.06,1784615399999,1791376157436,legacy_historical,,,,,,,,,
1784615400000,746.54,1784616299999,1791376157436,legacy_historical,,,,,,,,,
1784616300000,746.34183841,1784617199999,1791376157436,legacy_historical,,,,,,,,,
1784617200000,746.19,1784618099999,1791376157436,legacy_historical,,,,,,,,,
1784618100000,745.634268,1784618999999,1791376157436,legacy_historical,,,,,,,,,
1784619000000,745.67,1784619899999,1791376157436,legacy_historical,,,,,,,,,
1784619900000,745.77507483,1784620799999,1791376157436,legacy_historical,,,,,,,,,
1784620800000,746.25,1784621699999,1791376157436,legacy_historical,,,,,,,,,
1784621700000,746.21,1784622599999,1791376157436,legacy_historical,,,,,,,,,
1784622600000,746.52477301,1784623499999,1791376157436,legacy_historical,,,,,,,,,
1784623500000,746.44408196,1784624399999,1791376157436,legacy_historical,,,,,,,,,
1784624400000,746.58650971,1784625299999,1791376157436,legacy_historical,,,,,,,,,
1784625300000,746.38747455,1784626199999,1791376157436,legacy_historical,,,,,,,,,
1784626200000,746.41733928,1784627099999,1791376157436,legacy_historical,,,,,,,,,
1784627100000,746.29102455,1784627999999,1791376157436,legacy_historical,,,,,,,,,
1784628000000,746.38577663,1784628899999,1791376157436,legacy_historical,,,,,,,,,
1784628900000,746.39263528,1784629799999,1791376157436,legacy_historical,,,,,,,,,
1784629800000,746.38,1784630699999,1791376157436,legacy_historical,,,,,,,,,
1784630700000,746.17684582,1784631599999,1791376157436,legacy_historical,,,,,,,,,
1784631600000,745.97706809,1784632499999,1791376157436,legacy_historical,,,,,,,,,
1784632500000,745.43285585,1784633399999,1791376157436,legacy_historical,,,,,,,,,
1784633400000,745.67,1784634299999,1791376157436,legacy_historical,,,,,,,,,
1784634300000,745.54393315,1784635199999,1791376157436,legacy_historical,,,,,,,,,
1784635200000,745.95,1784636099999,1791376157436,legacy_historical,,,,,,,,,
1784636100000,745.26538286,1784636999999,1791376157436,legacy_historical,,,,,,,,,
1784637000000,745.08,1784637899999,1791376157436,legacy_historical,,,,,,,,,
1784637900000,745.66,1784638799999,1791376157436,legacy_historical,,,,,,,,,
1784638800000,745.60136016,1784639699999,1791376157436,legacy_historical,,,,,,,,,
1784639700000,746.43148175,1784640599999,1791376157436,legacy_historical,,,,,,,,,
1784640600000,744.87941833,1784641499999,1791376157436,legacy_historical,,,,,,,,,
1784641500000,745.73390827,1784642399999,1791376157436,legacy_historical,,,,,,,,,
1784642400000,746.0564836,1784643299999,1791376157436,legacy_historical,,,,,,,,,
1784643300000,747.10296647,1784644199999,1791376157436,legacy_historical,,,,,,,,,
1784644200000,746.88569684,1784645099999,1791376157436,legacy_historical,,,,,,,,,
1784645100000,746.91213316,1784645999999,1791376157436,legacy_historical,,,,,,,,,
1784646000000,747.32884432,1784646899999,1791376157436,legacy_historical,,,,,,,,,
1784646900000,748.04580728,1784647799999,1791376157436,legacy_historical,,,,,,,,,
1784647800000,747.74,1784648699999,1791376157436,legacy_historical,,,,,,,,,
1784648700000,747.65,1784649599999,1791376157436,legacy_historical,,,,,,,,,
1784649600000,748.30490721,1784650499999,1791376157436,legacy_historical,,,,,,,,,
1784650500000,748.73,1784651399999,1791376157436,legacy_historical,,,,,,,,,
1784651400000,748.69234262,1784652299999,1791376157436,legacy_historical,,,,,,,,,
1784652300000,748.76260516,1784653199999,1791376157436,legacy_historical,,,,,,,,,
1784653200000,748.7,1784654099999,1791376157436,legacy_historical,,,,,,,,,
1784654100000,748.44,1784654999999,1791376157436,legacy_historical,,,,,,,,,
1784655000000,748.79,1784655899999,1791376157436,legacy_historical,,,,,,,,,
1784655900000,748.7,1784656799999,1791376157436,legacy_historical,,,,,,,,,
1784656800000,748.44089546,1784657699999,1791376157436,legacy_historical,,,,,,,,,
1784657700000,748.59048075,1784658599999,1791376157436,legacy_historical,,,,,,,,,
1784658600000,748.85,1784659499999,1791376157436,legacy_historical,,,,,,,,,
1784659500000,748.69784385,1784660399999,1791376157436,legacy_historical,,,,,,,,,
1784660400000,748.66,1784661299999,1791376157436,legacy_historical,,,,,,,,,
1784661300000,748.64,1784662199999,1791376157436,legacy_historical,,,,,,,,,
1784662200000,748.85679799,1784663099999,1791376157436,legacy_historical,,,,,,,,,
1784663100000,748.54057013,1784663999999,1791376157436,legacy_historical,,,,,,,,,
1784664000000,748.40664655,1784664899999,1791376157436,legacy_historical,,,,,,,,,
1784664900000,748.06,1784665799999,1791376157436,legacy_historical,,,,,,,,,
1784665800000,748.25,1784666699999,1791376157436,legacy_historical,,,,,,,,,
1784666700000,748.31,1784667599999,1791376157436,legacy_historical,,,,,,,,,
1784667600000,748.6,1784668499999,1791376157436,legacy_historical,,,,,,,,,
1784668500000,748.66021974,1784669399999,1791376157436,legacy_historical,,,,,,,,,
1784669400000,748.72,1784670299999,1791376157436,legacy_historical,,,,,,,,,
1784670300000,748.66436255,1784671199999,1791376157436,legacy_historical,,,,,,,,,
1784671200000,748.55980618,1784672099999,1791376157436,legacy_historical,,,,,,,,,
1784672100000,748.24884838,1784672999999,1791376157436,legacy_historical,,,,,,,,,
1784673000000,748.2,1784673899999,1791376157436,legacy_historical,,,,,,,,,
1784673900000,748.1405044,1784674799999,1791376157436,legacy_historical,,,,,,,,,
1784674800000,748.19388462,1784675699999,1791376157436,legacy_historical,,,,,,,,,
1784675700000,748.31,1784676599999,1791376157436,legacy_historical,,,,,,,,,
1784676600000,748.1,1784677499999,1791376157436,legacy_historical,,,,,,,,,
1784677500000,748.41,1784678399999,1791376157436,legacy_historical,,,,,,,,,
1784678400000,748.68264749,1784679299999,1791376157436,legacy_historical,,,,,,,,,
1784679300000,748.35,1784680199999,1791376157436,legacy_historical,,,,,,,,,
1784680200000,748.27,1784681099999,1791376157436,legacy_historical,,,,,,,,,
1784681100000,748.38301519,1784681999999,1791376157436,legacy_historical,,,,,,,,,
1784682000000,748.0,1784682899999,1791376157436,legacy_historical,,,,,,,,,
1784682900000,747.81,1784683799999,1791376157436,legacy_historical,,,,,,,,,
1784683800000,748.00088696,1784684699999,1791376157436,legacy_historical,,,,,,,,,
1784684700000,748.28,1784685599999,1791376157436,legacy_historical,,,,,,,,,
1784685600000,748.14,1784686499999,1791376157436,legacy_historical,,,,,,,,,
1784686500000,748.35,1784687399999,1791376157436,legacy_historical,,,,,,,,,
1784687400000,748.26,1784688299999,1791376157436,legacy_historical,,,,,,,,,
1784688300000,748.16,1784689199999,1791376157436,legacy_historical,,,,,,,,,
1784689200000,747.92,1784690099999,1791376157436,legacy_historical,,,,,,,,,
1784690100000,748.42,1784690999999,1791376157436,legacy_historical,,,,,,,,,
1784691000000,748.06,1784691899999,1791376157436,legacy_historical,,,,,,,,,
1784691900000,747.80363517,1784692799999,1791376157436,legacy_historical,,,,,,,,,
1784692800000,747.89649791,1784693699999,1791376157436,legacy_historical,,,,,,,,,
1784693700000,747.94,1784694599999,1791376157436,legacy_historical,,,,,,,,,
1784694600000,747.77,1784695499999,1791376157436,legacy_historical,,,,,,,,,
1784695500000,747.7906418,1784696399999,1791376157436,legacy_historical,,,,,,,,,
1784696400000,747.52,1784697299999,1791376157436,legacy_historical,,,,,,,,,
1784697300000,747.45,1784698199999,1791376157436,legacy_historical,,,,,,,,,
1784698200000,747.27,1784699099999,1791376157436,legacy_historical,,,,,,,,,
1784699100000,747.61795575,1784699999999,1791376157436,legacy_historical,,,,,,,,,
1784700000000,747.33856092,1784700899999,1791376157436,legacy_historical,,,,,,,,,
1784700900000,746.61,1784701799999,1791376157436,legacy_historical,,,,,,,,,
1784701800000,746.82872895,1784702699999,1791376157436,legacy_historical,,,,,,,,,
1784702700000,746.65217527,1784703599999,1791376157436,legacy_historical,,,,,,,,,
1784703600000,746.51704412,1784704499999,1791376157436,legacy_historical,,,,,,,,,
1784704500000,746.74,1784705399999,1791376157436,legacy_historical,,,,,,,,,
1784705400000,745.83299171,1784706299999,1791376157436,legacy_historical,,,,,,,,,
1784706300000,745.79,1784707199999,1791376157436,legacy_historical,,,,,,,,,
1784707200000,745.89,1784708099999,1791376157436,legacy_historical,,,,,,,,,
1784708100000,746.39,1784708999999,1791376157436,legacy_historical,,,,,,,,,
1784709000000,746.25707328,1784709899999,1791376157436,legacy_historical,,,,,,,,,
1784709900000,746.62,1784710799999,1791376157436,legacy_historical,,,,,,,,,
1784710800000,747.01922524,1784711699999,1791376157436,legacy_historical,,,,,,,,,
1784711700000,747.05,1784712599999,1791376157436,legacy_historical,,,,,,,,,
1784712600000,746.87,1784713499999,1791376157436,legacy_historical,,,,,,,,,
1784713500000,746.89,1784714399999,1791376157436,legacy_historical,,,,,,,,,
1784714400000,746.88,1784715299999,1791376157436,legacy_historical,,,,,,,,,
1784715300000,747.43589209,1784716199999,1791376157436,legacy_historical,,,,,,,,,
1784716200000,746.99,1784717099999,1791376157436,legacy_historical,,,,,,,,,
1784717100000,747.29,1784717999999,1791376157436,legacy_historical,,,,,,,,,
1784718000000,746.9,1784718899999,1791376157436,legacy_historical,,,,,,,,,
1784718900000,746.55587214,1784719799999,1791376157436,legacy_historical,,,,,,,,,
1784719800000,745.96,1784720699999,1791376157436,legacy_historical,,,,,,,,,
1784720700000,745.97578862,1784721599999,1791376157436,legacy_historical,,,,,,,,,
1784721600000,746.14,1784722499999,1791376157436,legacy_historical,,,,,,,,,
1784722500000,745.9179372,1784723399999,1791376157436,legacy_historical,,,,,,,,,
1784723400000,746.44,1784724299999,1791376157436,legacy_historical,,,,,,,,,
1784724300000,745.76312262,1784725199999,1791376157436,legacy_historical,,,,,,,,,
1784725200000,746.17004628,1784726099999,1791376157436,legacy_historical,,,,,,,,,
1784726100000,747.00745415,1784726999999,1791376157436,legacy_historical,,,,,,,,,
1784727000000,747.94,1784727899999,1791376157436,legacy_historical,,,,,,,,,
1784727900000,749.11910503,1784728799999,1791376157436,legacy_historical,,,,,,,,,
1784728800000,748.73219577,1784729699999,1791376157436,legacy_historical,,,,,,,,,
1784729700000,747.74731831,1784730599999,1791376157436,legacy_historical,,,,,,,,,
1784730600000,747.24,1784731499999,1791376157436,legacy_historical,,,,,,,,,
1784731500000,748.40051859,1784732399999,1791376157436,legacy_historical,,,,,,,,,
1784732400000,749.37,1784733299999,1791376157436,legacy_historical,,,,,,,,,
1784733300000,749.78245625,1784734199999,1791376157436,legacy_historical,,,,,,,,,
1784734200000,749.33719637,1784735099999,1791376157436,legacy_historical,,,,,,,,,
1784735100000,749.98,1784735999999,1791376157436,legacy_historical,,,,,,,,,
1784736000000,750.04228828,1784736899999,1791376157436,legacy_historical,,,,,,,,,
1784736900000,750.30866978,1784737799999,1791376157436,legacy_historical,,,,,,,,,
1784737800000,750.173067,1784738699999,1791376157436,legacy_historical,,,,,,,,,
1784738700000,750.23,1784739599999,1791376157436,legacy_historical,,,,,,,,,
1784739600000,749.74160845,1784740499999,1791376157436,legacy_historical,,,,,,,,,
1784740500000,749.5375582,1784741399999,1791376157436,legacy_historical,,,,,,,,,
1784741400000,749.57,1784742299999,1791376157436,legacy_historical,,,,,,,,,
1784742300000,749.05373707,1784743199999,1791376157436,legacy_historical,,,,,,,,,
1784743200000,748.6454197,1784744099999,1791376157436,legacy_historical,,,,,,,,,
1784744100000,748.9,1784744999999,1791376157436,legacy_historical,,,,,,,,,
1784745000000,748.78264651,1784745899999,1791376157436,legacy_historical,,,,,,,,,
1784745900000,748.93334149,1784746799999,1791376157436,legacy_historical,,,,,,,,,
1784746800000,748.41,1784747699999,1791376157436,legacy_historical,,,,,,,,,
1784747700000,748.51336551,1784748599999,1791376157436,legacy_historical,,,,,,,,,
1784748600000,748.33303763,1784749499999,1791376157436,legacy_historical,,,,,,,,,
1784749500000,748.1576051,1784750399999,1791376157436,legacy_historical,,,,,,,,,
1784750400000,749.33,1784751299999,1791376157436,legacy_historical,,,,,,,,,
1784751300000,749.00205626,1784752199999,1791376157436,legacy_historical,,,,,,,,,
1784752200000,748.65075524,1784753099999,1791376157436,legacy_historical,,,,,,,,,
1784753100000,748.48394456,1784753999999,1791376157436,legacy_historical,,,,,,,,,
1784754000000,747.94394358,1784754899999,1791376157436,legacy_historical,,,,,,,,,
1784754900000,747.87,1784755799999,1791376157436,legacy_historical,,,,,,,,,
1784755800000,747.29,1784756699999,1791376157436,legacy_historical,,,,,,,,,
1784756700000,747.24387477,1784757599999,1791376157436,legacy_historical,,,,,,,,,
1784757600000,746.75979293,1784758499999,1791376157436,legacy_historical,,,,,,,,,
1784758500000,746.4789049,1784759399999,1791376157436,legacy_historical,,,,,,,,,
1784759400000,745.96735481,1784760299999,1791376157436,legacy_historical,,,,,,,,,
1784760300000,746.33,1784761199999,1791376157436,legacy_historical,,,,,,,,,
1784761200000,746.22317078,1784762099999,1791376157436,legacy_historical,,,,,,,,,
1784762100000,746.0942361,1784762999999,1791376157436,legacy_historical,,,,,,,,,
1784763000000,746.44,1784763899999,1791376157436,legacy_historical,,,,,,,,,
1784763900000,747.04924118,1784764799999,1791376157436,legacy_historical,,,,,,,,,
1784764800000,747.24572975,1784765699999,1791376157436,legacy_historical,,,,,,,,,
1784765700000,748.3,1784766599999,1791376157436,legacy_historical,,,,,,,,,
1784766600000,748.60021749,1784767499999,1791376157436,legacy_historical,,,,,,,,,
1784767500000,748.8017176,1784768399999,1791376157436,legacy_historical,,,,,,,,,
1784768400000,748.87851492,1784769299999,1791376157436,legacy_historical,,,,,,,,,
1784769300000,748.55,1784770199999,1791376157436,legacy_historical,,,,,,,,,
1784770200000,748.11,1784771099999,1791376157436,legacy_historical,,,,,,,,,
1784771100000,748.07231441,1784771999999,1791376157436,legacy_historical,,,,,,,,,
1784772000000,747.83,1784772899999,1791376157436,legacy_historical,,,,,,,,,
1784772900000,747.22279094,1784773799999,1791376157436,legacy_historical,,,,,,,,,
1784773800000,746.90743205,1784774699999,1791376157436,legacy_historical,,,,,,,,,
1784774700000,747.20713449,1784775599999,1791376157436,legacy_historical,,,,,,,,,
1784775600000,746.52,1784776499999,1791376157436,legacy_historical,,,,,,,,,
1784776500000,746.57023674,1784777399999,1791376157436,legacy_historical,,,,,,,,,
1784777400000,746.71798682,1784778299999,1791376157436,legacy_historical,,,,,,,,,
1784778300000,746.72,1784779199999,1791376157436,legacy_historical,,,,,,,,,
1784779200000,746.88264927,1784780099999,1791376157436,legacy_historical,,,,,,,,,
1784780100000,747.28,1784780999999,1791376157436,legacy_historical,,,,,,,,,
1784781000000,747.2,1784781899999,1791376157436,legacy_historical,,,,,,,,,
1784781900000,747.14,1784782799999,1791376157436,legacy_historical,,,,,,,,,
1784782800000,746.97926896,1784783699999,1791376157436,legacy_historical,,,,,,,,,
1784783700000,747.43380929,1784784599999,1791376157436,legacy_historical,,,,,,,,,
1784784600000,747.13,1784785499999,1791376157436,legacy_historical,,,,,,,,,
1784785500000,746.44,1784786399999,1791376157436,legacy_historical,,,,,,,,,
1784786400000,746.59,1784787299999,1791376157436,legacy_historical,,,,,,,,,
1784787300000,746.7867818,1784788199999,1791376157436,legacy_historical,,,,,,,,,
1784788200000,746.28,1784789099999,1791376157436,legacy_historical,,,,,,,,,
1784789100000,746.13,1784789999999,1791376157436,legacy_historical,,,,,,,,,
1784790000000,744.81387853,1784790899999,1791376157436,legacy_historical,,,,,,,,,
1784790900000,745.31,1784791799999,1791376157436,legacy_historical,,,,,,,,,
1784791800000,744.12,1784792699999,1791376157436,legacy_historical,,,,,,,,,
1784792700000,744.65095903,1784793599999,1791376157436,legacy_historical,,,,,,,,,
1784793600000,745.97281221,1784794499999,1791376157436,legacy_historical,,,,,,,,,
1784794500000,745.55821234,1784795399999,1791376157436,legacy_historical,,,,,,,,,
1784795400000,745.05,1784796299999,1791376157436,legacy_historical,,,,,,,,,
1784796300000,746.1,1784797199999,1791376157436,legacy_historical,,,,,,,,,
1784797200000,745.75408791,1784798099999,1791376157436,legacy_historical,,,,,,,,,
1784798100000,745.55,1784798999999,1791376157436,legacy_historical,,,,,,,,,
1784799000000,745.55,1784799899999,1791376157436,legacy_historical,,,,,,,,,
1784799900000,745.27151363,1784800799999,1791376157436,legacy_historical,,,,,,,,,
1784800800000,745.11,1784801699999,1791376157436,legacy_historical,,,,,,,,,
1784801700000,745.45388,1784802599999,1791376157436,legacy_historical,,,,,,,,,
1784802600000,746.23438586,1784803499999,1791376157436,legacy_historical,,,,,,,,,
1784803500000,746.22,1784804399999,1791376157436,legacy_historical,,,,,,,,,
1784804400000,745.52811938,1784805299999,1791376157436,legacy_historical,,,,,,,,,
1784805300000,744.57568536,1784806199999,1791376157436,legacy_historical,,,,,,,,,
1784806200000,743.49,1784807099999,1791376157436,legacy_historical,,,,,,,,,
1784807100000,744.28,1784807999999,1791376157436,legacy_historical,,,,,,,,,
1784808000000,743.76903915,1784808899999,1791376157436,legacy_historical,,,,,,,,,
1784808900000,742.81145949,1784809799999,1791376157436,legacy_historical,,,,,,,,,
1784809800000,741.65,1784810699999,1791376157436,legacy_historical,,,,,,,,,
1784810700000,741.07742198,1784811599999,1791376157436,legacy_historical,,,,,,,,,
1784811600000,740.31,1784812499999,1791376157436,legacy_historical,,,,,,,,,
1784812500000,739.78738069,1784813399999,1791376157436,legacy_historical,,,,,,,,,
1784813400000,742.38,1784814299999,1791376157436,legacy_historical,,,,,,,,,
1784814300000,739.9571718,1784815199999,1791376157436,legacy_historical,,,,,,,,,
1784815200000,739.95,1784816099999,1791376157436,legacy_historical,,,,,,,,,
1784816100000,740.08,1784816999999,1791376157436,legacy_historical,,,,,,,,,
1784817000000,739.19,1784817899999,1791376157436,legacy_historical,,,,,,,,,
1784817900000,738.89,1784818799999,1791376157436,legacy_historical,,,,,,,,,
1784818800000,737.28761451,1784819699999,1791376157436,legacy_historical,,,,,,,,,
1784819700000,736.63146064,1784820599999,1791376157436,legacy_historical,,,,,,,,,
1784820600000,737.47341478,1784821499999,1791376157436,legacy_historical,,,,,,,,,
1784821500000,738.62395529,1784822399999,1791376157436,legacy_historical,,,,,,,,,
1784822400000,739.24,1784823299999,1791376157436,legacy_historical,,,,,,,,,
1784823300000,740.0,1784824199999,1791376157436,legacy_historical,,,,,,,,,
1784824200000,739.62657856,1784825099999,1791376157436,legacy_historical,,,,,,,,,
1784825100000,739.23308319,1784825999999,1791376157436,legacy_historical,,,,,,,,,
1784826000000,739.23,1784826899999,1791376157436,legacy_historical,,,,,,,,,
1784826900000,739.48713907,1784827799999,1791376157436,legacy_historical,,,,,,,,,
1784827800000,738.45,1784828699999,1791376157436,legacy_historical,,,,,,,,,
1784828700000,738.03375136,1784829599999,1791376157436,legacy_historical,,,,,,,,,
1784829600000,737.89545417,1784830499999,1791376157436,legacy_historical,,,,,,,,,
1784830500000,738.19,1784831399999,1791376157436,legacy_historical,,,,,,,,,
1784831400000,737.58,1784832299999,1791376157436,legacy_historical,,,,,,,,,
1784832300000,737.7833942,1784833199999,1791376157436,legacy_historical,,,,,,,,,
1784833200000,737.46,1784834099999,1791376157436,legacy_historical,,,,,,,,,
1784834100000,738.26,1784834999999,1791376157436,legacy_historical,,,,,,,,,
1784835000000,737.09,1784835899999,1791376157436,legacy_historical,,,,,,,,,
1784835900000,739.08,1784836799999,1791376157436,legacy_historical,,,,,,,,,
1784836800000,739.78681875,1784837699999,1791376157436,legacy_historical,,,,,,,,,
1784837700000,739.89,1784838599999,1791376157436,legacy_historical,,,,,,,,,
1784838600000,739.66677809,1784839499999,1791376157436,legacy_historical,,,,,,,,,
1784839500000,739.81,1784840399999,1791376157436,legacy_historical,,,,,,,,,
1784840400000,739.6871835,1784841299999,1791376157436,legacy_historical,,,,,,,,,
1784841300000,739.68,1784842199999,1791376157436,legacy_historical,,,,,,,,,
1784842200000,739.65266126,1784843099999,1791376157436,legacy_historical,,,,,,,,,
1784843100000,739.69179009,1784843999999,1791376157436,legacy_historical,,,,,,,,,
1784844000000,739.08,1784844899999,1791376157436,legacy_historical,,,,,,,,,
1784844900000,739.23159741,1784845799999,1791376157436,legacy_historical,,,,,,,,,
1784845800000,739.3368988,1784846699999,1791376157436,legacy_historical,,,,,,,,,
1784846700000,739.79,1784847599999,1791376157436,legacy_historical,,,,,,,,,
1784847600000,739.43770634,1784848499999,1791376157436,legacy_historical,,,,,,,,,
1784848500000,739.53,1784849399999,1791376157436,legacy_historical,,,,,,,,,
1784849400000,739.35,1784850299999,1791376157436,legacy_historical,,,,,,,,,
1784850300000,739.3732989,1784851199999,1791376157436,legacy_historical,,,,,,,,,
1784851200000,739.19996761,1784852099999,1791376157436,legacy_historical,,,,,,,,,
1784852100000,739.51393174,1784852999999,1791376157436,legacy_historical,,,,,,,,,
1784853000000,739.94,1784853899999,1791376157436,legacy_historical,,,,,,,,,
1784853900000,739.98813403,1784854799999,1791376157436,legacy_historical,,,,,,,,,
1784854800000,739.88132799,1784855699999,1791376157436,legacy_historical,,,,,,,,,
1784855700000,739.95,1784856599999,1791376157436,legacy_historical,,,,,,,,,
1784856600000,740.18,1784857499999,1791376157436,legacy_historical,,,,,,,,,
1784857500000,739.67,1784858399999,1791376157436,legacy_historical,,,,,,,,,
1784858400000,739.69104305,1784859299999,1791376157436,legacy_historical,,,,,,,,,
1784859300000,739.59877891,1784860199999,1791376157436,legacy_historical,,,,,,,,,
1784860200000,739.03,1784861099999,1791376157436,legacy_historical,,,,,,,,,
1784861100000,738.64,1784861999999,1791376157436,legacy_historical,,,,,,,,,
1784862000000,738.78,1784862899999,1791376157436,legacy_historical,,,,,,,,,
1784862900000,738.86303723,1784863799999,1791376157436,legacy_historical,,,,,,,,,
1784863800000,738.5,1784864699999,1791376157436,legacy_historical,,,,,,,,,
1784864700000,738.35297963,1784865599999,1791376157436,legacy_historical,,,,,,,,,
1784865600000,738.32515312,1784866499999,1791376157436,legacy_historical,,,,,,,,,
1784866500000,739.1,1784867399999,1791376157436,legacy_historical,,,,,,,,,
1784867400000,738.68604381,1784868299999,1791376157436,legacy_historical,,,,,,,,,
1784868300000,738.89944375,1784869199999,1791376157436,legacy_historical,,,,,,,,,
1784869200000,739.01371453,1784870099999,1791376157436,legacy_historical,,,,,,,,,
1784870100000,739.16,1784870999999,1791376157436,legacy_historical,,,,,,,,,
1784871000000,739.47,1784871899999,1791376157436,legacy_historical,,,,,,,,,
1784871900000,738.93677927,1784872799999,1791376157436,legacy_historical,,,,,,,,,
1784872800000,738.52,1784873699999,1791376157436,legacy_historical,,,,,,,,,
1784873700000,738.95498738,1784874599999,1791376157436,legacy_historical,,,,,,,,,
1784874600000,738.54068955,1784875499999,1791376157436,legacy_historical,,,,,,,,,
1784875500000,739.07359329,1784876399999,1791376157436,legacy_historical,,,,,,,,,
1784876400000,740.34,1784877299999,1791376157436,legacy_historical,,,,,,,,,
1784877300000,740.87888329,1784878199999,1791376157436,legacy_historical,,,,,,,,,
1784878200000,740.39292144,1784879099999,1791376157436,legacy_historical,,,,,,,,,
1784879100000,740.33,1784879999999,1791376157436,legacy_historical,,,,,,,,,
1784880000000,739.84538941,1784880899999,1791376157436,legacy_historical,,,,,,,,,
1784880900000,740.61,1784881799999,1791376157436,legacy_historical,,,,,,,,,
1784881800000,740.78,1784882699999,1791376157436,legacy_historical,,,,,,,,,
1784882700000,740.61,1784883599999,1791376157436,legacy_historical,,,,,,,,,
1784883600000,740.89,1784884499999,1791376157436,legacy_historical,,,,,,,,,
1784884500000,741.25,1784885399999,1791376157436,legacy_historical,,,,,,,,,
1784885400000,741.44309658,1784886299999,1791376157436,legacy_historical,,,,,,,,,
1784886300000,741.49,1784887199999,1791376157436,legacy_historical,,,,,,,,,
1784887200000,741.02,1784888099999,1791376157436,legacy_historical,,,,,,,,,
1784888100000,741.10669901,1784888999999,1791376157436,legacy_historical,,,,,,,,,
1784889000000,740.87,1784889899999,1791376157436,legacy_historical,,,,,,,,,
1784889900000,740.63211278,1784890799999,1791376157436,legacy_historical,,,,,,,,,
1784890800000,740.83617898,1784891699999,1791376157436,legacy_historical,,,,,,,,,
1784891700000,740.72516311,1784892599999,1791376157436,legacy_historical,,,,,,,,,
1784892600000,740.37,1784893499999,1791376157436,legacy_historical,,,,,,,,,
1784893500000,741.33,1784894399999,1791376157436,legacy_historical,,,,,,,,,
1784894400000,741.5092275,1784895299999,1791376157436,legacy_historical,,,,,,,,,
1784895300000,741.445768,1784896199999,1791376157436,legacy_historical,,,,,,,,,
1784896200000,740.45402402,1784897099999,1791376157436,legacy_historical,,,,,,,,,
1784897100000,739.89,1784897999999,1791376157436,legacy_historical,,,,,,,,,
1784898000000,739.8,1784898899999,1791376157436,legacy_historical,,,,,,,,,
1784898900000,739.27,1784899799999,1791376157436,legacy_historical,,,,,,,,,
1784899800000,739.4707377,1784900699999,1791376157436,legacy_historical,,,,,,,,,
1784900700000,738.30192828,1784901599999,1791376157436,legacy_historical,,,,,,,,,
1784901600000,740.25437349,1784902499999,1791376157436,legacy_historical,,,,,,,,,
1784902500000,740.13,1784903399999,1791376157436,legacy_historical,,,,,,,,,
1784903400000,738.7655974,1784904299999,1791376157436,legacy_historical,,,,,,,,,
1784904300000,741.23085572,1784905199999,1791376157436,legacy_historical,,,,,,,,,
1784905200000,742.63733212,1784906099999,1791376157436,legacy_historical,,,,,,,,,
1784906100000,743.11,1784906999999,1791376157436,legacy_historical,,,,,,,,,
1784907000000,743.04743409,1784907899999,1791376157436,legacy_historical,,,,,,,,,
1784907900000,743.65,1784908799999,1791376157436,legacy_historical,,,,,,,,,
1784908800000,743.74,1784909699999,1791376157436,legacy_historical,,,,,,,,,
1784909700000,743.8,1784910599999,1791376157436,legacy_historical,,,,,,,,,
1784910600000,742.34030869,1784911499999,1791376157436,legacy_historical,,,,,,,,,
1784911500000,742.0,1784912399999,1791376157436,legacy_historical,,,,,,,,,
1784912400000,741.55,1784913299999,1791376157436,legacy_historical,,,,,,,,,
1784913300000,742.18897682,1784914199999,1791376157436,legacy_historical,,,,,,,,,
1784914200000,741.67,1784915099999,1791376157436,legacy_historical,,,,,,,,,
1784915100000,741.57,1784915999999,1791376157436,legacy_historical,,,,,,,,,
1784916000000,741.22,1784916899999,1791376157436,legacy_historical,,,,,,,,,
1784916900000,739.67,1784917799999,1791376157436,legacy_historical,,,,,,,,,
1784917800000,738.52680707,1784918699999,1791376157436,legacy_historical,,,,,,,,,
1784918700000,739.07728279,1784919599999,1791376157436,legacy_historical,,,,,,,,,
1784919600000,738.38869702,1784920499999,1791376157436,legacy_historical,,,,,,,,,
1784920500000,738.48686117,1784921399999,1791376157436,legacy_historical,,,,,,,,,
1784921400000,739.13,1784922299999,1791376157436,legacy_historical,,,,,,,,,
1784922300000,739.85845594,1784923199999,1791376157436,legacy_historical,,,,,,,,,
1784923200000,739.44390268,1784924099999,1791376157436,legacy_historical,,,,,,,,,
1784924100000,739.42756699,1784924999999,1791376157436,legacy_historical,,,,,,,,,
1784925000000,739.38,1784925899999,1791376157436,legacy_historical,,,,,,,,,
1784925900000,739.3050877,1784926799999,1791376157436,legacy_historical,,,,,,,,,
1784926800000,739.09,1784927699999,1791376157436,legacy_historical,,,,,,,,,
1784927700000,739.67100714,1784928599999,1791376157436,legacy_historical,,,,,,,,,
1784928600000,740.13,1784929499999,1791376157436,legacy_historical,,,,,,,,,
1784929500000,740.13,1784930399999,1791376157436,legacy_historical,,,,,,,,,
1784930400000,740.27339279,1784931299999,1791376157436,legacy_historical,,,,,,,,,
1784931300000,740.2230323,1784932199999,1791376157436,legacy_historical,,,,,,,,,
1784932200000,740.05386615,1784933099999,1791376157436,legacy_historical,,,,,,,,,
1784933100000,739.79136269,1784933999999,1791376157436,legacy_historical,,,,,,,,,
1784934000000,739.85,1784934899999,1791376157436,legacy_historical,,,,,,,,,
1784934900000,739.72883985,1784935799999,1791376157436,legacy_historical,,,,,,,,,
1784935800000,739.68445532,1784936699999,1791376157436,legacy_historical,,,,,,,,,
1784936700000,739.19033483,1784937599999,1791376157436,legacy_historical,,,,,,,,,
1784937600000,740.13,1784938499999,1791376157436,legacy_historical,,,,,,,,,
1784938500000,739.85699037,1784939399999,1791376157436,legacy_historical,,,,,,,,,
1784939400000,739.54,1784940299999,1791376157436,legacy_historical,,,,,,,,,
1784940300000,739.4637628,1784941199999,1791376157436,legacy_historical,,,,,,,,,
1784941200000,739.47433175,1784942099999,1791376157436,legacy_historical,,,,,,,,,
1784942100000,739.51,1784942999999,1791376157436,legacy_historical,,,,,,,,,
1784943000000,739.40412974,1784943899999,1791376157436,legacy_historical,,,,,,,,,
1784943900000,739.27359051,1784944799999,1791376157436,legacy_historical,,,,,,,,,
1784944800000,739.33777667,1784945699999,1791376157436,legacy_historical,,,,,,,,,
1784945700000,739.27440805,1784946599999,1791376157436,legacy_historical,,,,,,,,,
1784946600000,739.40565599,1784947499999,1791376157436,legacy_historical,,,,,,,,,
1784947500000,739.24,1784948399999,1791376157436,legacy_historical,,,,,,,,,
1784948400000,739.29542357,1784949299999,1791376157436,legacy_historical,,,,,,,,,
1784949300000,739.87932945,1784950199999,1791376157436,legacy_historical,,,,,,,,,
1784950200000,739.69579348,1784951099999,1791376157436,legacy_historical,,,,,,,,,
1784951100000,739.62514532,1784951999999,1791376157436,legacy_historical,,,,,,,,,
1784952000000,739.77608065,1784952899999,1791376157436,legacy_historical,,,,,,,,,
1784952900000,739.96891608,1784953799999,1791376157436,legacy_historical,,,,,,,,,
1784953800000,740.26290765,1784954699999,1791376157436,legacy_historical,,,,,,,,,
1784954700000,740.16598517,1784955599999,1791376157436,legacy_historical,,,,,,,,,
1784955600000,740.90962798,1784956499999,1791376157436,legacy_historical,,,,,,,,,
1784956500000,740.84,1784957399999,1791376157436,legacy_historical,,,,,,,,,
1784957400000,740.61,1784958299999,1791376157436,legacy_historical,,,,,,,,,
1784958300000,740.72561456,1784959199999,1791376157436,legacy_historical,,,,,,,,,
1784959200000,740.46,1784960099999,1791376157436,legacy_historical,,,,,,,,,
1784960100000,740.54437781,1784960999999,1791376157436,legacy_historical,,,,,,,,,
1784961000000,740.59,1784961899999,1791376157436,legacy_historical,,,,,,,,,
1784961900000,740.60160744,1784962799999,1791376157436,legacy_historical,,,,,,,,,
1784962800000,740.56,1784963699999,1791376157436,legacy_historical,,,,,,,,,
1784963700000,740.91794759,1784964599999,1791376157436,legacy_historical,,,,,,,,,
1784964600000,740.987355,1784965499999,1791376157436,legacy_historical,,,,,,,,,
1784965500000,740.77453477,1784966399999,1791376157436,legacy_historical,,,,,,,,,
1784966400000,740.68,1784967299999,1791376157436,legacy_historical,,,,,,,,,
1784967300000,740.85,1784968199999,1791376157436,legacy_historical,,,,,,,,,
1784968200000,740.87,1784969099999,1791376157436,legacy_historical,,,,,,,,,
1784969100000,739.95,1784969999999,1791376157436,legacy_historical,,,,,,,,,
1784970000000,740.3,1784970899999,1791376157436,legacy_historical,,,,,,,,,
1784970900000,740.66,1784971799999,1791376157436,legacy_historical,,,,,,,,,
1784971800000,740.71,1784972699999,1791376157436,legacy_historical,,,,,,,,,
1784972700000,740.71561332,1784973599999,1791376157436,legacy_historical,,,,,,,,,
1784973600000,740.41,1784974499999,1791376157436,legacy_historical,,,,,,,,,
1784974500000,740.06,1784975399999,1791376157436,legacy_historical,,,,,,,,,
1784975400000,740.05,1784976299999,1791376157436,legacy_historical,,,,,,,,,
1784976300000,740.36578586,1784977199999,1791376157436,legacy_historical,,,,,,,,,
1784977200000,740.31498864,1784978099999,1791376157436,legacy_historical,,,,,,,,,
1784978100000,740.35541195,1784978999999,1791376157436,legacy_historical,,,,,,,,,
1784979000000,740.10888574,1784979899999,1791376157436,legacy_historical,,,,,,,,,
1784979900000,740.35700205,1784980799999,1791376157436,legacy_historical,,,,,,,,,
1784980800000,740.52739997,1784981699999,1791376157436,legacy_historical,,,,,,,,,
1784981700000,740.47579794,1784982599999,1791376157436,legacy_historical,,,,,,,,,
1784982600000,740.52508316,1784983499999,1791376157436,legacy_historical,,,,,,,,,
1784983500000,740.35,1784984399999,1791376157436,legacy_historical,,,,,,,,,
1784984400000,740.44079498,1784985299999,1791376157436,legacy_historical,,,,,,,,,
1784985300000,740.39,1784986199999,1791376157436,legacy_historical,,,,,,,,,
1784986200000,740.67705205,1784987099999,1791376157436,legacy_historical,,,,,,,,,
1784987100000,740.36355087,1784987999999,1791376157436,legacy_historical,,,,,,,,,
1784988000000,740.29352751,1784988899999,1791376157436,legacy_historical,,,,,,,,,
1784988900000,740.49641247,1784989799999,1791376157436,legacy_historical,,,,,,,,,
1784989800000,740.51,1784990699999,1791376157436,legacy_historical,,,,,,,,,
1784990700000,740.47475162,1784991599999,1791376157436,legacy_historical,,,,,,,,,
1784991600000,740.75726451,1784992499999,1791376157436,legacy_historical,,,,,,,,,
1784992500000,740.67596952,1784993399999,1791376157436,legacy_historical,,,,,,,,,
1784993400000,740.19,1784994299999,1791376157436,legacy_historical,,,,,,,,,
1784994300000,740.13,1784995199999,1791376157436,legacy_historical,,,,,,,,,
1784995200000,740.31438688,1784996099999,1791376157436,legacy_historical,,,,,,,,,
1784996100000,740.07,1784996999999,1791376157436,legacy_historical,,,,,,,,,
1784997000000,740.16,1784997899999,1791376157436,legacy_historical,,,,,,,,,
1784997900000,740.65,1784998799999,1791376157436,legacy_historical,,,,,,,,,
1784998800000,740.70308906,1784999699999,1791376157436,legacy_historical,,,,,,,,,
1784999700000,740.78465826,1785000599999,1791376157436,legacy_historical,,,,,,,,,
1785000600000,741.93,1785001499999,1791376157436,legacy_historical,,,,,,,,,
1785001500000,742.2003829,1785002399999,1791376157436,legacy_historical,,,,,,,,,
1785002400000,741.62438669,1785003299999,1791376157436,legacy_historical,,,,,,,,,
1785003300000,741.3907516,1785004199999,1791376157436,legacy_historical,,,,,,,,,
1785004200000,741.40407091,1785005099999,1791376157436,legacy_historical,,,,,,,,,
1785005100000,741.44694591,1785005999999,1791376157436,legacy_historical,,,,,,,,,
1785006000000,741.57843553,1785006899999,1791376157436,legacy_historical,,,,,,,,,
1785006900000,741.42,1785007799999,1791376157436,legacy_historical,,,,,,,,,
1785007800000,741.38,1785008699999,1791376157436,legacy_historical,,,,,,,,,
1785008700000,741.54818482,1785009599999,1791376157436,legacy_historical,,,,,,,,,
1785009600000,741.11223587,1785010499999,1791376157436,legacy_historical,,,,,,,,,
1785010500000,741.30492317,1785011399999,1791376157436,legacy_historical,,,,,,,,,
1785011400000,741.79807302,1785012299999,1791376157436,legacy_historical,,,,,,,,,
1785012300000,741.78671527,1785013199999,1791376157436,legacy_historical,,,,,,,,,
1785013200000,741.61,1785014099999,1791376157436,legacy_historical,,,,,,,,,
1785014100000,741.91,1785014999999,1791376157436,legacy_historical,,,,,,,,,
1785015000000,741.75,1785015899999,1791376157436,legacy_historical,,,,,,,,,
1785015900000,741.48,1785016799999,1791376157436,legacy_historical,,,,,,,,,
1785016800000,741.48,1785017699999,1791376157436,legacy_historical,,,,,,,,,
1785017700000,741.76,1785018599999,1791376157436,legacy_historical,,,,,,,,,
1785018600000,742.06787791,1785019499999,1791376157436,legacy_historical,,,,,,,,,
1785019500000,742.08880136,1785020399999,1791376157436,legacy_historical,,,,,,,,,
1785020400000,742.0456576,1785021299999,1791376157436,legacy_historical,,,,,,,,,
1785021300000,741.59434529,1785022199999,1791376157436,legacy_historical,,,,,,,,,
1785022200000,742.03,1785023099999,1791376157436,legacy_historical,,,,,,,,,
1785023100000,742.02,1785023999999,1791376157436,legacy_historical,,,,,,,,,
1785024000000,741.89375021,1785024899999,1791376157436,legacy_historical,,,,,,,,,
1785024900000,742.33941689,1785025799999,1791376157436,legacy_historical,,,,,,,,,
1785025800000,741.98,1785026699999,1791376157436,legacy_historical,,,,,,,,,
1785026700000,742.3,1785027599999,1791376157436,legacy_historical,,,,,,,,,
1785027600000,742.28817418,1785028499999,1791376157436,legacy_historical,,,,,,,,,
1785028500000,742.48,1785029399999,1791376157436,legacy_historical,,,,,,,,,
1785029400000,742.59136531,1785030299999,1791376157436,legacy_historical,,,,,,,,,
1785030300000,742.61,1785031199999,1791376157436,legacy_historical,,,,,,,,,
1785031200000,742.53559102,1785032099999,1791376157436,legacy_historical,,,,,,,,,
1785032100000,742.50517865,1785032999999,1791376157436,legacy_historical,,,,,,,,,
1785033000000,742.3,1785033899999,1791376157436,legacy_historical,,,,,,,,,
1785033900000,742.29460435,1785034799999,1791376157436,legacy_historical,,,,,,,,,
1785034800000,742.37829307,1785035699999,1791376157436,legacy_historical,,,,,,,,,
1785035700000,742.61,1785036599999,1791376157436,legacy_historical,,,,,,,,,
1785036600000,742.37,1785037499999,1791376157436,legacy_historical,,,,,,,,,
1785037500000,742.5257814,1785038399999,1791376157436,legacy_historical,,,,,,,,,
1785038400000,742.56,1785039299999,1791376157436,legacy_historical,,,,,,,,,
1785039300000,742.58857442,1785040199999,1791376157436,legacy_historical,,,,,,,,,
1785040200000,742.48,1785041099999,1791376157436,legacy_historical,,,,,,,,,
1785041100000,742.40439657,1785041999999,1791376157436,legacy_historical,,,,,,,,,
1785042000000,742.3,1785042899999,1791376157436,legacy_historical,,,,,,,,,
1785042900000,742.21383456,1785043799999,1791376157436,legacy_historical,,,,,,,,,
1785043800000,742.02324535,1785044699999,1791376157436,legacy_historical,,,,,,,,,
1785044700000,742.02349688,1785045599999,1791376157436,legacy_historical,,,,,,,,,
1785045600000,741.89,1785046499999,1791376157436,legacy_historical,,,,,,,,,
1785046500000,741.86881478,1785047399999,1791376157436,legacy_historical,,,,,,,,,
1785047400000,742.26,1785048299999,1791376157436,legacy_historical,,,,,,,,,
1785048300000,742.27607094,1785049199999,1791376157436,legacy_historical,,,,,,,,,
1785049200000,742.14,1785050099999,1791376157436,legacy_historical,,,,,,,,,
1785050100000,742.26,1785050999999,1791376157436,legacy_historical,,,,,,,,,
1785051000000,742.34548133,1785051899999,1791376157436,legacy_historical,,,,,,,,,
1785051900000,742.41585988,1785052799999,1791376157436,legacy_historical,,,,,,,,,
1785052800000,742.41568957,1785053699999,1791376157436,legacy_historical,,,,,,,,,
1785053700000,742.73868909,1785054599999,1791376157436,legacy_historical,,,,,,,,,
1785054600000,742.79,1785055499999,1791376157436,legacy_historical,,,,,,,,,
1785055500000,742.56,1785056399999,1791376157436,legacy_historical,,,,,,,,,
1785056400000,742.77596447,1785057299999,1791376157436,legacy_historical,,,,,,,,,
1785057300000,742.86637968,1785058199999,1791376157436,legacy_historical,,,,,,,,,
1785058200000,742.90619077,1785059099999,1791376157436,legacy_historical,,,,,,,,,
1785059100000,742.9983582,1785059999999,1791376157436,legacy_historical,,,,,,,,,
1785060000000,743.0,1785060899999,1791376157436,legacy_historical,,,,,,,,,
1785060900000,743.05,1785061799999,1791376157436,legacy_historical,,,,,,,,,
1785061800000,743.2,1785062699999,1791376157436,legacy_historical,,,,,,,,,
1785062700000,743.05,1785063599999,1791376157436,legacy_historical,,,,,,,,,
1785063600000,743.03521447,1785064499999,1791376157436,legacy_historical,,,,,,,,,
1785064500000,743.2556614,1785065399999,1791376157436,legacy_historical,,,,,,,,,
1785065400000,743.46889822,1785066299999,1791376157436,legacy_historical,,,,,,,,,
1785066300000,743.29,1785067199999,1791376157436,legacy_historical,,,,,,,,,
1785067200000,743.19,1785068099999,1791376157436,legacy_historical,,,,,,,,,
1785068100000,743.57759626,1785068999999,1791376157436,legacy_historical,,,,,,,,,
1785069000000,743.76745212,1785069899999,1791376157436,legacy_historical,,,,,,,,,
1785069900000,743.41,1785070799999,1791376157436,legacy_historical,,,,,,,,,
1785070800000,743.22275347,1785071699999,1791376157436,legacy_historical,,,,,,,,,
1785071700000,743.71445861,1785072599999,1791376157436,legacy_historical,,,,,,,,,
1785072600000,743.44514107,1785073499999,1791376157436,legacy_historical,,,,,,,,,
1785073500000,743.95932941,1785074399999,1791376157436,legacy_historical,,,,,,,,,
1785074400000,743.76578398,1785075299999,1791376157436,legacy_historical,,,,,,,,,
1785075300000,743.16,1785076199999,1791376157436,legacy_historical,,,,,,,,,
1785076200000,743.46548511,1785077099999,1791376157436,legacy_historical,,,,,,,,,
1785077100000,743.41316433,1785077999999,1791376157436,legacy_historical,,,,,,,,,
1785078000000,743.72306234,1785078899999,1791376157436,legacy_historical,,,,,,,,,
1785078900000,743.84,1785079799999,1791376157436,legacy_historical,,,,,,,,,
1785079800000,743.57433142,1785080699999,1791376157436,legacy_historical,,,,,,,,,
1785080700000,743.66562136,1785081599999,1791376157436,legacy_historical,,,,,,,,,
1785081600000,743.77581735,1785082499999,1791376157436,legacy_historical,,,,,,,,,
1785082500000,743.73,1785083399999,1791376157436,legacy_historical,,,,,,,,,
1785083400000,744.13284998,1785084299999,1791376157436,legacy_historical,,,,,,,,,
1785084300000,743.65,1785085199999,1791376157436,legacy_historical,,,,,,,,,
1785085200000,743.94578644,1785086099999,1791376157436,legacy_historical,,,,,,,,,
1785086100000,743.84,1785086999999,1791376157436,legacy_historical,,,,,,,,,
1785087000000,743.68354843,1785087899999,1791376157436,legacy_historical,,,,,,,,,
1785087900000,743.74,1785088799999,1791376157436,legacy_historical,,,,,,,,,
1785088800000,743.67588844,1785089699999,1791376157436,legacy_historical,,,,,,,,,
1785089700000,743.45915013,1785090599999,1791376157436,legacy_historical,,,,,,,,,
1785090600000,743.46,1785091499999,1791376157436,legacy_historical,,,,,,,,,
1785091500000,743.20237503,1785092399999,1791376157436,legacy_historical,,,,,,,,,
1785092400000,742.75,1785093299999,1791376157436,legacy_historical,,,,,,,,,
1785093300000,742.83328352,1785094199999,1791376157436,legacy_historical,,,,,,,,,
1785094200000,742.76433357,1785095099999,1791376157436,legacy_historical,,,,,,,,,
1785095100000,742.53257359,1785095999999,1791376157436,legacy_historical,,,,,,,,,
1785096000000,742.39990145,1785096899999,1791376157436,legacy_historical,,,,,,,,,
1785096900000,742.26680709,1785097799999,1791376157436,legacy_historical,,,,,,,,,
1785097800000,742.32,1785098699999,1791376157436,legacy_historical,,,,,,,,,
1785098700000,742.46,1785099599999,1791376157436,legacy_historical,,,,,,,,,
1785099600000,742.2550952,1785100499999,1791376157436,legacy_historical,,,,,,,,,
1785100500000,742.4759008,1785101399999,1791376157436,legacy_historical,,,,,,,,,
1785101400000,742.52562244,1785102299999,1791376157436,legacy_historical,,,,,,,,,
1785102300000,742.96792348,1785103199999,1791376157436,legacy_historical,,,,,,,,,
1785103200000,743.97235141,1785104099999,1791376157436,legacy_historical,,,,,,,,,
1785104100000,744.14,1785104999999,1791376157436,legacy_historical,,,,,,,,,
1785105000000,744.27,1785105899999,1791376157436,legacy_historical,,,,,,,,,
1785105900000,743.91431148,1785106799999,1791376157436,legacy_historical,,,,,,,,,
1785106800000,744.52,1785107699999,1791376157436,legacy_historical,,,,,,,,,
1785107700000,744.52,1785108599999,1791376157436,legacy_historical,,,,,,,,,
1785108600000,745.07,1785109499999,1791376157436,legacy_historical,,,,,,,,,
1785109500000,745.82,1785110399999,1791376157436,legacy_historical,,,,,,,,,
1785110400000,745.66,1785111299999,1791376157436,legacy_historical,,,,,,,,,
1785111300000,744.83,1785112199999,1791376157436,legacy_historical,,,,,,,,,
1785112200000,744.27,1785113099999,1791376157436,legacy_historical,,,,,,,,,
1785113100000,744.15112414,1785113999999,1791376157436,legacy_historical,,,,,,,,,
1785114000000,743.90876073,1785114899999,1791376157436,legacy_historical,,,,,,,,,
1785114900000,743.84578348,1785115799999,1791376157436,legacy_historical,,,,,,,,,
1785115800000,744.35503861,1785116699999,1791376157436,legacy_historical,,,,,,,,,
1785116700000,744.57732795,1785117599999,1791376157436,legacy_historical,,,,,,,,,
1785117600000,744.62,1785118499999,1791376157436,legacy_historical,,,,,,,,,
1785118500000,744.88839271,1785119399999,1791376157436,legacy_historical,,,,,,,,,
1785119400000,744.90464297,1785120299999,1791376157436,legacy_historical,,,,,,,,,
1785120300000,744.79841666,1785121199999,1791376157436,legacy_historical,,,,,,,,,
1785121200000,745.1,1785122099999,1791376157436,legacy_historical,,,,,,,,,
1785122100000,744.95761002,1785122999999,1791376157436,legacy_historical,,,,,,,,,
1785123000000,744.87,1785123899999,1791376157436,legacy_historical,,,,,,,,,
1785123900000,744.77050341,1785124799999,1791376157436,legacy_historical,,,,,,,,,
1785124800000,744.8570941,1785125699999,1791376157436,legacy_historical,,,,,,,,,
1785125700000,744.92797608,1785126599999,1791376157436,legacy_historical,,,,,,,,,
1785126600000,745.31914821,1785127499999,1791376157436,legacy_historical,,,,,,,,,
1785127500000,745.4220712,1785128399999,1791376157436,legacy_historical,,,,,,,,,
1785128400000,745.82935317,1785129299999,1791376157436,legacy_historical,,,,,,,,,
1785129300000,745.89,1785130199999,1791376157436,legacy_historical,,,,,,,,,
1785130200000,746.00384422,1785131099999,1791376157436,legacy_historical,,,,,,,,,
1785131100000,746.09370798,1785131999999,1791376157436,legacy_historical,,,,,,,,,
1785132000000,746.37,1785132899999,1791376157436,legacy_historical,,,,,,,,,
1785132900000,746.06094206,1785133799999,1791376157436,legacy_historical,,,,,,,,,
1785133800000,746.06,1785134699999,1791376157436,legacy_historical,,,,,,,,,
1785134700000,745.89341655,1785135599999,1791376157436,legacy_historical,,,,,,,,,
1785135600000,746.36317221,1785136499999,1791376157436,legacy_historical,,,,,,,,,
1785136500000,746.22,1785137399999,1791376157436,legacy_historical,,,,,,,,,
1785137400000,745.95,1785138299999,1791376157436,legacy_historical,,,,,,,,,
1785138300000,745.51352272,1785139199999,1791376157436,legacy_historical,,,,,,,,,
1785139200000,746.02,1785140099999,1791376157436,legacy_historical,,,,,,,,,
1785140100000,746.23607944,1785140999999,1791376157436,legacy_historical,,,,,,,,,
1785141000000,746.61229574,1785141899999,1791376157436,legacy_historical,,,,,,,,,
1785141900000,746.69,1785142799999,1791376157436,legacy_historical,,,,,,,,,
1785142800000,746.42,1785143699999,1791376157436,legacy_historical,,,,,,,,,
1785143700000,746.54,1785144599999,1791376157436,legacy_historical,,,,,,,,,
1785144600000,746.9,1785145499999,1791376157436,legacy_historical,,,,,,,,,
1785145500000,746.91,1785146399999,1791376157436,legacy_historical,,,,,,,,,
1785146400000,746.80016911,1785147299999,1791376157436,legacy_historical,,,,,,,,,
1785147300000,746.83,1785148199999,1791376157436,legacy_historical,,,,,,,,,
1785148200000,746.91124239,1785149099999,1791376157436,legacy_historical,,,,,,,,,
1785149100000,746.84,1785149999999,1791376157436,legacy_historical,,,,,,,,,
1785150000000,746.41485452,1785150899999,1791376157436,legacy_historical,,,,,,,,,
1785150900000,745.75083473,1785151799999,1791376157436,legacy_historical,,,,,,,,,
1785151800000,745.86,1785152699999,1791376157436,legacy_historical,,,,,,,,,
1785152700000,745.79307431,1785153599999,1791376157436,legacy_historical,,,,,,,,,
1785153600000,745.19,1785154499999,1791376157436,legacy_historical,,,,,,,,,
1785154500000,745.49,1785155399999,1791376157436,legacy_historical,,,,,,,,,
1785155400000,745.71751022,1785156299999,1791376157436,legacy_historical,,,,,,,,,
1785156300000,746.01392822,1785157199999,1791376157436,legacy_historical,,,,,,,,,
1785157200000,745.95208767,1785158099999,1791376157436,legacy_historical,,,,,,,,,
1785158100000,745.46,1785158999999,1791376157436,legacy_historical,,,,,,,,,
1785159000000,744.04515891,1785159899999,1791376157436,legacy_historical,,,,,,,,,
1785159900000,742.19,1785160799999,1791376157436,legacy_historical,,,,,,,,,
1785160800000,741.53,1785161699999,1791376157436,legacy_historical,,,,,,,,,
1785161700000,738.93417052,1785162599999,1791376157436,legacy_historical,,,,,,,,,
1785162600000,737.57,1785163499999,1791376157436,legacy_historical,,,,,,,,,
1785163500000,740.497443,1785164399999,1791376157436,legacy_historical,,,,,,,,,
1785164400000,740.1,1785165299999,1791376157436,legacy_historical,,,,,,,,,
1785165300000,738.9,1785166199999,1791376157436,legacy_historical,,,,,,,,,
1785166200000,738.08,1785167099999,1791376157436,legacy_historical,,,,,,,,,
1785167100000,738.28,1785167999999,1791376157436,legacy_historical,,,,,,,,,
1785168000000,738.26,1785168899999,1791376157436,legacy_historical,,,,,,,,,
1785168900000,739.52,1785169799999,1791376157436,legacy_historical,,,,,,,,,
1785169800000,739.11,1785170699999,1791376157436,legacy_historical,,,,,,,,,
1785170700000,737.78,1785171599999,1791376157436,legacy_historical,,,,,,,,,
1785171600000,737.41,1785172499999,1791376157436,legacy_historical,,,,,,,,,
1785172500000,736.90399597,1785173399999,1791376157436,legacy_historical,,,,,,,,,
1785173400000,737.36196955,1785174299999,1791376157436,legacy_historical,,,,,,,,,
1785174300000,738.44,1785175199999,1791376157436,legacy_historical,,,,,,,,,
1785175200000,738.5,1785176099999,1791376157436,legacy_historical,,,,,,,,,
1785176100000,738.27501018,1785176999999,1791376157436,legacy_historical,,,,,,,,,
1785177000000,738.13,1785177899999,1791376157436,legacy_historical,,,,,,,,,
1785177900000,739.59423521,1785178799999,1791376157436,legacy_historical,,,,,,,,,
1785178800000,739.72502783,1785179699999,1791376157436,legacy_historical,,,,,,,,,
1785179700000,740.29,1785180599999,1791376157436,legacy_historical,,,,,,,,,
1785180600000,739.64,1785181499999,1791376157436,legacy_historical,,,,,,,,,
1785181500000,739.47294576,1785182399999,1791376157436,legacy_historical,,,,,,,,,
1785182400000,739.5972407,1785183299999,1791376157436,legacy_historical,,,,,,,,,
1785183300000,739.58057498,1785184199999,1791376157436,legacy_historical,,,,,,,,,
1785184200000,739.95,1785185099999,1791376157436,legacy_historical,,,,,,,,,
1785185100000,739.97,1785185999999,1791376157436,legacy_historical,,,,,,,,,
1785186000000,740.17328685,1785186899999,1791376157436,legacy_historical,,,,,,,,,
1785186900000,740.25,1785187799999,1791376157436,legacy_historical,,,,,,,,,
1785187800000,740.06,1785188699999,1791376157436,legacy_historical,,,,,,,,,
1785188700000,740.26,1785189599999,1791376157436,legacy_historical,,,,,,,,,
1785189600000,739.61749283,1785190499999,1791376157436,legacy_historical,,,,,,,,,
1785190500000,739.32120504,1785191399999,1791376157436,legacy_historical,,,,,,,,,
1785191400000,739.37142439,1785192299999,1791376157436,legacy_historical,,,,,,,,,
1785192300000,739.26,1785193199999,1791376157436,legacy_historical,,,,,,,,,
1785193200000,739.11618431,1785194099999,1791376157436,legacy_historical,,,,,,,,,
1785194100000,739.52679642,1785194999999,1791376157436,legacy_historical,,,,,,,,,
1785195000000,739.20850859,1785195899999,1791376157436,legacy_historical,,,,,,,,,
1785195900000,739.42660673,1785196799999,1791376157436,legacy_historical,,,,,,,,,
1785196800000,738.78307942,1785197699999,1791376157436,legacy_historical,,,,,,,,,
1785197700000,738.6725156,1785198599999,1791376157436,legacy_historical,,,,,,,,,
1785198600000,739.07898112,1785199499999,1791376157436,legacy_historical,,,,,,,,,
1785199500000,738.58925237,1785200399999,1791376157436,legacy_historical,,,,,,,,,
1785200400000,737.68,1785201299999,1791376157436,legacy_historical,,,,,,,,,
1785201300000,738.6,1785202199999,1791376157436,legacy_historical,,,,,,,,,
1785202200000,738.8895286,1785203099999,1791376157436,legacy_historical,,,,,,,,,
1785203100000,738.2401464,1785203999999,1791376157436,legacy_historical,,,,,,,,,
1785204000000,737.98,1785204899999,1791376157436,legacy_historical,,,,,,,,,
1785204900000,737.95557092,1785205799999,1791376157436,legacy_historical,,,,,,,,,
1785205800000,737.7345609,1785206699999,1791376157436,legacy_historical,,,,,,,,,
1785206700000,737.94280665,1785207599999,1791376157436,legacy_historical,,,,,,,,,
1785207600000,737.82,1785208499999,1791376157436,legacy_historical,,,,,,,,,
1785208500000,738.03070588,1785209399999,1791376157436,legacy_historical,,,,,,,,,
1785209400000,739.07781679,1785210299999,1791376157436,legacy_historical,,,,,,,,,
1785210300000,739.07,1785211199999,1791376157436,legacy_historical,,,,,,,,,
1785211200000,738.21436531,1785212099999,1791376157436,legacy_historical,,,,,,,,,
1785212100000,738.18738545,1785212999999,1791376157436,legacy_historical,,,,,,,,,
1785213000000,738.19816903,1785213899999,1791376157436,legacy_historical,,,,,,,,,
1785213900000,737.9,1785214799999,1791376157436,legacy_historical,,,,,,,,,
1785214800000,737.69,1785215699999,1791376157436,legacy_historical,,,,,,,,,
1785215700000,737.45599378,1785216599999,1791376157436,legacy_historical,,,,,,,,,
1785216600000,737.08197535,1785217499999,1791376157436,legacy_historical,,,,,,,,,
1785217500000,736.94146906,1785218399999,1791376157436,legacy_historical,,,,,,,,,
1785218400000,737.09193266,1785219299999,1791376157436,legacy_historical,,,,,,,,,
1785219300000,737.45,1785220199999,1791376157436,legacy_historical,,,,,,,,,
1785220200000,737.54,1785221099999,1791376157436,legacy_historical,,,,,,,,,
1785221100000,737.76273637,1785221999999,1791376157436,legacy_historical,,,,,,,,,
1785222000000,738.48239385,1785222899999,1791376157436,legacy_historical,,,,,,,,,
1785222900000,738.36142547,1785223799999,1791376157436,legacy_historical,,,,,,,,,
1785223800000,738.37029037,1785224699999,1791376157436,legacy_historical,,,,,,,,,
1785224700000,738.29,1785225599999,1791376157436,legacy_historical,,,,,,,,,
1785225600000,737.68195924,1785226499999,1791376157436,legacy_historical,,,,,,,,,
1785226500000,739.12349393,1785227399999,1791376157436,legacy_historical,,,,,,,,,
1785227400000,739.52,1785228299999,1791376157436,legacy_historical,,,,,,,,,
1785228300000,739.11,1785229199999,1791376157436,legacy_historical,,,,,,,,,
1785229200000,739.19,1785230099999,1791376157436,legacy_historical,,,,,,,,,
1785230100000,739.45,1785230999999,1791376157436,legacy_historical,,,,,,,,,
1785231000000,739.13,1785231899999,1791376157436,legacy_historical,,,,,,,,,
1785231900000,738.88,1785232799999,1791376157436,legacy_historical,,,,,,,,,
1785232800000,738.84819367,1785233699999,1791376157436,legacy_historical,,,,,,,,,
1785233700000,739.05,1785234599999,1791376157436,legacy_historical,,,,,,,,,
1785234600000,738.6280406,1785235499999,1791376157436,legacy_historical,,,,,,,,,
1785235500000,739.04,1785236399999,1791376157436,legacy_historical,,,,,,,,,
1785236400000,738.22964317,1785237299999,1791376157436,legacy_historical,,,,,,,,,
1785237300000,738.69,1785238199999,1791376157436,legacy_historical,,,,,,,,,
1785238200000,738.666203,1785239099999,1791376157436,legacy_historical,,,,,,,,,
1785239100000,739.86,1785239999999,1791376157436,legacy_historical,,,,,,,,,
1785240000000,739.80515382,1785240899999,1791376157436,legacy_historical,,,,,,,,,
1785240900000,740.39,1785241799999,1791376157436,legacy_historical,,,,,,,,,
1785241800000,740.81,1785242699999,1791376157436,legacy_historical,,,,,,,,,
1785242700000,740.55,1785243599999,1791376157436,legacy_historical,,,,,,,,,
1785243600000,740.5867148,1785244499999,1791376157436,legacy_historical,,,,,,,,,
1785244500000,740.18362663,1785245399999,1791376157436,legacy_historical,,,,,,,,,
1785245400000,737.79,1785246299999,1791376157436,legacy_historical,,,,,,,,,
1785246300000,737.28807279,1785247199999,1791376157436,legacy_historical,,,,,,,,,
1785247200000,737.29,1785248099999,1791376157436,legacy_historical,,,,,,,,,
1785248100000,738.41368907,1785248999999,1791376157436,legacy_historical,,,,,,,,,
1785249000000,739.03306512,1785249899999,1791376157436,legacy_historical,,,,,,,,,
1785249900000,739.55976675,1785250799999,1791376157436,legacy_historical,,,,,,,,,
1785250800000,740.19,1785251699999,1791376157436,legacy_historical,,,,,,,,,
1785251700000,741.86459759,1785252599999,1791376157436,legacy_historical,,,,,,,,,
1785252600000,742.85,1785253499999,1791376157436,legacy_historical,,,,,,,,,
1785253500000,742.8866931,1785254399999,1791376157436,legacy_historical,,,,,,,,,
1785254400000,742.25134218,1785255299999,1791376157436,legacy_historical,,,,,,,,,
1785255300000,741.9269585,1785256199999,1791376157436,legacy_historical,,,,,,,,,
1785256200000,742.61,1785257099999,1791376157436,legacy_historical,,,,,,,,,
1785257100000,743.26,1785257999999,1791376157436,legacy_historical,,,,,,,,,
1785258000000,742.07595356,1785258899999,1791376157436,legacy_historical,,,,,,,,,
1785258900000,742.1,1785259799999,1791376157436,legacy_historical,,,,,,,,,
1785259800000,741.48542204,1785260699999,1791376157436,legacy_historical,,,,,,,,,
1785260700000,741.85517452,1785261599999,1791376157436,legacy_historical,,,,,,,,,
1785261600000,741.23969508,1785262499999,1791376157436,legacy_historical,,,,,,,,,
1785262500000,741.26307819,1785263399999,1791376157436,legacy_historical,,,,,,,,,
1785263400000,741.52,1785264299999,1791376157436,legacy_historical,,,,,,,,,
1785264300000,742.15269857,1785265199999,1791376157436,legacy_historical,,,,,,,,,
1785265200000,742.19810609,1785266099999,1791376157436,legacy_historical,,,,,,,,,
1785266100000,742.24199916,1785266999999,1791376157436,legacy_historical,,,,,,,,,
1785267000000,741.90434294,1785267899999,1791376157436,legacy_historical,,,,,,,,,
1785267900000,741.22069789,1785268799999,1791376157436,legacy_historical,,,,,,,,,
1785268800000,741.43,1785269699999,1791376157436,legacy_historical,,,,,,,,,
1785269700000,742.01,1785270599999,1791376157436,legacy_historical,,,,,,,,,
1785270600000,741.62,1785271499999,1791376157436,legacy_historical,,,,,,,,,
1785271500000,741.67,1785272399999,1791376157436,legacy_historical,,,,,,,,,
1785272400000,741.74,1785273299999,1791376157436,legacy_historical,,,,,,,,,
1785273300000,741.95220929,1785274199999,1791376157436,legacy_historical,,,,,,,,,
1785274200000,742.12282889,1785275099999,1791376157436,legacy_historical,,,,,,,,,
1785275100000,741.96,1785275999999,1791376157436,legacy_historical,,,,,,,,,
1785276000000,741.69151034,1785276899999,1791376157436,legacy_historical,,,,,,,,,
1785276900000,741.2,1785277799999,1791376157436,legacy_historical,,,,,,,,,
1785277800000,740.33340475,1785278699999,1791376157436,legacy_historical,,,,,,,,,
1785278700000,740.18,1785279599999,1791376157436,legacy_historical,,,,,,,,,
1785279600000,741.3592298,1785280499999,1791376157436,legacy_historical,,,,,,,,,
1785280500000,741.82278334,1785281399999,1791376157436,legacy_historical,,,,,,,,,
1785281400000,743.13,1785282299999,1791376157436,legacy_historical,,,,,,,,,
1785282300000,744.23,1785283199999,1791376157436,legacy_historical,,,,,,,,,
1785283200000,744.40992621,1785284099999,1791376157436,legacy_historical,,,,,,,,,
1785284100000,744.22941037,1785284999999,1791376157436,legacy_historical,,,,,,,,,
1785285000000,744.18456894,1785285899999,1791376157436,legacy_historical,,,,,,,,,
1785285900000,743.70416861,1785286799999,1791376157436,legacy_historical,,,,,,,,,
1785286800000,742.27,1785287699999,1791376157436,legacy_historical,,,,,,,,,
1785287700000,742.84,1785288599999,1791376157436,legacy_historical,,,,,,,,,
1785288600000,741.81,1785289499999,1791376157436,legacy_historical,,,,,,,,,
1785289500000,740.76330128,1785290399999,1791376157436,legacy_historical,,,,,,,,,
1785290400000,741.35,1785291299999,1791376157436,legacy_historical,,,,,,,,,
1785291300000,741.76721305,1785292199999,1791376157436,legacy_historical,,,,,,,,,
1785292200000,741.67454914,1785293099999,1791376157436,legacy_historical,,,,,,,,,
1785293100000,741.35639092,1785293999999,1791376157436,legacy_historical,,,,,,,,,
1785294000000,741.15961189,1785294899999,1791376157436,legacy_historical,,,,,,,,,
1785294900000,740.73,1785295799999,1791376157436,legacy_historical,,,,,,,,,
1785295800000,740.49371475,1785296699999,1791376157436,legacy_historical,,,,,,,,,
1785296700000,739.85444129,1785297599999,1791376157436,legacy_historical,,,,,,,,,
1785297600000,739.59,1785298499999,1791376157436,legacy_historical,,,,,,,,,
1785298500000,739.68670082,1785299399999,1791376157436,legacy_historical,,,,,,,,,
1785299400000,739.23725267,1785300299999,1791376157436,legacy_historical,,,,,,,,,
1785300300000,740.21,1785301199999,1791376157436,legacy_historical,,,,,,,,,
1785301200000,741.21232535,1785302099999,1791376157436,legacy_historical,,,,,,,,,
1785302100000,741.14,1785302999999,1791376157436,legacy_historical,,,,,,,,,
1785303000000,741.16571707,1785303899999,1791376157436,legacy_historical,,,,,,,,,
1785303900000,740.85,1785304799999,1791376157436,legacy_historical,,,,,,,,,
1785304800000,740.59,1785305699999,1791376157436,legacy_historical,,,,,,,,,
1785305700000,741.14538776,1785306599999,1791376157436,legacy_historical,,,,,,,,,
1785306600000,742.37,1785307499999,1791376157436,legacy_historical,,,,,,,,,
1785307500000,742.93,1785308399999,1791376157436,legacy_historical,,,,,,,,,
1785308400000,743.04,1785309299999,1791376157436,legacy_historical,,,,,,,,,
1785309300000,743.25,1785310199999,1791376157436,legacy_historical,,,,,,,,,
1785310200000,743.31497807,1785311099999,1791376157436,legacy_historical,,,,,,,,,
1785311100000,743.14,1785311999999,1791376157436,legacy_historical,,,,,,,,,
1785312000000,742.5570802,1785312899999,1791376157436,legacy_historical,,,,,,,,,
1785312900000,742.17802502,1785313799999,1791376157436,legacy_historical,,,,,,,,,
1785313800000,743.38,1785314699999,1791376157436,legacy_historical,,,,,,,,,
1785314700000,743.12620207,1785315599999,1791376157436,legacy_historical,,,,,,,,,
1785315600000,743.28664031,1785316499999,1791376157436,legacy_historical,,,,,,,,,
1785316500000,743.09448928,1785317399999,1791376157436,legacy_historical,,,,,,,,,
1785317400000,743.31958464,1785318299999,1791376157436,legacy_historical,,,,,,,,,
1785318300000,743.69368813,1785319199999,1791376157436,legacy_historical,,,,,,,,,
1785319200000,743.40684604,1785320099999,1791376157436,legacy_historical,,,,,,,,,
1785320100000,743.51,1785320999999,1791376157436,legacy_historical,,,,,,,,,
1785321000000,743.14,1785321899999,1791376157436,legacy_historical,,,,,,,,,
1785321900000,742.79361528,1785322799999,1791376157436,legacy_historical,,,,,,,,,
1785322800000,743.24300002,1785323699999,1791376157436,legacy_historical,,,,,,,,,
1785323700000,743.26145981,1785324599999,1791376157436,legacy_historical,,,,,,,,,
1785324600000,742.86,1785325499999,1791376157436,legacy_historical,,,,,,,,,
1785325500000,743.07572927,1785326399999,1791376157436,legacy_historical,,,,,,,,,
1785326400000,742.5,1785327299999,1791376157436,legacy_historical,,,,,,,,,
1785327300000,741.27,1785328199999,1791376157436,legacy_historical,,,,,,,,,
1785328200000,741.89,1785329099999,1791376157436,legacy_historical,,,,,,,,,
1785329100000,741.66,1785329999999,1791376157436,legacy_historical,,,,,,,,,
1785330000000,740.81528798,1785330899999,1791376157436,legacy_historical,,,,,,,,,
1785330900000,741.06,1785331799999,1791376157436,legacy_historical,,,,,,,,,
1785331800000,740.78,1785332699999,1791376157436,legacy_historical,,,,,,,,,
1785332700000,738.53373495,1785333599999,1791376157436,legacy_historical,,,,,,,,,
1785333600000,736.46,1785334499999,1791376157436,legacy_historical,,,,,,,,,
1785334500000,736.10185706,1785335399999,1791376157436,legacy_historical,,,,,,,,,
1785335400000,735.34118987,1785336299999,1791376157436,legacy_historical,,,,,,,,,
1785336300000,736.08,1785337199999,1791376157436,legacy_historical,,,,,,,,,
1785337200000,735.90457202,1785338099999,1791376157436,legacy_historical,,,,,,,,,
1785338100000,735.69533288,1785338999999,1791376157436,legacy_historical,,,,,,,,,
1785339000000,735.2829418,1785339899999,1791376157436,legacy_historical,,,,,,,,,
1785339900000,734.77962325,1785340799999,1791376157436,legacy_historical,,,,,,,,,
1785340800000,733.23,1785341699999,1791376157436,legacy_historical,,,,,,,,,
1785341700000,735.10685595,1785342599999,1791376157436,legacy_historical,,,,,,,,,
1785342600000,734.39,1785343499999,1791376157436,legacy_historical,,,,,,,,,
1785343500000,736.02892011,1785344399999,1791376157436,legacy_historical,,,,,,,,,
1785344400000,737.75,1785345299999,1791376157436,legacy_historical,,,,,,,,,
1785345300000,737.03271082,1785346199999,1791376157436,legacy_historical,,,,,,,,,
1785346200000,736.97,1785347099999,1791376157436,legacy_historical,,,,,,,,,
1785347100000,737.72,1785347999999,1791376157436,legacy_historical,,,,,,,,,
1785348000000,738.60588457,1785348899999,1791376157436,legacy_historical,,,,,,,,,
1785348900000,738.26125481,1785349799999,1791376157436,legacy_historical,,,,,,,,,
1785349800000,741.90463812,1785350699999,1791376157436,legacy_historical,,,,,,,,,
1785350700000,742.88,1785351599999,1791376157436,legacy_historical,,,,,,,,,
1785351600000,739.86,1785352499999,1791376157436,legacy_historical,,,,,,,,,
1785352500000,736.06433007,1785353399999,1791376157436,legacy_historical,,,,,,,,,
1785353400000,732.36573121,1785354299999,1791376157436,legacy_historical,,,,,,,,,
1785354300000,731.13854124,1785355199999,1791376157436,legacy_historical,,,,,,,,,
1785355200000,729.78,1785356099999,1791376157436,legacy_historical,,,,,,,,,
1785356100000,728.90094515,1785356999999,1791376157436,legacy_historical,,,,,,,,,
1785357000000,729.85,1785357899999,1791376157436,legacy_historical,,,,,,,,,
1785357900000,729.48712146,1785358799999,1791376157436,legacy_historical,,,,,,,,,
1785358800000,729.6,1785359699999,1791376157436,legacy_historical,,,,,,,,,
1785359700000,729.58016867,1785360599999,1791376157436,legacy_historical,,,,,,,,,
1785360600000,728.89,1785361499999,1791376157436,legacy_historical,,,,,,,,,
1785361500000,729.63,1785362399999,1791376157436,legacy_historical,,,,,,,,,
1785362400000,732.85,1785363299999,1791376157436,legacy_historical,,,,,,,,,
1785363300000,733.02225931,1785364199999,1791376157436,legacy_historical,,,,,,,,,
1785364200000,732.95796021,1785365099999,1791376157436,legacy_historical,,,,,,,,,
1785365100000,732.63,1785365999999,1791376157436,legacy_historical,,,,,,,,,
1785366000000,732.94,1785366899999,1791376157436,legacy_historical,,,,,,,,,
1785366900000,733.49351275,1785367799999,1791376157436,legacy_historical,,,,,,,,,
1785367800000,733.55230883,1785368699999,1791376157436,legacy_historical,,,,,,,,,
1785368700000,733.48295086,1785369599999,1791376157436,legacy_historical,,,,,,,,,
1785369600000,734.13512092,1785370499999,1791376157436,legacy_historical,,,,,,,,,
1785370500000,733.49869988,1785371399999,1791376157436,legacy_historical,,,,,,,,,
1785371400000,732.69283089,1785372299999,1791376157436,legacy_historical,,,,,,,,,
1785372300000,733.28518162,1785373199999,1791376157436,legacy_historical,,,,,,,,,
1785373200000,733.49,1785374099999,1791376157436,legacy_historical,,,,,,,,,
1785374100000,734.34956771,1785374999999,1791376157436,legacy_historical,,,,,,,,,
1785375000000,734.87,1785375899999,1791376157436,legacy_historical,,,,,,,,,
1785375900000,734.84,1785376799999,1791376157436,legacy_historical,,,,,,,,,
1785376800000,734.72,1785377699999,1791376157436,legacy_historical,,,,,,,,,
1785377700000,734.69,1785378599999,1791376157436,legacy_historical,,,,,,,,,
1785378600000,734.8,1785379499999,1791376157436,legacy_historical,,,,,,,,,
1785379500000,733.88,1785380399999,1791376157436,legacy_historical,,,,,,,,,
1785380400000,733.69,1785381299999,1791376157436,legacy_historical,,,,,,,,,
1785381300000,733.49,1785382199999,1791376157436,legacy_historical,,,,,,,,,
1785382200000,733.61,1785383099999,1791376157436,legacy_historical,,,,,,,,,
1785383100000,733.6,1785383999999,1791376157436,legacy_historical,,,,,,,,,
1785384000000,733.21,1785384899999,1791376157436,legacy_historical,,,,,,,,,
1785384900000,733.92,1785385799999,1791376157436,legacy_historical,,,,,,,,,
1785385800000,733.1,1785386699999,1791376157436,legacy_historical,,,,,,,,,
1785386700000,732.77455979,1785387599999,1791376157436,legacy_historical,,,,,,,,,
1785387600000,732.5478735,1785388499999,1791376157436,legacy_historical,,,,,,,,,
1785388500000,732.88597866,1785389399999,1791376157436,legacy_historical,,,,,,,,,
1785389400000,733.35,1785390299999,1791376157436,legacy_historical,,,,,,,,,
1785390300000,732.94,1785391199999,1791376157436,legacy_historical,,,,,,,,,
1785391200000,732.5966251,1785392099999,1791376157436,legacy_historical,,,,,,,,,
1785392100000,732.51,1785392999999,1791376157436,legacy_historical,,,,,,,,,
1785393000000,731.96079828,1785393899999,1791376157436,legacy_historical,,,,,,,,,
1785393900000,732.32,1785394799999,1791376157436,legacy_historical,,,,,,,,,
1785394800000,733.49,1785395699999,1791376157436,legacy_historical,,,,,,,,,
1785395700000,732.59951249,1785396599999,1791376157436,legacy_historical,,,,,,,,,
1785396600000,732.74,1785397499999,1791376157436,legacy_historical,,,,,,,,,
1785397500000,732.1,1785398399999,1791376157436,legacy_historical,,,,,,,,,
1785398400000,732.96580406,1785399299999,1791376157436,legacy_historical,,,,,,,,,
1785399300000,733.78,1785400199999,1791376157436,legacy_historical,,,,,,,,,
1785400200000,733.54851544,1785401099999,1791376157436,legacy_historical,,,,,,,,,
1785401100000,733.41,1785401999999,1791376157436,legacy_historical,,,,,,,,,
1785402000000,733.48432336,1785402899999,1791376157436,legacy_historical,,,,,,,,,
1785402900000,734.52,1785403799999,1791376157436,legacy_historical,,,,,,,,,
1785403800000,734.30147042,1785404699999,1791376157436,legacy_historical,,,,,,,,,
1785404700000,733.62,1785405599999,1791376157436,legacy_historical,,,,,,,,,
1785405600000,733.71,1785406499999,1791376157436,legacy_historical,,,,,,,,,
1785406500000,734.57,1785407399999,1791376157436,legacy_historical,,,,,,,,,
1785407400000,734.97,1785408299999,1791376157436,legacy_historical,,,,,,,,,
1785408300000,734.54,1785409199999,1791376157436,legacy_historical,,,,,,,,,
1785409200000,734.96,1785410099999,1791376157436,legacy_historical,,,,,,,,,
1785410100000,735.73314757,1785410999999,1791376157436,legacy_historical,,,,,,,,,
1785411000000,735.59,1785411899999,1791376157436,legacy_historical,,,,,,,,,
1785411900000,736.05590598,1785412799999,1791376157436,legacy_historical,,,,,,,,,
1785412800000,736.46980635,1785413699999,1791376157436,legacy_historical,,,,,,,,,
1785413700000,735.73655003,1785414599999,1791376157436,legacy_historical,,,,,,,,,
1785414600000,735.55,1785415499999,1791376157436,legacy_historical,,,,,,,,,
1785415500000,735.90496103,1785416399999,1791376157436,legacy_historical,,,,,,,,,
1785416400000,736.25984649,1785417299999,1791376157436,legacy_historical,,,,,,,,,
1785417300000,737.19858963,1785418199999,1791376157436,legacy_historical,,,,,,,,,
1785418200000,737.63058478,1785419099999,1791376157436,legacy_historical,,,,,,,,,
1785419100000,739.58,1785419999999,1791376157436,legacy_historical,,,,,,,,,
1785420000000,739.06800486,1785420899999,1791376157436,legacy_historical,,,,,,,,,
1785420900000,739.69256528,1785421799999,1791376157436,legacy_historical,,,,,,,,,
1785421800000,738.8964931,1785422699999,1791376157436,legacy_historical,,,,,,,,,
1785422700000,737.36965878,1785423599999,1791376157436,legacy_historical,,,,,,,,,
1785423600000,736.17,1785424499999,1791376157436,legacy_historical,,,,,,,,,
1785424500000,736.05747168,1785425399999,1791376157436,legacy_historical,,,,,,,,,
1785425400000,737.75,1785426299999,1791376157436,legacy_historical,,,,,,,,,
1785426300000,738.21259269,1785427199999,1791376157436,legacy_historical,,,,,,,,,
1785427200000,739.82,1785428099999,1791376157436,legacy_historical,,,,,,,,,
1785428100000,739.85,1785428999999,1791376157436,legacy_historical,,,,,,,,,
1785429000000,739.03,1785429899999,1791376157436,legacy_historical,,,,,,,,,
1785429900000,740.16035455,1785430799999,1791376157436,legacy_historical,,,,,,,,,
1785430800000,740.89832514,1785431699999,1791376157436,legacy_historical,,,,,,,,,
1785431700000,740.92,1785432599999,1791376157436,legacy_historical,,,,,,,,,
1785432600000,741.14811716,1785433499999,1791376157436,legacy_historical,,,,,,,,,
1785433500000,741.0,1785434399999,1791376157436,legacy_historical,,,,,,,,,
1785434400000,741.22614512,1785435299999,1791376157436,legacy_historical,,,,,,,,,
1785435300000,741.25,1785436199999,1791376157436,legacy_historical,,,,,,,,,
1785436200000,741.18873028,1785437099999,1791376157436,legacy_historical,,,,,,,,,
1785437100000,741.59492617,1785437999999,1791376157436,legacy_historical,,,,,,,,,
1785438000000,742.9,1785438899999,1791376157436,legacy_historical,,,,,,,,,
1785438900000,742.66388377,1785439799999,1791376157436,legacy_historical,,,,,,,,,
1785439800000,742.64,1785440699999,1791376157436,legacy_historical,,,,,,,,,
1785440700000,742.45471,1785441599999,1791376157436,legacy_historical,,,,,,,,,
1785441600000,744.06,1785442499999,1791376157436,legacy_historical,,,,,,,,,
1785442500000,744.25,1785443399999,1791376157436,legacy_historical,,,,,,,,,
1785443400000,743.39,1785444299999,1791376157436,legacy_historical,,,,,,,,,
1785444300000,742.80695926,1785445199999,1791376157436,legacy_historical,,,,,,,,,
1785445200000,742.71442603,1785446099999,1791376157436,legacy_historical,,,,,,,,,
1785446100000,742.29095929,1785446999999,1791376157436,legacy_historical,,,,,,,,,
1785447000000,742.2778611,1785447899999,1791376157436,legacy_historical,,,,,,,,,
1785447900000,742.57127598,1785448799999,1791376157436,legacy_historical,,,,,,,,,
1785448800000,743.02,1785449699999,1791376157436,legacy_historical,,,,,,,,,
1785449700000,742.84,1785450599999,1791376157436,legacy_historical,,,,,,,,,
1785450600000,743.59,1785451499999,1791376157436,legacy_historical,,,,,,,,,
1785451500000,743.81615498,1785452399999,1791376157436,legacy_historical,,,,,,,,,
1785452400000,743.67,1785453299999,1791376157436,legacy_historical,,,,,,,,,
1785453300000,743.64,1785454199999,1791376157436,legacy_historical,,,,,,,,,
1785454200000,744.15333746,1785455099999,1791376157436,legacy_historical,,,,,,,,,
1785455100000,744.21361897,1785455999999,1791376157436,legacy_historical,,,,,,,,,
1785456000000,745.01215055,1785456899999,1791376157436,legacy_historical,,,,,,,,,
1785456900000,744.83,1785457799999,1791376157436,legacy_historical,,,,,,,,,
1785457800000,744.91,1785458699999,1791376157436,legacy_historical,,,,,,,,,
1785458700000,744.91698035,1785459599999,1791376157436,legacy_historical,,,,,,,,,
1785459600000,745.52329955,1785460499999,1791376157436,legacy_historical,,,,,,,,,
1785460500000,745.63,1785461399999,1791376157436,legacy_historical,,,,,,,,,
1785461400000,744.9737272,1785462299999,1791376157436,legacy_historical,,,,,,,,,
1785462300000,745.04,1785463199999,1791376157436,legacy_historical,,,,,,,,,
1785463200000,744.8334316,1785464099999,1791376157436,legacy_historical,,,,,,,,,
1785464100000,744.57,1785464999999,1791376157436,legacy_historical,,,,,,,,,
1785465000000,744.52683607,1785465899999,1791376157436,legacy_historical,,,,,,,,,
1785465900000,744.64055034,1785466799999,1791376157436,legacy_historical,,,,,,,,,
1785466800000,744.42,1785467699999,1791376157436,legacy_historical,,,,,,,,,
1785467700000,744.97972949,1785468599999,1791376157436,legacy_historical,,,,,,,,,
1785468600000,745.0,1785469499999,1791376157436,legacy_historical,,,,,,,,,
1785469500000,745.1124268,1785470399999,1791376157436,legacy_historical,,,,,,,,,
1785470400000,745.16,1785471299999,1791376157436,legacy_historical,,,,,,,,,
1785471300000,745.61585204,1785472199999,1791376157436,legacy_historical,,,,,,,,,
1785472200000,745.97,1785473099999,1791376157436,legacy_historical,,,,,,,,,
1785473100000,746.22,1785473999999,1791376157436,legacy_historical,,,,,,,,,
1785474000000,746.19346838,1785474899999,1791376157436,legacy_historical,,,,,,,,,
1785474900000,746.41712418,1785475799999,1791376157436,legacy_historical,,,,,,,,,
1785475800000,746.09,1785476699999,1791376157436,legacy_historical,,,,,,,,,
1785476700000,746.20506434,1785477599999,1791376157436,legacy_historical,,,,,,,,,
1785477600000,746.4360881,1785478499999,1791376157436,legacy_historical,,,,,,,,,
1785478500000,746.13313813,1785479399999,1791376157436,legacy_historical,,,,,,,,,
1785479400000,744.91970991,1785480299999,1791376157436,legacy_historical,,,,,,,,,
1785480300000,745.01246238,1785481199999,1791376157436,legacy_historical,,,,,,,,,
1785481200000,745.89690424,1785482099999,1791376157436,legacy_historical,,,,,,,,,
1785482100000,745.81133159,1785482999999,1791376157436,legacy_historical,,,,,,,,,
1785483000000,745.9860195,1785483899999,1791376157436,legacy_historical,,,,,,,,,
1785483900000,745.94,1785484799999,1791376157436,legacy_historical,,,,,,,,,
1785484800000,746.29138221,1785485699999,1791376157436,legacy_historical,,,,,,,,,
1785485700000,746.48,1785486599999,1791376157436,legacy_historical,,,,,,,,,
1785486600000,746.14175825,1785487499999,1791376157436,legacy_historical,,,,,,,,,
1785487500000,746.50213287,1785488399999,1791376157436,legacy_historical,,,,,,,,,
1785488400000,746.86556248,1785489299999,1791376157436,legacy_historical,,,,,,,,,
1785489300000,746.61,1785490199999,1791376157436,legacy_historical,,,,,,,,,
1785490200000,745.96,1785491099999,1791376157436,legacy_historical,,,,,,,,,
1785491100000,745.72,1785491999999,1791376157436,legacy_historical,,,,,,,,,
1785492000000,746.05,1785492899999,1791376157436,legacy_historical,,,,,,,,,
1785492900000,746.22262106,1785493799999,1791376157436,legacy_historical,,,,,,,,,
1785493800000,746.09,1785494699999,1791376157436,legacy_historical,,,,,,,,,
1785494700000,745.97,1785495599999,1791376157436,legacy_historical,,,,,,,,,
1785495600000,746.01,1785496499999,1791376157436,legacy_historical,,,,,,,,,
1785496500000,745.3334496,1785497399999,1791376157436,legacy_historical,,,,,,,,,
1785497400000,744.99449288,1785498299999,1791376157436,legacy_historical,,,,,,,,,
1785498300000,745.34234095,1785499199999,1791376157436,legacy_historical,,,,,,,,,
1785499200000,744.49305568,1785500099999,1791376157436,legacy_historical,,,,,,,,,
1785500100000,743.92650105,1785500999999,1791376157436,legacy_historical,,,,,,,,,
1785501000000,743.85717871,1785501899999,1791376157436,legacy_historical,,,,,,,,,
1785501900000,743.76887408,1785502799999,1791376157436,legacy_historical,,,,,,,,,
1785502800000,744.43782617,1785503699999,1791376157436,legacy_historical,,,,,,,,,
1785503700000,745.29,1785504599999,1791376157436,legacy_historical,,,,,,,,,
1785504600000,743.90146365,1785505499999,1791376157436,legacy_historical,,,,,,,,,
1785505500000,742.87,1785506399999,1791376157436,legacy_historical,,,,,,,,,
1785506400000,739.62384353,1785507299999,1791376157436,legacy_historical,,,,,,,,,
1785507300000,741.6,1785508199999,1791376157436,legacy_historical,,,,,,,,,
1785508200000,742.62,1785509099999,1791376157436,legacy_historical,,,,,,,,,
1785509100000,743.69,1785509999999,1791376157436,legacy_historical,,,,,,,,,
1785510000000,743.28,1785510899999,1791376157436,legacy_historical,,,,,,,,,
1785510900000,741.48159157,1785511799999,1791376157436,legacy_historical,,,,,,,,,
1785511800000,742.81464397,1785512699999,1791376157436,legacy_historical,,,,,,,,,
1785512700000,744.05213568,1785513599999,1791376157436,legacy_historical,,,,,,,,,
1785513600000,744.4,1785514499999,1791376157436,legacy_historical,,,,,,,,,
1785514500000,745.30302061,1785515399999,1791376157436,legacy_historical,,,,,,,,,
1785515400000,745.16593448,1785516299999,1791376157436,legacy_historical,,,,,,,,,
1785516300000,745.60889185,1785517199999,1791376157436,legacy_historical,,,,,,,,,
1785517200000,746.12254988,1785518099999,1791376157436,legacy_historical,,,,,,,,,
1785518100000,747.11630983,1785518999999,1791376157436,legacy_historical,,,,,,,,,
1785519000000,746.71,1785519899999,1791376157436,legacy_historical,,,,,,,,,
1785519900000,746.35838044,1785520799999,1791376157436,legacy_historical,,,,,,,,,
1785520800000,746.5365005,1785521699999,1791376157436,legacy_historical,,,,,,,,,
1785521700000,746.86191812,1785522599999,1791376157436,legacy_historical,,,,,,,,,
1785522600000,746.9522414,1785523499999,1791376157436,legacy_historical,,,,,,,,,
1785523500000,747.01,1785524399999,1791376157436,legacy_historical,,,,,,,,,
1785524400000,747.15266394,1785525299999,1791376157436,legacy_historical,,,,,,,,,
1785525300000,748.28517912,1785526199999,1791376157436,legacy_historical,,,,,,,,,
1785526200000,748.90937101,1785527099999,1791376157436,legacy_historical,,,,,,,,,
1785527100000,747.54801088,1785527999999,1791376157436,legacy_historical,,,,,,,,,
1785528000000,747.78,1785528899999,1791376157436,legacy_historical,,,,,,,,,
1785528900000,747.61633811,1785529799999,1791376157436,legacy_historical,,,,,,,,,
1785529800000,747.6,1785530699999,1791376157436,legacy_historical,,,,,,,,,
1785530700000,746.18411788,1785531599999,1791376157436,legacy_historical,,,,,,,,,
1785531600000,746.00895131,1785532499999,1791376157436,legacy_historical,,,,,,,,,
1785532500000,745.97296951,1785533399999,1791376157436,legacy_historical,,,,,,,,,
1785533400000,745.93896542,1785534299999,1791376157436,legacy_historical,,,,,,,,,
1785534300000,745.99,1785535199999,1791376157436,legacy_historical,,,,,,,,,
1785535200000,745.69878312,1785536099999,1791376157436,legacy_historical,,,,,,,,,
1785536100000,745.55743064,1785536999999,1791376157436,legacy_historical,,,,,,,,,
1785537000000,745.75716346,1785537899999,1791376157436,legacy_historical,,,,,,,,,
1785537900000,745.78,1785538799999,1791376157436,legacy_historical,,,,,,,,,
1785538800000,745.80019974,1785539699999,1791376157436,legacy_historical,,,,,,,,,
1785539700000,745.59,1785540599999,1791376157436,legacy_historical,,,,,,,,,
1785540600000,745.63446253,1785541499999,1791376157436,legacy_historical,,,,,,,,,
1785541500000,745.22789867,1785542399999,1791376157436,legacy_historical,,,,,,,,,
1785542400000,746.13,1785543299999,1791376157436,legacy_historical,,,,,,,,,
1785543300000,746.00785729,1785544199999,1791376157436,legacy_historical,,,,,,,,,
1785544200000,745.98630457,1785545099999,1791376157436,legacy_historical,,,,,,,,,
1785545100000,745.93,1785545999999,1791376157436,legacy_historical,,,,,,,,,
1785546000000,746.29771729,1785546899999,1791376157436,legacy_historical,,,,,,,,,
1785546900000,746.30687368,1785547799999,1791376157436,legacy_historical,,,,,,,,,
1785547800000,746.18,1785548699999,1791376157436,legacy_historical,,,,,,,,,
1785548700000,746.21121528,1785549599999,1791376157436,legacy_historical,,,,,,,,,
1785549600000,746.1851648,1785550499999,1791376157436,legacy_historical,,,,,,,,,
1785550500000,746.21549145,1785551399999,1791376157436,legacy_historical,,,,,,,,,
1785551400000,746.25,1785552299999,1791376157436,legacy_historical,,,,,,,,,
1785552300000,746.17180458,1785553199999,1791376157436,legacy_historical,,,,,,,,,
1785553200000,746.08,1785554099999,1791376157436,legacy_historical,,,,,,,,,
1785554100000,746.06203227,1785554999999,1791376157436,legacy_historical,,,,,,,,,
1785555000000,746.08488137,1785555899999,1791376157436,legacy_historical,,,,,,,,,
1785555900000,746.14523924,1785556799999,1791376157436,legacy_historical,,,,,,,,,
1785556800000,746.17,1785557699999,1791376157436,legacy_historical,,,,,,,,,
1785557700000,745.83273143,1785558599999,1791376157436,legacy_historical,,,,,,,,,
1785558600000,745.85,1785559499999,1791376157436,legacy_historical,,,,,,,,,
1785559500000,745.86,1785560399999,1791376157436,legacy_historical,,,,,,,,,
1785560400000,745.86480379,1785561299999,1791376157436,legacy_historical,,,,,,,,,
1785561300000,745.71,1785562199999,1791376157436,legacy_historical,,,,,,,,,
1785562200000,746.04567624,1785563099999,1791376157436,legacy_historical,,,,,,,,,
1785563100000,745.71,1785563999999,1791376157436,legacy_historical,,,,,,,,,
1785564000000,745.94549701,1785564899999,1791376157436,legacy_historical,,,,,,,,,
1785564900000,746.01,1785565799999,1791376157436,legacy_historical,,,,,,,,,
1785565800000,746.27722038,1785566699999,1791376157436,legacy_historical,,,,,,,,,
1785566700000,746.30636783,1785567599999,1791376157436,legacy_historical,,,,,,,,,
1785567600000,746.29,1785568499999,1791376157436,legacy_historical,,,,,,,,,
1785568500000,745.88,1785569399999,1791376157436,legacy_historical,,,,,,,,,
1785569400000,746.04466845,1785570299999,1791376157436,legacy_historical,,,,,,,,,
1785570300000,746.3,1785571199999,1791376157436,legacy_historical,,,,,,,,,
1785571200000,746.24578354,1785572099999,1791376157436,legacy_historical,,,,,,,,,
1785572100000,746.18538969,1785572999999,1791376157436,legacy_historical,,,,,,,,,
1785573000000,746.25,1785573899999,1791376157436,legacy_historical,,,,,,,,,
1785573900000,745.89,1785574799999,1791376157436,legacy_historical,,,,,,,,,
1785574800000,745.86330983,1785575699999,1791376157436,legacy_historical,,,,,,,,,
1785575700000,746.1,1785576599999,1791376157436,legacy_historical,,,,,,,,,
1785576600000,746.03495967,1785577499999,1791376157436,legacy_historical,,,,,,,,,
1785577500000,746.22,1785578399999,1791376157436,legacy_historical,,,,,,,,,
1785578400000,746.02,1785579299999,1791376157436,legacy_historical,,,,,,,,,
1785579300000,745.66179795,1785580199999,1791376157436,legacy_historical,,,,,,,,,
1785580200000,745.88884669,1785581099999,1791376157436,legacy_historical,,,,,,,,,
1785581100000,745.89,1785581999999,1791376157436,legacy_historical,,,,,,,,,
1785582000000,745.62385597,1785582899999,1791376157436,legacy_historical,,,,,,,,,
1785582900000,745.43338356,1785583799999,1791376157436,legacy_historical,,,,,,,,,
1785583800000,745.39306459,1785584699999,1791376157436,legacy_historical,,,,,,,,,
1785584700000,745.46443463,1785585599999,1791376157436,legacy_historical,,,,,,,,,
1785585600000,745.6,1785586499999,1791376157436,legacy_historical,,,,,,,,,
1785586500000,745.58,1785587399999,1791376157436,legacy_historical,,,,,,,,,
1785587400000,745.53493625,1785588299999,1791376157436,legacy_historical,,,,,,,,,
1785588300000,745.4549679,1785589199999,1791376157436,legacy_historical,,,,,,,,,
1785589200000,745.58594433,1785590099999,1791376157436,legacy_historical,,,,,,,,,
1785590100000,745.18968225,1785590999999,1791376157436,legacy_historical,,,,,,,,,
1785591000000,744.84219124,1785591899999,1791376157436,legacy_historical,,,,,,,,,
1785591900000,745.15164474,1785592799999,1791376157436,legacy_historical,,,,,,,,,
1785592800000,745.09473454,1785593699999,1791376157436,legacy_historical,,,,,,,,,
1785593700000,745.42733092,1785594599999,1791376157436,legacy_historical,,,,,,,,,
1785594600000,745.65,1785595499999,1791376157436,legacy_historical,,,,,,,,,
1785595500000,745.63379341,1785596399999,1791376157436,legacy_historical,,,,,,,,,
1785596400000,744.86044333,1785597299999,1791376157436,legacy_historical,,,,,,,,,
1785597300000,745.29584531,1785598199999,1791376157436,legacy_historical,,,,,,,,,
1785598200000,745.26,1785599099999,1791376157436,legacy_historical,,,,,,,,,
1785599100000,745.12378627,1785599999999,1791376157436,legacy_historical,,,,,,,,,
1785600000000,745.40857863,1785600899999,1791376157436,legacy_historical,,,,,,,,,
1785600900000,745.34,1785601799999,1791376157436,legacy_historical,,,,,,,,,
1785601800000,745.47,1785602699999,1791376157436,legacy_historical,,,,,,,,,
1785602700000,745.13,1785603599999,1791376157436,legacy_historical,,,,,,,,,
1785603600000,744.59,1785604499999,1791376157436,legacy_historical,,,,,,,,,
1785604500000,744.79,1785605399999,1791376157436,legacy_historical,,,,,,,,,
1785605400000,744.57,1785606299999,1791376157436,legacy_historical,,,,,,,,,
1785606300000,744.56419508,1785607199999,1791376157436,legacy_historical,,,,,,,,,
1785607200000,744.18292939,1785608099999,1791376157436,legacy_historical,,,,,,,,,
1785608100000,743.78152015,1785608999999,1791376157436,legacy_historical,,,,,,,,,
1785609000000,743.9229538,1785609899999,1791376157436,legacy_historical,,,,,,,,,
1785609900000,743.86465402,1785610799999,1791376157436,legacy_historical,,,,,,,,,
1785610800000,743.89,1785611699999,1791376157436,legacy_historical,,,,,,,,,
1785611700000,744.19,1785612599999,1791376157436,legacy_historical,,,,,,,,,
1785612600000,743.85,1785613499999,1791376157436,legacy_historical,,,,,,,,,
1785613500000,743.21,1785614399999,1791376157436,legacy_historical,,,,,,,,,
1785614400000,743.75,1785615299999,1791376157436,legacy_historical,,,,,,,,,
1785615300000,744.57,1785616199999,1791376157436,legacy_historical,,,,,,,,,
1785616200000,744.43,1785617099999,1791376157436,legacy_historical,,,,,,,,,
1785617100000,744.11413697,1785617999999,1791376157436,legacy_historical,,,,,,,,,
1785618000000,743.9846985,1785618899999,1791376157436,legacy_historical,,,,,,,,,
1785618900000,744.48125777,1785619799999,1791376157436,legacy_historical,,,,,,,,,
1785619800000,744.94836764,1785620699999,1791376157436,legacy_historical,,,,,,,,,
1785620700000,744.88,1785621599999,1791376157436,legacy_historical,,,,,,,,,
1785621600000,744.90639664,1785622499999,1791376157436,legacy_historical,,,,,,,,,
1785622500000,743.79,1785623399999,1791376157436,legacy_historical,,,,,,,,,
1785623400000,744.50693325,1785624299999,1791376157436,legacy_historical,,,,,,,,,
1785624300000,744.34,1785625199999,1791376157436,legacy_historical,,,,,,,,,
1785625200000,744.84,1785626099999,1791376157436,legacy_historical,,,,,,,,,
1785626100000,744.71,1785626999999,1791376157436,legacy_historical,,,,,,,,,
1785627000000,744.81,1785627899999,1791376157436,legacy_historical,,,,,,,,,
1785627900000,745.00650338,1785628799999,1791376157436,legacy_historical,,,,,,,,,
1785628800000,745.8,1785629699999,1791376157436,legacy_historical,,,,,,,,,
1785629700000,746.06681297,1785630599999,1791376157436,legacy_historical,,,,,,,,,
1785630600000,745.97,1785631499999,1791376157436,legacy_historical,,,,,,,,,
1785631500000,746.1,1785632399999,1791376157436,legacy_historical,,,,,,,,,
1785632400000,746.05558165,1785633299999,1791376157436,legacy_historical,,,,,,,,,
1785633300000,746.09696973,1785634199999,1791376157436,legacy_historical,,,,,,,,,
1785634200000,747.12,1785635099999,1791376157436,legacy_historical,,,,,,,,,
1785635100000,746.59,1785635999999,1791376157436,legacy_historical,,,,,,,,,
1785636000000,748.47,1785636899999,1791376157436,legacy_historical,,,,,,,,,
1785636900000,749.04,1785637799999,1791376157436,legacy_historical,,,,,,,,,
1785637800000,748.73,1785638699999,1791376157436,legacy_historical,,,,,,,,,
1785638700000,748.79,1785639599999,1791376157436,legacy_historical,,,,,,,,,
1785639600000,748.91,1785640499999,1791376157436,legacy_historical,,,,,,,,,
1785640500000,748.93,1785641399999,1791376157436,legacy_historical,,,,,,,,,
1785641400000,749.73,1785642299999,1791376157436,legacy_historical,,,,,,,,,
1785642300000,749.44138865,1785643199999,1791376157436,legacy_historical,,,,,,,,,
1785643200000,749.93,1785644099999,1791376157436,legacy_historical,,,,,,,,,
1785644100000,749.74,1785644999999,1791376157436,legacy_historical,,,,,,,,,
1785645000000,749.26135065,1785645899999,1791376157436,legacy_historical,,,,,,,,,
1785645900000,749.37335764,1785646799999,1791376157436,legacy_historical,,,,,,,,,
1785646800000,749.47,1785647699999,1791376157436,legacy_historical,,,,,,,,,
1785647700000,749.41,1785648599999,1791376157436,legacy_historical,,,,,,,,,
1785648600000,749.45440284,1785649499999,1791376157436,legacy_historical,,,,,,,,,
1785649500000,749.1442966,1785650399999,1791376157436,legacy_historical,,,,,,,,,
1785650400000,749.699567,1785651299999,1791376157436,legacy_historical,,,,,,,,,
1785651300000,749.58,1785652199999,1791376157436,legacy_historical,,,,,,,,,
1785652200000,749.63,1785653099999,1791376157436,legacy_historical,,,,,,,,,
1785653100000,749.20295764,1785653999999,1791376157436,legacy_historical,,,,,,,,,
1785654000000,749.32,1785654899999,1791376157436,legacy_historical,,,,,,,,,
1785654900000,749.69,1785655799999,1791376157436,legacy_historical,,,,,,,,,
1785655800000,749.77691855,1785656699999,1791376157436,legacy_historical,,,,,,,,,
1785656700000,749.59809078,1785657599999,1791376157436,legacy_historical,,,,,,,,,
1785657600000,749.75,1785658499999,1791376157436,legacy_historical,,,,,,,,,
1785658500000,749.57,1785659399999,1791376157436,legacy_historical,,,,,,,,,
1785659400000,749.32243254,1785660299999,1791376157436,legacy_historical,,,,,,,,,
1785660300000,749.16,1785661199999,1791376157436,legacy_historical,,,,,,,,,
1785661200000,748.8,1785662099999,1791376157436,legacy_historical,,,,,,,,,
1785662100000,748.65,1785662999999,1791376157436,legacy_historical,,,,,,,,,
1785663000000,748.96552396,1785663899999,1791376157436,legacy_historical,,,,,,,,,
1785663900000,748.98524051,1785664799999,1791376157436,legacy_historical,,,,,,,,,
1785664800000,748.81,1785665699999,1791376157436,legacy_historical,,,,,,,,,
1785665700000,748.69,1785666599999,1791376157436,legacy_historical,,,,,,,,,
1785666600000,748.54,1785667499999,1791376157436,legacy_historical,,,,,,,,,
1785667500000,748.79,1785668399999,1791376157436,legacy_historical,,,,,,,,,
1785668400000,749.11,1785669299999,1791376157436,legacy_historical,,,,,,,,,
1785669300000,748.81664644,1785670199999,1791376157436,legacy_historical,,,,,,,,,
1785670200000,748.87588043,1785671099999,1791376157436,legacy_historical,,,,,,,,,
1785671100000,748.74427501,1785671999999,1791376157436,legacy_historical,,,,,,,,,
1785672000000,748.75,1785672899999,1791376157436,legacy_historical,,,,,,,,,
1785672900000,748.58274159,1785673799999,1791376157436,legacy_historical,,,,,,,,,
1785673800000,748.17157301,1785674699999,1791376157436,legacy_historical,,,,,,,,,
1785674700000,747.98,1785675599999,1791376157436,legacy_historical,,,,,,,,,
1785675600000,748.25564018,1785676499999,1791376157436,legacy_historical,,,,,,,,,
1785676500000,748.25,1785677399999,1791376157436,legacy_historical,,,,,,,,,
1785677400000,748.18,1785678299999,1791376157436,legacy_historical,,,,,,,,,
1785678300000,748.41,1785679199999,1791376157436,legacy_historical,,,,,,,,,
1785679200000,748.53,1785680099999,1791376157436,legacy_historical,,,,,,,,,
1785680100000,748.53,1785680999999,1791376157436,legacy_historical,,,,,,,,,
1785681000000,749.22804553,1785681899999,1791376157436,legacy_historical,,,,,,,,,
1785681900000,749.75,1785682799999,1791376157436,legacy_historical,,,,,,,,,
1785682800000,749.4670565,1785683699999,1791376157436,legacy_historical,,,,,,,,,
1785683700000,749.14294076,1785684599999,1791376157436,legacy_historical,,,,,,,,,
1785684600000,749.17,1785685499999,1791376157436,legacy_historical,,,,,,,,,
1785685500000,749.40670229,1785686399999,1791376157436,legacy_historical,,,,,,,,,
1785686400000,749.60739693,1785687299999,1791376157436,legacy_historical,,,,,,,,,
1785687300000,749.4656118,1785688199999,1791376157436,legacy_historical,,,,,,,,,
1785688200000,750.61,1785689099999,1791376157436,legacy_historical,,,,,,,,,
1785689100000,750.46,1785689999999,1791376157436,legacy_historical,,,,,,,,,
1785690000000,750.3,1785690899999,1791376157436,legacy_historical,,,,,,,,,
1785690900000,750.14,1785691799999,1791376157436,legacy_historical,,,,,,,,,
1785691800000,750.14465461,1785692699999,1791376157436,legacy_historical,,,,,,,,,
1785692700000,750.16525694,1785693599999,1791376157436,legacy_historical,,,,,,,,,
1785693600000,750.15968629,1785694499999,1791376157436,legacy_historical,,,,,,,,,
1785694500000,750.25575695,1785695399999,1791376157436,legacy_historical,,,,,,,,,
1785695400000,750.33628119,1785696299999,1791376157436,legacy_historical,,,,,,,,,
1785696300000,750.34565927,1785697199999,1791376157436,legacy_historical,,,,,,,,,
1785697200000,750.2947764,1785698099999,1791376157436,legacy_historical,,,,,,,,,
1785698100000,750.29692827,1785698999999,1791376157436,legacy_historical,,,,,,,,,
1785699000000,750.42605729,1785699899999,1791376157436,legacy_historical,,,,,,,,,
1785699900000,750.69779007,1785700799999,1791376157436,legacy_historical,,,,,,,,,
1785700800000,750.72,1785701699999,1791376157436,legacy_historical,,,,,,,,,
1785701700000,750.62,1785702599999,1791376157436,legacy_historical,,,,,,,,,
1785702600000,750.48378059,1785703499999,1791376157436,legacy_historical,,,,,,,,,
1785703500000,750.09,1785704399999,1791376157436,legacy_historical,,,,,,,,,
1785704400000,749.81,1785705299999,1791376157436,legacy_historical,,,,,,,,,
1785705300000,749.78289665,1785706199999,1791376157436,legacy_historical,,,,,,,,,
1785706200000,749.67,1785707099999,1791376157436,legacy_historical,,,,,,,,,
1785707100000,749.68,1785707999999,1791376157436,legacy_historical,,,,,,,,,
1785708000000,750.84,1785708899999,1791376157436,legacy_historical,,,,,,,,,
1785708900000,750.35,1785709799999,1791376157436,legacy_historical,,,,,,,,,
1785709800000,750.23733038,1785710699999,1791376157436,legacy_historical,,,,,,,,,
1785710700000,749.88,1785711599999,1791376157436,legacy_historical,,,,,,,,,
1785711600000,749.82,1785712499999,1791376157436,legacy_historical,,,,,,,,,
1785712500000,750.15,1785713399999,1791376157436,legacy_historical,,,,,,,,,
1785713400000,750.32544985,1785714299999,1791376157436,legacy_historical,,,,,,,,,
1785714300000,750.43,1785715199999,1791376157436,legacy_historical,,,,,,,,,
1785715200000,750.84,1785716099999,1791376157436,legacy_historical,,,,,,,,,
1785716100000,750.2,1785716999999,1791376157436,legacy_historical,,,,,,,,,
1785717000000,750.44319566,1785717899999,1791376157436,legacy_historical,,,,,,,,,
1785717900000,750.76935782,1785718799999,1791376157436,legacy_historical,,,,,,,,,
1785718800000,750.64,1785719699999,1791376157436,legacy_historical,,,,,,,,,
1785719700000,751.04347998,1785720599999,1791376157436,legacy_historical,,,,,,,,,
1785720600000,751.22512785,1785721499999,1791376157436,legacy_historical,,,,,,,,,
1785721500000,751.34,1785722399999,1791376157436,legacy_historical,,,,,,,,,
1785722400000,751.52,1785723299999,1791376157436,legacy_historical,,,,,,,,,
1785723300000,751.4008351,1785724199999,1791376157436,legacy_historical,,,,,,,,,
1785724200000,751.58,1785725099999,1791376157436,legacy_historical,,,,,,,,,
1785725100000,751.65,1785725999999,1791376157436,legacy_historical,,,,,,,,,
1785726000000,751.71,1785726899999,1791376157436,legacy_historical,,,,,,,,,
1785726900000,751.55491214,1785727799999,1791376157436,legacy_historical,,,,,,,,,
1785727800000,751.79,1785728699999,1791376157436,legacy_historical,,,,,,,,,
1785728700000,751.86,1785729599999,1791376157436,legacy_historical,,,,,,,,,
1785729600000,751.93,1785730499999,1791376157436,legacy_historical,,,,,,,,,
1785730500000,751.99812375,1785731399999,1791376157436,legacy_historical,,,,,,,,,
1785731400000,752.03150722,1785732299999,1791376157436,legacy_historical,,,,,,,,,
1785732300000,751.85,1785733199999,1791376157436,legacy_historical,,,,,,,,,
1785733200000,751.99376576,1785734099999,1791376157436,legacy_historical,,,,,,,,,
1785734100000,751.83982773,1785734999999,1791376157436,legacy_historical,,,,,,,,,
1785735000000,751.91,1785735899999,1791376157436,legacy_historical,,,,,,,,,
1785735900000,751.82309624,1785736799999,1791376157436,legacy_historical,,,,,,,,,
1785736800000,751.95107282,1785737699999,1791376157436,legacy_historical,,,,,,,,,
1785737700000,751.48784872,1785738599999,1791376157436,legacy_historical,,,,,,,,,
1785738600000,751.33090401,1785739499999,1791376157436,legacy_historical,,,,,,,,,
1785739500000,751.22,1785740399999,1791376157436,legacy_historical,,,,,,,,,
1785740400000,751.49,1785741299999,1791376157436,legacy_historical,,,,,,,,,
1785741300000,751.3,1785742199999,1791376157436,legacy_historical,,,,,,,,,
1785742200000,751.08,1785743099999,1791376157436,legacy_historical,,,,,,,,,
1785743100000,751.64698262,1785743999999,1791376157436,legacy_historical,,,,,,,,,
1785744000000,751.16236446,1785744899999,1791376157436,legacy_historical,,,,,,,,,
1785744900000,750.63344851,1785745799999,1791376157436,legacy_historical,,,,,,,,,
1785745800000,751.10350285,1785746699999,1791376157436,legacy_historical,,,,,,,,,
1785746700000,751.46193008,1785747599999,1791376157436,legacy_historical,,,,,,,,,
1785747600000,751.23425762,1785748499999,1791376157436,legacy_historical,,,,,,,,,
1785748500000,751.27630529,1785749399999,1791376157436,legacy_historical,,,,,,,,,
1785749400000,751.25400482,1785750299999,1791376157436,legacy_historical,,,,,,,,,
1785750300000,751.34248374,1785751199999,1791376157436,legacy_historical,,,,,,,,,
1785751200000,751.51,1785752099999,1791376157436,legacy_historical,,,,,,,,,
1785752100000,751.63,1785752999999,1791376157436,legacy_historical,,,,,,,,,
1785753000000,751.77966928,1785753899999,1791376157436,legacy_historical,,,,,,,,,
1785753900000,751.80089588,1785754799999,1791376157436,legacy_historical,,,,,,,,,
1785754800000,751.57426049,1785755699999,1791376157436,legacy_historical,,,,,,,,,
1785755700000,751.79,1785756599999,1791376157436,legacy_historical,,,,,,,,,
1785756600000,751.89563527,1785757499999,1791376157436,legacy_historical,,,,,,,,,
1785757500000,751.25950545,1785758399999,1791376157436,legacy_historical,,,,,,,,,
1785758400000,751.16924756,1785759299999,1791376157436,legacy_historical,,,,,,,,,
1785759300000,751.44,1785760199999,1791376157436,legacy_historical,,,,,,,,,
1785760200000,752.053143,1785761099999,1791376157436,legacy_historical,,,,,,,,,
1785761100000,751.89,1785761999999,1791376157436,legacy_historical,,,,,,,,,
1785762000000,751.81,1785762899999,1791376157436,legacy_historical,,,,,,,,,
1785762900000,750.37233582,1785763799999,1791376157436,legacy_historical,,,,,,,,,
1785763800000,752.39911032,1785764699999,1791376157436,legacy_historical,,,,,,,,,
1785764700000,754.35,1785765599999,1791376157436,legacy_historical,,,,,,,,,
1785765600000,754.56749429,1785766499999,1791376157436,legacy_historical,,,,,,,,,
1785766500000,755.23,1785767399999,1791376157436,legacy_historical,,,,,,,,,
1785767400000,755.68,1785768299999,1791376157436,legacy_historical,,,,,,,,,
1785768300000,756.01839888,1785769199999,1791376157436,legacy_historical,,,,,,,,,
1785769200000,755.70155406,1785770099999,1791376157436,legacy_historical,,,,,,,,,
1785770100000,755.8190294,1785770999999,1791376157436,legacy_historical,,,,,,,,,
1785771000000,756.31822247,1785771899999,1791376157436,legacy_historical,,,,,,,,,
1785771900000,756.63760237,1785772799999,1791376157436,legacy_historical,,,,,,,,,
1785772800000,756.63,1785773699999,1791376157436,legacy_historical,,,,,,,,,
1785773700000,757.24608538,1785774599999,1791376157436,legacy_historical,,,,,,,,,
1785774600000,757.09610971,1785775499999,1791376157436,legacy_historical,,,,,,,,,
1785775500000,756.92338378,1785776399999,1791376157436,legacy_historical,,,,,,,,,
1785776400000,757.3,1785777299999,1791376157436,legacy_historical,,,,,,,,,
1785777300000,757.80312112,1785778199999,1791376157436,legacy_historical,,,,,,,,,
1785778200000,758.10001978,1785779099999,1791376157436,legacy_historical,,,,,,,,,
1785779100000,758.4,1785779999999,1791376157436,legacy_historical,,,,,,,,,
1785780000000,758.67734373,1785780899999,1791376157436,legacy_historical,,,,,,,,,
1785780900000,758.28202262,1785781799999,1791376157436,legacy_historical,,,,,,,,,
1785781800000,758.67,1785782699999,1791376157436,legacy_historical,,,,,,,,,
1785782700000,758.65,1785783599999,1791376157436,legacy_historical,,,,,,,,,
1785783600000,758.89647805,1785784499999,1791376157436,legacy_historical,,,,,,,,,
1785784500000,759.01,1785785399999,1791376157436,legacy_historical,,,,,,,,,
1785785400000,758.85092696,1785786299999,1791376157436,legacy_historical,,,,,,,,,
1785786300000,758.3075806,1785787199999,1791376157436,legacy_historical,,,,,,,,,
1785787200000,758.67317265,1785788099999,1791376157436,legacy_historical,,,,,,,,,
1785788100000,759.01,1785788999999,1791376157436,legacy_historical,,,,,,,,,
1785789000000,759.22,1785789899999,1791376157436,legacy_historical,,,,,,,,,
1785789900000,758.73969037,1785790799999,1791376157436,legacy_historical,,,,,,,,,
1785790800000,759.15,1785791699999,1791376157436,legacy_historical,,,,,,,,,
1785791700000,759.04,1785792599999,1791376157436,legacy_historical,,,,,,,,,
1785792600000,759.04,1785793499999,1791376157436,legacy_historical,,,,,,,,,
1785793500000,758.97,1785794399999,1791376157436,legacy_historical,,,,,,,,,
1785794400000,758.81982397,1785795299999,1791376157436,legacy_historical,,,,,,,,,
1785795300000,758.97,1785796199999,1791376157436,legacy_historical,,,,,,,,,
1785796200000,759.20338293,1785797099999,1791376157436,legacy_historical,,,,,,,,,
1785797100000,759.14731313,1785797999999,1791376157436,legacy_historical,,,,,,,,,
1785798000000,758.96,1785798899999,1791376157436,legacy_historical,,,,,,,,,
1785798900000,758.99426902,1785799799999,1791376157436,legacy_historical,,,,,,,,,
1785799800000,758.83527969,1785800699999,1791376157436,legacy_historical,,,,,,,,,
1785800700000,759.0718164,1785801599999,1791376157436,legacy_historical,,,,,,,,,
1785801600000,759.08444887,1785802499999,1791376157436,legacy_historical,,,,,,,,,
1785802500000,758.82,1785803399999,1791376157436,legacy_historical,,,,,,,,,
1785803400000,758.99,1785804299999,1791376157436,legacy_historical,,,,,,,,,
1785804300000,758.7768619,1785805199999,1791376157436,legacy_historical,,,,,,,,,
1785805200000,758.90755083,1785806099999,1791376157436,legacy_historical,,,,,,,,,
1785806100000,759.02,1785806999999,1791376157436,legacy_historical,,,,,,,,,
1785807000000,759.36433836,1785807899999,1791376157436,legacy_historical,,,,,,,,,
1785807900000,760.4367756,1785808799999,1791376157436,legacy_historical,,,,,,,,,
1785808800000,759.94598694,1785809699999,1791376157436,legacy_historical,,,,,,,,,
1785809700000,759.75268994,1785810599999,1791376157436,legacy_historical,,,,,,,,,
1785810600000,760.07,1785811499999,1791376157436,legacy_historical,,,,,,,,,
1785811500000,760.0262669,1785812399999,1791376157436,legacy_historical,,,,,,,,,
1785812400000,759.73,1785813299999,1791376157436,legacy_historical,,,,,,,,,
1785813300000,760.15,1785814199999,1791376157436,legacy_historical,,,,,,,,,
1785814200000,760.09,1785815099999,1791376157436,legacy_historical,,,,,,,,,
1785815100000,760.28,1785815999999,1791376157436,legacy_historical,,,,,,,,,
1785816000000,760.13778925,1785816899999,1791376157436,legacy_historical,,,,,,,,,
1785816900000,760.29267106,1785817799999,1791376157436,legacy_historical,,,,,,,,,
1785817800000,760.30421823,1785818699999,1791376157436,legacy_historical,,,,,,,,,
1785818700000,760.33,1785819599999,1791376157436,legacy_historical,,,,,,,,,
1785819600000,760.17,1785820499999,1791376157436,legacy_historical,,,,,,,,,
1785820500000,760.35371565,1785821399999,1791376157436,legacy_historical,,,,,,,,,
1785821400000,760.52997579,1785822299999,1791376157436,legacy_historical,,,,,,,,,
1785822300000,760.56,1785823199999,1791376157436,legacy_historical,,,,,,,,,
1785823200000,760.73,1785824099999,1791376157436,legacy_historical,,,,,,,,,
1785824100000,760.54762745,1785824999999,1791376157436,legacy_historical,,,,,,,,,
1785825000000,760.28,1785825899999,1791376157436,legacy_historical,,,,,,,,,
1785825900000,760.28,1785826799999,1791376157436,legacy_historical,,,,,,,,,
1785826800000,760.17,1785827699999,1791376157436,legacy_historical,,,,,,,,,
1785827700000,760.34701629,1785828599999,1791376157436,legacy_historical,,,,,,,,,
1785828600000,760.24855009,1785829499999,1791376157436,legacy_historical,,,,,,,,,
1785829500000,760.25157651,1785830399999,1791376157436,legacy_historical,,,,,,,,,
1785830400000,760.23,1785831299999,1791376157436,legacy_historical,,,,,,,,,
1785831300000,760.18,1785832199999,1791376157436,legacy_historical,,,,,,,,,
1785832200000,759.77,1785833099999,1791376157436,legacy_historical,,,,,,,,,
1785833100000,759.61112364,1785833999999,1791376157436,legacy_historical,,,,,,,,,
1785834000000,759.21478774,1785834899999,1791376157436,legacy_historical,,,,,,,,,
1785834900000,759.18,1785835799999,1791376157436,legacy_historical,,,,,,,,,
1785835800000,759.64,1785836699999,1791376157436,legacy_historical,,,,,,,,,
1785836700000,759.51,1785837599999,1791376157436,legacy_historical,,,,,,,,,
1785837600000,759.62,1785838499999,1791376157436,legacy_historical,,,,,,,,,
1785838500000,759.3,1785839399999,1791376157436,legacy_historical,,,,,,,,,
1785839400000,759.95484864,1785840299999,1791376157436,legacy_historical,,,,,,,,,
1785840300000,760.03,1785841199999,1791376157436,legacy_historical,,,,,,,,,
1785841200000,760.17616951,1785842099999,1791376157436,legacy_historical,,,,,,,,,
1785842100000,760.57,1785842999999,1791376157436,legacy_historical,,,,,,,,,
1785843000000,761.29987661,1785843899999,1791376157436,legacy_historical,,,,,,,,,
1785843900000,761.20618422,1785844799999,1791376157436,legacy_historical,,,,,,,,,
1785844800000,761.17236187,1785845699999,1791376157436,legacy_historical,,,,,,,,,
1785845700000,761.33,1785846599999,1791376157436,legacy_historical,,,,,,,,,
1785846600000,761.41,1785847499999,1791376157436,legacy_historical,,,,,,,,,
1785847500000,761.11499161,1785848399999,1791376157436,legacy_historical,,,,,,,,,
1785848400000,761.25,1785849299999,1791376157436,legacy_historical,,,,,,,,,
1785849300000,761.62822634,1785850199999,1791376157436,legacy_historical,,,,,,,,,
1785850200000,762.62,1785851099999,1791376157436,legacy_historical,,,,,,,,,
1785851100000,764.06346588,1785851999999,1791376157436,legacy_historical,,,,,,,,,
1785852000000,765.5024216,1785852899999,1791376157436,legacy_historical,,,,,,,,,
1785852900000,765.40056762,1785853799999,1791376157436,legacy_historical,,,,,,,,,
1785853800000,766.62,1785854699999,1791376157436,legacy_historical,,,,,,,,,
1785854700000,767.13743944,1785855599999,1791376157436,legacy_historical,,,,,,,,,
1785855600000,767.59,1785856499999,1791376157436,legacy_historical,,,,,,,,,
1785856500000,768.07537951,1785857399999,1791376157436,legacy_historical,,,,,,,,,
1785857400000,768.89,1785858299999,1791376157436,legacy_historical,,,,,,,,,
1785858300000,769.2363249,1785859199999,1791376157436,legacy_historical,,,,,,,,,
1785859200000,769.05,1785860099999,1791376157436,legacy_historical,,,,,,,,,
1785860100000,769.90095277,1785860999999,1791376157436,legacy_historical,,,,,,,,,
1785861000000,770.54,1785861899999,1791376157436,legacy_historical,,,,,,,,,
1785861900000,770.9,1785862799999,1791376157436,legacy_historical,,,,,,,,,
1785862800000,771.97534672,1785863699999,1791376157436,legacy_historical,,,,,,,,,
1785863700000,772.1040371,1785864599999,1791376157436,legacy_historical,,,,,,,,,
1785864600000,772.99,1785865499999,1791376157436,legacy_historical,,,,,,,,,
1785865500000,772.52,1785866399999,1791376157436,legacy_historical,,,,,,,,,
1785866400000,772.88497176,1785867299999,1791376157436,legacy_historical,,,,,,,,,
1785867300000,773.05936431,1785868199999,1791376157436,legacy_historical,,,,,,,,,
1785868200000,772.3704451,1785869099999,1791376157436,legacy_historical,,,,,,,,,
1785869100000,772.69,1785869999999,1791376157436,legacy_historical,,,,,,,,,
1785870000000,773.65763153,1785870899999,1791376157436,legacy_historical,,,,,,,,,
1785870900000,773.05,1785871799999,1791376157436,legacy_historical,,,,,,,,,
1785871800000,773.93543063,1785872699999,1791376157436,legacy_historical,,,,,,,,,
1785872700000,772.0986419,1785873599999,1791376157436,legacy_historical,,,,,,,,,
1785873600000,772.93,1785874499999,1791376157436,legacy_historical,,,,,,,,,
1785874500000,772.33436433,1785875399999,1791376157436,legacy_historical,,,,,,,,,
1785875400000,772.62140898,1785876299999,1791376157436,legacy_historical,,,,,,,,,
1785876300000,773.02026047,1785877199999,1791376157436,legacy_historical,,,,,,,,,
1785877200000,772.78,1785878099999,1791376157436,legacy_historical,,,,,,,,,
1785878100000,772.83,1785878999999,1791376157436,legacy_historical,,,,,,,,,
1785879000000,773.04561321,1785879899999,1791376157436,legacy_historical,,,,,,,,,
1785879900000,772.86670349,1785880799999,1791376157436,legacy_historical,,,,,,,,,
1785880800000,773.37,1785881699999,1791376157436,legacy_historical,,,,,,,,,
1785881700000,773.56801445,1785882599999,1791376157436,legacy_historical,,,,,,,,,
1785882600000,773.3698786,1785883499999,1791376157436,legacy_historical,,,,,,,,,
1785883500000,773.59964832,1785884399999,1791376157436,legacy_historical,,,,,,,,,
1785884400000,773.63031798,1785885299999,1791376157436,legacy_historical,,,,,,,,,
1785885300000,773.48,1785886199999,1791376157436,legacy_historical,,,,,,,,,
1785886200000,773.4,1785887099999,1791376157436,legacy_historical,,,,,,,,,
1785887100000,773.46815901,1785887999999,1791376157436,legacy_historical,,,,,,,,,
1785888000000,773.58,1785888899999,1791376157436,legacy_historical,,,,,,,,,
1785888900000,773.86,1785889799999,1791376157436,legacy_historical,,,,,,,,,
1785889800000,773.53,1785890699999,1791376157436,legacy_historical,,,,,,,,,
1785890700000,773.75394073,1785891599999,1791376157436,legacy_historical,,,,,,,,,
1785891600000,773.56,1785892499999,1791376157436,legacy_historical,,,,,,,,,
1785892500000,773.33945888,1785893399999,1791376157436,legacy_historical,,,,,,,,,
1785893400000,773.64,1785894299999,1791376157436,legacy_historical,,,,,,,,,
1785894300000,773.8,1785895199999,1791376157436,legacy_historical,,,,,,,,,
1785895200000,773.9501711,1785896099999,1791376157436,legacy_historical,,,,,,,,,
1785896100000,773.90933659,1785896999999,1791376157436,legacy_historical,,,,,,,,,
1785897000000,773.93037063,1785897899999,1791376157436,legacy_historical,,,,,,,,,
1785897900000,773.91230549,1785898799999,1791376157436,legacy_historical,,,,,,,,,
1785898800000,773.96,1785899699999,1791376157436,legacy_historical,,,,,,,,,
1785899700000,773.91,1785900599999,1791376157436,legacy_historical,,,,,,,,,
1785900600000,773.95349004,1785901499999,1791376157436,legacy_historical,,,,,,,,,
1785901500000,773.95,1785902399999,1791376157436,legacy_historical,,,,,,,,,
1785902400000,773.96512034,1785903299999,1791376157436,legacy_historical,,,,,,,,,
1785903300000,773.92047293,1785904199999,1791376157436,legacy_historical,,,,,,,,,
1785904200000,773.96280881,1785905099999,1791376157436,legacy_historical,,,,,,,,,
1785905100000,774.12,1785905999999,1791376157436,legacy_historical,,,,,,,,,
1785906000000,774.28173364,1785906899999,1791376157436,legacy_historical,,,,,,,,,
1785906900000,774.76,1785907799999,1791376157436,legacy_historical,,,,,,,,,
1785907800000,774.64904948,1785908699999,1791376157436,legacy_historical,,,,,,,,,
1785908700000,775.04,1785909599999,1791376157436,legacy_historical,,,,,,,,,
1785909600000,775.23481424,1785910499999,1791376157436,legacy_historical,,,,,,,,,
1785910500000,774.58816665,1785911399999,1791376157436,legacy_historical,,,,,,,,,
1785911400000,774.70562596,1785912299999,1791376157436,legacy_historical,,,,,,,,,
1785912300000,774.9,1785913199999,1791376157436,legacy_historical,,,,,,,,,
1785913200000,774.52018248,1785914099999,1791376157436,legacy_historical,,,,,,,,,
1785914100000,774.3,1785914999999,1791376157436,legacy_historical,,,,,,,,,
1785915000000,774.21943094,1785915899999,1791376157436,legacy_historical,,,,,,,,,
1785915900000,774.37921264,1785916799999,1791376157436,legacy_historical,,,,,,,,,
1785916800000,773.91616259,1785917699999,1791376157436,legacy_historical,,,,,,,,,
1785917700000,773.50570698,1785918599999,1791376157436,legacy_historical,,,,,,,,,
1785918600000,773.34800011,1785919499999,1791376157436,legacy_historical,,,,,,,,,
1785919500000,773.6,1785920399999,1791376157436,legacy_historical,,,,,,,,,
1785920400000,773.79,1785921299999,1791376157436,legacy_historical,,,,,,,,,
1785921300000,774.0,1785922199999,1791376157436,legacy_historical,,,,,,,,,
1785922200000,774.27467688,1785923099999,1791376157436,legacy_historical,,,,,,,,,
1785923100000,774.14,1785923999999,1791376157436,legacy_historical,,,,,,,,,
1785924000000,774.11179301,1785924899999,1791376157436,legacy_historical,,,,,,,,,
1785924900000,774.37,1785925799999,1791376157436,legacy_historical,,,,,,,,,
1785925800000,774.42665435,1785926699999,1791376157436,legacy_historical,,,,,,,,,
1785926700000,774.89074535,1785927599999,1791376157436,legacy_historical,,,,,,,,,
1785927600000,774.87701147,1785928499999,1791376157436,legacy_historical,,,,,,,,,
1785928500000,774.61433151,1785929399999,1791376157436,legacy_historical,,,,,,,,,
1785929400000,774.65,1785930299999,1791376157436,legacy_historical,,,,,,,,,
1785930300000,774.89447392,1785931199999,1791376157436,legacy_historical,,,,,,,,,
1785931200000,775.35,1785932099999,1791376157436,legacy_historical,,,,,,,,,
1785932100000,775.53,1785932999999,1791376157436,legacy_historical,,,,,,,,,
1785933000000,775.37,1785933899999,1791376157436,legacy_historical,,,,,,,,,
1785933900000,775.16,1785934799999,1791376157436,legacy_historical,,,,,,,,,
1785934800000,775.68,1785935699999,1791376157436,legacy_historical,,,,,,,,,
1785935700000,775.94942998,1785936599999,1791376157436,legacy_historical,,,,,,,,,
1785936600000,776.82,1785937499999,1791376157436,legacy_historical,,,,,,,,,
1785937500000,777.11,1785938399999,1791376157436,legacy_historical,,,,,,,,,
1785938400000,776.68,1785939299999,1791376157436,legacy_historical,,,,,,,,,
1785939300000,775.15,1785940199999,1791376157436,legacy_historical,,,,,,,,,
1785940200000,774.3879925,1785941099999,1791376157436,legacy_historical,,,,,,,,,
1785941100000,773.86831673,1785941999999,1791376157436,legacy_historical,,,,,,,,,
1785942000000,773.41,1785942899999,1791376157436,legacy_historical,,,,,,,,,
1785942900000,771.97,1785943799999,1791376157436,legacy_historical,,,,,,,,,
1785943800000,772.23594094,1785944699999,1791376157436,legacy_historical,,,,,,,,,
1785944700000,771.22,1785945599999,1791376157436,legacy_historical,,,,,,,,,
1785945600000,770.87,1785946499999,1791376157436,legacy_historical,,,,,,,,,
1785946500000,772.47385188,1785947399999,1791376157436,legacy_historical,,,,,,,,,
1785947400000,772.03,1785948299999,1791376157436,legacy_historical,,,,,,,,,
1785948300000,772.63,1785949199999,1791376157436,legacy_historical,,,,,,,,,
1785949200000,772.28,1785950099999,1791376157436,legacy_historical,,,,,,,,,
1785950100000,772.16031053,1785950999999,1791376157436,legacy_historical,,,,,,,,,
1785951000000,772.62,1785951899999,1791376157436,legacy_historical,,,,,,,,,
1785951900000,772.44052898,1785952799999,1791376157436,legacy_historical,,,,,,,,,
1785952800000,772.62733902,1785953699999,1791376157436,legacy_historical,,,,,,,,,
1785953700000,772.81255735,1785954599999,1791376157436,legacy_historical,,,,,,,,,
1785954600000,772.41905509,1785955499999,1791376157436,legacy_historical,,,,,,,,,
1785955500000,772.25792858,1785956399999,1791376157436,legacy_historical,,,,,,,,,
1785956400000,772.58,1785957299999,1791376157436,legacy_historical,,,,,,,,,
1785957300000,772.62,1785958199999,1791376157436,legacy_historical,,,,,,,,,
1785958200000,772.26,1785959099999,1791376157436,legacy_historical,,,,,,,,,
1785959100000,770.73649636,1785959999999,1791376157436,legacy_historical,,,,,,,,,
1785960000000,771.56,1785960899999,1791376157436,legacy_historical,,,,,,,,,
1785960900000,771.35588421,1785961799999,1791376157436,legacy_historical,,,,,,,,,
1785961800000,771.62698402,1785962699999,1791376157436,legacy_historical,,,,,,,,,
1785962700000,771.57808619,1785963599999,1791376157436,legacy_historical,,,,,,,,,
1785963600000,771.56013778,1785964499999,1791376157436,legacy_historical,,,,,,,,,
1785964500000,771.55,1785965399999,1791376157436,legacy_historical,,,,,,,,,
1785965400000,771.32004003,1785966299999,1791376157436,legacy_historical,,,,,,,,,
1785966300000,771.44,1785967199999,1791376157436,legacy_historical,,,,,,,,,
1785967200000,771.53974766,1785968099999,1791376157436,legacy_historical,,,,,,,,,
1785968100000,772.36367185,1785968999999,1791376157436,legacy_historical,,,,,,,,,
1785969000000,772.58,1785969899999,1791376157436,legacy_historical,,,,,,,,,
1785969900000,772.18958216,1785970799999,1791376157436,legacy_historical,,,,,,,,,
1785970800000,772.26,1785971699999,1791376157436,legacy_historical,,,,,,,,,
1785971700000,772.3,1785972599999,1791376157436,legacy_historical,,,,,,,,,
1785972600000,772.01503979,1785973499999,1791376157436,legacy_historical,,,,,,,,,
1785973500000,771.90115378,1785974399999,1791376157436,legacy_historical,,,,,,,,,
1785974400000,771.774684,1785975299999,1791376157436,legacy_historical,,,,,,,,,
1785975300000,771.57,1785976199999,1791376157436,legacy_historical,,,,,,,,,
1785976200000,771.79923321,1785977099999,1791376157436,legacy_historical,,,,,,,,,
1785977100000,771.45,1785977999999,1791376157436,legacy_historical,,,,,,,,,
1785978000000,771.11,1785978899999,1791376157436,legacy_historical,,,,,,,,,
1785978900000,770.71491557,1785979799999,1791376157436,legacy_historical,,,,,,,,,
1785979800000,770.9,1785980699999,1791376157436,legacy_historical,,,,,,,,,
1785980700000,771.29483973,1785981599999,1791376157436,legacy_historical,,,,,,,,,
1785981600000,771.79109004,1785982499999,1791376157436,legacy_historical,,,,,,,,,
1785982500000,771.68256209,1785983399999,1791376157436,legacy_historical,,,,,,,,,
1785983400000,772.15845915,1785984299999,1791376157436,legacy_historical,,,,,,,,,
1785984300000,772.03115973,1785985199999,1791376157436,legacy_historical,,,,,,,,,
1785985200000,772.05,1785986099999,1791376157436,legacy_historical,,,,,,,,,
1785986100000,771.68,1785986999999,1791376157436,legacy_historical,,,,,,,,,
1785987000000,771.82,1785987899999,1791376157436,legacy_historical,,,,,,,,,
1785987900000,772.0556192,1785988799999,1791376157436,legacy_historical,,,,,,,,,
1785988800000,771.92040635,1785989699999,1791376157436,legacy_historical,,,,,,,,,
1785989700000,772.24749408,1785990599999,1791376157436,legacy_historical,,,,,,,,,
1785990600000,771.90870139,1785991499999,1791376157436,legacy_historical,,,,,,,,,
1785991500000,771.98711767,1785992399999,1791376157436,legacy_historical,,,,,,,,,
1785992400000,771.9474635,1785993299999,1791376157436,legacy_historical,,,,,,,,,
1785993300000,772.03283981,1785994199999,1791376157436,legacy_historical,,,,,,,,,
1785994200000,772.08234119,1785995099999,1791376157436,legacy_historical,,,,,,,,,
1785995100000,772.17341588,1785995999999,1791376157436,legacy_historical,,,,,,,,,
1785996000000,771.42,1785996899999,1791376157436,legacy_historical,,,,,,,,,
1785996900000,771.81638981,1785997799999,1791376157436,legacy_historical,,,,,,,,,
1785997800000,771.42092117,1785998699999,1791376157436,legacy_historical,,,,,,,,,
1785998700000,771.64,1785999599999,1791376157436,legacy_historical,,,,,,,,,
1785999600000,772.07101982,1786000499999,1791376157436,legacy_historical,,,,,,,,,
1786000500000,771.91344011,1786001399999,1791376157436,legacy_historical,,,,,,,,,
1786001400000,771.58,1786002299999,1791376157436,legacy_historical,,,,,,,,,
1786002300000,771.76509596,1786003199999,1791376157436,legacy_historical,,,,,,,,,
1786003200000,771.20886145,1786004099999,1791376157436,legacy_historical,,,,,,,,,
1786004100000,771.78440008,1786004999999,1791376157436,legacy_historical,,,,,,,,,
1786005000000,772.26,1786005899999,1791376157436,legacy_historical,,,,,,,,,
1786005900000,772.42,1786006799999,1791376157436,legacy_historical,,,,,,,,,
1786006800000,771.69264792,1786007699999,1791376157436,legacy_historical,,,,,,,,,
1786007700000,771.93952906,1786008599999,1791376157436,legacy_historical,,,,,,,,,
1786008600000,772.05800581,1786009499999,1791376157436,legacy_historical,,,,,,,,,
1786009500000,772.6,1786010399999,1791376157436,legacy_historical,,,,,,,,,
1786010400000,772.44511279,1786011299999,1791376157436,legacy_historical,,,,,,,,,
1786011300000,772.24,1786012199999,1791376157436,legacy_historical,,,,,,,,,
1786012200000,771.75,1786013099999,1791376157436,legacy_historical,,,,,,,,,
1786013100000,771.77,1786013999999,1791376157436,legacy_historical,,,,,,,,,
1786014000000,771.47,1786014899999,1791376157436,legacy_historical,,,,,,,,,
1786014900000,771.93618973,1786015799999,1791376157436,legacy_historical,,,,,,,,,
1786015800000,771.99473261,1786016699999,1791376157436,legacy_historical,,,,,,,,,
1786016700000,771.74,1786017599999,1791376157436,legacy_historical,,,,,,,,,
1786017600000,771.19,1786018499999,1791376157436,legacy_historical,,,,,,,,,
1786018500000,771.54,1786019399999,1791376157436,legacy_historical,,,,,,,,,
1786019400000,771.59,1786020299999,1791376157436,legacy_historical,,,,,,,,,
1786020300000,771.19,1786021199999,1791376157436,legacy_historical,,,,,,,,,
1786021200000,770.79119687,1786022099999,1791376157436,legacy_historical,,,,,,,,,
1786022100000,770.93020366,1786022999999,1791376157436,legacy_historical,,,,,,,,,
1786023000000,771.35460821,1786023899999,1791376157436,legacy_historical,,,,,,,,,
1786023900000,771.7454932,1786024799999,1791376157436,legacy_historical,,,,,,,,,
1786024800000,772.39527717,1786025699999,1791376157436,legacy_historical,,,,,,,,,
1786025700000,771.2604564,1786026599999,1791376157436,legacy_historical,,,,,,,,,
1786026600000,770.95533203,1786027499999,1791376157436,legacy_historical,,,,,,,,,
1786027500000,771.76065068,1786028399999,1791376157436,legacy_historical,,,,,,,,,
1786028400000,770.97,1786029299999,1791376157436,legacy_historical,,,,,,,,,
1786029300000,769.80767354,1786030199999,1791376157436,legacy_historical,,,,,,,,,
1786030200000,769.03,1786031099999,1791376157436,legacy_historical,,,,,,,,,
1786031100000,768.95160557,1786031999999,1791376157436,legacy_historical,,,,,,,,,
1786032000000,768.84820155,1786032899999,1791376157436,legacy_historical,,,,,,,,,
1786032900000,769.09985874,1786033799999,1791376157436,legacy_historical,,,,,,,,,
1786033800000,769.0,1786034699999,1791376157436,legacy_historical,,,,,,,,,
1786034700000,769.91059151,1786035599999,1791376157436,legacy_historical,,,,,,,,,
1786035600000,769.11,1786036499999,1791376157436,legacy_historical,,,,,,,,,
1786036500000,768.7571501,1786037399999,1791376157436,legacy_historical,,,,,,,,,
1786037400000,768.95,1786038299999,1791376157436,legacy_historical,,,,,,,,,
1786038300000,769.4,1786039199999,1791376157436,legacy_historical,,,,,,,,,
1786039200000,769.9409555,1786040099999,1791376157436,legacy_historical,,,,,,,,,
1786040100000,770.17,1786040999999,1791376157436,legacy_historical,,,,,,,,,
1786041000000,769.5977321,1786041899999,1791376157436,legacy_historical,,,,,,,,,
1786041900000,769.84961997,1786042799999,1791376157436,legacy_historical,,,,,,,,,
1786042800000,770.22810447,1786043699999,1791376157436,legacy_historical,,,,,,,,,
1786043700000,769.63,1786044599999,1791376157436,legacy_historical,,,,,,,,,
1786044600000,769.1505369,1786045499999,1791376157436,legacy_historical,,,,,,,,,
1786045500000,769.40083218,1786046399999,1791376157436,legacy_historical,,,,,,,,,
1786046400000,769.73568492,1786047299999,1791376157436,legacy_historical,,,,,,,,,
1786047300000,769.0554301,1786048199999,1791376157436,legacy_historical,,,,,,,,,
1786048200000,768.9761202,1786049099999,1791376157436,legacy_historical,,,,,,,,,
1786049100000,769.13,1786049999999,1791376157436,legacy_historical,,,,,,,,,
1786050000000,768.99,1786050899999,1791376157436,legacy_historical,,,,,,,,,
1786050900000,769.35,1786051799999,1791376157436,legacy_historical,,,,,,,,,
1786051800000,769.244943,1786052699999,1791376157436,legacy_historical,,,,,,,,,
1786052700000,769.31,1786053599999,1791376157436,legacy_historical,,,,,,,,,
1786053600000,769.99634806,1786054499999,1791376157436,legacy_historical,,,,,,,,,
1786054500000,769.65099501,1786055399999,1791376157436,legacy_historical,,,,,,,,,
1786055400000,769.5173959,1786056299999,1791376157436,legacy_historical,,,,,,,,,
1786056300000,769.77,1786057199999,1791376157436,legacy_historical,,,,,,,,,
1786057200000,769.66721411,1786058099999,1791376157436,legacy_historical,,,,,,,,,
1786058100000,769.8,1786058999999,1791376157436,legacy_historical,,,,,,,,,
1786059000000,769.95,1786059899999,1791376157436,legacy_historical,,,,,,,,,
1786059900000,769.98,1786060799999,1791376157436,legacy_historical,,,,,,,,,
1786060800000,769.81,1786061699999,1791376157436,legacy_historical,,,,,,,,,
1786061700000,769.20831656,1786062599999,1791376157436,legacy_historical,,,,,,,,,
1786062600000,769.67,1786063499999,1791376157436,legacy_historical,,,,,,,,,
1786063500000,769.76168449,1786064399999,1791376157436,legacy_historical,,,,,,,,,
1786064400000,769.40521955,1786065299999,1791376157436,legacy_historical,,,,,,,,,
1786065300000,769.61289789,1786066199999,1791376157436,legacy_historical,,,,,,,,,
1786066200000,769.49,1786067099999,1791376157436,legacy_historical,,,,,,,,,
1786067100000,769.55438589,1786067999999,1791376157436,legacy_historical,,,,,,,,,
1786068000000,769.54215187,1786068899999,1791376157436,legacy_historical,,,,,,,,,
1786068900000,769.52,1786069799999,1791376157436,legacy_historical,,,,,,,,,
1786069800000,769.26929695,1786070699999,1791376157436,legacy_historical,,,,,,,,,
1786070700000,769.49689375,1786071599999,1791376157436,legacy_historical,,,,,,,,,
1786071600000,769.514088,1786072499999,1791376157436,legacy_historical,,,,,,,,,
1786072500000,769.43,1786073399999,1791376157436,legacy_historical,,,,,,,,,
1786073400000,769.38,1786074299999,1791376157436,legacy_historical,,,,,,,,,
1786074300000,769.28504853,1786075199999,1791376157436,legacy_historical,,,,,,,,,
1786075200000,769.13884741,1786076099999,1791376157436,legacy_historical,,,,,,,,,
1786076100000,769.37,1786076999999,1791376157436,legacy_historical,,,,,,,,,
1786077000000,769.30607347,1786077899999,1791376157436,legacy_historical,,,,,,,,,
1786077900000,769.44,1786078799999,1791376157436,legacy_historical,,,,,,,,,
1786078800000,769.59394652,1786079699999,1791376157436,legacy_historical,,,,,,,,,
1786079700000,769.61436707,1786080599999,1791376157436,legacy_historical,,,,,,,,,
1786080600000,769.43,1786081499999,1791376157436,legacy_historical,,,,,,,,,
1786081500000,769.43926468,1786082399999,1791376157436,legacy_historical,,,,,,,,,
1786082400000,769.81854398,1786083299999,1791376157436,legacy_historical,,,,,,,,,
1786083300000,770.06736508,1786084199999,1791376157436,legacy_historical,,,,,,,,,
1786084200000,769.65,1786085099999,1791376157436,legacy_historical,,,,,,,,,
1786085100000,769.9,1786085999999,1791376157436,legacy_historical,,,,,,,,,
1786086000000,770.24,1786086899999,1791376157436,legacy_historical,,,,,,,,,
1786086900000,770.27,1786087799999,1791376157436,legacy_historical,,,,,,,,,
1786087800000,770.28,1786088699999,1791376157436,legacy_historical,,,,,,,,,
1786088700000,770.2367137,1786089599999,1791376157436,legacy_historical,,,,,,,,,
1786089600000,770.89560052,1786090499999,1791376157436,legacy_historical,,,,,,,,,
1786090500000,770.67215364,1786091399999,1791376157436,legacy_historical,,,,,,,,,
1786091400000,770.61,1786092299999,1791376157436,legacy_historical,,,,,,,,,
1786092300000,770.67483077,1786093199999,1791376157436,legacy_historical,,,,,,,,,
1786093200000,770.88692878,1786094099999,1791376157436,legacy_historical,,,,,,,,,
1786094100000,770.87044181,1786094999999,1791376157436,legacy_historical,,,,,,,,,
1786095000000,770.88,1786095899999,1791376157436,legacy_historical,,,,,,,,,
1786095900000,770.74673879,1786096799999,1791376157436,legacy_historical,,,,,,,,,
1786096800000,770.7078985,1786097699999,1791376157436,legacy_historical,,,,,,,,,
1786097700000,770.79415986,1786098599999,1791376157436,legacy_historical,,,,,,,,,
1786098600000,770.93466629,1786099499999,1791376157436,legacy_historical,,,,,,,,,
1786099500000,770.65,1786100399999,1791376157436,legacy_historical,,,,,,,,,
1786100400000,771.09,1786101299999,1791376157436,legacy_historical,,,,,,,,,
1786101300000,771.50717887,1786102199999,1791376157436,legacy_historical,,,,,,,,,
1786102200000,771.65,1786103099999,1791376157436,legacy_historical,,,,,,,,,
1786103100000,771.07,1786103999999,1791376157436,legacy_historical,,,,,,,,,
1786104000000,771.33363346,1786104899999,1791376157436,legacy_historical,,,,,,,,,
1786104900000,771.56,1786105799999,1791376157436,legacy_historical,,,,,,,,,
1786105800000,773.3,1786106699999,1791376157436,legacy_historical,,,,,,,,,
1786106700000,773.51096592,1786107599999,1791376157436,legacy_historical,,,,,,,,,
1786107600000,772.1184531,1786108499999,1791376157436,legacy_historical,,,,,,,,,
1786108500000,771.69811386,1786109399999,1791376157436,legacy_historical,,,,,,,,,
1786109400000,772.45749263,1786110299999,1791376157436,legacy_historical,,,,,,,,,
1786110300000,771.7925516,1786111199999,1791376157436,legacy_historical,,,,,,,,,
1786111200000,770.5277345,1786112099999,1791376157436,legacy_historical,,,,,,,,,
1786112100000,773.74470648,1786112999999,1791376157436,legacy_historical,,,,,,,,,
1786113000000,772.42340625,1786113899999,1791376157436,legacy_historical,,,,,,,,,
1786113900000,773.4469041,1786114799999,1791376157436,legacy_historical,,,,,,,,,
1786114800000,773.79,1786115699999,1791376157436,legacy_historical,,,,,,,,,
1786115700000,774.35743866,1786116599999,1791376157436,legacy_historical,,,,,,,,,
1786116600000,773.95321303,1786117499999,1791376157436,legacy_historical,,,,,,,,,
1786117500000,773.85,1786118399999,1791376157436,legacy_historical,,,,,,,,,
1786118400000,773.90071837,1786119299999,1791376157436,legacy_historical,,,,,,,,,
1786119300000,772.38,1786120199999,1791376157436,legacy_historical,,,,,,,,,
1786120200000,773.19,1786121099999,1791376157436,legacy_historical,,,,,,,,,
1786121100000,772.61426844,1786121999999,1791376157436,legacy_historical,,,,,,,,,
1786122000000,772.67,1786122899999,1791376157436,legacy_historical,,,,,,,,,
1786122900000,772.69672586,1786123799999,1791376157436,legacy_historical,,,,,,,,,
1786123800000,772.76103925,1786124699999,1791376157436,legacy_historical,,,,,,,,,
1786124700000,773.00485456,1786125599999,1791376157436,legacy_historical,,,,,,,,,
1786125600000,772.33776403,1786126499999,1791376157436,legacy_historical,,,,,,,,,
1786126500000,772.17,1786127399999,1791376157436,legacy_historical,,,,,,,,,
1786127400000,771.62267052,1786128299999,1791376157436,legacy_historical,,,,,,,,,
1786128300000,772.14074537,1786129199999,1791376157436,legacy_historical,,,,,,,,,
1786129200000,773.40712897,1786130099999,1791376157436,legacy_historical,,,,,,,,,
1786130100000,773.63525594,1786130999999,1791376157436,legacy_historical,,,,,,,,,
1786131000000,773.23,1786131899999,1791376157436,legacy_historical,,,,,,,,,
1786131900000,773.63687735,1786132799999,1791376157436,legacy_historical,,,,,,,,,
1786132800000,773.32,1786133699999,1791376157436,legacy_historical,,,,,,,,,
1786133700000,772.94,1786134599999,1791376157436,legacy_historical,,,,,,,,,
1786134600000,773.19,1786135499999,1791376157436,legacy_historical,,,,,,,,,
1786135500000,773.39,1786136399999,1791376157436,legacy_historical,,,,,,,,,
1786136400000,773.26152098,1786137299999,1791376157436,legacy_historical,,,,,,,,,
1786137300000,773.34,1786138199999,1791376157436,legacy_historical,,,,,,,,,
1786138200000,773.47,1786139099999,1791376157436,legacy_historical,,,,,,,,,
1786139100000,773.41637852,1786139999999,1791376157436,legacy_historical,,,,,,,,,
1786140000000,773.84460852,1786140899999,1791376157436,legacy_historical,,,,,,,,,
1786140900000,773.89871906,1786141799999,1791376157436,legacy_historical,,,,,,,,,
1786141800000,773.71416657,1786142699999,1791376157436,legacy_historical,,,,,,,,,
1786142700000,773.33,1786143599999,1791376157436,legacy_historical,,,,,,,,,
1786143600000,773.51,1786144499999,1791376157436,legacy_historical,,,,,,,,,
1786144500000,773.66501499,1786145399999,1791376157436,legacy_historical,,,,,,,,,
1786145400000,773.39,1786146299999,1791376157436,legacy_historical,,,,,,,,,
1786146300000,773.5179388,1786147199999,1791376157436,legacy_historical,,,,,,,,,
1786147200000,772.77,1786148099999,1791376157436,legacy_historical,,,,,,,,,
1786148100000,772.77132308,1786148999999,1791376157436,legacy_historical,,,,,,,,,
1786149000000,773.15596552,1786149899999,1791376157436,legacy_historical,,,,,,,,,
1786149900000,773.08195616,1786150799999,1791376157436,legacy_historical,,,,,,,,,
1786150800000,773.16553293,1786151699999,1791376157436,legacy_historical,,,,,,,,,
1786151700000,773.21567353,1786152599999,1791376157436,legacy_historical,,,,,,,,,
1786152600000,773.40783681,1786153499999,1791376157436,legacy_historical,,,,,,,,,
1786153500000,773.85917174,1786154399999,1791376157436,legacy_historical,,,,,,,,,
1786154400000,774.04863593,1786155299999,1791376157436,legacy_historical,,,,,,,,,
1786155300000,774.33,1786156199999,1791376157436,legacy_historical,,,,,,,,,
1786156200000,774.22645157,1786157099999,1791376157436,legacy_historical,,,,,,,,,
1786157100000,774.46,1786157999999,1791376157436,legacy_historical,,,,,,,,,
1786158000000,774.1,1786158899999,1791376157436,legacy_historical,,,,,,,,,
1786158900000,774.11486629,1786159799999,1791376157436,legacy_historical,,,,,,,,,
1786159800000,774.1,1786160699999,1791376157436,legacy_historical,,,,,,,,,
1786160700000,774.81,1786161599999,1791376157436,legacy_historical,,,,,,,,,
1786161600000,774.24,1786162499999,1791376157436,legacy_historical,,,,,,,,,
1786162500000,773.62,1786163399999,1791376157436,legacy_historical,,,,,,,,,
1786163400000,773.56184472,1786164299999,1791376157436,legacy_historical,,,,,,,,,
1786164300000,773.217105,1786165199999,1791376157436,legacy_historical,,,,,,,,,
1786165200000,773.08146824,1786166099999,1791376157436,legacy_historical,,,,,,,,,
1786166100000,773.25,1786166999999,1791376157436,legacy_historical,,,,,,,,,
1786167000000,772.47,1786167899999,1791376157436,legacy_historical,,,,,,,,,
1786167900000,772.67291968,1786168799999,1791376157436,legacy_historical,,,,,,,,,
1786168800000,772.62087954,1786169699999,1791376157436,legacy_historical,,,,,,,,,
1786169700000,772.45,1786170599999,1791376157436,legacy_historical,,,,,,,,,
1786170600000,772.33,1786171499999,1791376157436,legacy_historical,,,,,,,,,
1786171500000,772.63,1786172399999,1791376157436,legacy_historical,,,,,,,,,
1786172400000,773.05842534,1786173299999,1791376157436,legacy_historical,,,,,,,,,
1786173300000,772.46247753,1786174199999,1791376157436,legacy_historical,,,,,,,,,
1786174200000,772.35,1786175099999,1791376157436,legacy_historical,,,,,,,,,
1786175100000,773.19,1786175999999,1791376157436,legacy_historical,,,,,,,,,
1786176000000,772.81,1786176899999,1791376157436,legacy_historical,,,,,,,,,
1786176900000,772.5040114,1786177799999,1791376157436,legacy_historical,,,,,,,,,
1786177800000,773.05763444,1786178699999,1791376157436,legacy_historical,,,,,,,,,
1786178700000,773.09102064,1786179599999,1791376157436,legacy_historical,,,,,,,,,
1786179600000,773.21385128,1786180499999,1791376157436,legacy_historical,,,,,,,,,
1786180500000,773.48757422,1786181399999,1791376157436,legacy_historical,,,,,,,,,
1786181400000,773.33584993,1786182299999,1791376157436,legacy_historical,,,,,,,,,
1786182300000,773.4260857,1786183199999,1791376157436,legacy_historical,,,,,,,,,
1786183200000,772.99,1786184099999,1791376157436,legacy_historical,,,,,,,,,
1786184100000,773.31582676,1786184999999,1791376157436,legacy_historical,,,,,,,,,
1786185000000,772.81,1786185899999,1791376157436,legacy_historical,,,,,,,,,
1786185900000,772.81,1786186799999,1791376157436,legacy_historical,,,,,,,,,
1786186800000,772.83,1786187699999,1791376157436,legacy_historical,,,,,,,,,
1786187700000,773.17640052,1786188599999,1791376157436,legacy_historical,,,,,,,,,
1786188600000,773.13946315,1786189499999,1791376157436,legacy_historical,,,,,,,,,
1786189500000,773.36556729,1786190399999,1791376157436,legacy_historical,,,,,,,,,
1786190400000,773.31604614,1786191299999,1791376157436,legacy_historical,,,,,,,,,
1786191300000,772.61222661,1786192199999,1791376157436,legacy_historical,,,,,,,,,
1786192200000,772.38,1786193099999,1791376157436,legacy_historical,,,,,,,,,
1786193100000,772.76,1786193999999,1791376157436,legacy_historical,,,,,,,,,
1786194000000,772.99,1786194899999,1791376157436,legacy_historical,,,,,,,,,
1786194900000,772.9955627,1786195799999,1791376157436,legacy_historical,,,,,,,,,
1786195800000,772.96522451,1786196699999,1791376157436,legacy_historical,,,,,,,,,
1786196700000,772.96,1786197599999,1791376157436,legacy_historical,,,,,,,,,
1786197600000,772.94493116,1786198499999,1791376157436,legacy_historical,,,,,,,,,
1786198500000,772.99,1786199399999,1791376157436,legacy_historical,,,,,,,,,
1786199400000,772.7517252,1786200299999,1791376157436,legacy_historical,,,,,,,,,
1786200300000,773.28,1786201199999,1791376157436,legacy_historical,,,,,,,,,
1786201200000,773.34664875,1786202099999,1791376157436,legacy_historical,,,,,,,,,
1786202100000,773.47672891,1786202999999,1791376157436,legacy_historical,,,,,,,,,
1786203000000,773.70754817,1786203899999,1791376157436,legacy_historical,,,,,,,,,
1786203900000,773.52,1786204799999,1791376157436,legacy_historical,,,,,,,,,
1786204800000,773.27299249,1786205699999,1791376157436,legacy_historical,,,,,,,,,
1786205700000,773.2,1786206599999,1791376157436,legacy_historical,,,,,,,,,
1786206600000,773.17,1786207499999,1791376157436,legacy_historical,,,,,,,,,
1786207500000,773.49637856,1786208399999,1791376157436,legacy_historical,,,,,,,,,
1786208400000,773.49,1786209299999,1791376157436,legacy_historical,,,,,,,,,
1786209300000,773.53,1786210199999,1791376157436,legacy_historical,,,,,,,,,
1786210200000,773.90779014,1786211099999,1791376157436,legacy_historical,,,,,,,,,
1786211100000,773.94,1786211999999,1791376157436,legacy_historical,,,,,,,,,
1786212000000,773.81,1786212899999,1791376157436,legacy_historical,,,,,,,,,
1786212900000,773.83513538,1786213799999,1791376157436,legacy_historical,,,,,,,,,
1786213800000,773.82441648,1786214699999,1791376157436,legacy_historical,,,,,,,,,
1786214700000,773.47,1786215599999,1791376157436,legacy_historical,,,,,,,,,
1786215600000,773.74561521,1786216499999,1791376157436,legacy_historical,,,,,,,,,
1786216500000,773.44,1786217399999,1791376157436,legacy_historical,,,,,,,,,
1786217400000,773.58531872,1786218299999,1791376157436,legacy_historical,,,,,,,,,
1786218300000,773.61,1786219199999,1791376157436,legacy_historical,,,,,,,,,
1786219200000,773.60505279,1786220099999,1791376157436,legacy_historical,,,,,,,,,
1786220100000,773.71,1786220999999,1791376157436,legacy_historical,,,,,,,,,
1786221000000,773.75089494,1786221899999,1791376157436,legacy_historical,,,,,,,,,
1786221900000,773.79,1786222799999,1791376157436,legacy_historical,,,,,,,,,
1786222800000,774.16769107,1786223699999,1791376157436,legacy_historical,,,,,,,,,
1786223700000,773.69584245,1786224599999,1791376157436,legacy_historical,,,,,,,,,
1786224600000,773.55,1786225499999,1791376157436,legacy_historical,,,,,,,,,
1786225500000,773.7,1786226399999,1791376157436,legacy_historical,,,,,,,,,
1786226400000,774.02,1786227299999,1791376157436,legacy_historical,,,,,,,,,
1786227300000,774.01597827,1786228199999,1791376157436,legacy_historical,,,,,,,,,
1786228200000,773.9,1786229099999,1791376157436,legacy_historical,,,,,,,,,
1786229100000,774.13,1786229999999,1791376157436,legacy_historical,,,,,,,,,
1786230000000,774.31708032,1786230899999,1791376157436,legacy_historical,,,,,,,,,
1786230900000,774.45703162,1786231799999,1791376157436,legacy_historical,,,,,,,,,
1786231800000,774.37564899,1786232699999,1791376157436,legacy_historical,,,,,,,,,
1786232700000,774.3564842,1786233599999,1791376157436,legacy_historical,,,,,,,,,
1786233600000,774.59704598,1786234499999,1791376157436,legacy_historical,,,,,,,,,
1786234500000,774.43,1786235399999,1791376157436,legacy_historical,,,,,,,,,
1786235400000,774.47537085,1786236299999,1791376157436,legacy_historical,,,,,,,,,
1786236300000,774.53,1786237199999,1791376157436,legacy_historical,,,,,,,,,
1786237200000,774.50499996,1786238099999,1791376157436,legacy_historical,,,,,,,,,
1786238100000,774.76728394,1786238999999,1791376157436,legacy_historical,,,,,,,,,
1786239000000,774.67,1786239899999,1791376157436,legacy_historical,,,,,,,,,
1786239900000,774.75,1786240799999,1791376157436,legacy_historical,,,,,,,,,
1786240800000,774.79609458,1786241699999,1791376157436,legacy_historical,,,,,,,,,
1786241700000,774.61394456,1786242599999,1791376157436,legacy_historical,,,,,,,,,
1786242600000,774.67494105,1786243499999,1791376157436,legacy_historical,,,,,,,,,
1786243500000,774.68497621,1786244399999,1791376157436,legacy_historical,,,,,,,,,
1786244400000,774.69508635,1786245299999,1791376157436,legacy_historical,,,,,,,,,
1786245300000,774.43,1786246199999,1791376157436,legacy_historical,,,,,,,,,
1786246200000,774.42373514,1786247099999,1791376157436,legacy_historical,,,,,,,,,
1786247100000,774.50519522,1786247999999,1791376157436,legacy_historical,,,,,,,,,
1786248000000,774.53535524,1786248899999,1791376157436,legacy_historical,,,,,,,,,
1786248900000,774.656005,1786249799999,1791376157436,legacy_historical,,,,,,,,,
1786249800000,774.93947774,1786250699999,1791376157436,legacy_historical,,,,,,,,,
1786250700000,774.8,1786251599999,1791376157436,legacy_historical,,,,,,,,,
1786251600000,774.81,1786252499999,1791376157436,legacy_historical,,,,,,,,,
1786252500000,774.99,1786253399999,1791376157436,legacy_historical,,,,,,,,,
1786253400000,774.72964591,1786254299999,1791376157436,legacy_historical,,,,,,,,,
1786254300000,774.62,1786255199999,1791376157436,legacy_historical,,,,,,,,,
1786255200000,774.5,1786256099999,1791376157436,legacy_historical,,,,,,,,,
1786256100000,774.44,1786256999999,1791376157436,legacy_historical,,,,,,,,,
1786257000000,774.36416014,1786257899999,1791376157436,legacy_historical,,,,,,,,,
1786257900000,774.47,1786258799999,1791376157436,legacy_historical,,,,,,,,,
1786258800000,774.58,1786259699999,1791376157436,legacy_historical,,,,,,,,,
1786259700000,774.68683536,1786260599999,1791376157436,legacy_historical,,,,,,,,,
1786260600000,774.63,1786261499999,1791376157436,legacy_historical,,,,,,,,,
1786261500000,774.5,1786262399999,1791376157436,legacy_historical,,,,,,,,,
1786262400000,774.84,1786263299999,1791376157436,legacy_historical,,,,,,,,,
1786263300000,774.49392827,1786264199999,1791376157436,legacy_historical,,,,,,,,,
1786264200000,774.44,1786265099999,1791376157436,legacy_historical,,,,,,,,,
1786265100000,774.34,1786265999999,1791376157436,legacy_historical,,,,,,,,,
1786266000000,774.3,1786266899999,1791376157436,legacy_historical,,,,,,,,,
1786266900000,774.49,1786267799999,1791376157436,legacy_historical,,,,,,,,,
1786267800000,774.39528503,1786268699999,1791376157436,legacy_historical,,,,,,,,,
1786268700000,774.29,1786269599999,1791376157436,legacy_historical,,,,,,,,,
1786269600000,774.29,1786270499999,1791376157436,legacy_historical,,,,,,,,,
1786270500000,774.53640886,1786271399999,1791376157436,legacy_historical,,,,,,,,,
1786271400000,774.35,1786272299999,1791376157436,legacy_historical,,,,,,,,,
1786272300000,774.30464227,1786273199999,1791376157436,legacy_historical,,,,,,,,,
1786273200000,774.41573895,1786274099999,1791376157436,legacy_historical,,,,,,,,,
1786274100000,774.4,1786274999999,1791376157436,legacy_historical,,,,,,,,,
1786275000000,774.17,1786275899999,1791376157436,legacy_historical,,,,,,,,,
1786275900000,774.40595054,1786276799999,1791376157436,legacy_historical,,,,,,,,,
1786276800000,774.22408049,1786277699999,1791376157436,legacy_historical,,,,,,,,,
1786277700000,774.43562042,1786278599999,1791376157436,legacy_historical,,,,,,,,,
1786278600000,774.43,1786279499999,1791376157436,legacy_historical,,,,,,,,,
1786279500000,774.54,1786280399999,1791376157436,legacy_historical,,,,,,,,,
1786280400000,774.56,1786281299999,1791376157436,legacy_historical,,,,,,,,,
1786281300000,774.29,1786282199999,1791376157436,legacy_historical,,,,,,,,,
1786282200000,774.45,1786283099999,1791376157436,legacy_historical,,,,,,,,,
1786283100000,774.71,1786283999999,1791376157436,legacy_historical,,,,,,,,,
1786284000000,774.65,1786284899999,1791376157436,legacy_historical,,,,,,,,,
1786284900000,774.69,1786285799999,1791376157436,legacy_historical,,,,,,,,,
1786285800000,774.73,1786286699999,1791376157436,legacy_historical,,,,,,,,,
1786286700000,774.75,1786287599999,1791376157436,legacy_historical,,,,,,,,,
1786287600000,774.65053929,1786288499999,1791376157436,legacy_historical,,,,,,,,,
1786288500000,774.46,1786289399999,1791376157436,legacy_historical,,,,,,,,,
1786289400000,774.77,1786290299999,1791376157436,legacy_historical,,,,,,,,,
1786290300000,774.51,1786291199999,1791376157436,legacy_historical,,,,,,,,,
1786291200000,774.67109219,1786292099999,1791376157436,legacy_historical,,,,,,,,,
1786292100000,774.69400158,1786292999999,1791376157436,legacy_historical,,,,,,,,,
1786293000000,774.82584021,1786293899999,1791376157436,legacy_historical,,,,,,,,,
1786293900000,774.73,1786294799999,1791376157436,legacy_historical,,,,,,,,,
1786294800000,774.71461102,1786295699999,1791376157436,legacy_historical,,,,,,,,,
1786295700000,774.75,1786296599999,1791376157436,legacy_historical,,,,,,,,,
1786296600000,774.71475,1786297499999,1791376157436,legacy_historical,,,,,,,,,
1786297500000,774.71494466,1786298399999,1791376157436,legacy_historical,,,,,,,,,
1786298400000,775.39,1786299299999,1791376157436,legacy_historical,,,,,,,,,
1786299300000,775.55,1786300199999,1791376157436,legacy_historical,,,,,,,,,
1786300200000,775.59,1786301099999,1791376157436,legacy_historical,,,,,,,,,
1786301100000,775.31452931,1786301999999,1791376157436,legacy_historical,,,,,,,,,
1786302000000,775.43552616,1786302899999,1791376157436,legacy_historical,,,,,,,,,
1786302900000,775.55275714,1786303799999,1791376157436,legacy_historical,,,,,,,,,
1786303800000,775.50245411,1786304699999,1791376157436,legacy_historical,,,,,,,,,
1786304700000,775.44,1786305599999,1791376157436,legacy_historical,,,,,,,,,
1786305600000,775.24,1786306499999,1791376157436,legacy_historical,,,,,,,,,
1786306500000,775.10389799,1786307399999,1791376157436,legacy_historical,,,,,,,,,
1786307400000,775.01,1786308299999,1791376157436,legacy_historical,,,,,,,,,
1786308300000,775.1,1786309199999,1791376157436,legacy_historical,,,,,,,,,
1786309200000,775.02426953,1786310099999,1791376157436,legacy_historical,,,,,,,,,
1786310100000,775.01,1786310999999,1791376157436,legacy_historical,,,,,,,,,
1786311000000,775.0192615,1786311899999,1791376157436,legacy_historical,,,,,,,,,
1786311900000,773.70565495,1786312799999,1791376157436,legacy_historical,,,,,,,,,
1786312800000,771.77728597,1786313699999,1791376157436,legacy_historical,,,,,,,,,
1786313700000,771.69,1786314599999,1791376157436,legacy_historical,,,,,,,,,
1786314600000,771.47,1786315499999,1791376157436,legacy_historical,,,,,,,,,
1786315500000,771.51616472,1786316399999,1791376157436,legacy_historical,,,,,,,,,
1786316400000,771.77398669,1786317299999,1791376157436,legacy_historical,,,,,,,,,
1786317300000,771.75470399,1786318199999,1791376157436,legacy_historical,,,,,,,,,
1786318200000,771.33,1786319099999,1791376157436,legacy_historical,,,,,,,,,
1786319100000,771.07144937,1786319999999,1791376157436,legacy_historical,,,,,,,,,
1786320000000,773.25,1786320899999,1791376157436,legacy_historical,,,,,,,,,
1786320900000,772.59355147,1786321799999,1791376157436,legacy_historical,,,,,,,,,
1786321800000,772.31799571,1786322699999,1791376157436,legacy_historical,,,,,,,,,
1786322700000,772.34137525,1786323599999,1791376157436,legacy_historical,,,,,,,,,
1786323600000,772.98,1786324499999,1791376157436,legacy_historical,,,,,,,,,
1786324500000,773.39454988,1786325399999,1791376157436,legacy_historical,,,,,,,,,
1786325400000,773.31651209,1786326299999,1791376157436,legacy_historical,,,,,,,,,
1786326300000,773.56291975,1786327199999,1791376157436,legacy_historical,,,,,,,,,
1786327200000,773.57160812,1786328099999,1791376157436,legacy_historical,,,,,,,,,
1786328100000,773.6918917,1786328999999,1791376157436,legacy_historical,,,,,,,,,
1786329000000,773.95,1786329899999,1791376157436,legacy_historical,,,,,,,,,
1786329900000,773.95858839,1786330799999,1791376157436,legacy_historical,,,,,,,,,
1786330800000,773.80690492,1786331699999,1791376157436,legacy_historical,,,,,,,,,
1786331700000,773.98745324,1786332599999,1791376157436,legacy_historical,,,,,,,,,
1786332600000,774.29255375,1786333499999,1791376157436,legacy_historical,,,,,,,,,
1786333500000,774.04,1786334399999,1791376157436,legacy_historical,,,,,,,,,
1786334400000,774.30176642,1786335299999,1791376157436,legacy_historical,,,,,,,,,
1786335300000,774.45632669,1786336199999,1791376157436,legacy_historical,,,,,,,,,
1786336200000,774.31532934,1786337099999,1791376157436,legacy_historical,,,,,,,,,
1786337100000,774.48,1786337999999,1791376157436,legacy_historical,,,,,,,,,
1786338000000,774.63,1786338899999,1791376157436,legacy_historical,,,,,,,,,
1786338900000,774.52,1786339799999,1791376157436,legacy_historical,,,,,,,,,
1786339800000,774.61150988,1786340699999,1791376157436,legacy_historical,,,,,,,,,
1786340700000,774.75706227,1786341599999,1791376157436,legacy_historical,,,,,,,,,
1786341600000,774.94218698,1786342499999,1791376157436,legacy_historical,,,,,,,,,
1786342500000,774.30183587,1786343399999,1791376157436,legacy_historical,,,,,,,,,
1786343400000,774.32066987,1786344299999,1791376157436,legacy_historical,,,,,,,,,
1786344300000,774.46,1786345199999,1791376157436,legacy_historical,,,,,,,,,
1786345200000,774.16,1786346099999,1791376157436,legacy_historical,,,,,,,,,
1786346100000,774.98,1786346999999,1791376157436,legacy_historical,,,,,,,,,
1786347000000,775.12149806,1786347899999,1791376157436,legacy_historical,,,,,,,,,
1786347900000,774.96,1786348799999,1791376157436,legacy_historical,,,,,,,,,
1786348800000,774.81,1786349699999,1791376157436,legacy_historical,,,,,,,,,
1786349700000,774.77,1786350599999,1791376157436,legacy_historical,,,,,,,,,
1786350600000,774.86289505,1786351499999,1791376157436,legacy_historical,,,,,,,,,
1786351500000,774.93130344,1786352399999,1791376157436,legacy_historical,,,,,,,,,
1786352400000,774.9787331,1786353299999,1791376157436,legacy_historical,,,,,,,,,
1786353300000,774.94594985,1786354199999,1791376157436,legacy_historical,,,,,,,,,
1786354200000,774.68406265,1786355099999,1791376157436,legacy_historical,,,,,,,,,
1786355100000,774.74494455,1786355999999,1791376157436,legacy_historical,,,,,,,,,
1786356000000,774.54,1786356899999,1791376157436,legacy_historical,,,,,,,,,
1786356900000,774.87,1786357799999,1791376157436,legacy_historical,,,,,,,,,
1786357800000,774.5,1786358699999,1791376157436,legacy_historical,,,,,,,,,
1786358700000,774.53,1786359599999,1791376157436,legacy_historical,,,,,,,,,
1786359600000,773.97,1786360499999,1791376157436,legacy_historical,,,,,,,,,
1786360500000,774.48,1786361399999,1791376157436,legacy_historical,,,,,,,,,
1786361400000,774.36,1786362299999,1791376157436,legacy_historical,,,,,,,,,
1786362300000,774.10880893,1786363199999,1791376157436,legacy_historical,,,,,,,,,
1786363200000,774.02168418,1786364099999,1791376157436,legacy_historical,,,,,,,,,
1786364100000,773.69992752,1786364999999,1791376157436,legacy_historical,,,,,,,,,
1786365000000,773.24,1786365899999,1791376157436,legacy_historical,,,,,,,,,
1786365900000,773.3022769,1786366799999,1791376157436,legacy_historical,,,,,,,,,
1786366800000,773.56,1786367699999,1791376157436,legacy_historical,,,,,,,,,
1786367700000,773.21659146,1786368599999,1791376157436,legacy_historical,,,,,,,,,
1786368600000,773.420118,1786369499999,1791376157436,legacy_historical,,,,,,,,,
1786369500000,774.17350272,1786370399999,1791376157436,legacy_historical,,,,,,,,,
1786370400000,774.99,1786371299999,1791376157436,legacy_historical,,,,,,,,,
1786371300000,775.18,1786372199999,1791376157436,legacy_historical,,,,,,,,,
1786372200000,775.29,1786373099999,1791376157436,legacy_historical,,,,,,,,,
1786373100000,774.33806312,1786373999999,1791376157436,legacy_historical,,,,,,,,,
1786374000000,774.44259613,1786374899999,1791376157436,legacy_historical,,,,,,,,,
1786374900000,774.54611531,1786375799999,1791376157436,legacy_historical,,,,,,,,,
1786375800000,774.58,1786376699999,1791376157436,legacy_historical,,,,,,,,,
1786376700000,775.09,1786377599999,1791376157436,legacy_historical,,,,,,,,,
1786377600000,774.60302502,1786378499999,1791376157436,legacy_historical,,,,,,,,,
1786378500000,774.23818814,1786379399999,1791376157436,legacy_historical,,,,,,,,,
1786379400000,772.9,1786380299999,1791376157436,legacy_historical,,,,,,,,,
1786380300000,773.68,1786381199999,1791376157436,legacy_historical,,,,,,,,,
1786381200000,773.85,1786382099999,1791376157436,legacy_historical,,,,,,,,,
1786382100000,773.94947984,1786382999999,1791376157436,legacy_historical,,,,,,,,,
1786383000000,773.46042742,1786383899999,1791376157436,legacy_historical,,,,,,,,,
1786383900000,773.60298223,1786384799999,1791376157436,legacy_historical,,,,,,,,,
1786384800000,773.50971552,1786385699999,1791376157436,legacy_historical,,,,,,,,,
1786385700000,773.37,1786386599999,1791376157436,legacy_historical,,,,,,,,,
1786386600000,773.6926629,1786387499999,1791376157436,legacy_historical,,,,,,,,,
1786387500000,774.04,1786388399999,1791376157436,legacy_historical,,,,,,,,,
1786388400000,774.12000415,1786389299999,1791376157436,legacy_historical,,,,,,,,,
1786389300000,773.81,1786390199999,1791376157436,legacy_historical,,,,,,,,,
1786390200000,773.98471302,1786391099999,1791376157436,legacy_historical,,,,,,,,,
1786391100000,773.72462225,1786391999999,1791376157436,legacy_historical,,,,,,,,,
1786392000000,773.60310541,1786392899999,1791376157436,legacy_historical,,,,,,,,,
1786392900000,773.66679271,1786393799999,1791376157436,legacy_historical,,,,,,,,,
1786393800000,773.74,1786394699999,1791376157436,legacy_historical,,,,,,,,,
1786394700000,773.84566744,1786395599999,1791376157436,legacy_historical,,,,,,,,,
1786395600000,773.74,1786396499999,1791376157436,legacy_historical,,,,,,,,,
1786396500000,773.83006307,1786397399999,1791376157436,legacy_historical,,,,,,,,,
1786397400000,773.92,1786398299999,1791376157436,legacy_historical,,,,,,,,,
1786398300000,774.03,1786399199999,1791376157436,legacy_historical,,,,,,,,,
1786399200000,773.85795873,1786400099999,1791376157436,legacy_historical,,,,,,,,,
1786400100000,773.52752883,1786400999999,1791376157436,legacy_historical,,,,,,,,,
1786401000000,773.29878647,1786401899999,1791376157436,legacy_historical,,,,,,,,,
1786401900000,773.47,1786402799999,1791376157436,legacy_historical,,,,,,,,,
1786402800000,773.35,1786403699999,1791376157436,legacy_historical,,,,,,,,,
1786403700000,773.04068415,1786404599999,1791376157436,legacy_historical,,,,,,,,,
1786404600000,773.25,1786405499999,1791376157436,legacy_historical,,,,,,,,,
1786405500000,773.23,1786406399999,1791376157436,legacy_historical,,,,,,,,,
1786406400000,773.72075851,1786407299999,1791376157436,legacy_historical,,,,,,,,,
1786407300000,773.88500397,1786408199999,1791376157436,legacy_historical,,,,,,,,,
1786408200000,774.00270686,1786409099999,1791376157436,legacy_historical,,,,,,,,,
1786409100000,774.13831729,1786409999999,1791376157436,legacy_historical,,,,,,,,,
1786410000000,774.63680861,1786410899999,1791376157436,legacy_historical,,,,,,,,,
1786410900000,774.56026185,1786411799999,1791376157436,legacy_historical,,,,,,,,,
1786411800000,774.59,1786412699999,1791376157436,legacy_historical,,,,,,,,,
1786412700000,774.55697381,1786413599999,1791376157436,legacy_historical,,,,,,,,,
1786413600000,774.54686899,1786414499999,1791376157436,legacy_historical,,,,,,,,,
1786414500000,774.57927995,1786415399999,1791376157436,legacy_historical,,,,,,,,,
1786415400000,774.83,1786416299999,1791376157436,legacy_historical,,,,,,,,,
1786416300000,774.60579029,1786417199999,1791376157436,legacy_historical,,,,,,,,,
1786417200000,774.7,1786418099999,1791376157436,legacy_historical,,,,,,,,,
1786418100000,775.07124829,1786418999999,1791376157436,legacy_historical,,,,,,,,,
1786419000000,774.95,1786419899999,1791376157436,legacy_historical,,,,,,,,,
1786419900000,774.89,1786420799999,1791376157436,legacy_historical,,,,,,,,,
1786420800000,774.95862428,1786421699999,1791376157436,legacy_historical,,,,,,,,,
1786421700000,774.95575001,1786422599999,1791376157436,legacy_historical,,,,,,,,,
1786422600000,774.89,1786423499999,1791376157436,legacy_historical,,,,,,,,,
1786423500000,774.84862311,1786424399999,1791376157436,legacy_historical,,,,,,,,,
1786424400000,774.99,1786425299999,1791376157436,legacy_historical,,,,,,,,,
1786425300000,774.6,1786426199999,1791376157436,legacy_historical,,,,,,,,,
1786426200000,774.57,1786427099999,1791376157436,legacy_historical,,,,,,,,,
1786427100000,774.09,1786427999999,1791376157436,legacy_historical,,,,,,,,,
1786428000000,774.44159408,1786428899999,1791376157436,legacy_historical,,,,,,,,,
1786428900000,773.66,1786429799999,1791376157436,legacy_historical,,,,,,,,,
1786429800000,773.80510443,1786430699999,1791376157436,legacy_historical,,,,,,,,,
1786430700000,773.43,1786431599999,1791376157436,legacy_historical,,,,,,,,,
1786431600000,773.52395522,1786432499999,1791376157436,legacy_historical,,,,,,,,,
1786432500000,773.493911,1786433399999,1791376157436,legacy_historical,,,,,,,,,
1786433400000,773.52060813,1786434299999,1791376157436,legacy_historical,,,,,,,,,
1786434300000,773.69,1786435199999,1791376157436,legacy_historical,,,,,,,,,
1786435200000,773.28222824,1786436099999,1791376157436,legacy_historical,,,,,,,,,
1786436100000,773.35,1786436999999,1791376157436,legacy_historical,,,,,,,,,
1786437000000,773.34179263,1786437899999,1791376157436,legacy_historical,,,,,,,,,
1786437900000,773.49,1786438799999,1791376157436,legacy_historical,,,,,,,,,
1786438800000,773.33,1786439699999,1791376157436,legacy_historical,,,,,,,,,
1786439700000,773.65052285,1786440599999,1791376157436,legacy_historical,,,,,,,,,
1786440600000,773.91,1786441499999,1791376157436,legacy_historical,,,,,,,,,
1786441500000,773.82682348,1786442399999,1791376157436,legacy_historical,,,,,,,,,
1786442400000,773.6,1786443299999,1791376157436,legacy_historical,,,,,,,,,
1786443300000,774.68,1786444199999,1791376157436,legacy_historical,,,,,,,,,
1786444200000,774.5081981,1786445099999,1791376157436,legacy_historical,,,,,,,,,
1786445100000,774.57522237,1786445999999,1791376157436,legacy_historical,,,,,,,,,
1786446000000,775.38994246,1786446899999,1791376157436,legacy_historical,,,,,,,,,
1786446900000,774.81578054,1786447799999,1791376157436,legacy_historical,,,,,,,,,
1786447800000,774.7460882,1786448699999,1791376157436,legacy_historical,,,,,,,,,
1786448700000,774.8,1786449599999,1791376157436,legacy_historical,,,,,,,,,
1786449600000,775.17,1786450499999,1791376157436,legacy_historical,,,,,,,,,
1786450500000,774.74,1786451399999,1791376157436,legacy_historical,,,,,,,,,
1786451400000,774.94758743,1786452299999,1791376157436,legacy_historical,,,,,,,,,
1786452300000,774.79780563,1786453199999,1791376157436,legacy_historical,,,,,,,,,
1786453200000,774.83856247,1786454099999,1791376157436,legacy_historical,,,,,,,,,
1786454100000,775.14809784,1786454999999,1791376157436,legacy_historical,,,,,,,,,
1786455000000,774.00664154,1786455899999,1791376157436,legacy_historical,,,,,,,,,
1786455900000,774.15283637,1786456799999,1791376157436,legacy_historical,,,,,,,,,
1786456800000,774.29793157,1786457699999,1791376157436,legacy_historical,,,,,,,,,
1786457700000,774.41,1786458599999,1791376157436,legacy_historical,,,,,,,,,
1786458600000,774.09777839,1786459499999,1791376157436,legacy_historical,,,,,,,,,
1786459500000,774.21,1786460399999,1791376157436,legacy_historical,,,,,,,,,
1786460400000,773.36557688,1786461299999,1791376157436,legacy_historical,,,,,,,,,
1786461300000,773.2,1786462199999,1791376157436,legacy_historical,,,,,,,,,
1786462200000,772.88580671,1786463099999,1791376157436,legacy_historical,,,,,,,,,
1786463100000,772.71184164,1786463999999,1791376157436,legacy_historical,,,,,,,,,
1786464000000,772.74,1786464899999,1791376157436,legacy_historical,,,,,,,,,
1786464900000,772.54523067,1786465799999,1791376157436,legacy_historical,,,,,,,,,
1786465800000,772.31,1786466699999,1791376157436,legacy_historical,,,,,,,,,
1786466700000,771.94,1786467599999,1791376157436,legacy_historical,,,,,,,,,
1786467600000,771.13424102,1786468499999,1791376157436,legacy_historical,,,,,,,,,
1786468500000,771.66727923,1786469399999,1791376157436,legacy_historical,,,,,,,,,
1786469400000,772.03835729,1786470299999,1791376157436,legacy_historical,,,,,,,,,
1786470300000,771.96977574,1786471199999,1791376157436,legacy_historical,,,,,,,,,
1786471200000,771.65,1786472099999,1791376157436,legacy_historical,,,,,,,,,
1786472100000,770.48878042,1786472999999,1791376157436,legacy_historical,,,,,,,,,
1786473000000,770.7599029,1786473899999,1791376157436,legacy_historical,,,,,,,,,
1786473900000,771.05,1786474799999,1791376157436,legacy_historical,,,,,,,,,
1786474800000,771.13,1786475699999,1791376157436,legacy_historical,,,,,,,,,
1786475700000,771.46367982,1786476599999,1791376157436,legacy_historical,,,,,,,,,
1786476600000,771.53795697,1786477499999,1791376157436,legacy_historical,,,,,,,,,
1786477500000,771.00558061,1786478399999,1791376157436,legacy_historical,,,,,,,,,
1786478400000,771.41096253,1786479299999,1791376157436,legacy_historical,,,,,,,,,
1786479300000,771.91,1786480199999,1791376157436,legacy_historical,,,,,,,,,
1786480200000,771.88,1786481099999,1791376157436,legacy_historical,,,,,,,,,
1786481100000,771.56190391,1786481999999,1791376157436,legacy_historical,,,,,,,,,
1786482000000,771.73,1786482899999,1791376157436,legacy_historical,,,,,,,,,
1786482900000,771.69325126,1786483799999,1791376157436,legacy_historical,,,,,,,,,
1786483800000,771.64,1786484699999,1791376157436,legacy_historical,,,,,,,,,
1786484700000,771.58,1786485599999,1791376157436,legacy_historical,,,,,,,,,
1786485600000,771.76289327,1786486499999,1791376157436,legacy_historical,,,,,,,,,
1786486500000,771.63,1786487399999,1791376157436,legacy_historical,,,,,,,,,
1786487400000,771.34141628,1786488299999,1791376157436,legacy_historical,,,,,,,,,
1786488300000,771.5,1786489199999,1791376157436,legacy_historical,,,,,,,,,
1786489200000,771.44,1786490099999,1791376157436,legacy_historical,,,,,,,,,
1786490100000,771.60171651,1786490999999,1791376157436,legacy_historical,,,,,,,,,
1786491000000,771.49,1786491899999,1791376157436,legacy_historical,,,,,,,,,
1786491900000,771.66423613,1786492799999,1791376157436,legacy_historical,,,,,,,,,
1786492800000,771.4,1786493699999,1791376157436,legacy_historical,,,,,,,,,
1786493700000,771.45556493,1786494599999,1791376157436,legacy_historical,,,,,,,,,
1786494600000,771.45315451,1786495499999,1791376157436,legacy_historical,,,,,,,,,
1786495500000,771.42,1786496399999,1791376157436,legacy_historical,,,,,,,,,
1786496400000,771.48602225,1786497299999,1791376157436,legacy_historical,,,,,,,,,
1786497300000,771.39,1786498199999,1791376157436,legacy_historical,,,,,,,,,
1786498200000,771.61046287,1786499099999,1791376157436,legacy_historical,,,,,,,,,
1786499100000,771.28215438,1786499999999,1791376157436,legacy_historical,,,,,,,,,
1786500000000,771.49,1786500899999,1791376157436,legacy_historical,,,,,,,,,
1786500900000,771.55,1786501799999,1791376157436,legacy_historical,,,,,,,,,
1786501800000,771.81,1786502699999,1791376157436,legacy_historical,,,,,,,,,
1786502700000,771.98,1786503599999,1791376157436,legacy_historical,,,,,,,,,
1786503600000,772.08623504,1786504499999,1791376157436,legacy_historical,,,,,,,,,
1786504500000,772.08638127,1786505399999,1791376157436,legacy_historical,,,,,,,,,
1786505400000,771.81720462,1786506299999,1791376157436,legacy_historical,,,,,,,,,
1786506300000,771.78969313,1786507199999,1791376157436,legacy_historical,,,,,,,,,
1786507200000,771.7514273,1786508099999,1791376157436,legacy_historical,,,,,,,,,
1786508100000,771.87006425,1786508999999,1791376157436,legacy_historical,,,,,,,,,
1786509000000,771.78600764,1786509899999,1791376157436,legacy_historical,,,,,,,,,
1786509900000,772.02452883,1786510799999,1791376157436,legacy_historical,,,,,,,,,
1786510800000,771.8797566,1786511699999,1791376157436,legacy_historical,,,,,,,,,
1786511700000,771.86,1786512599999,1791376157436,legacy_historical,,,,,,,,,
1786512600000,771.90551019,1786513499999,1791376157436,legacy_historical,,,,,,,,,
1786513500000,772.1,1786514399999,1791376157436,legacy_historical,,,,,,,,,
1786514400000,771.87,1786515299999,1791376157436,legacy_historical,,,,,,,,,
1786515300000,771.96722025,1786516199999,1791376157436,legacy_historical,,,,,,,,,
1786516200000,771.9292843,1786517099999,1791376157436,legacy_historical,,,,,,,,,
1786517100000,772.01,1786517999999,1791376157436,legacy_historical,,,,,,,,,
1786518000000,772.22,1786518899999,1791376157436,legacy_historical,,,,,,,,,
1786518900000,772.09330381,1786519799999,1791376157436,legacy_historical,,,,,,,,,
1786519800000,772.20298668,1786520699999,1791376157436,legacy_historical,,,,,,,,,
1786520700000,772.1319796,1786521599999,1791376157436,legacy_historical,,,,,,,,,
1786521600000,772.33022474,1786522499999,1791376157436,legacy_historical,,,,,,,,,
1786522500000,772.46,1786523399999,1791376157436,legacy_historical,,,,,,,,,
1786523400000,772.31,1786524299999,1791376157436,legacy_historical,,,,,,,,,
1786524300000,772.62750729,1786525199999,1791376157436,legacy_historical,,,,,,,,,
1786525200000,772.88,1786526099999,1791376157436,legacy_historical,,,,,,,,,
1786526100000,773.14766,1786526999999,1791376157436,legacy_historical,,,,,,,,,
1786527000000,773.24959847,1786527899999,1791376157436,legacy_historical,,,,,,,,,
1786527900000,772.92170907,1786528799999,1791376157436,legacy_historical,,,,,,,,,
1786528800000,773.25,1786529699999,1791376157436,legacy_historical,,,,,,,,,
1786529700000,773.20199012,1786530599999,1791376157436,legacy_historical,,,,,,,,,
1786530600000,773.31,1786531499999,1791376157436,legacy_historical,,,,,,,,,
1786531500000,773.01,1786532399999,1791376157436,legacy_historical,,,,,,,,,
1786532400000,773.07,1786533299999,1791376157436,legacy_historical,,,,,,,,,
1786533300000,772.93652743,1786534199999,1791376157436,legacy_historical,,,,,,,,,
1786534200000,773.19324294,1786535099999,1791376157436,legacy_historical,,,,,,,,,
1786535100000,773.43583555,1786535999999,1791376157436,legacy_historical,,,,,,,,,
1786536000000,773.35580425,1786536899999,1791376157436,legacy_historical,,,,,,,,,
1786536900000,774.26,1786537799999,1791376157436,legacy_historical,,,,,,,,,
1786537800000,774.65731843,1786538699999,1791376157436,legacy_historical,,,,,,,,,
1786538700000,774.75,1786539599999,1791376157436,legacy_historical,,,,,,,,,
1786539600000,774.71956705,1786540499999,1791376157436,legacy_historical,,,,,,,,,
1786540500000,775.41956662,1786541399999,1791376157436,legacy_historical,,,,,,,,,
1786541400000,773.45402702,1786542299999,1791376157436,legacy_historical,,,,,,,,,
1786542300000,773.31,1786543199999,1791376157436,legacy_historical,,,,,,,,,
1786543200000,773.02973297,1786544099999,1791376157436,legacy_historical,,,,,,,,,
1786544100000,773.34,1786544999999,1791376157436,legacy_historical,,,,,,,,,
1786545000000,773.65552461,1786545899999,1791376157436,legacy_historical,,,,,,,,,
1786545900000,772.94,1786546799999,1791376157436,legacy_historical,,,,,,,,,
1786546800000,773.05,1786547699999,1791376157436,legacy_historical,,,,,,,,,
1786547700000,773.13105491,1786548599999,1791376157436,legacy_historical,,,,,,,,,
1786548600000,772.63535969,1786549499999,1791376157436,legacy_historical,,,,,,,,,
1786549500000,772.80976405,1786550399999,1791376157436,legacy_historical,,,,,,,,,
1786550400000,773.2,1786551299999,1791376157436,legacy_historical,,,,,,,,,
1786551300000,773.09,1786552199999,1791376157436,legacy_historical,,,,,,,,,
1786552200000,773.41390592,1786553099999,1791376157436,legacy_historical,,,,,,,,,
1786553100000,773.59063071,1786553999999,1791376157436,legacy_historical,,,,,,,,,
1786554000000,773.78032163,1786554899999,1791376157436,legacy_historical,,,,,,,,,
1786554900000,773.66,1786555799999,1791376157436,legacy_historical,,,,,,,,,
1786555800000,773.69773223,1786556699999,1791376157436,legacy_historical,,,,,,,,,
1786556700000,773.64,1786557599999,1791376157436,legacy_historical,,,,,,,,,
1786557600000,773.88,1786558499999,1791376157436,legacy_historical,,,,,,,,,
1786558500000,773.83,1786559399999,1791376157436,legacy_historical,,,,,,,,,
1786559400000,774.28,1786560299999,1791376157436,legacy_historical,,,,,,,,,
1786560300000,773.89,1786561199999,1791376157436,legacy_historical,,,,,,,,,
1786561200000,773.88903261,1786562099999,1791376157436,legacy_historical,,,,,,,,,
1786562100000,773.7503311,1786562999999,1791376157436,legacy_historical,,,,,,,,,
1786563000000,773.64697771,1786563899999,1791376157436,legacy_historical,,,,,,,,,
1786563900000,773.50157843,1786564799999,1791376157436,legacy_historical,,,,,,,,,
1786564800000,773.65339305,1786565699999,1791376157436,legacy_historical,,,,,,,,,
1786565700000,773.38,1786566599999,1791376157436,legacy_historical,,,,,,,,,
1786566600000,773.40937594,1786567499999,1791376157436,legacy_historical,,,,,,,,,
1786567500000,773.36,1786568399999,1791376157436,legacy_historical,,,,,,,,,
1786568400000,773.24,1786569299999,1791376157436,legacy_historical,,,,,,,,,
1786569300000,773.64,1786570199999,1791376157436,legacy_historical,,,,,,,,,
1786570200000,773.86,1786571099999,1791376157436,legacy_historical,,,,,,,,,
1786571100000,773.57549411,1786571999999,1791376157436,legacy_historical,,,,,,,,,
1786572000000,773.4,1786572899999,1791376157436,legacy_historical,,,,,,,,,
1786572900000,773.39,1786573799999,1791376157436,legacy_historical,,,,,,,,,
1786573800000,773.33168188,1786574699999,1791376157436,legacy_historical,,,,,,,,,
1786574700000,773.42387395,1786575599999,1791376157436,legacy_historical,,,,,,,,,
1786575600000,773.54,1786576499999,1791376157436,legacy_historical,,,,,,,,,
1786576500000,773.39,1786577399999,1791376157436,legacy_historical,,,,,,,,,
1786577400000,773.34,1786578299999,1791376157436,legacy_historical,,,,,,,,,
1786578300000,773.1783965,1786579199999,1791376157436,legacy_historical,,,,,,,,,
1786579200000,773.46449994,1786580099999,1791376157436,legacy_historical,,,,,,,,,
1786580100000,773.43955892,1786580999999,1791376157436,legacy_historical,,,,,,,,,
1786581000000,773.44,1786581899999,1791376157436,legacy_historical,,,,,,,,,
1786581900000,773.39821439,1786582799999,1791376157436,legacy_historical,,,,,,,,,
1786582800000,773.18686556,1786583699999,1791376157436,legacy_historical,,,,,,,,,
1786583700000,773.17785626,1786584599999,1791376157436,legacy_historical,,,,,,,,,
1786584600000,773.4,1786585499999,1791376157436,legacy_historical,,,,,,,,,
1786585500000,773.64,1786586399999,1791376157436,legacy_historical,,,,,,,,,
1786586400000,773.67080534,1786587299999,1791376157436,legacy_historical,,,,,,,,,
1786587300000,773.62,1786588199999,1791376157436,legacy_historical,,,,,,,,,
1786588200000,773.75701651,1786589099999,1791376157436,legacy_historical,,,,,,,,,
1786589100000,773.79960184,1786589999999,1791376157436,legacy_historical,,,,,,,,,
1786590000000,773.81,1786590899999,1791376157436,legacy_historical,,,,,,,,,
1786590900000,773.91565017,1786591799999,1791376157436,legacy_historical,,,,,,,,,
1786591800000,773.93,1786592699999,1791376157436,legacy_historical,,,,,,,,,
1786592700000,773.95420021,1786593599999,1791376157436,legacy_historical,,,,,,,,,
1786593600000,773.83055018,1786594499999,1791376157436,legacy_historical,,,,,,,,,
1786594500000,773.95,1786595399999,1791376157436,legacy_historical,,,,,,,,,
1786595400000,774.11606659,1786596299999,1791376157436,legacy_historical,,,,,,,,,
1786596300000,774.2552031,1786597199999,1791376157436,legacy_historical,,,,,,,,,
1786597200000,774.49,1786598099999,1791376157436,legacy_historical,,,,,,,,,
1786598100000,774.6259114,1786598999999,1791376157436,legacy_historical,,,,,,,,,
1786599000000,774.62478994,1786599899999,1791376157436,legacy_historical,,,,,,,,,
1786599900000,774.38385938,1786600799999,1791376157436,legacy_historical,,,,,,,,,
1786600800000,774.56,1786601699999,1791376157436,legacy_historical,,,,,,,,,
1786601700000,774.53,1786602599999,1791376157436,legacy_historical,,,,,,,,,
1786602600000,774.12016996,1786603499999,1791376157436,legacy_historical,,,,,,,,,
1786603500000,774.34,1786604399999,1791376157436,legacy_historical,,,,,,,,,
1786604400000,774.06789723,1786605299999,1791376157436,legacy_historical,,,,,,,,,
1786605300000,774.26,1786606199999,1791376157436,legacy_historical,,,,,,,,,
1786606200000,774.34,1786607099999,1791376157436,legacy_historical,,,,,,,,,
1786607100000,774.31235157,1786607999999,1791376157436,legacy_historical,,,,,,,,,
1786608000000,774.47,1786608899999,1791376157436,legacy_historical,,,,,,,,,
1786608900000,774.66133512,1786609799999,1791376157436,legacy_historical,,,,,,,,,
1786609800000,774.59321383,1786610699999,1791376157436,legacy_historical,,,,,,,,,
1786610700000,774.53,1786611599999,1791376157436,legacy_historical,,,,,,,,,
1786611600000,774.36,1786612499999,1791376157436,legacy_historical,,,,,,,,,
1786612500000,774.47,1786613399999,1791376157436,legacy_historical,,,,,,,,,
1786613400000,774.72935459,1786614299999,1791376157436,legacy_historical,,,,,,,,,
1786614300000,774.70043804,1786615199999,1791376157436,legacy_historical,,,,,,,,,
1786615200000,774.67473692,1786616099999,1791376157436,legacy_historical,,,,,,,,,
1786616100000,774.64862723,1786616999999,1791376157436,legacy_historical,,,,,,,,,
1786617000000,774.67,1786617899999,1791376157436,legacy_historical,,,,,,,,,
1786617900000,774.76,1786618799999,1791376157436,legacy_historical,,,,,,,,,
1786618800000,774.84,1786619699999,1791376157436,legacy_historical,,,,,,,,,
1786619700000,774.7392393,1786620599999,1791376157436,legacy_historical,,,,,,,,,
1786620600000,775.14589071,1786621499999,1791376157436,legacy_historical,,,,,,,,,
1786621500000,774.76256453,1786622399999,1791376157436,legacy_historical,,,,,,,,,
1786622400000,774.63793243,1786623299999,1791376157436,legacy_historical,,,,,,,,,
1786623300000,774.34124605,1786624199999,1791376157436,legacy_historical,,,,,,,,,
1786624200000,774.77,1786625099999,1791376157436,legacy_historical,,,,,,,,,
1786625100000,775.23,1786625999999,1791376157436,legacy_historical,,,,,,,,,
1786626000000,775.48,1786626899999,1791376157436,legacy_historical,,,,,,,,,
1786626900000,775.7275445,1786627799999,1791376157436,legacy_historical,,,,,,,,,
1786627800000,776.5,1786628699999,1791376157436,legacy_historical,,,,,,,,,
1786628700000,778.44,1786629599999,1791376157436,legacy_historical,,,,,,,,,
1786629600000,779.1,1786630499999,1791376157436,legacy_historical,,,,,,,,,
1786630500000,780.14982926,1786631399999,1791376157436,legacy_historical,,,,,,,,,
1786631400000,779.27,1786632299999,1791376157436,legacy_historical,,,,,,,,,
1786632300000,778.6,1786633199999,1791376157436,legacy_historical,,,,,,,,,
1786633200000,777.98777299,1786634099999,1791376157436,legacy_historical,,,,,,,,,
1786634100000,777.12,1786634999999,1791376157436,legacy_historical,,,,,,,,,
1786635000000,776.81,1786635899999,1791376157436,legacy_historical,,,,,,,,,
1786635900000,776.15012285,1786636799999,1791376157436,legacy_historical,,,,,,,,,
1786636800000,776.37,1786637699999,1791376157436,legacy_historical,,,,,,,,,
1786637700000,777.15580326,1786638599999,1791376157436,legacy_historical,,,,,,,,,
1786638600000,777.19647351,1786639499999,1791376157436,legacy_historical,,,,,,,,,
1786639500000,777.41057509,1786640399999,1791376157436,legacy_historical,,,,,,,,,
1786640400000,777.92607677,1786641299999,1791376157436,legacy_historical,,,,,,,,,
1786641300000,777.86,1786642199999,1791376157436,legacy_historical,,,,,,,,,
1786642200000,777.39,1786643099999,1791376157436,legacy_historical,,,,,,,,,
1786643100000,777.43,1786643999999,1791376157436,legacy_historical,,,,,,,,,
1786644000000,777.5876844,1786644899999,1791376157436,legacy_historical,,,,,,,,,
1786644900000,777.51494743,1786645799999,1791376157436,legacy_historical,,,,,,,,,
1786645800000,778.36502504,1786646699999,1791376157436,legacy_historical,,,,,,,,,
1786646700000,778.71,1786647599999,1791376157436,legacy_historical,,,,,,,,,
1786647600000,778.8377618,1786648499999,1791376157436,legacy_historical,,,,,,,,,
1786648500000,778.95752657,1786649399999,1791376157436,legacy_historical,,,,,,,,,
1786649400000,778.67872514,1786650299999,1791376157436,legacy_historical,,,,,,,,,
1786650300000,778.53,1786651199999,1791376157436,legacy_historical,,,,,,,,,
1786651200000,778.63,1786652099999,1791376157436,legacy_historical,,,,,,,,,
1786652100000,778.42506837,1786652999999,1791376157436,legacy_historical,,,,,,,,,
1786653000000,778.68,1786653899999,1791376157436,legacy_historical,,,,,,,,,
1786653900000,778.76209661,1786654799999,1791376157436,legacy_historical,,,,,,,,,
1786654800000,778.51,1786655699999,1791376157436,legacy_historical,,,,,,,,,
1786655700000,778.72846206,1786656599999,1791376157436,legacy_historical,,,,,,,,,
1786656600000,778.81024612,1786657499999,1791376157436,legacy_historical,,,,,,,,,
1786657500000,778.82124873,1786658399999,1791376157436,legacy_historical,,,,,,,,,
1786658400000,778.75586029,1786659299999,1791376157436,legacy_historical,,,,,,,,,
1786659300000,778.76701637,1786660199999,1791376157436,legacy_historical,,,,,,,,,
1786660200000,778.93,1786661099999,1791376157436,legacy_historical,,,,,,,,,
1786661100000,778.87827397,1786661999999,1791376157436,legacy_historical,,,,,,,,,
1786662000000,779.05,1786662899999,1791376157436,legacy_historical,,,,,,,,,
1786662900000,778.89885995,1786663799999,1791376157436,legacy_historical,,,,,,,,,
1786663800000,778.9137029,1786664699999,1791376157436,legacy_historical,,,,,,,,,
1786664700000,778.93,1786665599999,1791376157436,legacy_historical,,,,,,,,,
1786665600000,778.87532593,1786666499999,1791376157436,legacy_historical,,,,,,,,,
1786666500000,778.85,1786667399999,1791376157436,legacy_historical,,,,,,,,,
1786667400000,778.72,1786668299999,1791376157436,legacy_historical,,,,,,,,,
1786668300000,778.77,1786669199999,1791376157436,legacy_historical,,,,,,,,,
1786669200000,778.52924714,1786670099999,1791376157436,legacy_historical,,,,,,,,,
1786670100000,778.6,1786670999999,1791376157436,legacy_historical,,,,,,,,,
1786671000000,778.73922508,1786671899999,1791376157436,legacy_historical,,,,,,,,,
1786671900000,778.72,1786672799999,1791376157436,legacy_historical,,,,,,,,,
1786672800000,778.90266842,1786673699999,1791376157436,legacy_historical,,,,,,,,,
1786673700000,778.98633821,1786674599999,1791376157436,legacy_historical,,,,,,,,,
1786674600000,779.10088313,1786675499999,1791376157436,legacy_historical,,,,,,,,,
1786675500000,779.05,1786676399999,1791376157436,legacy_historical,,,,,,,,,
1786676400000,779.14554298,1786677299999,1791376157436,legacy_historical,,,,,,,,,
1786677300000,779.36723127,1786678199999,1791376157436,legacy_historical,,,,,,,,,
1786678200000,779.29,1786679099999,1791376157436,legacy_historical,,,,,,,,,
1786679100000,779.23263637,1786679999999,1791376157436,legacy_historical,,,,,,,,,
1786680000000,779.26,1786680899999,1791376157436,legacy_historical,,,,,,,,,
1786680900000,779.23,1786681799999,1791376157436,legacy_historical,,,,,,,,,
1786681800000,779.09675833,1786682699999,1791376157436,legacy_historical,,,,,,,,,
1786682700000,779.06915937,1786683599999,1791376157436,legacy_historical,,,,,,,,,
1786683600000,778.97771993,1786684499999,1791376157436,legacy_historical,,,,,,,,,
1786684500000,778.92165093,1786685399999,1791376157436,legacy_historical,,,,,,,,,
1786685400000,778.98,1786686299999,1791376157436,legacy_historical,,,,,,,,,
1786686300000,779.20668056,1786687199999,1791376157436,legacy_historical,,,,,,,,,
1786687200000,778.84,1786688099999,1791376157436,legacy_historical,,,,,,,,,
1786688100000,778.79751047,1786688999999,1791376157436,legacy_historical,,,,,,,,,
1786689000000,778.68,1786689899999,1791376157436,legacy_historical,,,,,,,,,
1786689900000,778.80502697,1786690799999,1791376157436,legacy_historical,,,,,,,,,
1786690800000,778.72,1786691699999,1791376157436,legacy_historical,,,,,,,,,
1786691700000,778.80485809,1786692599999,1791376157436,legacy_historical,,,,,,,,,
1786692600000,778.89,1786693499999,1791376157436,legacy_historical,,,,,,,,,
1786693500000,778.77,1786694399999,1791376157436,legacy_historical,,,,,,,,,
1786694400000,778.72,1786695299999,1791376157436,legacy_historical,,,,,,,,,
1786695300000,779.06,1786696199999,1791376157436,legacy_historical,,,,,,,,,
1786696200000,779.22352085,1786697099999,1791376157436,legacy_historical,,,,,,,,,
1786697100000,779.38734425,1786697999999,1791376157436,legacy_historical,,,,,,,,,
1786698000000,779.28117244,1786698899999,1791376157436,legacy_historical,,,,,,,,,
1786698900000,779.32319031,1786699799999,1791376157436,legacy_historical,,,,,,,,,
1786699800000,779.24844608,1786700699999,1791376157436,legacy_historical,,,,,,,,,
1786700700000,779.32,1786701599999,1791376157436,legacy_historical,,,,,,,,,
1786701600000,779.47,1786702499999,1791376157436,legacy_historical,,,,,,,,,
1786702500000,779.44,1786703399999,1791376157436,legacy_historical,,,,,,,,,
1786703400000,779.43528994,1786704299999,1791376157436,legacy_historical,,,,,,,,,
1786704300000,779.62,1786705199999,1791376157436,legacy_historical,,,,,,,,,
1786705200000,779.54096201,1786706099999,1791376157436,legacy_historical,,,,,,,,,
1786706100000,779.5,1786706999999,1791376157436,legacy_historical,,,,,,,,,
1786707000000,779.59,1786707899999,1791376157436,legacy_historical,,,,,,,,,
1786707900000,779.72,1786708799999,1791376157436,legacy_historical,,,,,,,,,
1786708800000,779.49,1786709699999,1791376157436,legacy_historical,,,,,,,,,
1786709700000,779.68487191,1786710599999,1791376157436,legacy_historical,,,,,,,,,
1786710600000,779.78,1786711499999,1791376157436,legacy_historical,,,,,,,,,
1786711500000,779.85,1786712399999,1791376157436,legacy_historical,,,,,,,,,
1786712400000,779.55,1786713299999,1791376157436,legacy_historical,,,,,,,,,
1786713300000,779.60277454,1786714199999,1791376157436,legacy_historical,,,,,,,,,
1786714200000,779.35337827,1786715099999,1791376157436,legacy_historical,,,,,,,,,
1786715100000,779.07199443,1786715999999,1791376157436,legacy_historical,,,,,,,,,
1786716000000,779.24,1786716899999,1791376157436,legacy_historical,,,,,,,,,
1786716900000,778.23131318,1786717799999,1791376157436,legacy_historical,,,,,,,,,
1786717800000,777.89216889,1786718699999,1791376157436,legacy_historical,,,,,,,,,
1786718700000,777.61827973,1786719599999,1791376157436,legacy_historical,,,,,,,,,
1786719600000,777.3,1786720499999,1791376157436,legacy_historical,,,,,,,,,
1786720500000,777.04333931,1786721399999,1791376157436,legacy_historical,,,,,,,,,
1786721400000,776.80967212,1786722299999,1791376157436,legacy_historical,,,,,,,,,
1786722300000,777.03214622,1786723199999,1791376157436,legacy_historical,,,,,,,,,
1786723200000,777.22041431,1786724099999,1791376157436,legacy_historical,,,,,,,,,
1786724100000,777.46520848,1786724999999,1791376157436,legacy_historical,,,,,,,,,
1786725000000,776.98024211,1786725899999,1791376157436,legacy_historical,,,,,,,,,
1786725900000,776.52969277,1786726799999,1791376157436,legacy_historical,,,,,,,,,
1786726800000,776.83504108,1786727699999,1791376157436,legacy_historical,,,,,,,,,
1786727700000,776.55737667,1786728599999,1791376157436,legacy_historical,,,,,,,,,
1786728600000,776.37,1786729499999,1791376157436,legacy_historical,,,,,,,,,
1786729500000,776.63,1786730399999,1791376157436,legacy_historical,,,,,,,,,
1786730400000,776.93,1786731299999,1791376157436,legacy_historical,,,,,,,,,
1786731300000,776.71525218,1786732199999,1791376157436,legacy_historical,,,,,,,,,
1786732200000,776.98,1786733099999,1791376157436,legacy_historical,,,,,,,,,
1786733100000,776.96,1786733999999,1791376157436,legacy_historical,,,,,,,,,
1786734000000,777.02712314,1786734899999,1791376157436,legacy_historical,,,,,,,,,
1786734900000,777.1,1786735799999,1791376157436,legacy_historical,,,,,,,,,
1786735800000,777.06337236,1786736699999,1791376157436,legacy_historical,,,,,,,,,
1786736700000,777.14439883,1786737599999,1791376157436,legacy_historical,,,,,,,,,
1786737600000,776.72166049,1786738499999,1791376157436,legacy_historical,,,,,,,,,
1786738500000,776.5616431,1786739399999,1791376157436,legacy_historical,,,,,,,,,
1786739400000,776.73,1786740299999,1791376157436,legacy_historical,,,,,,,,,
1786740300000,776.78247814,1786741199999,1791376157436,legacy_historical,,,,,,,,,
1786741200000,776.70838627,1786742099999,1791376157436,legacy_historical,,,,,,,,,
1786742100000,776.61187486,1786742999999,1791376157436,legacy_historical,,,,,,,,,
1786743000000,776.55,1786743899999,1791376157436,legacy_historical,,,,,,,,,
1786743900000,776.55580675,1786744799999,1791376157436,legacy_historical,,,,,,,,,
1786744800000,776.68,1786745699999,1791376157436,legacy_historical,,,,,,,,,
1786745700000,776.73,1786746599999,1791376157436,legacy_historical,,,,,,,,,
1786746600000,776.66458692,1786747499999,1791376157436,legacy_historical,,,,,,,,,
1786747500000,776.73653434,1786748399999,1791376157436,legacy_historical,,,,,,,,,
1786748400000,776.67,1786749299999,1791376157436,legacy_historical,,,,,,,,,
1786749300000,776.90563228,1786750199999,1791376157436,legacy_historical,,,,,,,,,
1786750200000,776.89850884,1786751099999,1791376157436,legacy_historical,,,,,,,,,
1786751100000,776.95973654,1786751999999,1791376157436,legacy_historical,,,,,,,,,
1786752000000,777.09662905,1786752899999,1791376157436,legacy_historical,,,,,,,,,
1786752900000,777.18652994,1786753799999,1791376157436,legacy_historical,,,,,,,,,
1786753800000,776.92,1786754699999,1791376157436,legacy_historical,,,,,,,,,
1786754700000,776.92436077,1786755599999,1791376157436,legacy_historical,,,,,,,,,
1786755600000,777.07,1786756499999,1791376157436,legacy_historical,,,,,,,,,
1786756500000,777.11,1786757399999,1791376157436,legacy_historical,,,,,,,,,
1786757400000,777.72925434,1786758299999,1791376157436,legacy_historical,,,,,,,,,
1786758300000,777.72,1786759199999,1791376157436,legacy_historical,,,,,,,,,
1786759200000,777.72,1786760099999,1791376157436,legacy_historical,,,,,,,,,
1786760100000,777.27290226,1786760999999,1791376157436,legacy_historical,,,,,,,,,
1786761000000,777.26374992,1786761899999,1791376157436,legacy_historical,,,,,,,,,
1786761900000,777.26,1786762799999,1791376157436,legacy_historical,,,,,,,,,
1786762800000,777.56681841,1786763699999,1791376157436,legacy_historical,,,,,,,,,
1786763700000,777.57621235,1786764599999,1791376157436,legacy_historical,,,,,,,,,
1786764600000,777.57578003,1786765499999,1791376157436,legacy_historical,,,,,,,,,
1786765500000,777.57543751,1786766399999,1791376157436,legacy_historical,,,,,,,,,
1786766400000,777.62558339,1786767299999,1791376157436,legacy_historical,,,,,,,,,
1786767300000,777.42,1786768199999,1791376157436,legacy_historical,,,,,,,,,
1786768200000,777.37,1786769099999,1791376157436,legacy_historical,,,,,,,,,
1786769100000,776.87,1786769999999,1791376157436,legacy_historical,,,,,,,,,
1786770000000,776.74189174,1786770899999,1791376157436,legacy_historical,,,,,,,,,
1786770900000,776.67290495,1786771799999,1791376157436,legacy_historical,,,,,,,,,
1786771800000,776.60801777,1786772699999,1791376157436,legacy_historical,,,,,,,,,
1786772700000,776.9968585,1786773599999,1791376157436,legacy_historical,,,,,,,,,
1786773600000,776.63,1786774499999,1791376157436,legacy_historical,,,,,,,,,
1786774500000,776.39,1786775399999,1791376157436,legacy_historical,,,,,,,,,
1786775400000,776.66318291,1786776299999,1791376157436,legacy_historical,,,,,,,,,
1786776300000,776.79,1786777199999,1791376157436,legacy_historical,,,,,,,,,
1786777200000,777.39,1786778099999,1791376157436,legacy_historical,,,,,,,,,
1786778100000,777.00850978,1786778999999,1791376157436,legacy_historical,,,,,,,,,
1786779000000,776.95,1786779899999,1791376157436,legacy_historical,,,,,,,,,
1786779900000,777.26,1786780799999,1791376157436,legacy_historical,,,,,,,,,
1786780800000,777.11,1786781699999,1791376157436,legacy_historical,,,,,,,,,
1786781700000,776.8939182,1786782599999,1791376157436,legacy_historical,,,,,,,,,
1786782600000,777.17675018,1786783499999,1791376157436,legacy_historical,,,,,,,,,
1786783500000,777.04444293,1786784399999,1791376157436,legacy_historical,,,,,,,,,
1786784400000,777.67787184,1786785299999,1791376157436,legacy_historical,,,,,,,,,
1786785300000,777.78,1786786199999,1791376157436,legacy_historical,,,,,,,,,
1786786200000,777.4663582,1786787099999,1791376157436,legacy_historical,,,,,,,,,
1786787100000,777.46,1786787999999,1791376157436,legacy_historical,,,,,,,,,
1786788000000,777.45513289,1786788899999,1791376157436,legacy_historical,,,,,,,,,
1786788900000,777.25,1786789799999,1791376157436,legacy_historical,,,,,,,,,
1786789800000,777.2,1786790699999,1791376157436,legacy_historical,,,,,,,,,
1786790700000,777.29809311,1786791599999,1791376157436,legacy_historical,,,,,,,,,
1786791600000,777.33,1786792499999,1791376157436,legacy_historical,,,,,,,,,
1786792500000,777.23,1786793399999,1791376157436,legacy_historical,,,,,,,,,
1786793400000,777.44,1786794299999,1791376157436,legacy_historical,,,,,,,,,
1786794300000,777.68,1786795199999,1791376157436,legacy_historical,,,,,,,,,
1786795200000,777.56,1786796099999,1791376157436,legacy_historical,,,,,,,,,
1786796100000,777.6664859,1786796999999,1791376157436,legacy_historical,,,,,,,,,
1786797000000,777.85,1786797899999,1791376157436,legacy_historical,,,,,,,,,
1786797900000,777.43348301,1786798799999,1791376157436,legacy_historical,,,,,,,,,
1786798800000,777.57499184,1786799699999,1791376157436,legacy_historical,,,,,,,,,
1786799700000,777.56,1786800599999,1791376157436,legacy_historical,,,,,,,,,
1786800600000,777.8,1786801499999,1791376157436,legacy_historical,,,,,,,,,
1786801500000,777.655046,1786802399999,1791376157436,legacy_historical,,,,,,,,,
1786802400000,777.25,1786803299999,1791376157436,legacy_historical,,,,,,,,,
1786803300000,777.22067455,1786804199999,1791376157436,legacy_historical,,,,,,,,,
1786804200000,777.11067353,1786805099999,1791376157436,legacy_historical,,,,,,,,,
1786805100000,777.17160351,1786805999999,1791376157436,legacy_historical,,,,,,,,,
1786806000000,776.95,1786806899999,1791376157436,legacy_historical,,,,,,,,,
1786806900000,777.56771161,1786807799999,1791376157436,legacy_historical,,,,,,,,,
1786807800000,777.51,1786808699999,1791376157436,legacy_historical,,,,,,,,,
1786808700000,777.16,1786809599999,1791376157436,legacy_historical,,,,,,,,,
1786809600000,777.16,1786810499999,1791376157436,legacy_historical,,,,,,,,,
1786810500000,777.05,1786811399999,1791376157436,legacy_historical,,,,,,,,,
1786811400000,777.04,1786812299999,1791376157436,legacy_historical,,,,,,,,,
1786812300000,776.79,1786813199999,1791376157436,legacy_historical,,,,,,,,,
1786813200000,776.96,1786814099999,1791376157436,legacy_historical,,,,,,,,,
1786814100000,776.94422001,1786814999999,1791376157436,legacy_historical,,,,,,,,,
1786815000000,777.09548692,1786815899999,1791376157436,legacy_historical,,,,,,,,,
1786815900000,777.21,1786816799999,1791376157436,legacy_historical,,,,,,,,,
1786816800000,777.3,1786817699999,1791376157436,legacy_historical,,,,,,,,,
1786817700000,777.09924904,1786818599999,1791376157436,legacy_historical,,,,,,,,,
1786818600000,777.19750402,1786819499999,1791376157436,legacy_historical,,,,,,,,,
1786819500000,776.6908302,1786820399999,1791376157436,legacy_historical,,,,,,,,,
1786820400000,777.19,1786821299999,1791376157436,legacy_historical,,,,,,,,,
1786821300000,777.36,1786822199999,1791376157436,legacy_historical,,,,,,,,,
1786822200000,777.39626508,1786823099999,1791376157436,legacy_historical,,,,,,,,,
1786823100000,777.17,1786823999999,1791376157436,legacy_historical,,,,,,,,,
1786824000000,777.35585874,1786824899999,1791376157436,legacy_historical,,,,,,,,,
1786824900000,777.05,1786825799999,1791376157436,legacy_historical,,,,,,,,,
1786825800000,776.36,1786826699999,1791376157436,legacy_historical,,,,,,,,,
1786826700000,776.33,1786827599999,1791376157436,legacy_historical,,,,,,,,,
1786827600000,776.57182597,1786828499999,1791376157436,legacy_historical,,,,,,,,,
1786828500000,776.71607722,1786829399999,1791376157436,legacy_historical,,,,,,,,,
1786829400000,776.82,1786830299999,1791376157436,legacy_historical,,,,,,,,,
1786830300000,776.82601107,1786831199999,1791376157436,legacy_historical,,,,,,,,,
1786831200000,776.65376864,1786832099999,1791376157436,legacy_historical,,,,,,,,,
1786832100000,776.51,1786832999999,1791376157436,legacy_historical,,,,,,,,,
1786833000000,776.44367869,1786833899999,1791376157436,legacy_historical,,,,,,,,,
1786833900000,776.62,1786834799999,1791376157436,legacy_historical,,,,,,,,,
1786834800000,776.96748108,1786835699999,1791376157436,legacy_historical,,,,,,,,,
1786835700000,777.52351671,1786836599999,1791376157436,legacy_historical,,,,,,,,,
1786836600000,777.53818303,1786837499999,1791376157436,legacy_historical,,,,,,,,,
1786837500000,777.54688204,1786838399999,1791376157436,legacy_historical,,,,,,,,,
1786838400000,777.54,1786839299999,1791376157436,legacy_historical,,,,,,,,,
1786839300000,777.60618425,1786840199999,1791376157436,legacy_historical,,,,,,,,,
1786840200000,777.62,1786841099999,1791376157436,legacy_historical,,,,,,,,,
1786841100000,777.43423019,1786841999999,1791376157436,legacy_historical,,,,,,,,,
1786842000000,777.46477006,1786842899999,1791376157436,legacy_historical,,,,,,,,,
1786842900000,777.50511704,1786843799999,1791376157436,legacy_historical,,,,,,,,,
1786843800000,777.46,1786844699999,1791376157436,legacy_historical,,,,,,,,,
1786844700000,777.43476206,1786845599999,1791376157436,legacy_historical,,,,,,,,,
1786845600000,777.27,1786846499999,1791376157436,legacy_historical,,,,,,,,,
1786846500000,777.24,1786847399999,1791376157436,legacy_historical,,,,,,,,,
1786847400000,777.39,1786848299999,1791376157436,legacy_historical,,,,,,,,,
1786848300000,777.64713033,1786849199999,1791376157436,legacy_historical,,,,,,,,,
1786849200000,777.38,1786850099999,1791376157436,legacy_historical,,,,,,,,,
1786850100000,777.16,1786850999999,1791376157436,legacy_historical,,,,,,,,,
1786851000000,777.22,1786851899999,1791376157436,legacy_historical,,,,,,,,,
1786851900000,777.16,1786852799999,1791376157436,legacy_historical,,,,,,,,,
1786852800000,777.2757187,1786853699999,1791376157436,legacy_historical,,,,,,,,,
1786853700000,776.85211313,1786854599999,1791376157436,legacy_historical,,,,,,,,,
1786854600000,776.94,1786855499999,1791376157436,legacy_historical,,,,,,,,,
1786855500000,777.00490821,1786856399999,1791376157436,legacy_historical,,,,,,,,,
1786856400000,777.24686833,1786857299999,1791376157436,legacy_historical,,,,,,,,,
1786857300000,777.56,1786858199999,1791376157436,legacy_historical,,,,,,,,,
1786858200000,777.55621527,1786859099999,1791376157436,legacy_historical,,,,,,,,,
1786859100000,777.41,1786859999999,1791376157436,legacy_historical,,,,,,,,,
1786860000000,777.46538692,1786860899999,1791376157436,legacy_historical,,,,,,,,,
1786860900000,777.51540232,1786861799999,1791376157436,legacy_historical,,,,,,,,,
1786861800000,777.68670226,1786862699999,1791376157436,legacy_historical,,,,,,,,,
1786862700000,777.44,1786863599999,1791376157436,legacy_historical,,,,,,,,,
1786863600000,777.41,1786864499999,1791376157436,legacy_historical,,,,,,,,,
1786864500000,777.67619198,1786865399999,1791376157436,legacy_historical,,,,,,,,,
1786865400000,777.73,1786866299999,1791376157436,legacy_historical,,,,,,,,,
1786866300000,777.79,1786867199999,1791376157436,legacy_historical,,,,,,,,,
1786867200000,777.7452399,1786868099999,1791376157436,legacy_historical,,,,,,,,,
1786868100000,777.7552151,1786868999999,1791376157436,legacy_historical,,,,,,,,,
1786869000000,777.54,1786869899999,1791376157436,legacy_historical,,,,,,,,,
1786869900000,777.68,1786870799999,1791376157436,legacy_historical,,,,,,,,,
1786870800000,777.74,1786871699999,1791376157436,legacy_historical,,,,,,,,,
1786871700000,777.62,1786872599999,1791376157436,legacy_historical,,,,,,,,,
1786872600000,777.7,1786873499999,1791376157436,legacy_historical,,,,,,,,,
1786873500000,777.62404137,1786874399999,1791376157436,legacy_historical,,,,,,,,,
1786874400000,777.68,1786875299999,1791376157436,legacy_historical,,,,,,,,,
1786875300000,777.69,1786876199999,1791376157436,legacy_historical,,,,,,,,,
1786876200000,777.70714286,1786877099999,1791376157436,legacy_historical,,,,,,,,,
1786877100000,777.72,1786877999999,1791376157436,legacy_historical,,,,,,,,,
1786878000000,777.60437922,1786878899999,1791376157436,legacy_historical,,,,,,,,,
1786878900000,777.65,1786879799999,1791376157436,legacy_historical,,,,,,,,,
1786879800000,777.54,1786880699999,1791376157436,legacy_historical,,,,,,,,,
1786880700000,777.72576318,1786881599999,1791376157436,legacy_historical,,,,,,,,,
1786881600000,777.71,1786882499999,1791376157436,legacy_historical,,,,,,,,,
1786882500000,777.88,1786883399999,1791376157436,legacy_historical,,,,,,,,,
1786883400000,777.88067549,1786884299999,1791376157436,legacy_historical,,,,,,,,,
1786884300000,777.80244611,1786885199999,1791376157436,legacy_historical,,,,,,,,,
1786885200000,777.73435465,1786886099999,1791376157436,legacy_historical,,,,,,,,,
1786886100000,777.74475933,1786886999999,1791376157436,legacy_historical,,,,,,,,,
1786887000000,777.84,1786887899999,1791376157436,legacy_historical,,,,,,,,,
1786887900000,777.50214872,1786888799999,1791376157436,legacy_historical,,,,,,,,,
1786888800000,777.59378533,1786889699999,1791376157436,legacy_historical,,,,,,,,,
1786889700000,777.8,1786890599999,1791376157436,legacy_historical,,,,,,,,,
1786890600000,777.71845538,1786891499999,1791376157436,legacy_historical,,,,,,,,,
1786891500000,777.71508473,1786892399999,1791376157436,legacy_historical,,,,,,,,,
1786892400000,777.49584171,1786893299999,1791376157436,legacy_historical,,,,,,,,,
1786893300000,777.81,1786894199999,1791376157436,legacy_historical,,,,,,,,,
1786894200000,777.92,1786895099999,1791376157436,legacy_historical,,,,,,,,,
1786895100000,777.8500323,1786895999999,1791376157436,legacy_historical,,,,,,,,,
1786896000000,777.75,1786896899999,1791376157436,legacy_historical,,,,,,,,,
1786896900000,777.71455699,1786897799999,1791376157436,legacy_historical,,,,,,,,,
1786897800000,777.71474369,1786898699999,1791376157436,legacy_historical,,,,,,,,,
1786898700000,777.96,1786899599999,1791376157436,legacy_historical,,,,,,,,,
1786899600000,777.72,1786900499999,1791376157436,legacy_historical,,,,,,,,,
1786900500000,777.76846642,1786901399999,1791376157436,legacy_historical,,,,,,,,,
1786901400000,777.7750056,1786902299999,1791376157436,legacy_historical,,,,,,,,,
1786902300000,777.85555505,1786903199999,1791376157436,legacy_historical,,,,,,,,,
1786903200000,777.69,1786904099999,1791376157436,legacy_historical,,,,,,,,,
1786904100000,777.68453617,1786904999999,1791376157436,legacy_historical,,,,,,,,,
1786905000000,777.57,1786905899999,1791376157436,legacy_historical,,,,,,,,,
1786905900000,777.56,1786906799999,1791376157436,legacy_historical,,,,,,,,,
1786906800000,777.59458379,1786907699999,1791376157436,legacy_historical,,,,,,,,,
1786907700000,778.01821985,1786908599999,1791376157436,legacy_historical,,,,,,,,,
1786908600000,777.98,1786909499999,1791376157436,legacy_historical,,,,,,,,,
1786909500000,777.79,1786910399999,1791376157436,legacy_historical,,,,,,,,,
1786910400000,777.59365158,1786911299999,1791376157436,legacy_historical,,,,,,,,,
1786911300000,777.61257084,1786912199999,1791376157436,legacy_historical,,,,,,,,,
1786912200000,777.68,1786913099999,1791376157436,legacy_historical,,,,,,,,,
1786913100000,777.58,1786913999999,1791376157436,legacy_historical,,,,,,,,,
1786914000000,777.67524847,1786914899999,1791376157436,legacy_historical,,,,,,,,,
1786914900000,778.07762981,1786915799999,1791376157436,legacy_historical,,,,,,,,,
1786915800000,777.92565478,1786916699999,1791376157436,legacy_historical,,,,,,,,,
1786916700000,777.76437081,1786917599999,1791376157436,legacy_historical,,,,,,,,,
1786917600000,777.7,1786918499999,1791376157436,legacy_historical,,,,,,,,,
1786918500000,777.51,1786919399999,1791376157436,legacy_historical,,,,,,,,,
1786919400000,777.42,1786920299999,1791376157436,legacy_historical,,,,,,,,,
1786920300000,777.42,1786921199999,1791376157436,legacy_historical,,,,,,,,,
1786921200000,777.47,1786922099999,1791376157436,legacy_historical,,,,,,,,,
1786922100000,777.6,1786922999999,1791376157436,legacy_historical,,,,,,,,,
1786923000000,777.60609266,1786923899999,1791376157436,legacy_historical,,,,,,,,,
1786923900000,777.92,1786924799999,1791376157436,legacy_historical,,,,,,,,,
1786924800000,777.94045067,1786925699999,1791376157436,legacy_historical,,,,,,,,,
1786925700000,777.59504453,1786926599999,1791376157436,legacy_historical,,,,,,,,,
1786926600000,777.68706302,1786927499999,1791376157436,legacy_historical,,,,,,,,,
1786927500000,777.76246386,1786928399999,1791376157436,legacy_historical,,,,,,,,,
1786928400000,777.89082185,1786929299999,1791376157436,legacy_historical,,,,,,,,,
1786929300000,778.1,1786930199999,1791376157436,legacy_historical,,,,,,,,,
1786930200000,777.68,1786931099999,1791376157436,legacy_historical,,,,,,,,,
1786931100000,777.56,1786931999999,1791376157436,legacy_historical,,,,,,,,,
1786932000000,777.52036172,1786932899999,1791376157436,legacy_historical,,,,,,,,,
1786932900000,777.78181629,1786933799999,1791376157436,legacy_historical,,,,,,,,,
1786933800000,777.66974862,1786934699999,1791376157436,legacy_historical,,,,,,,,,
1786934700000,777.70382973,1786935599999,1791376157436,legacy_historical,,,,,,,,,
1786935600000,777.64045834,1786936499999,1791376157436,legacy_historical,,,,,,,,,
1786936500000,777.70505337,1786937399999,1791376157436,legacy_historical,,,,,,,,,
1786937400000,777.71053988,1786938299999,1791376157436,legacy_historical,,,,,,,,,
1786938300000,777.8,1786939199999,1791376157436,legacy_historical,,,,,,,,,
1786939200000,777.85,1786940099999,1791376157436,legacy_historical,,,,,,,,,
1786940100000,777.79244661,1786940999999,1791376157436,legacy_historical,,,,,,,,,
1786941000000,777.78,1786941899999,1791376157436,legacy_historical,,,,,,,,,
1786941900000,777.8,1786942799999,1791376157436,legacy_historical,,,,,,,,,
1786942800000,777.85,1786943699999,1791376157436,legacy_historical,,,,,,,,,
1786943700000,777.9,1786944599999,1791376157436,legacy_historical,,,,,,,,,
1786944600000,778.14,1786945499999,1791376157436,legacy_historical,,,,,,,,,
1786945500000,778.4,1786946399999,1791376157436,legacy_historical,,,,,,,,,
1786946400000,778.52017172,1786947299999,1791376157436,legacy_historical,,,,,,,,,
1786947300000,778.46259671,1786948199999,1791376157436,legacy_historical,,,,,,,,,
1786948200000,778.47915171,1786949099999,1791376157436,legacy_historical,,,,,,,,,
1786949100000,778.58,1786949999999,1791376157436,legacy_historical,,,,,,,,,
1786950000000,778.27086423,1786950899999,1791376157436,legacy_historical,,,,,,,,,
1786950900000,778.31813716,1786951799999,1791376157436,legacy_historical,,,,,,,,,
1786951800000,778.5701179,1786952699999,1791376157436,legacy_historical,,,,,,,,,
1786952700000,778.72402595,1786953599999,1791376157436,legacy_historical,,,,,,,,,
1786953600000,778.44850786,1786954499999,1791376157436,legacy_historical,,,,,,,,,
1786954500000,778.52,1786955399999,1791376157436,legacy_historical,,,,,,,,,
1786955400000,778.31725242,1786956299999,1791376157436,legacy_historical,,,,,,,,,
1786956300000,778.35608051,1786957199999,1791376157436,legacy_historical,,,,,,,,,
1786957200000,778.47,1786958099999,1791376157436,legacy_historical,,,,,,,,,
1786958100000,778.27294385,1786958999999,1791376157436,legacy_historical,,,,,,,,,
1786959000000,778.28,1786959899999,1791376157436,legacy_historical,,,,,,,,,
1786959900000,778.09,1786960799999,1791376157436,legacy_historical,,,,,,,,,
1786960800000,778.24447616,1786961699999,1791376157436,legacy_historical,,,,,,,,,
1786961700000,779.16033784,1786962599999,1791376157436,legacy_historical,,,,,,,,,
1786962600000,778.52806912,1786963499999,1791376157436,legacy_historical,,,,,,,,,
1786963500000,778.44083848,1786964399999,1791376157436,legacy_historical,,,,,,,,,
1786964400000,778.31,1786965299999,1791376157436,legacy_historical,,,,,,,,,
1786965300000,778.25901984,1786966199999,1791376157436,legacy_historical,,,,,,,,,
1786966200000,778.27,1786967099999,1791376157436,legacy_historical,,,,,,,,,
1786967100000,778.04669203,1786967999999,1791376157436,legacy_historical,,,,,,,,,
1786968000000,777.96,1786968899999,1791376157436,legacy_historical,,,,,,,,,
1786968900000,777.53,1786969799999,1791376157436,legacy_historical,,,,,,,,,
1786969800000,777.09552265,1786970699999,1791376157436,legacy_historical,,,,,,,,,
1786970700000,777.09096515,1786971599999,1791376157436,legacy_historical,,,,,,,,,
1786971600000,777.35772206,1786972499999,1791376157436,legacy_historical,,,,,,,,,
1786972500000,777.15,1786973399999,1791376157436,legacy_historical,,,,,,,,,
1786973400000,776.47584322,1786974299999,1791376157436,legacy_historical,,,,,,,,,
1786974300000,776.22,1786975199999,1791376157436,legacy_historical,,,,,,,,,
1786975200000,776.6,1786976099999,1791376157436,legacy_historical,,,,,,,,,
1786976100000,776.31,1786976999999,1791376157436,legacy_historical,,,,,,,,,
1786977000000,776.01,1786977899999,1791376157436,legacy_historical,,,,,,,,,
1786977900000,776.1,1786978799999,1791376157436,legacy_historical,,,,,,,,,
1786978800000,776.16,1786979699999,1791376157436,legacy_historical,,,,,,,,,
1786979700000,776.47149603,1786980599999,1791376157436,legacy_historical,,,,,,,,,
1786980600000,775.75199639,1786981499999,1791376157436,legacy_historical,,,,,,,,,
1786981500000,776.09820995,1786982399999,1791376157436,legacy_historical,,,,,,,,,
1786982400000,776.14686339,1786983299999,1791376157436,legacy_historical,,,,,,,,,
1786983300000,775.95,1786984199999,1791376157436,legacy_historical,,,,,,,,,
1786984200000,775.74,1786985099999,1791376157436,legacy_historical,,,,,,,,,
1786985100000,775.45093367,1786985999999,1791376157436,legacy_historical,,,,,,,,,
1786986000000,775.06021665,1786986899999,1791376157436,legacy_historical,,,,,,,,,
1786986900000,774.19140714,1786987799999,1791376157436,legacy_historical,,,,,,,,,
1786987800000,774.39,1786988699999,1791376157436,legacy_historical,,,,,,,,,
1786988700000,774.09731145,1786989599999,1791376157436,legacy_historical,,,,,,,,,
1786989600000,774.41088084,1786990499999,1791376157436,legacy_historical,,,,,,,,,
1786990500000,774.21510915,1786991399999,1791376157436,legacy_historical,,,,,,,,,
1786991400000,774.23027019,1786992299999,1791376157436,legacy_historical,,,,,,,,,
1786992300000,774.22016334,1786993199999,1791376157436,legacy_historical,,,,,,,,,
1786993200000,773.85,1786994099999,1791376157436,legacy_historical,,,,,,,,,
1786994100000,773.90218124,1786994999999,1791376157436,legacy_historical,,,,,,,,,
1786995000000,773.74079375,1786995899999,1791376157436,legacy_historical,,,,,,,,,
1786995900000,773.54,1786996799999,1791376157436,legacy_historical,,,,,,,,,
1786996800000,773.4052061,1786997699999,1791376157436,legacy_historical,,,,,,,,,
1786997700000,773.18,1786998599999,1791376157436,legacy_historical,,,,,,,,,
1786998600000,773.20494809,1786999499999,1791376157436,legacy_historical,,,,,,,,,
1786999500000,773.24321751,1787000399999,1791376157436,legacy_historical,,,,,,,,,
1787000400000,773.62920264,1787001299999,1791376157436,legacy_historical,,,,,,,,,
1787001300000,773.56,1787002199999,1791376157436,legacy_historical,,,,,,,,,
1787002200000,773.43,1787003099999,1791376157436,legacy_historical,,,,,,,,,
1787003100000,773.48235017,1787003999999,1791376157436,legacy_historical,,,,,,,,,
1787004000000,773.32552193,1787004899999,1791376157436,legacy_historical,,,,,,,,,
1787004900000,773.29406552,1787005799999,1791376157436,legacy_historical,,,,,,,,,
1787005800000,773.2496932,1787006699999,1791376157436,legacy_historical,,,,,,,,,
1787006700000,773.29,1787007599999,1791376157436,legacy_historical,,,,,,,,,
1787007600000,773.32582266,1787008499999,1791376157436,legacy_historical,,,,,,,,,
1787008500000,773.26524663,1787009399999,1791376157436,legacy_historical,,,,,,,,,
1787009400000,773.5,1787010299999,1791376157436,legacy_historical,,,,,,,,,
1787010300000,773.37174077,1787011199999,1791376157436,legacy_historical,,,,,,,,,
1787011200000,773.54873661,1787012099999,1791376157436,legacy_historical,,,,,,,,,
1787012100000,773.38,1787012999999,1791376157436,legacy_historical,,,,,,,,,
1787013000000,773.38852104,1787013899999,1791376157436,legacy_historical,,,,,,,,,
1787013900000,773.38328488,1787014799999,1791376157436,legacy_historical,,,,,,,,,
1787014800000,773.33,1787015699999,1791376157436,legacy_historical,,,,,,,,,
1787015700000,773.30237593,1787016599999,1791376157436,legacy_historical,,,,,,,,,
1787016600000,772.88,1787017499999,1791376157436,legacy_historical,,,,,,,,,
1787017500000,772.62,1787018399999,1791376157436,legacy_historical,,,,,,,,,
1787018400000,772.06797432,1787019299999,1791376157436,legacy_historical,,,,,,,,,
1787019300000,771.6693083,1787020199999,1791376157436,legacy_historical,,,,,,,,,
1787020200000,771.45672207,1787021099999,1791376157436,legacy_historical,,,,,,,,,
1787021100000,771.55497906,1787021999999,1791376157436,legacy_historical,,,,,,,,,
1787022000000,771.26,1787022899999,1791376157436,legacy_historical,,,,,,,,,
1787022900000,771.08,1787023799999,1791376157436,legacy_historical,,,,,,,,,
1787023800000,771.13059297,1787024699999,1791376157436,legacy_historical,,,,,,,,,
1787024700000,771.0,1787025599999,1791376157436,legacy_historical,,,,,,,,,
1787025600000,770.90663514,1787026499999,1791376157436,legacy_historical,,,,,,,,,
1787026500000,771.0,1787027399999,1791376157436,legacy_historical,,,,,,,,,
1787027400000,770.91,1787028299999,1791376157436,legacy_historical,,,,,,,,,
1787028300000,771.04,1787029199999,1791376157436,legacy_historical,,,,,,,,,
1787029200000,770.47448951,1787030099999,1791376157436,legacy_historical,,,,,,,,,
1787030100000,770.46,1787030999999,1791376157436,legacy_historical,,,,,,,,,
1787031000000,770.35055911,1787031899999,1791376157436,legacy_historical,,,,,,,,,
1787031900000,770.13616563,1787032799999,1791376157436,legacy_historical,,,,,,,,,
1787032800000,770.22,1787033699999,1791376157436,legacy_historical,,,,,,,,,
1787033700000,770.33,1787034599999,1791376157436,legacy_historical,,,,,,,,,
1787034600000,770.48314218,1787035499999,1791376157436,legacy_historical,,,,,,,,,
1787035500000,770.91838705,1787036399999,1791376157436,legacy_historical,,,,,,,,,
1787036400000,770.48567409,1787037299999,1791376157436,legacy_historical,,,,,,,,,
1787037300000,770.26,1787038199999,1791376157436,legacy_historical,,,,,,,,,
1787038200000,769.76467285,1787039099999,1791376157436,legacy_historical,,,,,,,,,
1787039100000,769.3946895,1787039999999,1791376157436,legacy_historical,,,,,,,,,
1787040000000,769.42501826,1787040899999,1791376157436,legacy_historical,,,,,,,,,
1787040900000,769.53265138,1787041799999,1791376157436,legacy_historical,,,,,,,,,
1787041800000,769.96,1787042699999,1791376157436,legacy_historical,,,,,,,,,
1787042700000,769.81,1787043599999,1791376157436,legacy_historical,,,,,,,,,
1787043600000,769.60787294,1787044499999,1791376157436,legacy_historical,,,,,,,,,
1787044500000,769.43,1787045399999,1791376157436,legacy_historical,,,,,,,,,
1787045400000,769.44,1787046299999,1791376157436,legacy_historical,,,,,,,,,
1787046300000,769.9416748,1787047199999,1791376157436,legacy_historical,,,,,,,,,
1787047200000,770.00086435,1787048099999,1791376157436,legacy_historical,,,,,,,,,
1787048100000,769.94266035,1787048999999,1791376157436,legacy_historical,,,,,,,,,
1787049000000,769.71,1787049899999,1791376157436,legacy_historical,,,,,,,,,
1787049900000,769.94771243,1787050799999,1791376157436,legacy_historical,,,,,,,,,
1787050800000,770.31147733,1787051699999,1791376157436,legacy_historical,,,,,,,,,
1787051700000,770.26039361,1787052599999,1791376157436,legacy_historical,,,,,,,,,
1787052600000,770.26433512,1787053499999,1791376157436,legacy_historical,,,,,,,,,
1787053500000,770.3425924,1787054399999,1791376157436,legacy_historical,,,,,,,,,
1787054400000,770.23351275,1787055299999,1791376157436,legacy_historical,,,,,,,,,
1787055300000,770.11,1787056199999,1791376157436,legacy_historical,,,,,,,,,
1787056200000,769.77,1787057099999,1791376157436,legacy_historical,,,,,,,,,
1787057100000,770.3790216,1787057999999,1791376157436,legacy_historical,,,,,,,,,
1787058000000,769.93640069,1787058899999,1791376157436,legacy_historical,,,,,,,,,
1787058900000,769.6094538,1787059799999,1791376157436,legacy_historical,,,,,,,,,
1787059800000,769.62637655,1787060699999,1791376157436,legacy_historical,,,,,,,,,
1787060700000,769.26,1787061599999,1791376157436,legacy_historical,,,,,,,,,
1787061600000,768.95633167,1787062499999,1791376157436,legacy_historical,,,,,,,,,
1787062500000,769.41,1787063399999,1791376157436,legacy_historical,,,,,,,,,
1787063400000,769.11274508,1787064299999,1791376157436,legacy_historical,,,,,,,,,
1787064300000,768.50244517,1787065199999,1791376157436,legacy_historical,,,,,,,,,
1787065200000,768.36751404,1787066099999,1791376157436,legacy_historical,,,,,,,,,
1787066100000,768.41,1787066999999,1791376157436,legacy_historical,,,,,,,,,
1787067000000,768.56,1787067899999,1791376157436,legacy_historical,,,,,,,,,
1787067900000,768.88,1787068799999,1791376157436,legacy_historical,,,,,,,,,
1787068800000,769.06,1787069699999,1791376157436,legacy_historical,,,,,,,,,
1787069700000,768.7102671,1787070599999,1791376157436,legacy_historical,,,,,,,,,
1787070600000,768.88,1787071499999,1791376157436,legacy_historical,,,,,,,,,
1787071500000,769.17,1787072399999,1791376157436,legacy_historical,,,,,,,,,
1787072400000,769.13124997,1787073299999,1791376157436,legacy_historical,,,,,,,,,
1787073300000,768.78,1787074199999,1791376157436,legacy_historical,,,,,,,,,
1787074200000,768.62,1787075099999,1791376157436,legacy_historical,,,,,,,,,
1787075100000,768.21,1787075999999,1791376157436,legacy_historical,,,,,,,,,
1787076000000,768.54,1787076899999,1791376157436,legacy_historical,,,,,,,,,
1787076900000,768.7967184,1787077799999,1791376157436,legacy_historical,,,,,,,,,
1787077800000,768.56705218,1787078699999,1791376157436,legacy_historical,,,,,,,,,
1787078700000,768.28646114,1787079599999,1791376157436,legacy_historical,,,,,,,,,
1787079600000,768.21,1787080499999,1791376157436,legacy_historical,,,,,,,,,
1787080500000,768.63758995,1787081399999,1791376157436,legacy_historical,,,,,,,,,
1787081400000,768.6,1787082299999,1791376157436,legacy_historical,,,,,,,,,
1787082300000,768.14224975,1787083199999,1791376157436,legacy_historical,,,,,,,,,
1787083200000,768.09710389,1787084099999,1791376157436,legacy_historical,,,,,,,,,
1787084100000,768.07,1787084999999,1791376157436,legacy_historical,,,,,,,,,
1787085000000,768.0437891,1787085899999,1791376157436,legacy_historical,,,,,,,,,
1787085900000,767.9,1787086799999,1791376157436,legacy_historical,,,,,,,,,
1787086800000,768.07395844,1787087699999,1791376157436,legacy_historical,,,,,,,,,
1787087700000,768.09046414,1787088599999,1791376157436,legacy_historical,,,,,,,,,
1787088600000,768.03102976,1787089499999,1791376157436,legacy_historical,,,,,,,,,
1787089500000,768.21556247,1787090399999,1791376157436,legacy_historical,,,,,,,,,
1787090400000,768.13478556,1787091299999,1791376157436,legacy_historical,,,,,,,,,
1787091300000,767.89112794,1787092199999,1791376157436,legacy_historical,,,,,,,,,
1787092200000,767.6281713,1787093099999,1791376157436,legacy_historical,,,,,,,,,
1787093100000,767.29517017,1787093999999,1791376157436,legacy_historical,,,,,,,,,
1787094000000,767.4885725,1787094899999,1791376157436,legacy_historical,,,,,,,,,
1787094900000,767.67999957,1787095799999,1791376157436,legacy_historical,,,,,,,,,
1787095800000,767.62,1787096699999,1791376157436,legacy_historical,,,,,,,,,
1787096700000,767.58076029,1787097599999,1791376157436,legacy_historical,,,,,,,,,
1787097600000,767.03320834,1787098499999,1791376157436,legacy_historical,,,,,,,,,
1787098500000,767.57,1787099399999,1791376157436,legacy_historical,,,,,,,,,
1787099400000,768.05109698,1787100299999,1791376157436,legacy_historical,,,,,,,,,
1787100300000,767.70699085,1787101199999,1791376157436,legacy_historical,,,,,,,,,
1787101200000,768.05207848,1787102099999,1791376157436,legacy_historical,,,,,,,,,
1787102100000,768.33389319,1787102999999,1791376157436,legacy_historical,,,,,,,,,
1787103000000,768.02,1787103899999,1791376157436,legacy_historical,,,,,,,,,
1787103900000,768.01511081,1787104799999,1791376157436,legacy_historical,,,,,,,,,
1787104800000,767.57760384,1787105699999,1791376157436,legacy_historical,,,,,,,,,
1787105700000,767.7867783,1787106599999,1791376157436,legacy_historical,,,,,,,,,
1787106600000,767.58,1787107499999,1791376157436,legacy_historical,,,,,,,,,
1787107500000,767.91852581,1787108399999,1791376157436,legacy_historical,,,,,,,,,
1787108400000,767.91697851,1787109299999,1791376157436,legacy_historical,,,,,,,,,
1787109300000,767.85569468,1787110199999,1791376157436,legacy_historical,,,,,,,,,
1787110200000,767.91687165,1787111099999,1791376157436,legacy_historical,,,,,,,,,
1787111100000,767.61,1787111999999,1791376157436,legacy_historical,,,,,,,,,
1787112000000,767.5141006,1787112899999,1791376157436,legacy_historical,,,,,,,,,
1787112900000,767.80893397,1787113799999,1791376157436,legacy_historical,,,,,,,,,
1787113800000,767.47,1787114699999,1791376157436,legacy_historical,,,,,,,,,
1787114700000,767.48,1787115599999,1791376157436,legacy_historical,,,,,,,,,
1787115600000,767.16610994,1787116499999,1791376157436,legacy_historical,,,,,,,,,
1787116500000,767.45,1787117399999,1791376157436,legacy_historical,,,,,,,,,
1787117400000,767.02,1787118299999,1791376157436,legacy_historical,,,,,,,,,
1787118300000,766.95883705,1787119199999,1791376157436,legacy_historical,,,,,,,,,
1787119200000,766.89,1787120099999,1791376157436,legacy_historical,,,,,,,,,
1787120100000,767.42,1787120999999,1791376157436,legacy_historical,,,,,,,,,
1787121000000,767.72757171,1787121899999,1791376157436,legacy_historical,,,,,,,,,
1787121900000,768.41350598,1787122799999,1791376157436,legacy_historical,,,,,,,,,
1787122800000,768.47,1787123699999,1791376157436,legacy_historical,,,,,,,,,
1787123700000,768.56642884,1787124599999,1791376157436,legacy_historical,,,,,,,,,
1787124600000,768.60773538,1787125499999,1791376157436,legacy_historical,,,,,,,,,
1787125500000,768.72911152,1787126399999,1791376157436,legacy_historical,,,,,,,,,
1787126400000,768.71701979,1787127299999,1791376157436,legacy_historical,,,,,,,,,
1787127300000,768.99,1787128199999,1791376157436,legacy_historical,,,,,,,,,
1787128200000,769.0,1787129099999,1791376157436,legacy_historical,,,,,,,,,
1787129100000,768.83891057,1787129999999,1791376157436,legacy_historical,,,,,,,,,
1787130000000,768.72720988,1787130899999,1791376157436,legacy_historical,,,,,,,,,
1787130900000,768.47,1787131799999,1791376157436,legacy_historical,,,,,,,,,
1787131800000,768.43,1787132699999,1791376157436,legacy_historical,,,,,,,,,
1787132700000,768.28,1787133599999,1791376157436,legacy_historical,,,,,,,,,
1787133600000,768.36,1787134499999,1791376157436,legacy_historical,,,,,,,,,
1787134500000,768.37397315,1787135399999,1791376157436,legacy_historical,,,,,,,,,
1787135400000,768.53202741,1787136299999,1791376157436,legacy_historical,,,,,,,,,
1787136300000,768.29575844,1787137199999,1791376157436,legacy_historical,,,,,,,,,
1787137200000,768.66490518,1787138099999,1791376157436,legacy_historical,,,,,,,,,
1787138100000,768.7,1787138999999,1791376157436,legacy_historical,,,,,,,,,
1787139000000,768.69,1787139899999,1791376157436,legacy_historical,,,,,,,,,
1787139900000,768.76,1787140799999,1791376157436,legacy_historical,,,,,,,,,
1787140800000,768.77447031,1787141699999,1791376157436,legacy_historical,,,,,,,,,
1787141700000,768.67,1787142599999,1791376157436,legacy_historical,,,,,,,,,
1787142600000,771.09239646,1787143499999,1791376157436,legacy_historical,,,,,,,,,
1787143500000,772.05259988,1787144399999,1791376157436,legacy_historical,,,,,,,,,
1787144400000,771.97404907,1787145299999,1791376157436,legacy_historical,,,,,,,,,
1787145300000,771.64075166,1787146199999,1791376157436,legacy_historical,,,,,,,,,
1787146200000,771.22,1787147099999,1791376157436,legacy_historical,,,,,,,,,
1787147100000,771.08204066,1787147999999,1791376157436,legacy_historical,,,,,,,,,
1787148000000,769.88341522,1787148899999,1791376157436,legacy_historical,,,,,,,,,
1787148900000,770.97,1787149799999,1791376157436,legacy_historical,,,,,,,,,
1787149800000,772.021708,1787150699999,1791376157436,legacy_historical,,,,,,,,,
1787150700000,772.6,1787151599999,1791376157436,legacy_historical,,,,,,,,,
1787151600000,772.37557961,1787152499999,1791376157436,legacy_historical,,,,,,,,,
1787152500000,771.41869157,1787153399999,1791376157436,legacy_historical,,,,,,,,,
1787153400000,771.16,1787154299999,1791376157436,legacy_historical,,,,,,,,,
1787154300000,771.13389402,1787155199999,1791376157436,legacy_historical,,,,,,,,,
1787155200000,772.11908364,1787156099999,1791376157436,legacy_historical,,,,,,,,,
1787156100000,771.36,1787156999999,1791376157436,legacy_historical,,,,,,,,,
1787157000000,770.96376198,1787157899999,1791376157436,legacy_historical,,,,,,,,,
1787157900000,770.35773752,1787158799999,1791376157436,legacy_historical,,,,,,,,,
1787158800000,770.392693,1787159699999,1791376157436,legacy_historical,,,,,,,,,
1787159700000,770.24593964,1787160599999,1791376157436,legacy_historical,,,,,,,,,
1787160600000,770.27144866,1787161499999,1791376157436,legacy_historical,,,,,,,,,
1787161500000,770.03,1787162399999,1791376157436,legacy_historical,,,,,,,,,
1787162400000,770.0,1787163299999,1791376157436,legacy_historical,,,,,,,,,
1787163300000,769.98568977,1787164199999,1791376157436,legacy_historical,,,,,,,,,
1787164200000,770.31,1787165099999,1791376157436,legacy_historical,,,,,,,,,
1787165100000,770.09942476,1787165999999,1791376157436,legacy_historical,,,,,,,,,
1787166000000,770.27815163,1787166899999,1791376157436,legacy_historical,,,,,,,,,
1787166900000,770.16,1787167799999,1791376157436,legacy_historical,,,,,,,,,
1787167800000,769.55949175,1787168699999,1791376157436,legacy_historical,,,,,,,,,
1787168700000,769.47,1787169599999,1791376157436,legacy_historical,,,,,,,,,
1787169600000,769.30272704,1787170499999,1791376157436,legacy_historical,,,,,,,,,
1787170500000,769.45,1787171399999,1791376157436,legacy_historical,,,,,,,,,
1787171400000,769.46591172,1787172299999,1791376157436,legacy_historical,,,,,,,,,
1787172300000,769.56234144,1787173199999,1791376157436,legacy_historical,,,,,,,,,
1787173200000,769.72,1787174099999,1791376157436,legacy_historical,,,,,,,,,
1787174100000,770.03,1787174999999,1791376157436,legacy_historical,,,,,,,,,
1787175000000,770.01,1787175899999,1791376157436,legacy_historical,,,,,,,,,
1787175900000,770.05,1787176799999,1791376157436,legacy_historical,,,,,,,,,
1787176800000,770.78354051,1787177699999,1791376157436,legacy_historical,,,,,,,,,
1787177700000,770.48720197,1787178599999,1791376157436,legacy_historical,,,,,,,,,
1787178600000,770.85,1787179499999,1791376157436,legacy_historical,,,,,,,,,
1787179500000,770.87,1787180399999,1791376157436,legacy_historical,,,,,,,,,
1787180400000,770.8,1787181299999,1791376157436,legacy_historical,,,,,,,,,
1787181300000,770.72663409,1787182199999,1791376157436,legacy_historical,,,,,,,,,
1787182200000,770.96,1787183099999,1791376157436,legacy_historical,,,,,,,,,
1787183100000,770.62846965,1787183999999,1791376157436,legacy_historical,,,,,,,,,
1787184000000,770.54313003,1787184899999,1791376157436,legacy_historical,,,,,,,,,
1787184900000,770.54657606,1787185799999,1791376157436,legacy_historical,,,,,,,,,
1787185800000,770.68617902,1787186699999,1791376157436,legacy_historical,,,,,,,,,
1787186700000,770.8,1787187599999,1791376157436,legacy_historical,,,,,,,,,
1787187600000,770.71249616,1787188499999,1791376157436,legacy_historical,,,,,,,,,
1787188500000,770.55488344,1787189399999,1791376157436,legacy_historical,,,,,,,,,
1787189400000,770.85220902,1787190299999,1791376157436,legacy_historical,,,,,,,,,
1787190300000,770.56,1787191199999,1791376157436,legacy_historical,,,,,,,,,
1787191200000,770.84,1787192099999,1791376157436,legacy_historical,,,,,,,,,
1787192100000,770.47474276,1787192999999,1791376157436,legacy_historical,,,,,,,,,
1787193000000,770.6,1787193899999,1791376157436,legacy_historical,,,,,,,,,
1787193900000,770.52,1787194799999,1791376157436,legacy_historical,,,,,,,,,
1787194800000,770.63892739,1787195699999,1791376157436,legacy_historical,,,,,,,,,
1787195700000,770.65694218,1787196599999,1791376157436,legacy_historical,,,,,,,,,
1787196600000,770.76,1787197499999,1791376157436,legacy_historical,,,,,,,,,
1787197500000,770.80569876,1787198399999,1791376157436,legacy_historical,,,,,,,,,
1787198400000,771.14645755,1787199299999,1791376157436,legacy_historical,,,,,,,,,
1787199300000,771.0483921,1787200199999,1791376157436,legacy_historical,,,,,,,,,
1787200200000,771.04,1787201099999,1791376157436,legacy_historical,,,,,,,,,
1787201100000,770.9,1787201999999,1791376157436,legacy_historical,,,,,,,,,
1787202000000,770.63,1787202899999,1791376157436,legacy_historical,,,,,,,,,
1787202900000,770.6974014,1787203799999,1791376157436,legacy_historical,,,,,,,,,
1787203800000,770.7460414,1787204699999,1791376157436,legacy_historical,,,,,,,,,
1787204700000,770.52084343,1787205599999,1791376157436,legacy_historical,,,,,,,,,
1787205600000,771.05023469,1787206499999,1791376157436,legacy_historical,,,,,,,,,
1787206500000,770.96736466,1787207399999,1791376157436,legacy_historical,,,,,,,,,
1787207400000,771.31,1787208299999,1791376157436,legacy_historical,,,,,,,,,
1787208300000,771.25396763,1787209199999,1791376157436,legacy_historical,,,,,,,,,
1787209200000,770.52745502,1787210099999,1791376157436,legacy_historical,,,,,,,,,
1787210100000,770.24438772,1787210999999,1791376157436,legacy_historical,,,,,,,,,
1787211000000,770.03269077,1787211899999,1791376157436,legacy_historical,,,,,,,,,
1787211900000,769.93499488,1787212799999,1791376157436,legacy_historical,,,,,,,,,
1787212800000,769.55226057,1787213699999,1791376157436,legacy_historical,,,,,,,,,
1787213700000,769.36,1787214599999,1791376157436,legacy_historical,,,,,,,,,
1787214600000,769.12,1787215499999,1791376157436,legacy_historical,,,,,,,,,
1787215500000,768.88,1787216399999,1791376157436,legacy_historical,,,,,,,,,
1787216400000,769.46,1787217299999,1791376157436,legacy_historical,,,,,,,,,
1787217300000,769.60420945,1787218199999,1791376157436,legacy_historical,,,,,,,,,
1787218200000,769.6,1787219099999,1791376157436,legacy_historical,,,,,,,,,
1787219100000,769.47273039,1787219999999,1791376157436,legacy_historical,,,,,,,,,
1787220000000,769.91494516,1787220899999,1791376157436,legacy_historical,,,,,,,,,
1787220900000,769.95,1787221799999,1791376157436,legacy_historical,,,,,,,,,
1787221800000,769.67,1787222699999,1791376157436,legacy_historical,,,,,,,,,
1787222700000,770.10855811,1787223599999,1791376157436,legacy_historical,,,,,,,,,
1787223600000,769.58343199,1787224499999,1791376157436,legacy_historical,,,,,,,,,
1787224500000,768.6,1787225399999,1791376157436,legacy_historical,,,,,,,,,
1787225400000,768.58,1787226299999,1791376157436,legacy_historical,,,,,,,,,
1787226300000,767.57,1787227199999,1791376157436,legacy_historical,,,,,,,,,
1787227200000,765.9,1787228099999,1791376157436,legacy_historical,,,,,,,,,
1787228100000,765.91,1787228999999,1791376157436,legacy_historical,,,,,,,,,
1787229000000,765.88,1787229899999,1791376157436,legacy_historical,,,,,,,,,
1787229900000,766.66,1787230799999,1791376157436,legacy_historical,,,,,,,,,
1787230800000,766.34644399,1787231699999,1791376157436,legacy_historical,,,,,,,,,
1787231700000,766.59,1787232599999,1791376157436,legacy_historical,,,,,,,,,
1787232600000,768.25432792,1787233499999,1791376157436,legacy_historical,,,,,,,,,
1787233500000,767.32903646,1787234399999,1791376157436,legacy_historical,,,,,,,,,
1787234400000,766.7529566,1787235299999,1791376157436,legacy_historical,,,,,,,,,
1787235300000,767.05,1787236199999,1791376157436,legacy_historical,,,,,,,,,
1787236200000,767.9,1787237099999,1791376157436,legacy_historical,,,,,,,,,
1787237100000,768.0,1787237999999,1791376157436,legacy_historical,,,,,,,,,
1787238000000,767.5,1787238899999,1791376157436,legacy_historical,,,,,,,,,
1787238900000,767.39,1787239799999,1791376157436,legacy_historical,,,,,,,,,
1787239800000,766.05990347,1787240699999,1791376157436,legacy_historical,,,,,,,,,
1787240700000,766.54,1787241599999,1791376157436,legacy_historical,,,,,,,,,
1787241600000,766.29,1787242499999,1791376157436,legacy_historical,,,,,,,,,
1787242500000,766.52706988,1787243399999,1791376157436,legacy_historical,,,,,,,,,
1787243400000,767.28493551,1787244299999,1791376157436,legacy_historical,,,,,,,,,
1787244300000,767.1762758,1787245199999,1791376157436,legacy_historical,,,,,,,,,
1787245200000,766.24,1787246099999,1791376157436,legacy_historical,,,,,,,,,
1787246100000,765.42145987,1787246999999,1791376157436,legacy_historical,,,,,,,,,
1787247000000,765.16712191,1787247899999,1791376157436,legacy_historical,,,,,,,,,
1787247900000,765.28,1787248799999,1791376157436,legacy_historical,,,,,,,,,
1787248800000,764.31,1787249699999,1791376157436,legacy_historical,,,,,,,,,
1787249700000,764.41,1787250599999,1791376157436,legacy_historical,,,,,,,,,
1787250600000,764.29,1787251499999,1791376157436,legacy_historical,,,,,,,,,
1787251500000,763.97671564,1787252399999,1791376157436,legacy_historical,,,,,,,,,
1787252400000,764.17,1787253299999,1791376157436,legacy_historical,,,,,,,,,
1787253300000,764.29,1787254199999,1791376157436,legacy_historical,,,,,,,,,
1787254200000,763.83,1787255099999,1791376157436,legacy_historical,,,,,,,,,
1787255100000,763.19625534,1787255999999,1791376157436,legacy_historical,,,,,,,,,
1787256000000,763.08340887,1787256899999,1791376157436,legacy_historical,,,,,,,,,
1787256900000,763.15973025,1787257799999,1791376157436,legacy_historical,,,,,,,,,
1787257800000,763.47,1787258699999,1791376157436,legacy_historical,,,,,,,,,
1787258700000,763.70996293,1787259599999,1791376157436,legacy_historical,,,,,,,,,
1787259600000,763.86,1787260499999,1791376157436,legacy_historical,,,,,,,,,
1787260500000,763.9,1787261399999,1791376157436,legacy_historical,,,,,,,,,
1787261400000,764.05,1787262299999,1791376157436,legacy_historical,,,,,,,,,
1787262300000,764.06,1787263199999,1791376157436,legacy_historical,,,,,,,,,
1787263200000,763.48520271,1787264099999,1791376157436,legacy_historical,,,,,,,,,
1787264100000,763.58631818,1787264999999,1791376157436,legacy_historical,,,,,,,,,
1787265000000,763.68,1787265899999,1791376157436,legacy_historical,,,,,,,,,
1787265900000,763.89,1787266799999,1791376157436,legacy_historical,,,,,,,,,
1787266800000,763.87,1787267699999,1791376157436,legacy_historical,,,,,,,,,
1787267700000,763.85,1787268599999,1791376157436,legacy_historical,,,,,,,,,
1787268600000,763.8453776,1787269499999,1791376157436,legacy_historical,,,,,,,,,
1787269500000,763.58805138,1787270399999,1791376157436,legacy_historical,,,,,,,,,
1787270400000,764.12865236,1787271299999,1791376157436,legacy_historical,,,,,,,,,
1787271300000,763.58,1787272199999,1791376157436,legacy_historical,,,,,,,,,
1787272200000,763.76,1787273099999,1791376157436,legacy_historical,,,,,,,,,
1787273100000,763.55860238,1787273999999,1791376157436,legacy_historical,,,,,,,,,
1787274000000,763.52,1787274899999,1791376157436,legacy_historical,,,,,,,,,
1787274900000,763.64974879,1787275799999,1791376157436,legacy_historical,,,,,,,,,
1787275800000,763.7693835,1787276699999,1791376157436,legacy_historical,,,,,,,,,
1787276700000,763.8,1787277599999,1791376157436,legacy_historical,,,,,,,,,
1787277600000,764.13,1787278499999,1791376157436,legacy_historical,,,,,,,,,
1787278500000,764.29134764,1787279399999,1791376157436,legacy_historical,,,,,,,,,
1787279400000,764.27,1787280299999,1791376157436,legacy_historical,,,,,,,,,
1787280300000,764.3525052,1787281199999,1791376157436,legacy_historical,,,,,,,,,
1787281200000,764.02041972,1787282099999,1791376157436,legacy_historical,,,,,,,,,
1787282100000,764.06,1787282999999,1791376157436,legacy_historical,,,,,,,,,
1787283000000,764.09,1787283899999,1791376157436,legacy_historical,,,,,,,,,
1787283900000,764.07,1787284799999,1791376157436,legacy_historical,,,,,,,,,
1787284800000,764.03648875,1787285699999,1791376157436,legacy_historical,,,,,,,,,
1787285700000,763.70358394,1787286599999,1791376157436,legacy_historical,,,,,,,,,
1787286600000,763.52776767,1787287499999,1791376157436,legacy_historical,,,,,,,,,
1787287500000,763.92850805,1787288399999,1791376157436,legacy_historical,,,,,,,,,
1787288400000,764.07452719,1787289299999,1791376157436,legacy_historical,,,,,,,,,
1787289300000,763.89,1787290199999,1791376157436,legacy_historical,,,,,,,,,
1787290200000,763.97086372,1787291099999,1791376157436,legacy_historical,,,,,,,,,
1787291100000,763.9140082,1787291999999,1791376157436,legacy_historical,,,,,,,,,
1787292000000,764.13264404,1787292899999,1791376157436,legacy_historical,,,,,,,,,
1787292900000,764.09,1787293799999,1791376157436,legacy_historical,,,,,,,,,
1787293800000,764.09379427,1787294699999,1791376157436,legacy_historical,,,,,,,,,
1787294700000,764.38,1787295599999,1791376157436,legacy_historical,,,,,,,,,
1787295600000,764.78047638,1787296499999,1791376157436,legacy_historical,,,,,,,,,
1787296500000,764.68749456,1787297399999,1791376157436,legacy_historical,,,,,,,,,
1787297400000,765.03120562,1787298299999,1791376157436,legacy_historical,,,,,,,,,
1787298300000,765.12,1787299199999,1791376157436,legacy_historical,,,,,,,,,
1787299200000,765.01335161,1787300099999,1791376157436,legacy_historical,,,,,,,,,
1787300100000,765.35,1787300999999,1791376157436,legacy_historical,,,,,,,,,
1787301000000,765.69,1787301899999,1791376157436,legacy_historical,,,,,,,,,
1787301900000,765.88,1787302799999,1791376157436,legacy_historical,,,,,,,,,
1787302800000,765.69180739,1787303699999,1791376157436,legacy_historical,,,,,,,,,
1787303700000,765.58732199,1787304599999,1791376157436,legacy_historical,,,,,,,,,
1787304600000,766.02108906,1787305499999,1791376157436,legacy_historical,,,,,,,,,
1787305500000,765.93,1787306399999,1791376157436,legacy_historical,,,,,,,,,
1787306400000,765.80466505,1787307299999,1791376157436,legacy_historical,,,,,,,,,
1787307300000,765.97670568,1787308199999,1791376157436,legacy_historical,,,,,,,,,
1787308200000,765.96703698,1787309099999,1791376157436,legacy_historical,,,,,,,,,
1787309100000,766.03937749,1787309999999,1791376157436,legacy_historical,,,,,,,,,
1787310000000,765.87,1787310899999,1791376157436,legacy_historical,,,,,,,,,
1787310900000,766.76,1787311799999,1791376157436,legacy_historical,,,,,,,,,
1787311800000,766.94,1787312699999,1791376157436,legacy_historical,,,,,,,,,
1787312700000,766.79995466,1787313599999,1791376157436,legacy_historical,,,,,,,,,
1787313600000,766.62416676,1787314499999,1791376157436,legacy_historical,,,,,,,,,
1787314500000,767.11436609,1787315399999,1791376157436,legacy_historical,,,,,,,,,
1787315400000,767.49,1787316299999,1791376157436,legacy_historical,,,,,,,,,
1787316300000,767.12684786,1787317199999,1791376157436,legacy_historical,,,,,,,,,
1787317200000,766.24901599,1787318099999,1791376157436,legacy_historical,,,,,,,,,
1787318100000,766.55,1787318999999,1791376157436,legacy_historical,,,,,,,,,
1787319000000,765.76,1787319899999,1791376157436,legacy_historical,,,,,,,,,
1787319900000,765.29,1787320799999,1791376157436,legacy_historical,,,,,,,,,
1787320800000,765.28599632,1787321699999,1791376157436,legacy_historical,,,,,,,,,
1787321700000,765.26566976,1787322599999,1791376157436,legacy_historical,,,,,,,,,
1787322600000,765.22030042,1787323499999,1791376157436,legacy_historical,,,,,,,,,
1787323500000,766.45,1787324399999,1791376157436,legacy_historical,,,,,,,,,
1787324400000,766.34371346,1787325299999,1791376157436,legacy_historical,,,,,,,,,
1787325300000,766.62,1787326199999,1791376157436,legacy_historical,,,,,,,,,
1787326200000,767.97,1787327099999,1791376157436,legacy_historical,,,,,,,,,
1787327100000,767.82625961,1787327999999,1791376157436,legacy_historical,,,,,,,,,
1787328000000,767.08,1787328899999,1791376157436,legacy_historical,,,,,,,,,
1787328900000,767.13,1787329799999,1791376157436,legacy_historical,,,,,,,,,
1787329800000,767.1385323,1787330699999,1791376157436,legacy_historical,,,,,,,,,
1787330700000,767.02382373,1787331599999,1791376157436,legacy_historical,,,,,,,,,
1787331600000,766.85,1787332499999,1791376157436,legacy_historical,,,,,,,,,
1787332500000,766.61,1787333399999,1791376157436,legacy_historical,,,,,,,,,
1787333400000,766.33,1787334299999,1791376157436,legacy_historical,,,,,,,,,
1787334300000,766.14527784,1787335199999,1791376157436,legacy_historical,,,,,,,,,
1787335200000,766.10207147,1787336099999,1791376157436,legacy_historical,,,,,,,,,
1787336100000,766.07350604,1787336999999,1791376157436,legacy_historical,,,,,,,,,
1787337000000,766.17829276,1787337899999,1791376157436,legacy_historical,,,,,,,,,
1787337900000,766.83,1787338799999,1791376157436,legacy_historical,,,,,,,,,
1787338800000,766.68,1787339699999,1791376157436,legacy_historical,,,,,,,,,
1787339700000,766.6765487,1787340599999,1791376157436,legacy_historical,,,,,,,,,
1787340600000,766.99,1787341499999,1791376157436,legacy_historical,,,,,,,,,
1787341500000,766.25057434,1787342399999,1791376157436,legacy_historical,,,,,,,,,
1787342400000,766.33804994,1787343299999,1791376157436,legacy_historical,,,,,,,,,
1787343300000,766.04898711,1787344199999,1791376157436,legacy_historical,,,,,,,,,
1787344200000,766.23,1787345099999,1791376157436,legacy_historical,,,,,,,,,
1787345100000,766.0,1787345999999,1791376157436,legacy_historical,,,,,,,,,
1787346000000,765.6974504,1787346899999,1791376157436,legacy_historical,,,,,,,,,
1787346900000,766.2345009,1787347799999,1791376157436,legacy_historical,,,,,,,,,
1787347800000,766.62181875,1787348699999,1791376157436,legacy_historical,,,,,,,,,
1787348700000,767.00636786,1787349599999,1791376157436,legacy_historical,,,,,,,,,
1787349600000,767.63,1787350499999,1791376157436,legacy_historical,,,,,,,,,
1787350500000,767.74,1787351399999,1791376157436,legacy_historical,,,,,,,,,
1787351400000,767.42699008,1787352299999,1791376157436,legacy_historical,,,,,,,,,
1787352300000,767.53097846,1787353199999,1791376157436,legacy_historical,,,,,,,,,
1787353200000,767.22359125,1787354099999,1791376157436,legacy_historical,,,,,,,,,
1787354100000,767.12,1787354999999,1791376157436,legacy_historical,,,,,,,,,
1787355000000,767.14752749,1787355899999,1791376157436,legacy_historical,,,,,,,,,
1787355900000,767.39,1787356799999,1791376157436,legacy_historical,,,,,,,,,
1787356800000,767.48706147,1787357699999,1791376157436,legacy_historical,,,,,,,,,
1787357700000,767.22,1787358599999,1791376157436,legacy_historical,,,,,,,,,
1787358600000,767.30531864,1787359499999,1791376157436,legacy_historical,,,,,,,,,
1787359500000,767.32136973,1787360399999,1791376157436,legacy_historical,,,,,,,,,
1787360400000,766.94,1787361299999,1791376157436,legacy_historical,,,,,,,,,
1787361300000,767.41,1787362199999,1791376157436,legacy_historical,,,,,,,,,
1787362200000,767.21362084,1787363099999,1791376157436,legacy_historical,,,,,,,,,
1787363100000,767.37,1787363999999,1791376157436,legacy_historical,,,,,,,,,
1787364000000,767.82,1787364899999,1791376157436,legacy_historical,,,,,,,,,
1787364900000,767.77,1787365799999,1791376157436,legacy_historical,,,,,,,,,
1787365800000,767.81325434,1787366699999,1791376157436,legacy_historical,,,,,,,,,
1787366700000,767.82622039,1787367599999,1791376157436,legacy_historical,,,,,,,,,
1787367600000,767.82188347,1787368499999,1791376157436,legacy_historical,,,,,,,,,
1787368500000,767.94,1787369399999,1791376157436,legacy_historical,,,,,,,,,
1787369400000,767.9154225,1787370299999,1791376157436,legacy_historical,,,,,,,,,
1787370300000,767.32274143,1787371199999,1791376157436,legacy_historical,,,,,,,,,
1787371200000,767.25236689,1787372099999,1791376157436,legacy_historical,,,,,,,,,
1787372100000,766.75024941,1787372999999,1791376157436,legacy_historical,,,,,,,,,
1787373000000,766.88,1787373899999,1791376157436,legacy_historical,,,,,,,,,
1787373900000,767.17,1787374799999,1791376157436,legacy_historical,,,,,,,,,
1787374800000,765.84,1787375699999,1791376157436,legacy_historical,,,,,,,,,
1787375700000,767.14,1787376599999,1791376157436,legacy_historical,,,,,,,,,
1787376600000,766.37130115,1787377499999,1791376157436,legacy_historical,,,,,,,,,
1787377500000,766.31301673,1787378399999,1791376157436,legacy_historical,,,,,,,,,
1787378400000,766.0622278,1787379299999,1791376157436,legacy_historical,,,,,,,,,
1787379300000,766.13,1787380199999,1791376157436,legacy_historical,,,,,,,,,
1787380200000,766.22509655,1787381099999,1791376157436,legacy_historical,,,,,,,,,
1787381100000,766.23522046,1787381999999,1791376157436,legacy_historical,,,,,,,,,
1787382000000,765.72,1787382899999,1791376157436,legacy_historical,,,,,,,,,
1787382900000,766.0,1787383799999,1791376157436,legacy_historical,,,,,,,,,
1787383800000,766.22018263,1787384699999,1791376157436,legacy_historical,,,,,,,,,
1787384700000,765.36,1787385599999,1791376157436,legacy_historical,,,,,,,,,
1787385600000,765.1908254,1787386499999,1791376157436,legacy_historical,,,,,,,,,
1787386500000,765.5372018,1787387399999,1791376157436,legacy_historical,,,,,,,,,
1787387400000,765.07,1787388299999,1791376157436,legacy_historical,,,,,,,,,
1787388300000,765.7475545,1787389199999,1791376157436,legacy_historical,,,,,,,,,
1787389200000,765.32,1787390099999,1791376157436,legacy_historical,,,,,,,,,
1787390100000,765.149583,1787390999999,1791376157436,legacy_historical,,,,,,,,,
1787391000000,765.2,1787391899999,1791376157436,legacy_historical,,,,,,,,,
1787391900000,765.06,1787392799999,1791376157436,legacy_historical,,,,,,,,,
1787392800000,764.82001233,1787393699999,1791376157436,legacy_historical,,,,,,,,,
1787393700000,764.42,1787394599999,1791376157436,legacy_historical,,,,,,,,,
1787394600000,765.08758,1787395499999,1791376157436,legacy_historical,,,,,,,,,
1787395500000,765.49,1787396399999,1791376157436,legacy_historical,,,,,,,,,
1787396400000,765.28,1787397299999,1791376157436,legacy_historical,,,,,,,,,
1787397300000,765.43,1787398199999,1791376157436,legacy_historical,,,,,,,,,
1787398200000,765.50716714,1787399099999,1791376157436,legacy_historical,,,,,,,,,
1787399100000,765.23,1787399999999,1791376157436,legacy_historical,,,,,,,,,
1787400000000,765.45,1787400899999,1791376157436,legacy_historical,,,,,,,,,
1787400900000,765.9,1787401799999,1791376157436,legacy_historical,,,,,,,,,
1787401800000,765.57,1787402699999,1791376157436,legacy_historical,,,,,,,,,
1787402700000,765.5,1787403599999,1791376157436,legacy_historical,,,,,,,,,
1787403600000,765.0840321,1787404499999,1791376157436,legacy_historical,,,,,,,,,
1787404500000,765.25379847,1787405399999,1791376157436,legacy_historical,,,,,,,,,
1787405400000,765.67,1787406299999,1791376157436,legacy_historical,,,,,,,,,
1787406300000,765.57,1787407199999,1791376157436,legacy_historical,,,,,,,,,
1787407200000,765.61585625,1787408099999,1791376157436,legacy_historical,,,,,,,,,
1787408100000,765.6,1787408999999,1791376157436,legacy_historical,,,,,,,,,
1787409000000,765.68,1787409899999,1791376157436,legacy_historical,,,,,,,,,
1787409900000,765.99733033,1787410799999,1791376157436,legacy_historical,,,,,,,,,
1787410800000,765.90570339,1787411699999,1791376157436,legacy_historical,,,,,,,,,
1787411700000,766.22,1787412599999,1791376157436,legacy_historical,,,,,,,,,
1787412600000,766.3,1787413499999,1791376157436,legacy_historical,,,,,,,,,
1787413500000,766.22451655,1787414399999,1791376157436,legacy_historical,,,,,,,,,
1787414400000,765.98,1787415299999,1791376157436,legacy_historical,,,,,,,,,
1787415300000,766.38,1787416199999,1791376157436,legacy_historical,,,,,,,,,
1787416200000,766.16473868,1787417099999,1791376157436,legacy_historical,,,,,,,,,
1787417100000,766.09,1787417999999,1791376157436,legacy_historical,,,,,,,,,
1787418000000,765.93,1787418899999,1791376157436,legacy_historical,,,,,,,,,
1787418900000,765.44,1787419799999,1791376157436,legacy_historical,,,,,,,,,
1787419800000,765.62,1787420699999,1791376157436,legacy_historical,,,,,,,,,
1787420700000,765.93292991,1787421599999,1791376157436,legacy_historical,,,,,,,,,
1787421600000,765.8,1787422499999,1791376157436,legacy_historical,,,,,,,,,
1787422500000,765.82539491,1787423399999,1791376157436,legacy_historical,,,,,,,,,
1787423400000,765.83908244,1787424299999,1791376157436,legacy_historical,,,,,,,,,
1787424300000,765.78869345,1787425199999,1791376157436,legacy_historical,,,,,,,,,
1787425200000,766.0,1787426099999,1791376157436,legacy_historical,,,,,,,,,
1787426100000,765.54305273,1787426999999,1791376157436,legacy_historical,,,,,,,,,
1787427000000,765.8,1787427899999,1791376157436,legacy_historical,,,,,,,,,
1787427900000,765.81511638,1787428799999,1791376157436,legacy_historical,,,,,,,,,
1787428800000,765.73,1787429699999,1791376157436,legacy_historical,,,,,,,,,
1787429700000,765.78,1787430599999,1791376157436,legacy_historical,,,,,,,,,
1787430600000,765.55307783,1787431499999,1791376157436,legacy_historical,,,,,,,,,
1787431500000,765.74,1787432399999,1791376157436,legacy_historical,,,,,,,,,
1787432400000,765.5640543,1787433299999,1791376157436,legacy_historical,,,,,,,,,
1787433300000,765.64596922,1787434199999,1791376157436,legacy_historical,,,,,,,,,
1787434200000,765.66,1787435099999,1791376157436,legacy_historical,,,,,,,,,
1787435100000,765.82,1787435999999,1791376157436,legacy_historical,,,,,,,,,
1787436000000,766.43824136,1787436899999,1791376157436,legacy_historical,,,,,,,,,
1787436900000,765.74395142,1787437799999,1791376157436,legacy_historical,,,,,,,,,
1787437800000,765.6335554,1787438699999,1791376157436,legacy_historical,,,,,,,,,
1787438700000,765.76529536,1787439599999,1791376157436,legacy_historical,,,,,,,,,
1787439600000,766.24,1787440499999,1791376157436,legacy_historical,,,,,,,,,
1787440500000,766.16673404,1787441399999,1791376157436,legacy_historical,,,,,,,,,
1787441400000,766.09,1787442299999,1791376157436,legacy_historical,,,,,,,,,
1787442300000,766.29,1787443199999,1791376157436,legacy_historical,,,,,,,,,
1787443200000,766.63,1787444099999,1791376157436,legacy_historical,,,,,,,,,
1787444100000,766.36531337,1787444999999,1791376157436,legacy_historical,,,,,,,,,
1787445000000,766.54620066,1787445899999,1791376157436,legacy_historical,,,,,,,,,
1787445900000,766.25356454,1787446799999,1791376157436,legacy_historical,,,,,,,,,
1787446800000,766.64712256,1787447699999,1791376157436,legacy_historical,,,,,,,,,
1787447700000,766.38,1787448599999,1791376157436,legacy_historical,,,,,,,,,
1787448600000,766.23395647,1787449499999,1791376157436,legacy_historical,,,,,,,,,
1787449500000,766.71813161,1787450399999,1791376157436,legacy_historical,,,,,,,,,
1787450400000,766.72,1787451299999,1791376157436,legacy_historical,,,,,,,,,
1787451300000,766.8,1787452199999,1791376157436,legacy_historical,,,,,,,,,
1787452200000,766.76,1787453099999,1791376157436,legacy_historical,,,,,,,,,
1787453100000,766.79,1787453999999,1791376157436,legacy_historical,,,,,,,,,
1787454000000,766.85,1787454899999,1791376157436,legacy_historical,,,,,,,,,
1787454900000,766.72,1787455799999,1791376157436,legacy_historical,,,,,,,,,
1787455800000,766.45323365,1787456699999,1791376157436,legacy_historical,,,,,,,,,
1787456700000,766.50431393,1787457599999,1791376157436,legacy_historical,,,,,,,,,
1787457600000,766.68,1787458499999,1791376157436,legacy_historical,,,,,,,,,
1787458500000,766.5328954,1787459399999,1791376157436,legacy_historical,,,,,,,,,
1787459400000,766.61693233,1787460299999,1791376157436,legacy_historical,,,,,,,,,
1787460300000,766.57286265,1787461199999,1791376157436,legacy_historical,,,,,,,,,
1787461200000,766.31,1787462099999,1791376157436,legacy_historical,,,,,,,,,
1787462100000,766.4,1787462999999,1791376157436,legacy_historical,,,,,,,,,
1787463000000,766.38,1787463899999,1791376157436,legacy_historical,,,,,,,,,
1787463900000,766.04249904,1787464799999,1791376157436,legacy_historical,,,,,,,,,
1787464800000,765.54,1787465699999,1791376157436,legacy_historical,,,,,,,,,
1787465700000,765.3810395,1787466599999,1791376157436,legacy_historical,,,,,,,,,
1787466600000,765.5138798,1787467499999,1791376157436,legacy_historical,,,,,,,,,
1787467500000,765.05898113,1787468399999,1791376157436,legacy_historical,,,,,,,,,
1787468400000,765.23316533,1787469299999,1791376157436,legacy_historical,,,,,,,,,
1787469300000,765.41158806,1787470199999,1791376157436,legacy_historical,,,,,,,,,
1787470200000,765.34149863,1787471099999,1791376157436,legacy_historical,,,,,,,,,
1787471100000,765.03,1787471999999,1791376157436,legacy_historical,,,,,,,,,
1787472000000,765.48692856,1787472899999,1791376157436,legacy_historical,,,,,,,,,
1787472900000,765.25484167,1787473799999,1791376157436,legacy_historical,,,,,,,,,
1787473800000,765.49,1787474699999,1791376157436,legacy_historical,,,,,,,,,
1787474700000,765.36,1787475599999,1791376157436,legacy_historical,,,,,,,,,
1787475600000,765.73787177,1787476499999,1791376157436,legacy_historical,,,,,,,,,
1787476500000,766.02,1787477399999,1791376157436,legacy_historical,,,,,,,,,
1787477400000,766.06,1787478299999,1791376157436,legacy_historical,,,,,,,,,
1787478300000,766.34,1787479199999,1791376157436,legacy_historical,,,,,,,,,
1787479200000,766.33631758,1787480099999,1791376157436,legacy_historical,,,,,,,,,
1787480100000,766.35,1787480999999,1791376157436,legacy_historical,,,,,,,,,
1787481000000,766.3048782,1787481899999,1791376157436,legacy_historical,,,,,,,,,
1787481900000,766.36507929,1787482799999,1791376157436,legacy_historical,,,,,,,,,
1787482800000,766.42527776,1787483699999,1791376157436,legacy_historical,,,,,,,,,
1787483700000,766.46551643,1787484599999,1791376157436,legacy_historical,,,,,,,,,
1787484600000,766.55,1787485499999,1791376157436,legacy_historical,,,,,,,,,
1787485500000,766.61618711,1787486399999,1791376157436,legacy_historical,,,,,,,,,
1787486400000,766.63568013,1787487299999,1791376157436,legacy_historical,,,,,,,,,
1787487300000,766.70570347,1787488199999,1791376157436,legacy_historical,,,,,,,,,
1787488200000,766.49223199,1787489099999,1791376157436,legacy_historical,,,,,,,,,
1787489100000,766.64549624,1787489999999,1791376157436,legacy_historical,,,,,,,,,
1787490000000,766.58138009,1787490899999,1791376157436,legacy_historical,,,,,,,,,
1787490900000,766.25946392,1787491799999,1791376157436,legacy_historical,,,,,,,,,
1787491800000,766.33,1787492699999,1791376157436,legacy_historical,,,,,,,,,
1787492700000,766.0025982,1787493599999,1791376157436,legacy_historical,,,,,,,,,
1787493600000,766.21268281,1787494499999,1791376157436,legacy_historical,,,,,,,,,
1787494500000,766.85,1787495399999,1791376157436,legacy_historical,,,,,,,,,
1787495400000,766.59637514,1787496299999,1791376157436,legacy_historical,,,,,,,,,
1787496300000,766.42,1787497199999,1791376157436,legacy_historical,,,,,,,,,
1787497200000,766.36412464,1787498099999,1791376157436,legacy_historical,,,,,,,,,
1787498100000,766.17318554,1787498999999,1791376157436,legacy_historical,,,,,,,,,
1787499000000,766.04277924,1787499899999,1791376157436,legacy_historical,,,,,,,,,
1787499900000,765.89266131,1787500799999,1791376157436,legacy_historical,,,,,,,,,
1787500800000,766.06489145,1787501699999,1791376157436,legacy_historical,,,,,,,,,
1787501700000,766.3196774,1787502599999,1791376157436,legacy_historical,,,,,,,,,
1787502600000,766.09,1787503499999,1791376157436,legacy_historical,,,,,,,,,
1787503500000,766.29667217,1787504399999,1791376157436,legacy_historical,,,,,,,,,
1787504400000,766.31599536,1787505299999,1791376157436,legacy_historical,,,,,,,,,
1787505300000,766.18,1787506199999,1791376157436,legacy_historical,,,,,,,,,
1787506200000,766.21,1787507099999,1791376157436,legacy_historical,,,,,,,,,
1787507100000,766.21098346,1787507999999,1791376157436,legacy_historical,,,,,,,,,
1787508000000,766.18014246,1787508899999,1791376157436,legacy_historical,,,,,,,,,
1787508900000,766.39,1787509799999,1791376157436,legacy_historical,,,,,,,,,
1787509800000,766.06799012,1787510699999,1791376157436,legacy_historical,,,,,,,,,
1787510700000,766.05367854,1787511599999,1791376157436,legacy_historical,,,,,,,,,
1787511600000,766.19,1787512499999,1791376157436,legacy_historical,,,,,,,,,
1787512500000,766.19495122,1787513399999,1791376157436,legacy_historical,,,,,,,,,
1787513400000,766.2,1787514299999,1791376157436,legacy_historical,,,,,,,,,
1787514300000,766.22208311,1787515199999,1791376157436,legacy_historical,,,,,,,,,
1787515200000,766.06059695,1787516099999,1791376157436,legacy_historical,,,,,,,,,
1787516100000,766.07,1787516999999,1791376157436,legacy_historical,,,,,,,,,
1787517000000,766.11599796,1787517899999,1791376157436,legacy_historical,,,,,,,,,
1787517900000,766.01,1787518799999,1791376157436,legacy_historical,,,,,,,,,
1787518800000,766.35677744,1787519699999,1791376157436,legacy_historical,,,,,,,,,
1787519700000,766.55725004,1787520599999,1791376157436,legacy_historical,,,,,,,,,
1787520600000,766.54,1787521499999,1791376157436,legacy_historical,,,,,,,,,
1787521500000,766.61602832,1787522399999,1791376157436,legacy_historical,,,,,,,,,
1787522400000,765.66,1787523299999,1791376157436,legacy_historical,,,,,,,,,
1787523300000,765.67245641,1787524199999,1791376157436,legacy_historical,,,,,,,,,
1787524200000,766.12729998,1787525099999,1791376157436,legacy_historical,,,,,,,,,
1787525100000,766.1,1787525999999,1791376157436,legacy_historical,,,,,,,,,
1787526000000,766.18232451,1787526899999,1791376157436,legacy_historical,,,,,,,,,
1787526900000,766.66907263,1787527799999,1791376157436,legacy_historical,,,,,,,,,
1787527800000,766.62,1787528699999,1791376157436,legacy_historical,,,,,,,,,
1787528700000,767.43,1787529599999,1791376157436,legacy_historical,,,,,,,,,
1787529600000,767.00645084,1787530499999,1791376157436,legacy_historical,,,,,,,,,
1787530500000,766.04193352,1787531399999,1791376157436,legacy_historical,,,,,,,,,
1787531400000,766.12,1787532299999,1791376157436,legacy_historical,,,,,,,,,
1787532300000,766.92641316,1787533199999,1791376157436,legacy_historical,,,,,,,,,
1787533200000,767.32,1787534099999,1791376157436,legacy_historical,,,,,,,,,
1787534100000,766.87647431,1787534999999,1791376157436,legacy_historical,,,,,,,,,
1787535000000,766.73,1787535899999,1791376157436,legacy_historical,,,,,,,,,
1787535900000,766.14,1787536799999,1791376157436,legacy_historical,,,,,,,,,
1787536800000,766.66452158,1787537699999,1791376157436,legacy_historical,,,,,,,,,
1787537700000,766.71,1787538599999,1791376157436,legacy_historical,,,,,,,,,
1787538600000,766.69,1787539499999,1791376157436,legacy_historical,,,,,,,,,
1787539500000,766.8254258,1787540399999,1791376157436,legacy_historical,,,,,,,,,
1787540400000,766.14063635,1787541299999,1791376157436,legacy_historical,,,,,,,,,
1787541300000,766.19,1787542199999,1791376157436,legacy_historical,,,,,,,,,
1787542200000,765.81,1787543099999,1791376157436,legacy_historical,,,,,,,,,
1787543100000,765.51,1787543999999,1791376157436,legacy_historical,,,,,,,,,
1787544000000,765.58,1787544899999,1791376157436,legacy_historical,,,,,,,,,
1787544900000,765.52500535,1787545799999,1791376157436,legacy_historical,,,,,,,,,
1787545800000,765.49,1787546699999,1791376157436,legacy_historical,,,,,,,,,
1787546700000,765.22,1787547599999,1791376157436,legacy_historical,,,,,,,,,
1787547600000,765.68887122,1787548499999,1791376157436,legacy_historical,,,,,,,,,
1787548500000,765.21262196,1787549399999,1791376157436,legacy_historical,,,,,,,,,
1787549400000,765.03,1787550299999,1791376157436,legacy_historical,,,,,,,,,
1787550300000,764.79,1787551199999,1791376157436,legacy_historical,,,,,,,,,
1787551200000,764.48,1787552099999,1791376157436,legacy_historical,,,,,,,,,
1787552100000,764.55,1787552999999,1791376157436,legacy_historical,,,,,,,,,
1787553000000,764.3772426,1787553899999,1791376157436,legacy_historical,,,,,,,,,
1787553900000,764.64548894,1787554799999,1791376157436,legacy_historical,,,,,,,,,
1787554800000,764.92839962,1787555699999,1791376157436,legacy_historical,,,,,,,,,
1787555700000,764.64079056,1787556599999,1791376157436,legacy_historical,,,,,,,,,
1787556600000,764.35,1787557499999,1791376157436,legacy_historical,,,,,,,,,
1787557500000,764.11894529,1787558399999,1791376157436,legacy_historical,,,,,,,,,
1787558400000,764.58,1787559299999,1791376157436,legacy_historical,,,,,,,,,
1787559300000,764.68518751,1787560199999,1791376157436,legacy_historical,,,,,,,,,
1787560200000,765.1211821,1787561099999,1791376157436,legacy_historical,,,,,,,,,
1787561100000,765.02,1787561999999,1791376157436,legacy_historical,,,,,,,,,
1787562000000,765.24,1787562899999,1791376157436,legacy_historical,,,,,,,,,
1787562900000,764.8575535,1787563799999,1791376157436,legacy_historical,,,,,,,,,
1787563800000,765.13930431,1787564699999,1791376157436,legacy_historical,,,,,,,,,
1787564700000,765.16,1787565599999,1791376157436,legacy_historical,,,,,,,,,
1787565600000,764.8617031,1787566499999,1791376157436,legacy_historical,,,,,,,,,
1787566500000,764.75106899,1787567399999,1791376157436,legacy_historical,,,,,,,,,
1787567400000,764.68,1787568299999,1791376157436,legacy_historical,,,,,,,,,
1787568300000,764.36,1787569199999,1791376157436,legacy_historical,,,,,,,,,
1787569200000,764.02958682,1787570099999,1791376157436,legacy_historical,,,,,,,,,
1787570100000,764.20292214,1787570999999,1791376157436,legacy_historical,,,,,,,,,
1787571000000,765.14,1787571899999,1791376157436,legacy_historical,,,,,,,,,
1787571900000,764.98086285,1787572799999,1791376157436,legacy_historical,,,,,,,,,
1787572800000,764.8617181,1787573699999,1791376157436,legacy_historical,,,,,,,,,
1787573700000,765.1596926,1787574599999,1791376157436,legacy_historical,,,,,,,,,
1787574600000,764.7,1787575499999,1791376157436,legacy_historical,,,,,,,,,
1787575500000,765.02,1787576399999,1791376157436,legacy_historical,,,,,,,,,
1787576400000,765.02,1787577299999,1791376157436,legacy_historical,,,,,,,,,
1787577300000,765.20809368,1787578199999,1791376157436,legacy_historical,,,,,,,,,
1787578200000,762.99778361,1787579099999,1791376157436,legacy_historical,,,,,,,,,
1787579100000,764.08,1787579999999,1791376157436,legacy_historical,,,,,,,,,
1787580000000,763.47,1787580899999,1791376157436,legacy_historical,,,,,,,,,
1787580900000,763.47,1787581799999,1791376157436,legacy_historical,,,,,,,,,
1787581800000,764.31232473,1787582699999,1791376157436,legacy_historical,,,,,,,,,
1787582700000,764.22,1787583599999,1791376157436,legacy_historical,,,,,,,,,
1787583600000,763.27463196,1787584499999,1791376157436,legacy_historical,,,,,,,,,
1787584500000,764.25,1787585399999,1791376157436,legacy_historical,,,,,,,,,
1787585400000,764.79,1787586299999,1791376157436,legacy_historical,,,,,,,,,
1787586300000,765.0,1787587199999,1791376157436,legacy_historical,,,,,,,,,
1787587200000,765.18,1787588099999,1791376157436,legacy_historical,,,,,,,,,
1787588100000,765.52802488,1787588999999,1791376157436,legacy_historical,,,,,,,,,
1787589000000,764.88302632,1787589899999,1791376157436,legacy_historical,,,,,,,,,
1787589900000,764.82625176,1787590799999,1791376157436,legacy_historical,,,,,,,,,
1787590800000,765.07627357,1787591699999,1791376157436,legacy_historical,,,,,,,,,
1787591700000,764.06947386,1787592599999,1791376157436,legacy_historical,,,,,,,,,
1787592600000,763.84547711,1787593499999,1791376157436,legacy_historical,,,,,,,,,
1787593500000,763.9,1787594399999,1791376157436,legacy_historical,,,,,,,,,
1787594400000,764.75,1787595299999,1791376157436,legacy_historical,,,,,,,,,
1787595300000,765.3791585,1787596199999,1791376157436,legacy_historical,,,,,,,,,
1787596200000,764.93,1787597099999,1791376157436,legacy_historical,,,,,,,,,
1787597100000,764.63,1787597999999,1791376157436,legacy_historical,,,,,,,,,
1787598000000,764.72,1787598899999,1791376157436,legacy_historical,,,,,,,,,
1787598900000,764.53,1787599799999,1791376157436,legacy_historical,,,,,,,,,
1787599800000,764.26987078,1787600699999,1791376157436,legacy_historical,,,,,,,,,
1787600700000,764.08,1787601599999,1791376157436,legacy_historical,,,,,,,,,
1787601600000,764.20465629,1787602499999,1791376157436,legacy_historical,,,,,,,,,
1787602500000,763.73387125,1787603399999,1791376157436,legacy_historical,,,,,,,,,
1787603400000,764.23883662,1787604299999,1791376157436,legacy_historical,,,,,,,,,
1787604300000,764.4791261,1787605199999,1791376157436,legacy_historical,,,,,,,,,
1787605200000,764.41466765,1787606099999,1791376157436,legacy_historical,,,,,,,,,
1787606100000,764.6522833,1787606999999,1791376157436,legacy_historical,,,,,,,,,
1787607000000,764.565506,1787607899999,1791376157436,legacy_historical,,,,,,,,,
1787607900000,764.4848335,1787608799999,1791376157436,legacy_historical,,,,,,,,,
1787608800000,764.57,1787609699999,1791376157436,legacy_historical,,,,,,,,,
1787609700000,764.65186397,1787610599999,1791376157436,legacy_historical,,,,,,,,,
1787610600000,764.60037071,1787611499999,1791376157436,legacy_historical,,,,,,,,,
1787611500000,764.65,1787612399999,1791376157436,legacy_historical,,,,,,,,,
1787612400000,764.62740221,1787613299999,1791376157436,legacy_historical,,,,,,,,,
1787613300000,764.41,1787614199999,1791376157436,legacy_historical,,,,,,,,,
1787614200000,764.1,1787615099999,1791376157436,legacy_historical,,,,,,,,,
1787615100000,764.32044204,1787615999999,1791376157436,legacy_historical,,,,,,,,,
1787616000000,763.8158919,1787616899999,1791376157436,legacy_historical,,,,,,,,,
1787616900000,764.08,1787617799999,1791376157436,legacy_historical,,,,,,,,,
1787617800000,764.57239281,1787618699999,1791376157436,legacy_historical,,,,,,,,,
1787618700000,764.68590016,1787619599999,1791376157436,legacy_historical,,,,,,,,,
1787619600000,764.61806383,1787620499999,1791376157436,legacy_historical,,,,,,,,,
1787620500000,764.52649878,1787621399999,1791376157436,legacy_historical,,,,,,,,,
1787621400000,764.71432819,1787622299999,1791376157436,legacy_historical,,,,,,,,,
1787622300000,764.61,1787623199999,1791376157436,legacy_historical,,,,,,,,,
1787623200000,764.26837073,1787624099999,1791376157436,legacy_historical,,,,,,,,,
1787624100000,764.58,1787624999999,1791376157436,legacy_historical,,,,,,,,,
1787625000000,764.58546125,1787625899999,1791376157436,legacy_historical,,,,,,,,,
1787625900000,764.19372728,1787626799999,1791376157436,legacy_historical,,,,,,,,,
1787626800000,764.74,1787627699999,1791376157436,legacy_historical,,,,,,,,,
1787627700000,765.07,1787628599999,1791376157436,legacy_historical,,,,,,,,,
1787628600000,765.05,1787629499999,1791376157436,legacy_historical,,,,,,,,,
1787629500000,764.79,1787630399999,1791376157436,legacy_historical,,,,,,,,,
1787630400000,765.14608008,1787631299999,1791376157436,legacy_historical,,,,,,,,,
1787631300000,765.07,1787632199999,1791376157436,legacy_historical,,,,,,,,,
1787632200000,765.16,1787633099999,1791376157436,legacy_historical,,,,,,,,,
1787633100000,764.87686183,1787633999999,1791376157436,legacy_historical,,,,,,,,,
1787634000000,765.12316982,1787634899999,1791376157436,legacy_historical,,,,,,,,,
1787634900000,765.20405335,1787635799999,1791376157436,legacy_historical,,,,,,,,,
1787635800000,765.07,1787636699999,1791376157436,legacy_historical,,,,,,,,,
1787636700000,765.32,1787637599999,1791376157436,legacy_historical,,,,,,,,,
1787637600000,765.4,1787638499999,1791376157436,legacy_historical,,,,,,,,,
1787638500000,765.7839148,1787639399999,1791376157436,legacy_historical,,,,,,,,,
1787639400000,766.03581053,1787640299999,1791376157436,legacy_historical,,,,,,,,,
1787640300000,766.05,1787641199999,1791376157436,legacy_historical,,,,,,,,,
1787641200000,766.03701722,1787642099999,1791376157436,legacy_historical,,,,,,,,,
1787642100000,765.70034266,1787642999999,1791376157436,legacy_historical,,,,,,,,,
1787643000000,765.92115774,1787643899999,1791376157436,legacy_historical,,,,,,,,,
1787643900000,765.53660331,1787644799999,1791376157436,legacy_historical,,,,,,,,,
1787644800000,765.43043559,1787645699999,1791376157436,legacy_historical,,,,,,,,,
1787645700000,766.44741323,1787646599999,1791376157436,legacy_historical,,,,,,,,,
1787646600000,766.52826188,1787647499999,1791376157436,legacy_historical,,,,,,,,,
1787647500000,766.95609726,1787648399999,1791376157436,legacy_historical,,,,,,,,,
1787648400000,767.08,1787649299999,1791376157436,legacy_historical,,,,,,,,,
1787649300000,767.1539699,1787650199999,1791376157436,legacy_historical,,,,,,,,,
1787650200000,767.7921943,1787651099999,1791376157436,legacy_historical,,,,,,,,,
1787651100000,768.11775012,1787651999999,1791376157436,legacy_historical,,,,,,,,,
1787652000000,768.02196992,1787652899999,1791376157436,legacy_historical,,,,,,,,,
1787652900000,767.67,1787653799999,1791376157436,legacy_historical,,,,,,,,,
1787653800000,767.32658839,1787654699999,1791376157436,legacy_historical,,,,,,,,,
1787654700000,767.50205513,1787655599999,1791376157436,legacy_historical,,,,,,,,,
1787655600000,767.13700515,1787656499999,1791376157436,legacy_historical,,,,,,,,,
1787656500000,767.06290799,1787657399999,1791376157436,legacy_historical,,,,,,,,,
1787657400000,767.34,1787658299999,1791376157436,legacy_historical,,,,,,,,,
1787658300000,767.59,1787659199999,1791376157436,legacy_historical,,,,,,,,,
1787659200000,767.57729432,1787660099999,1791376157436,legacy_historical,,,,,,,,,
1787660100000,767.74814466,1787660999999,1791376157436,legacy_historical,,,,,,,,,
1787661000000,767.0,1787661899999,1791376157436,legacy_historical,,,,,,,,,
1787661900000,767.10479421,1787662799999,1791376157436,legacy_historical,,,,,,,,,
1787662800000,767.1,1787663699999,1791376157436,legacy_historical,,,,,,,,,
1787663700000,766.86,1787664599999,1791376157436,legacy_historical,,,,,,,,,
1787664600000,766.77,1787665499999,1791376157436,legacy_historical,,,,,,,,,
1787665500000,766.2,1787666399999,1791376157436,legacy_historical,,,,,,,,,
1787666400000,765.74,1787667299999,1791376157436,legacy_historical,,,,,,,,,
1787667300000,765.35147602,1787668199999,1791376157436,legacy_historical,,,,,,,,,
1787668200000,764.94520426,1787669099999,1791376157436,legacy_historical,,,,,,,,,
1787669100000,765.26998848,1787669999999,1791376157436,legacy_historical,,,,,,,,,
1787670000000,765.06042519,1787670899999,1791376157436,legacy_historical,,,,,,,,,
1787670900000,765.9,1787671799999,1791376157436,legacy_historical,,,,,,,,,
1787671800000,765.72,1787672699999,1791376157436,legacy_historical,,,,,,,,,
1787672700000,765.99,1787673599999,1791376157436,legacy_historical,,,,,,,,,
1787673600000,766.09,1787674499999,1791376157436,legacy_historical,,,,,,,,,
1787674500000,766.31131614,1787675399999,1791376157436,legacy_historical,,,,,,,,,
1787675400000,766.11,1787676299999,1791376157436,legacy_historical,,,,,,,,,
1787676300000,766.33,1787677199999,1791376157436,legacy_historical,,,,,,,,,
1787677200000,765.78,1787678099999,1791376157436,legacy_historical,,,,,,,,,
1787678100000,765.31,1787678999999,1791376157436,legacy_historical,,,,,,,,,
1787679000000,765.3001195,1787679899999,1791376157436,legacy_historical,,,,,,,,,
1787679900000,765.51489202,1787680799999,1791376157436,legacy_historical,,,,,,,,,
1787680800000,765.21767805,1787681699999,1791376157436,legacy_historical,,,,,,,,,
1787681700000,765.34,1787682599999,1791376157436,legacy_historical,,,,,,,,,
1787682600000,765.95,1787683499999,1791376157436,legacy_historical,,,,,,,,,
1787683500000,766.02,1787684399999,1791376157436,legacy_historical,,,,,,,,,
1787684400000,765.54902238,1787685299999,1791376157436,legacy_historical,,,,,,,,,
1787685300000,765.51,1787686199999,1791376157436,legacy_historical,,,,,,,,,
1787686200000,765.81020432,1787687099999,1791376157436,legacy_historical,,,,,,,,,
1787687100000,766.23,1787687999999,1791376157436,legacy_historical,,,,,,,,,
1787688000000,766.35090163,1787688899999,1791376157436,legacy_historical,,,,,,,,,
1787688900000,766.57636161,1787689799999,1791376157436,legacy_historical,,,,,,,,,
1787689800000,766.27159151,1787690699999,1791376157436,legacy_historical,,,,,,,,,
1787690700000,766.13,1787691599999,1791376157436,legacy_historical,,,,,,,,,
1787691600000,766.38,1787692499999,1791376157436,legacy_historical,,,,,,,,,
1787692500000,766.13952683,1787693399999,1791376157436,legacy_historical,,,,,,,,,
1787693400000,766.13,1787694299999,1791376157436,legacy_historical,,,,,,,,,
1787694300000,766.63991094,1787695199999,1791376157436,legacy_historical,,,,,,,,,
1787695200000,766.43,1787696099999,1791376157436,legacy_historical,,,,,,,,,
1787696100000,766.57502665,1787696999999,1791376157436,legacy_historical,,,,,,,,,
1787697000000,766.55,1787697899999,1791376157436,legacy_historical,,,,,,,,,
1787697900000,766.54312162,1787698799999,1791376157436,legacy_historical,,,,,,,,,
1787698800000,766.44,1787699699999,1791376157436,legacy_historical,,,,,,,,,
1787699700000,766.13045926,1787700599999,1791376157436,legacy_historical,,,,,,,,,
1787700600000,765.92,1787701499999,1791376157436,legacy_historical,,,,,,,,,
1787701500000,765.72,1787702399999,1791376157436,legacy_historical,,,,,,,,,
1787702400000,765.55550604,1787703299999,1791376157436,legacy_historical,,,,,,,,,
1787703300000,765.45,1787704199999,1791376157436,legacy_historical,,,,,,,,,
1787704200000,765.27110065,1787705099999,1791376157436,legacy_historical,,,,,,,,,
1787705100000,764.88812574,1787705999999,1791376157436,legacy_historical,,,,,,,,,
1787706000000,765.16961115,1787706899999,1791376157436,legacy_historical,,,,,,,,,
1787706900000,764.88003136,1787707799999,1791376157436,legacy_historical,,,,,,,,,
1787707800000,764.85,1787708699999,1791376157436,legacy_historical,,,,,,,,,
1787708700000,764.98,1787709599999,1791376157436,legacy_historical,,,,,,,,,
1787709600000,765.02821726,1787710499999,1791376157436,legacy_historical,,,,,,,,,
1787710500000,765.40042779,1787711399999,1791376157436,legacy_historical,,,,,,,,,
1787711400000,765.95,1787712299999,1791376157436,legacy_historical,,,,,,,,,
1787712300000,766.01041094,1787713199999,1791376157436,legacy_historical,,,,,,,,,
1787713200000,766.14,1787714099999,1791376157436,legacy_historical,,,,,,,,,
1787714100000,765.9625159,1787714999999,1791376157436,legacy_historical,,,,,,,,,
1787715000000,766.07,1787715899999,1791376157436,legacy_historical,,,,,,,,,
1787715900000,766.29043962,1787716799999,1791376157436,legacy_historical,,,,,,,,,
1787716800000,766.30231762,1787717699999,1791376157436,legacy_historical,,,,,,,,,
1787717700000,766.32,1787718599999,1791376157436,legacy_historical,,,,,,,,,
1787718600000,766.16321078,1787719499999,1791376157436,legacy_historical,,,,,,,,,
1787719500000,765.76305111,1787720399999,1791376157436,legacy_historical,,,,,,,,,
1787720400000,766.03679758,1787721299999,1791376157436,legacy_historical,,,,,,,,,
1787721300000,766.09,1787722199999,1791376157436,legacy_historical,,,,,,,,,
1787722200000,766.03,1787723099999,1791376157436,legacy_historical,,,,,,,,,
1787723100000,765.98714008,1787723999999,1791376157436,legacy_historical,,,,,,,,,
1787724000000,765.85,1787724899999,1791376157436,legacy_historical,,,,,,,,,
1787724900000,765.78707927,1787725799999,1791376157436,legacy_historical,,,,,,,,,
1787725800000,766.35,1787726699999,1791376157436,legacy_historical,,,,,,,,,
1787726700000,766.29453887,1787727599999,1791376157436,legacy_historical,,,,,,,,,
1787727600000,766.25,1787728499999,1791376157436,legacy_historical,,,,,,,,,
1787728500000,765.82,1787729399999,1791376157436,legacy_historical,,,,,,,,,
1787729400000,765.83,1787730299999,1791376157436,legacy_historical,,,,,,,,,
1787730300000,766.00939827,1787731199999,1791376157436,legacy_historical,,,,,,,,,
1787731200000,765.91472891,1787732099999,1791376157436,legacy_historical,,,,,,,,,
1787732100000,766.19588878,1787732999999,1791376157436,legacy_historical,,,,,,,,,
1787733000000,766.21,1787733899999,1791376157436,legacy_historical,,,,,,,,,
1787733900000,766.07,1787734799999,1791376157436,legacy_historical,,,,,,,,,
1787734800000,766.05,1787735699999,1791376157436,legacy_historical,,,,,,,,,
1787735700000,765.86,1787736599999,1791376157436,legacy_historical,,,,,,,,,
1787736600000,766.02629506,1787737499999,1791376157436,legacy_historical,,,,,,,,,
1787737500000,766.20728603,1787738399999,1791376157436,legacy_historical,,,,,,,,,
1787738400000,765.79442284,1787739299999,1791376157436,legacy_historical,,,,,,,,,
1787739300000,765.81112814,1787740199999,1791376157436,legacy_historical,,,,,,,,,
1787740200000,766.04,1787741099999,1791376157436,legacy_historical,,,,,,,,,
1787741100000,766.12,1787741999999,1791376157436,legacy_historical,,,,,,,,,
1787742000000,766.29,1787742899999,1791376157436,legacy_historical,,,,,,,,,
1787742900000,766.25,1787743799999,1791376157436,legacy_historical,,,,,,,,,
1787743800000,765.95,1787744699999,1791376157436,legacy_historical,,,,,,,,,
1787744700000,766.12,1787745599999,1791376157436,legacy_historical,,,,,,,,,
1787745600000,766.10799589,1787746499999,1791376157436,legacy_historical,,,,,,,,,
1787746500000,766.79522151,1787747399999,1791376157436,legacy_historical,,,,,,,,,
1787747400000,765.52754059,1787748299999,1791376157436,legacy_historical,,,,,,,,,
1787748300000,765.4,1787749199999,1791376157436,legacy_historical,,,,,,,,,
1787749200000,765.53871389,1787750099999,1791376157436,legacy_historical,,,,,,,,,
1787750100000,765.37039214,1787750999999,1791376157436,legacy_historical,,,,,,,,,
1787751000000,766.86204766,1787751899999,1791376157436,legacy_historical,,,,,,,,,
1787751900000,767.43138443,1787752799999,1791376157436,legacy_historical,,,,,,,,,
1787752800000,766.72,1787753699999,1791376157436,legacy_historical,,,,,,,,,
1787753700000,765.61,1787754599999,1791376157436,legacy_historical,,,,,,,,,
1787754600000,765.92,1787755499999,1791376157436,legacy_historical,,,,,,,,,
1787755500000,766.38,1787756399999,1791376157436,legacy_historical,,,,,,,,,
1787756400000,766.75,1787757299999,1791376157436,legacy_historical,,,,,,,,,
1787757300000,766.53366174,1787758199999,1791376157436,legacy_historical,,,,,,,,,
1787758200000,766.5723763,1787759099999,1791376157436,legacy_historical,,,,,,,,,
1787759100000,765.9636187,1787759999999,1791376157436,legacy_historical,,,,,,,,,
1787760000000,765.57,1787760899999,1791376157436,legacy_historical,,,,,,,,,
1787760900000,765.41087695,1787761799999,1791376157436,legacy_historical,,,,,,,,,
1787761800000,764.64,1787762699999,1791376157436,legacy_historical,,,,,,,,,
1787762700000,765.13,1787763599999,1791376157436,legacy_historical,,,,,,,,,
1787763600000,765.5,1787764499999,1791376157436,legacy_historical,,,,,,,,,
1787764500000,766.0,1787765399999,1791376157436,legacy_historical,,,,,,,,,
1787765400000,766.15,1787766299999,1791376157436,legacy_historical,,,,,,,,,
1787766300000,766.09832378,1787767199999,1791376157436,legacy_historical,,,,,,,,,
1787767200000,765.83964868,1787768099999,1791376157436,legacy_historical,,,,,,,,,
1787768100000,766.09,1787768999999,1791376157436,legacy_historical,,,,,,,,,
1787769000000,766.26,1787769899999,1791376157436,legacy_historical,,,,,,,,,
1787769900000,766.94,1787770799999,1791376157436,legacy_historical,,,,,,,,,
1787770800000,767.36,1787771699999,1791376157436,legacy_historical,,,,,,,,,
1787771700000,767.39226298,1787772599999,1791376157436,legacy_historical,,,,,,,,,
1787772600000,767.09,1787773499999,1791376157436,legacy_historical,,,,,,,,,
1787773500000,766.24946594,1787774399999,1791376157436,legacy_historical,,,,,,,,,
1787774400000,767.45,1787775299999,1791376157436,legacy_historical,,,,,,,,,
1787775300000,767.01321878,1787776199999,1791376157436,legacy_historical,,,,,,,,,
1787776200000,766.8841973,1787777099999,1791376157436,legacy_historical,,,,,,,,,
1787777100000,768.06655983,1787777999999,1791376157436,legacy_historical,,,,,,,,,
1787778000000,769.52,1787778899999,1791376157436,legacy_historical,,,,,,,,,
1787778900000,769.99085142,1787779799999,1791376157436,legacy_historical,,,,,,,,,
1787779800000,770.11,1787780699999,1791376157436,legacy_historical,,,,,,,,,
1787780700000,770.17449084,1787781599999,1791376157436,legacy_historical,,,,,,,,,
1787781600000,770.46,1787782499999,1791376157436,legacy_historical,,,,,,,,,
1787782500000,771.0,1787783399999,1791376157436,legacy_historical,,,,,,,,,
1787783400000,771.23557728,1787784299999,1791376157436,legacy_historical,,,,,,,,,
1787784300000,770.89646475,1787785199999,1791376157436,legacy_historical,,,,,,,,,
1787785200000,770.66292312,1787786099999,1791376157436,legacy_historical,,,,,,,,,
1787786100000,770.64,1787786999999,1791376157436,legacy_historical,,,,,,,,,
1787787000000,770.81,1787787899999,1791376157436,legacy_historical,,,,,,,,,
1787787900000,771.21,1787788799999,1791376157436,legacy_historical,,,,,,,,,
1787788800000,770.43,1787789699999,1791376157436,legacy_historical,,,,,,,,,
1787789700000,770.35,1787790599999,1791376157436,legacy_historical,,,,,,,,,
1787790600000,769.46,1787791499999,1791376157436,legacy_historical,,,,,,,,,
1787791500000,769.06791558,1787792399999,1791376157436,legacy_historical,,,,,,,,,
1787792400000,769.22345111,1787793299999,1791376157436,legacy_historical,,,,,,,,,
1787793300000,769.73,1787794199999,1791376157436,legacy_historical,,,,,,,,,
1787794200000,769.49737714,1787795099999,1791376157436,legacy_historical,,,,,,,,,
1787795100000,769.93405233,1787795999999,1791376157436,legacy_historical,,,,,,,,,
1787796000000,770.14921545,1787796899999,1791376157436,legacy_historical,,,,,,,,,
1787796900000,770.03728019,1787797799999,1791376157436,legacy_historical,,,,,,,,,
1787797800000,770.13,1787798699999,1791376157436,legacy_historical,,,,,,,,,
1787798700000,770.21717648,1787799599999,1791376157436,legacy_historical,,,,,,,,,
1787799600000,770.05910673,1787800499999,1791376157436,legacy_historical,,,,,,,,,
1787800500000,770.35595373,1787801399999,1791376157436,legacy_historical,,,,,,,,,
1787801400000,770.31269286,1787802299999,1791376157436,legacy_historical,,,,,,,,,
1787802300000,770.14185144,1787803199999,1791376157436,legacy_historical,,,,,,,,,
1787803200000,770.17,1787804099999,1791376157436,legacy_historical,,,,,,,,,
1787804100000,770.06399769,1787804999999,1791376157436,legacy_historical,,,,,,,,,
1787805000000,769.67632279,1787805899999,1791376157436,legacy_historical,,,,,,,,,
1787805900000,769.62,1787806799999,1791376157436,legacy_historical,,,,,,,,,
1787806800000,769.36309342,1787807699999,1791376157436,legacy_historical,,,,,,,,,
1787807700000,769.03,1787808599999,1791376157436,legacy_historical,,,,,,,,,
1787808600000,768.60662378,1787809499999,1791376157436,legacy_historical,,,,,,,,,
1787809500000,768.7369085,1787810399999,1791376157436,legacy_historical,,,,,,,,,
1787810400000,768.46880402,1787811299999,1791376157436,legacy_historical,,,,,,,,,
1787811300000,768.54782971,1787812199999,1791376157436,legacy_historical,,,,,,,,,
1787812200000,768.90648676,1787813099999,1791376157436,legacy_historical,,,,,,,,,
1787813100000,769.09,1787813999999,1791376157436,legacy_historical,,,,,,,,,
1787814000000,769.45,1787814899999,1791376157436,legacy_historical,,,,,,,,,
1787814900000,769.36834103,1787815799999,1791376157436,legacy_historical,,,,,,,,,
1787815800000,768.98,1787816699999,1791376157436,legacy_historical,,,,,,,,,
1787816700000,769.33603636,1787817599999,1791376157436,legacy_historical,,,,,,,,,
1787817600000,770.51,1787818499999,1791376157436,legacy_historical,,,,,,,,,
1787818500000,770.59092736,1787819399999,1791376157436,legacy_historical,,,,,,,,,
1787819400000,770.28663005,1787820299999,1791376157436,legacy_historical,,,,,,,,,
1787820300000,770.16,1787821199999,1791376157436,legacy_historical,,,,,,,,,
1787821200000,769.52208599,1787822099999,1791376157436,legacy_historical,,,,,,,,,
1787822100000,769.77485212,1787822999999,1791376157436,legacy_historical,,,,,,,,,
1787823000000,769.95,1787823899999,1791376157436,legacy_historical,,,,,,,,,
1787823900000,769.83,1787824799999,1791376157436,legacy_historical,,,,,,,,,
1787824800000,769.63705498,1787825699999,1791376157436,legacy_historical,,,,,,,,,
1787825700000,769.36646834,1787826599999,1791376157436,legacy_historical,,,,,,,,,
1787826600000,769.67,1787827499999,1791376157436,legacy_historical,,,,,,,,,
1787827500000,769.69905104,1787828399999,1791376157436,legacy_historical,,,,,,,,,
1787828400000,770.02,1787829299999,1791376157436,legacy_historical,,,,,,,,,
1787829300000,769.44660747,1787830199999,1791376157436,legacy_historical,,,,,,,,,
1787830200000,769.32,1787831099999,1791376157436,legacy_historical,,,,,,,,,
1787831100000,769.56548553,1787831999999,1791376157436,legacy_historical,,,,,,,,,
1787832000000,769.87085575,1787832899999,1791376157436,legacy_historical,,,,,,,,,
1787832900000,769.58708626,1787833799999,1791376157436,legacy_historical,,,,,,,,,
1787833800000,768.74,1787834699999,1791376157436,legacy_historical,,,,,,,,,
1787834700000,768.63993528,1787835599999,1791376157436,legacy_historical,,,,,,,,,
1787835600000,768.86238884,1787836499999,1791376157436,legacy_historical,,,,,,,,,
1787836500000,769.08301363,1787837399999,1791376157436,legacy_historical,,,,,,,,,
1787837400000,769.59,1787838299999,1791376157436,legacy_historical,,,,,,,,,
1787838300000,768.95791174,1787839199999,1791376157436,legacy_historical,,,,,,,,,
1787839200000,769.00354276,1787840099999,1791376157436,legacy_historical,,,,,,,,,
1787840100000,769.9750556,1787840999999,1791376157436,legacy_historical,,,,,,,,,
1787841000000,769.99,1787841899999,1791376157436,legacy_historical,,,,,,,,,
1787841900000,770.67,1787842799999,1791376157436,legacy_historical,,,,,,,,,
1787842800000,771.03530892,1787843699999,1791376157436,legacy_historical,,,,,,,,,
1787843700000,770.58718688,1787844599999,1791376157436,legacy_historical,,,,,,,,,
1787844600000,770.06488561,1787845499999,1791376157436,legacy_historical,,,,,,,,,
1787845500000,771.06,1787846399999,1791376157436,legacy_historical,,,,,,,,,
1787846400000,771.00826263,1787847299999,1791376157436,legacy_historical,,,,,,,,,
1787847300000,771.28,1787848199999,1791376157436,legacy_historical,,,,,,,,,
1787848200000,771.95,1787849099999,1791376157436,legacy_historical,,,,,,,,,
1787849100000,772.35,1787849999999,1791376157436,legacy_historical,,,,,,,,,
1787850000000,772.41925891,1787850899999,1791376157436,legacy_historical,,,,,,,,,
1787850900000,772.08,1787851799999,1791376157436,legacy_historical,,,,,,,,,
1787851800000,771.924024,1787852699999,1791376157436,legacy_historical,,,,,,,,,
1787852700000,771.61,1787853599999,1791376157436,legacy_historical,,,,,,,,,
1787853600000,770.65265823,1787854499999,1791376157436,legacy_historical,,,,,,,,,
1787854500000,769.74226046,1787855399999,1791376157436,legacy_historical,,,,,,,,,
1787855400000,770.20305614,1787856299999,1791376157436,legacy_historical,,,,,,,,,
1787856300000,770.0149974,1787857199999,1791376157436,legacy_historical,,,,,,,,,
1787857200000,770.31393296,1787858099999,1791376157436,legacy_historical,,,,,,,,,
1787858100000,770.35,1787858999999,1791376157436,legacy_historical,,,,,,,,,
1787859000000,771.01,1787859899999,1791376157436,legacy_historical,,,,,,,,,
1787859900000,771.54,1787860799999,1791376157436,legacy_historical,,,,,,,,,
1787860800000,770.96035573,1787861699999,1791376157436,legacy_historical,,,,,,,,,
1787861700000,770.67,1787862599999,1791376157436,legacy_historical,,,,,,,,,
1787862600000,770.76,1787863499999,1791376157436,legacy_historical,,,,,,,,,
1787863500000,770.67,1787864399999,1791376157436,legacy_historical,,,,,,,,,
1787864400000,770.78,1787865299999,1791376157436,legacy_historical,,,,,,,,,
1787865300000,770.81,1787866199999,1791376157436,legacy_historical,,,,,,,,,
1787866200000,771.04855455,1787867099999,1791376157436,legacy_historical,,,,,,,,,
1787867100000,771.02,1787867999999,1791376157436,legacy_historical,,,,,,,,,
1787868000000,770.69742653,1787868899999,1791376157436,legacy_historical,,,,,,,,,
1787868900000,770.7798544,1787869799999,1791376157436,legacy_historical,,,,,,,,,
1787869800000,770.68,1787870699999,1791376157436,legacy_historical,,,,,,,,,
1787870700000,770.67,1787871599999,1791376157436,legacy_historical,,,,,,,,,
1787871600000,770.47,1787872499999,1791376157436,legacy_historical,,,,,,,,,
1787872500000,770.4,1787873399999,1791376157436,legacy_historical,,,,,,,,,
1787873400000,770.40727244,1787874299999,1791376157436,legacy_historical,,,,,,,,,
1787874300000,770.14,1787875199999,1791376157436,legacy_historical,,,,,,,,,
1787875200000,770.88,1787876099999,1791376157436,legacy_historical,,,,,,,,,
1787876100000,770.88,1787876999999,1791376157436,legacy_historical,,,,,,,,,
1787877000000,770.97958687,1787877899999,1791376157436,legacy_historical,,,,,,,,,
1787877900000,771.06,1787878799999,1791376157436,legacy_historical,,,,,,,,,
1787878800000,771.32,1787879699999,1791376157436,legacy_historical,,,,,,,,,
1787879700000,771.31147191,1787880599999,1791376157436,legacy_historical,,,,,,,,,
1787880600000,771.3,1787881499999,1791376157436,legacy_historical,,,,,,,,,
1787881500000,771.59409566,1787882399999,1791376157436,legacy_historical,,,,,,,,,
1787882400000,771.80204936,1787883299999,1791376157436,legacy_historical,,,,,,,,,
1787883300000,771.78397099,1787884199999,1791376157436,legacy_historical,,,,,,,,,
1787884200000,771.37413942,1787885099999,1791376157436,legacy_historical,,,,,,,,,
1787885100000,771.4,1787885999999,1791376157436,legacy_historical,,,,,,,,,
1787886000000,771.83245527,1787886899999,1791376157436,legacy_historical,,,,,,,,,
1787886900000,771.88383175,1787887799999,1791376157436,legacy_historical,,,,,,,,,
1787887800000,771.25371911,1787888699999,1791376157436,legacy_historical,,,,,,,,,
1787888700000,771.50570111,1787889599999,1791376157436,legacy_historical,,,,,,,,,
1787889600000,771.43,1787890499999,1791376157436,legacy_historical,,,,,,,,,
1787890500000,771.45,1787891399999,1791376157436,legacy_historical,,,,,,,,,
1787891400000,771.29,1787892299999,1791376157436,legacy_historical,,,,,,,,,
1787892300000,771.21,1787893199999,1791376157436,legacy_historical,,,,,,,,,
1787893200000,771.14,1787894099999,1791376157436,legacy_historical,,,,,,,,,
1787894100000,771.09851619,1787894999999,1791376157436,legacy_historical,,,,,,,,,
1787895000000,770.96,1787895899999,1791376157436,legacy_historical,,,,,,,,,
1787895900000,770.92912099,1787896799999,1791376157436,legacy_historical,,,,,,,,,
1787896800000,771.05,1787897699999,1791376157436,legacy_historical,,,,,,,,,
1787897700000,771.02913355,1787898599999,1791376157436,legacy_historical,,,,,,,,,
1787898600000,771.5,1787899499999,1791376157436,legacy_historical,,,,,,,,,
1787899500000,771.84920492,1787900399999,1791376157436,legacy_historical,,,,,,,,,
1787900400000,771.55587676,1787901299999,1791376157436,legacy_historical,,,,,,,,,
1787901300000,771.64542783,1787902199999,1791376157436,legacy_historical,,,,,,,,,
1787902200000,771.4033858,1787903099999,1791376157436,legacy_historical,,,,,,,,,
1787903100000,771.4958738,1787903999999,1791376157436,legacy_historical,,,,,,,,,
1787904000000,771.33444471,1787904899999,1791376157436,legacy_historical,,,,,,,,,
1787904900000,771.37,1787905799999,1791376157436,legacy_historical,,,,,,,,,
1787905800000,771.67,1787906699999,1791376157436,legacy_historical,,,,,,,,,
1787906700000,771.48,1787907599999,1791376157436,legacy_historical,,,,,,,,,
1787907600000,771.39,1787908499999,1791376157436,legacy_historical,,,,,,,,,
1787908500000,771.56026417,1787909399999,1791376157436,legacy_historical,,,,,,,,,
1787909400000,771.42,1787910299999,1791376157436,legacy_historical,,,,,,,,,
1787910300000,771.48238484,1787911199999,1791376157436,legacy_historical,,,,,,,,,
1787911200000,771.41,1787912099999,1791376157436,legacy_historical,,,,,,,,,
1787912100000,771.62764057,1787912999999,1791376157436,legacy_historical,,,,,,,,,
1787913000000,771.49786811,1787913899999,1791376157436,legacy_historical,,,,,,,,,
1787913900000,771.75653802,1787914799999,1791376157436,legacy_historical,,,,,,,,,
1787914800000,771.66565043,1787915699999,1791376157436,legacy_historical,,,,,,,,,
1787915700000,771.77,1787916599999,1791376157436,legacy_historical,,,,,,,,,
1787916600000,771.43936833,1787917499999,1791376157436,legacy_historical,,,,,,,,,
1787917500000,771.43,1787918399999,1791376157436,legacy_historical,,,,,,,,,
1787918400000,771.94,1787919299999,1791376157436,legacy_historical,,,,,,,,,
1787919300000,772.30979667,1787920199999,1791376157436,legacy_historical,,,,,,,,,
1787920200000,772.33,1787921099999,1791376157436,legacy_historical,,,,,,,,,
1787921100000,772.48727314,1787921999999,1791376157436,legacy_historical,,,,,,,,,
1787922000000,772.42,1787922899999,1791376157436,legacy_historical,,,,,,,,,
1787922900000,772.25782979,1787923799999,1791376157436,legacy_historical,,,,,,,,,
1787923800000,772.85,1787924699999,1791376157436,legacy_historical,,,,,,,,,
1787924700000,772.3,1787925599999,1791376157436,legacy_historical,,,,,,,,,
1787925600000,770.53,1787926499999,1791376157436,legacy_historical,,,,,,,,,
1787926500000,771.52187795,1787927399999,1791376157436,legacy_historical,,,,,,,,,
1787927400000,773.63,1787928299999,1791376157436,legacy_historical,,,,,,,,,
1787928300000,775.05014548,1787929199999,1791376157436,legacy_historical,,,,,,,,,
1787929200000,774.25711357,1787930099999,1791376157436,legacy_historical,,,,,,,,,
1787930100000,775.10011576,1787930999999,1791376157436,legacy_historical,,,,,,,,,
1787931000000,773.04895201,1787931899999,1791376157436,legacy_historical,,,,,,,,,
1787931900000,771.36373484,1787932799999,1791376157436,legacy_historical,,,,,,,,,
1787932800000,771.29372359,1787933699999,1791376157436,legacy_historical,,,,,,,,,
1787933700000,769.99,1787934599999,1791376157436,legacy_historical,,,,,,,,,
1787934600000,770.02,1787935499999,1791376157436,legacy_historical,,,,,,,,,
1787935500000,770.12411254,1787936399999,1791376157436,legacy_historical,,,,,,,,,
1787936400000,769.65097869,1787937299999,1791376157436,legacy_historical,,,,,,,,,
1787937300000,769.26984465,1787938199999,1791376157436,legacy_historical,,,,,,,,,
1787938200000,769.33682784,1787939099999,1791376157436,legacy_historical,,,,,,,,,
1787939100000,769.79433895,1787939999999,1791376157436,legacy_historical,,,,,,,,,
1787940000000,769.561705,1787940899999,1791376157436,legacy_historical,,,,,,,,,
1787940900000,769.47598547,1787941799999,1791376157436,legacy_historical,,,,,,,,,
1787941800000,769.74,1787942699999,1791376157436,legacy_historical,,,,,,,,,
1787942700000,769.10646776,1787943599999,1791376157436,legacy_historical,,,,,,,,,
1787943600000,769.7,1787944499999,1791376157436,legacy_historical,,,,,,,,,
1787944500000,769.94,1787945399999,1791376157436,legacy_historical,,,,,,,,,
1787945400000,770.06307825,1787946299999,1791376157436,legacy_historical,,,,,,,,,
1787946300000,769.58,1787947199999,1791376157436,legacy_historical,,,,,,,,,
1787947200000,769.69823064,1787948099999,1791376157436,legacy_historical,,,,,,,,,
1787948100000,769.57,1787948999999,1791376157436,legacy_historical,,,,,,,,,
1787949000000,769.75471231,1787949899999,1791376157436,legacy_historical,,,,,,,,,
1787949900000,769.89923198,1787950799999,1791376157436,legacy_historical,,,,,,,,,
1787950800000,769.99089444,1787951699999,1791376157436,legacy_historical,,,,,,,,,
1787951700000,769.70128752,1787952599999,1791376157436,legacy_historical,,,,,,,,,
1787952600000,770.08053774,1787953499999,1791376157436,legacy_historical,,,,,,,,,
1787953500000,769.93,1787954399999,1791376157436,legacy_historical,,,,,,,,,
1787954400000,770.14,1787955299999,1791376157436,legacy_historical,,,,,,,,,
1787955300000,770.02585356,1787956199999,1791376157436,legacy_historical,,,,,,,,,
1787956200000,770.06361964,1787957099999,1791376157436,legacy_historical,,,,,,,,,
1787957100000,770.08790135,1787957999999,1791376157436,legacy_historical,,,,,,,,,
1787958000000,770.13026601,1787958899999,1791376157436,legacy_historical,,,,,,,,,
1787958900000,769.9,1787959799999,1791376157436,legacy_historical,,,,,,,,,
1787959800000,769.93,1787960699999,1791376157436,legacy_historical,,,,,,,,,
1787960700000,769.78,1787961599999,1791376157436,legacy_historical,,,,,,,,,
1787961600000,769.3635502,1787962499999,1791376157436,legacy_historical,,,,,,,,,
1787962500000,769.64589401,1787963399999,1791376157436,legacy_historical,,,,,,,,,
1787963400000,769.67,1787964299999,1791376157436,legacy_historical,,,,,,,,,
1787964300000,769.6,1787965199999,1791376157436,legacy_historical,,,,,,,,,
1787965200000,769.90703767,1787966099999,1791376157436,legacy_historical,,,,,,,,,
1787966100000,770.21,1787966999999,1791376157436,legacy_historical,,,,,,,,,
1787967000000,770.34790513,1787967899999,1791376157436,legacy_historical,,,,,,,,,
1787967900000,770.39702839,1787968799999,1791376157436,legacy_historical,,,,,,,,,
1787968800000,770.30570857,1787969699999,1791376157436,legacy_historical,,,,,,,,,
1787969700000,770.32561477,1787970599999,1791376157436,legacy_historical,,,,,,,,,
1787970600000,770.29,1787971499999,1791376157436,legacy_historical,,,,,,,,,
1787971500000,770.83898201,1787972399999,1791376157436,legacy_historical,,,,,,,,,
1787972400000,770.80684944,1787973299999,1791376157436,legacy_historical,,,,,,,,,
1787973300000,770.80601989,1787974199999,1791376157436,legacy_historical,,,,,,,,,
1787974200000,770.55,1787975099999,1791376157436,legacy_historical,,,,,,,,,
1787975100000,770.48,1787975999999,1791376157436,legacy_historical,,,,,,,,,
1787976000000,770.38762702,1787976899999,1791376157436,legacy_historical,,,,,,,,,
1787976900000,770.43,1787977799999,1791376157436,legacy_historical,,,,,,,,,
1787977800000,770.77683579,1787978699999,1791376157436,legacy_historical,,,,,,,,,
1787978700000,770.87,1787979599999,1791376157436,legacy_historical,,,,,,,,,
1787979600000,770.71455688,1787980499999,1791376157436,legacy_historical,,,,,,,,,
1787980500000,770.78497526,1787981399999,1791376157436,legacy_historical,,,,,,,,,
1787981400000,770.96,1787982299999,1791376157436,legacy_historical,,,,,,,,,
1787982300000,770.87502977,1787983199999,1791376157436,legacy_historical,,,,,,,,,
1787983200000,770.90909543,1787984099999,1791376157436,legacy_historical,,,,,,,,,
1787984100000,770.87502117,1787984999999,1791376157436,legacy_historical,,,,,,,,,
1787985000000,770.88,1787985899999,1791376157436,legacy_historical,,,,,,,,,
1787985900000,770.90519041,1787986799999,1791376157436,legacy_historical,,,,,,,,,
1787986800000,770.9208455,1787987699999,1791376157436,legacy_historical,,,,,,,,,
1787987700000,771.04575915,1787988599999,1791376157436,legacy_historical,,,,,,,,,
1787988600000,771.06553676,1787989499999,1791376157436,legacy_historical,,,,,,,,,
1787989500000,771.00057543,1787990399999,1791376157436,legacy_historical,,,,,,,,,
1787990400000,770.87419076,1787991299999,1791376157436,legacy_historical,,,,,,,,,
1787991300000,770.95,1787992199999,1791376157436,legacy_historical,,,,,,,,,
1787992200000,770.96906751,1787993099999,1791376157436,legacy_historical,,,,,,,,,
1787993100000,771.1,1787993999999,1791376157436,legacy_historical,,,,,,,,,
1787994000000,770.67874216,1787994899999,1791376157436,legacy_historical,,,,,,,,,
1787994900000,770.88493765,1787995799999,1791376157436,legacy_historical,,,,,,,,,
1787995800000,770.78,1787996699999,1791376157436,legacy_historical,,,,,,,,,
1787996700000,770.78,1787997599999,1791376157436,legacy_historical,,,,,,,,,
1787997600000,770.81497805,1787998499999,1791376157436,legacy_historical,,,,,,,,,
1787998500000,770.86,1787999399999,1791376157436,legacy_historical,,,,,,,,,
1787999400000,771.0772153,1788000299999,1791376157436,legacy_historical,,,,,,,,,
1788000300000,771.0053891,1788001199999,1791376157436,legacy_historical,,,,,,,,,
1788001200000,771.00521427,1788002099999,1791376157436,legacy_historical,,,,,,,,,
1788002100000,771.03,1788002999999,1791376157436,legacy_historical,,,,,,,,,
1788003000000,770.73308948,1788003899999,1791376157436,legacy_historical,,,,,,,,,
1788003900000,770.85484419,1788004799999,1791376157436,legacy_historical,,,,,,,,,
1788004800000,770.71,1788005699999,1791376157436,legacy_historical,,,,,,,,,
1788005700000,770.75,1788006599999,1791376157436,legacy_historical,,,,,,,,,
1788006600000,770.82,1788007499999,1791376157436,legacy_historical,,,,,,,,,
1788007500000,770.77512051,1788008399999,1791376157436,legacy_historical,,,,,,,,,
1788008400000,770.89,1788009299999,1791376157436,legacy_historical,,,,,,,,,
1788009300000,770.93,1788010199999,1791376157436,legacy_historical,,,,,,,,,
1788010200000,770.79,1788011099999,1791376157436,legacy_historical,,,,,,,,,
1788011100000,770.78,1788011999999,1791376157436,legacy_historical,,,,,,,,,
1788012000000,770.7,1788012899999,1791376157436,legacy_historical,,,,,,,,,
1788012900000,770.6943644,1788013799999,1791376157436,legacy_historical,,,,,,,,,
1788013800000,770.74,1788014699999,1791376157436,legacy_historical,,,,,,,,,
1788014700000,770.84577568,1788015599999,1791376157436,legacy_historical,,,,,,,,,
1788015600000,770.86,1788016499999,1791376157436,legacy_historical,,,,,,,,,
1788016500000,770.8252073,1788017399999,1791376157436,legacy_historical,,,,,,,,,
1788017400000,770.82504872,1788018299999,1791376157436,legacy_historical,,,,,,,,,
1788018300000,770.75,1788019199999,1791376157436,legacy_historical,,,,,,,,,
1788019200000,770.82755317,1788020099999,1791376157436,legacy_historical,,,,,,,,,
1788020100000,771.09,1788020999999,1791376157436,legacy_historical,,,,,,,,,
1788021000000,771.0254331,1788021899999,1791376157436,legacy_historical,,,,,,,,,
1788021900000,771.07565515,1788022799999,1791376157436,legacy_historical,,,,,,,,,
1788022800000,771.11,1788023699999,1791376157436,legacy_historical,,,,,,,,,
1788023700000,771.08,1788024599999,1791376157436,legacy_historical,,,,,,,,,
1788024600000,771.08,1788025499999,1791376157436,legacy_historical,,,,,,,,,
1788025500000,771.02,1788026399999,1791376157436,legacy_historical,,,,,,,,,
1788026400000,771.02,1788027299999,1791376157436,legacy_historical,,,,,,,,,
1788027300000,770.76304753,1788028199999,1791376157436,legacy_historical,,,,,,,,,
1788028200000,771.02,1788029099999,1791376157436,legacy_historical,,,,,,,,,
1788029100000,771.02561542,1788029999999,1791376157436,legacy_historical,,,,,,,,,
1788030000000,771.02539817,1788030899999,1791376157436,legacy_historical,,,,,,,,,
1788030900000,771.07569212,1788031799999,1791376157436,legacy_historical,,,,,,,,,
1788031800000,771.07552627,1788032699999,1791376157436,legacy_historical,,,,,,,,,
1788032700000,771.145932,1788033599999,1791376157436,legacy_historical,,,,,,,,,
1788033600000,771.2,1788034499999,1791376157436,legacy_historical,,,,,,,,,
1788034500000,771.05,1788035399999,1791376157436,legacy_historical,,,,,,,,,
1788035400000,771.16,1788036299999,1791376157436,legacy_historical,,,,,,,,,
1788036300000,771.35,1788037199999,1791376157436,legacy_historical,,,,,,,,,
1788037200000,771.6,1788038099999,1791376157436,legacy_historical,,,,,,,,,
1788038100000,771.58,1788038999999,1791376157436,legacy_historical,,,,,,,,,
1788039000000,771.36437819,1788039899999,1791376157436,legacy_historical,,,,,,,,,
1788039900000,771.19369277,1788040799999,1791376157436,legacy_historical,,,,,,,,,
1788040800000,771.07,1788041699999,1791376157436,legacy_historical,,,,,,,,,
1788041700000,771.14457345,1788042599999,1791376157436,legacy_historical,,,,,,,,,
1788042600000,771.23,1788043499999,1791376157436,legacy_historical,,,,,,,,,
1788043500000,771.23,1788044399999,1791376157436,legacy_historical,,,,,,,,,
1788044400000,771.23507764,1788045299999,1791376157436,legacy_historical,,,,,,,,,
1788045300000,771.34583127,1788046199999,1791376157436,legacy_historical,,,,,,,,,
1788046200000,771.3655654,1788047099999,1791376157436,legacy_historical,,,,,,,,,
1788047100000,771.36533126,1788047999999,1791376157436,legacy_historical,,,,,,,,,
1788048000000,771.32084049,1788048899999,1791376157436,legacy_historical,,,,,,,,,
1788048900000,771.2,1788049799999,1791376157436,legacy_historical,,,,,,,,,
1788049800000,771.19435607,1788050699999,1791376157436,legacy_historical,,,,,,,,,
1788050700000,771.26,1788051599999,1791376157436,legacy_historical,,,,,,,,,
1788051600000,771.26508982,1788052499999,1791376157436,legacy_historical,,,,,,,,,
1788052500000,771.32541639,1788053399999,1791376157436,legacy_historical,,,,,,,,,
1788053400000,771.34,1788054299999,1791376157436,legacy_historical,,,,,,,,,
1788054300000,771.27,1788055199999,1791376157436,legacy_historical,,,,,,,,,
1788055200000,771.42580516,1788056099999,1791376157436,legacy_historical,,,,,,,,,
1788056100000,771.68813197,1788056999999,1791376157436,legacy_historical,,,,,,,,,
1788057000000,771.18366465,1788057899999,1791376157436,legacy_historical,,,,,,,,,
1788057900000,771.32,1788058799999,1791376157436,legacy_historical,,,,,,,,,
1788058800000,771.24,1788059699999,1791376157436,legacy_historical,,,,,,,,,
1788059700000,771.15,1788060599999,1791376157436,legacy_historical,,,,,,,,,
1788060600000,771.42,1788061499999,1791376157436,legacy_historical,,,,,,,,,
1788061500000,771.3,1788062399999,1791376157436,legacy_historical,,,,,,,,,
1788062400000,771.26,1788063299999,1791376157436,legacy_historical,,,,,,,,,
1788063300000,771.20765897,1788064199999,1791376157436,legacy_historical,,,,,,,,,
1788064200000,771.26,1788065099999,1791376157436,legacy_historical,,,,,,,,,
1788065100000,771.39628256,1788065999999,1791376157436,legacy_historical,,,,,,,,,
1788066000000,771.41557924,1788066899999,1791376157436,legacy_historical,,,,,,,,,
1788066900000,771.41,1788067799999,1791376157436,legacy_historical,,,,,,,,,
1788067800000,771.41518175,1788068699999,1791376157436,legacy_historical,,,,,,,,,
1788068700000,771.54,1788069599999,1791376157436,legacy_historical,,,,,,,,,
1788069600000,771.36445482,1788070499999,1791376157436,legacy_historical,,,,,,,,,
1788070500000,771.38767558,1788071399999,1791376157436,legacy_historical,,,,,,,,,
1788071400000,771.09,1788072299999,1791376157436,legacy_historical,,,,,,,,,
1788072300000,771.15411944,1788073199999,1791376157436,legacy_historical,,,,,,,,,
1788073200000,771.13,1788074099999,1791376157436,legacy_historical,,,,,,,,,
1788074100000,771.14490913,1788074999999,1791376157436,legacy_historical,,,,,,,,,
1788075000000,770.97378827,1788075899999,1791376157436,legacy_historical,,,,,,,,,
1788075900000,770.87,1788076799999,1791376157436,legacy_historical,,,,,,,,,
1788076800000,770.95,1788077699999,1791376157436,legacy_historical,,,,,,,,,
1788077700000,771.13,1788078599999,1791376157436,legacy_historical,,,,,,,,,
1788078600000,771.02,1788079499999,1791376157436,legacy_historical,,,,,,,,,
1788079500000,770.99286753,1788080399999,1791376157436,legacy_historical,,,,,,,,,
1788080400000,771.15592756,1788081299999,1791376157436,legacy_historical,,,,,,,,,
1788081300000,771.26,1788082199999,1791376157436,legacy_historical,,,,,,,,,
1788082200000,771.4,1788083099999,1791376157436,legacy_historical,,,,,,,,,
1788083100000,771.33,1788083999999,1791376157436,legacy_historical,,,,,,,,,
1788084000000,771.15388148,1788084899999,1791376157436,legacy_historical,,,,,,,,,
1788084900000,771.34571696,1788085799999,1791376157436,legacy_historical,,,,,,,,,
1788085800000,771.15420985,1788086699999,1791376157436,legacy_historical,,,,,,,,,
1788086700000,771.57791413,1788087599999,1791376157436,legacy_historical,,,,,,,,,
1788087600000,771.56,1788088499999,1791376157436,legacy_historical,,,,,,,,,
1788088500000,771.62640654,1788089399999,1791376157436,legacy_historical,,,,,,,,,
1788089400000,771.69,1788090299999,1791376157436,legacy_historical,,,,,,,,,
1788090300000,771.40334656,1788091199999,1791376157436,legacy_historical,,,,,,,,,
1788091200000,771.63,1788092099999,1791376157436,legacy_historical,,,,,,,,,
1788092100000,771.53131724,1788092999999,1791376157436,legacy_historical,,,,,,,,,
1788093000000,771.79649527,1788093899999,1791376157436,legacy_historical,,,,,,,,,
1788093900000,772.02404341,1788094799999,1791376157436,legacy_historical,,,,,,,,,
1788094800000,771.86,1788095699999,1791376157436,legacy_historical,,,,,,,,,
1788095700000,771.8044135,1788096599999,1791376157436,legacy_historical,,,,,,,,,
1788096600000,771.85,1788097499999,1791376157436,legacy_historical,,,,,,,,,
1788097500000,771.90521605,1788098399999,1791376157436,legacy_historical,,,,,,,,,
1788098400000,771.95547691,1788099299999,1791376157436,legacy_historical,,,,,,,,,
1788099300000,772.04243442,1788100199999,1791376157436,legacy_historical,,,,,,,,,
1788100200000,771.83,1788101099999,1791376157436,legacy_historical,,,,,,,,,
1788101100000,772.29825818,1788101999999,1791376157436,legacy_historical,,,,,,,,,
1788102000000,772.12,1788102899999,1791376157436,legacy_historical,,,,,,,,,
1788102900000,771.50377907,1788103799999,1791376157436,legacy_historical,,,,,,,,,
1788103800000,772.16,1788104699999,1791376157436,legacy_historical,,,,,,,,,
1788104700000,772.45,1788105599999,1791376157436,legacy_historical,,,,,,,,,
1788105600000,772.17110537,1788106499999,1791376157436,legacy_historical,,,,,,,,,
1788106500000,772.33,1788107399999,1791376157436,legacy_historical,,,,,,,,,
1788107400000,772.37525338,1788108299999,1791376157436,legacy_historical,,,,,,,,,
1788108300000,772.43,1788109199999,1791376157436,legacy_historical,,,,,,,,,
1788109200000,772.43,1788110099999,1791376157436,legacy_historical,,,,,,,,,
1788110100000,772.28397922,1788110999999,1791376157436,legacy_historical,,,,,,,,,
1788111000000,772.54,1788111899999,1791376157436,legacy_historical,,,,,,,,,
1788111900000,772.54,1788112799999,1791376157436,legacy_historical,,,,,,,,,
1788112800000,772.48680936,1788113699999,1791376157436,legacy_historical,,,,,,,,,
1788113700000,772.56596052,1788114599999,1791376157436,legacy_historical,,,,,,,,,
1788114600000,772.47502562,1788115499999,1791376157436,legacy_historical,,,,,,,,,
1788115500000,772.94789701,1788116399999,1791376157436,legacy_historical,,,,,,,,,
1788116400000,773.1,1788117299999,1791376157436,legacy_historical,,,,,,,,,
1788117300000,772.49997859,1788118199999,1791376157436,legacy_historical,,,,,,,,,
1788118200000,772.70456679,1788119099999,1791376157436,legacy_historical,,,,,,,,,
1788119100000,772.71,1788119999999,1791376157436,legacy_historical,,,,,,,,,
1788120000000,772.59416916,1788120899999,1791376157436,legacy_historical,,,,,,,,,
1788120900000,772.17184379,1788121799999,1791376157436,legacy_historical,,,,,,,,,
1788121800000,771.92131267,1788122699999,1791376157436,legacy_historical,,,,,,,,,
1788122700000,771.77,1788123599999,1791376157436,legacy_historical,,,,,,,,,
1788123600000,771.42,1788124499999,1791376157436,legacy_historical,,,,,,,,,
1788124500000,771.33,1788125399999,1791376157436,legacy_historical,,,,,,,,,
1788125400000,771.36,1788126299999,1791376157436,legacy_historical,,,,,,,,,
1788126300000,771.27366694,1788127199999,1791376157436,legacy_historical,,,,,,,,,
1788127200000,769.31,1788128099999,1791376157436,legacy_historical,,,,,,,,,
1788128100000,769.34,1788128999999,1791376157436,legacy_historical,,,,,,,,,
1788129000000,768.8273469,1788129899999,1791376157436,legacy_historical,,,,,,,,,
1788129900000,769.2,1788130799999,1791376157436,legacy_historical,,,,,,,,,
1788130800000,768.87,1788131699999,1791376157436,legacy_historical,,,,,,,,,
1788131700000,768.61702303,1788132599999,1791376157436,legacy_historical,,,,,,,,,
1788132600000,768.06,1788133499999,1791376157436,legacy_historical,,,,,,,,,
1788133500000,767.03611852,1788134399999,1791376157436,legacy_historical,,,,,,,,,
1788134400000,767.30354512,1788135299999,1791376157436,legacy_historical,,,,,,,,,
1788135300000,767.89,1788136199999,1791376157436,legacy_historical,,,,,,,,,
1788136200000,768.20674881,1788137099999,1791376157436,legacy_historical,,,,,,,,,
1788137100000,767.72077148,1788137999999,1791376157436,legacy_historical,,,,,,,,,
1788138000000,767.11750619,1788138899999,1791376157436,legacy_historical,,,,,,,,,
1788138900000,766.9,1788139799999,1791376157436,legacy_historical,,,,,,,,,
1788139800000,766.74,1788140699999,1791376157436,legacy_historical,,,,,,,,,
1788140700000,766.97052178,1788141599999,1791376157436,legacy_historical,,,,,,,,,
1788141600000,767.62769097,1788142499999,1791376157436,legacy_historical,,,,,,,,,
1788142500000,766.98,1788143399999,1791376157436,legacy_historical,,,,,,,,,
1788143400000,766.47755384,1788144299999,1791376157436,legacy_historical,,,,,,,,,
1788144300000,767.05,1788145199999,1791376157436,legacy_historical,,,,,,,,,
1788145200000,767.31,1788146099999,1791376157436,legacy_historical,,,,,,,,,
1788146100000,767.17,1788146999999,1791376157436,legacy_historical,,,,,,,,,
1788147000000,766.99759119,1788147899999,1791376157436,legacy_historical,,,,,,,,,
1788147900000,767.13,1788148799999,1791376157436,legacy_historical,,,,,,,,,
1788148800000,767.09567276,1788149699999,1791376157436,legacy_historical,,,,,,,,,
1788149700000,767.17,1788150599999,1791376157436,legacy_historical,,,,,,,,,
1788150600000,767.47,1788151499999,1791376157436,legacy_historical,,,,,,,,,
1788151500000,768.03,1788152399999,1791376157436,legacy_historical,,,,,,,,,
1788152400000,768.47,1788153299999,1791376157436,legacy_historical,,,,,,,,,
1788153300000,768.83,1788154199999,1791376157436,legacy_historical,,,,,,,,,
1788154200000,768.25957759,1788155099999,1791376157436,legacy_historical,,,,,,,,,
1788155100000,768.31661151,1788155999999,1791376157436,legacy_historical,,,,,,,,,
1788156000000,768.60061545,1788156899999,1791376157436,legacy_historical,,,,,,,,,
1788156900000,768.7,1788157799999,1791376157436,legacy_historical,,,,,,,,,
1788157800000,768.75,1788158699999,1791376157436,legacy_historical,,,,,,,,,
1788158700000,768.85579671,1788159599999,1791376157436,legacy_historical,,,,,,,,,
1788159600000,768.71,1788160499999,1791376157436,legacy_historical,,,,,,,,,
1788160500000,768.69,1788161399999,1791376157436,legacy_historical,,,,,,,,,
1788161400000,768.64,1788162299999,1791376157436,legacy_historical,,,,,,,,,
1788162300000,768.77447131,1788163199999,1791376157436,legacy_historical,,,,,,,,,
1788163200000,768.78601096,1788164099999,1791376157436,legacy_historical,,,,,,,,,
1788164100000,768.90440586,1788164999999,1791376157436,legacy_historical,,,,,,,,,
1788165000000,768.75966026,1788165899999,1791376157436,legacy_historical,,,,,,,,,
1788165900000,768.9,1788166799999,1791376157436,legacy_historical,,,,,,,,,
1788166800000,769.09,1788167699999,1791376157436,legacy_historical,,,,,,,,,
1788167700000,769.12,1788168599999,1791376157436,legacy_historical,,,,,,,,,
1788168600000,768.84387471,1788169499999,1791376157436,legacy_historical,,,,,,,,,
1788169500000,768.63,1788170399999,1791376157436,legacy_historical,,,,,,,,,
1788170400000,768.73362477,1788171299999,1791376157436,legacy_historical,,,,,,,,,
1788171300000,768.78,1788172199999,1791376157436,legacy_historical,,,,,,,,,
1788172200000,768.7,1788173099999,1791376157436,legacy_historical,,,,,,,,,
1788173100000,768.90757471,1788173999999,1791376157436,legacy_historical,,,,,,,,,
1788174000000,768.7133966,1788174899999,1791376157436,legacy_historical,,,,,,,,,
1788174900000,768.95205333,1788175799999,1791376157436,legacy_historical,,,,,,,,,
1788175800000,768.39,1788176699999,1791376157436,legacy_historical,,,,,,,,,
1788176700000,768.31495041,1788177599999,1791376157436,legacy_historical,,,,,,,,,
1788177600000,768.39,1788178499999,1791376157436,legacy_historical,,,,,,,,,
1788178500000,767.86708463,1788179399999,1791376157436,legacy_historical,,,,,,,,,
1788179400000,767.22994912,1788180299999,1791376157436,legacy_historical,,,,,,,,,
1788180300000,767.18763449,1788181199999,1791376157436,legacy_historical,,,,,,,,,
1788181200000,767.40333133,1788182099999,1791376157436,legacy_historical,,,,,,,,,
1788182100000,767.79321663,1788182999999,1791376157436,legacy_historical,,,,,,,,,
1788183000000,766.54,1788183899999,1791376157436,legacy_historical,,,,,,,,,
1788183900000,766.77,1788184799999,1791376157436,legacy_historical,,,,,,,,,
1788184800000,766.3034576,1788185699999,1791376157436,legacy_historical,,,,,,,,,
1788185700000,765.50140666,1788186599999,1791376157436,legacy_historical,,,,,,,,,
1788186600000,766.32,1788187499999,1791376157436,legacy_historical,,,,,,,,,
1788187500000,766.43785684,1788188399999,1791376157436,legacy_historical,,,,,,,,,
1788188400000,766.21,1788189299999,1791376157436,legacy_historical,,,,,,,,,
1788189300000,766.42,1788190199999,1791376157436,legacy_historical,,,,,,,,,
1788190200000,766.33,1788191099999,1791376157436,legacy_historical,,,,,,,,,
1788191100000,765.89470109,1788191999999,1791376157436,legacy_historical,,,,,,,,,
1788192000000,766.21,1788192899999,1791376157436,legacy_historical,,,,,,,,,
1788192900000,766.35278715,1788193799999,1791376157436,legacy_historical,,,,,,,,,
1788193800000,765.99891008,1788194699999,1791376157436,legacy_historical,,,,,,,,,
1788194700000,766.44,1788195599999,1791376157436,legacy_historical,,,,,,,,,
1788195600000,766.36614493,1788196499999,1791376157436,legacy_historical,,,,,,,,,
1788196500000,766.06,1788197399999,1791376157436,legacy_historical,,,,,,,,,
1788197400000,766.77,1788198299999,1791376157436,legacy_historical,,,,,,,,,
1788198300000,767.15,1788199199999,1791376157436,legacy_historical,,,,,,,,,
1788199200000,767.3,1788200099999,1791376157436,legacy_historical,,,,,,,,,
1788200100000,766.94,1788200999999,1791376157436,legacy_historical,,,,,,,,,
1788201000000,766.09052045,1788201899999,1791376157436,legacy_historical,,,,,,,,,
1788201900000,766.4,1788202799999,1791376157436,legacy_historical,,,,,,,,,
1788202800000,766.82037937,1788203699999,1791376157436,legacy_historical,,,,,,,,,
1788203700000,767.2,1788204599999,1791376157436,legacy_historical,,,,,,,,,
1788204600000,767.47424921,1788205499999,1791376157436,legacy_historical,,,,,,,,,
1788205500000,767.20184818,1788206399999,1791376157436,legacy_historical,,,,,,,,,
1788206400000,767.84,1788207299999,1791376157436,legacy_historical,,,,,,,,,
1788207300000,767.87,1788208199999,1791376157436,legacy_historical,,,,,,,,,
1788208200000,767.98,1788209099999,1791376157436,legacy_historical,,,,,,,,,
1788209100000,767.92,1788209999999,1791376157436,legacy_historical,,,,,,,,,
1788210000000,768.34,1788210899999,1791376157436,legacy_historical,,,,,,,,,
1788210900000,768.26,1788211799999,1791376157436,legacy_historical,,,,,,,,,
1788211800000,768.41501693,1788212699999,1791376157436,legacy_historical,,,,,,,,,
1788212700000,768.32725992,1788213599999,1791376157436,legacy_historical,,,,,,,,,
1788213600000,768.08,1788214499999,1791376157436,legacy_historical,,,,,,,,,
1788214500000,767.90636694,1788215399999,1791376157436,legacy_historical,,,,,,,,,
1788215400000,767.90276249,1788216299999,1791376157436,legacy_historical,,,,,,,,,
1788216300000,767.77843229,1788217199999,1791376157436,legacy_historical,,,,,,,,,
1788217200000,767.96205544,1788218099999,1791376157436,legacy_historical,,,,,,,,,
1788218100000,768.01,1788218999999,1791376157436,legacy_historical,,,,,,,,,
1788219000000,768.31999945,1788219899999,1791376157436,legacy_historical,,,,,,,,,
1788219900000,768.20511266,1788220799999,1791376157436,legacy_historical,,,,,,,,,
1788220800000,768.2782532,1788221699999,1791376157436,legacy_historical,,,,,,,,,
1788221700000,768.52784175,1788222599999,1791376157436,legacy_historical,,,,,,,,,
1788222600000,768.42817539,1788223499999,1791376157436,legacy_historical,,,,,,,,,
1788223500000,768.4,1788224399999,1791376157436,legacy_historical,,,,,,,,,
1788224400000,768.38494592,1788225299999,1791376157436,legacy_historical,,,,,,,,,
1788225300000,767.95,1788226199999,1791376157436,legacy_historical,,,,,,,,,
1788226200000,768.32,1788227099999,1791376157436,legacy_historical,,,,,,,,,
1788227100000,768.26142142,1788227999999,1791376157436,legacy_historical,,,,,,,,,
1788228000000,767.81222968,1788228899999,1791376157436,legacy_historical,,,,,,,,,
1788228900000,767.59870606,1788229799999,1791376157436,legacy_historical,,,,,,,,,
1788229800000,767.4,1788230699999,1791376157436,legacy_historical,,,,,,,,,
1788230700000,767.91879406,1788231599999,1791376157436,legacy_historical,,,,,,,,,
1788231600000,767.58881899,1788232499999,1791376157436,legacy_historical,,,,,,,,,
1788232500000,767.47659402,1788233399999,1791376157436,legacy_historical,,,,,,,,,
1788233400000,767.67,1788234299999,1791376157436,legacy_historical,,,,,,,,,
1788234300000,767.71,1788235199999,1791376157436,legacy_historical,,,,,,,,,
1788235200000,767.63980848,1788236099999,1791376157436,legacy_historical,,,,,,,,,
1788236100000,767.67,1788236999999,1791376157436,legacy_historical,,,,,,,,,
1788237000000,767.54,1788237899999,1791376157436,legacy_historical,,,,,,,,,
1788237900000,767.42,1788238799999,1791376157436,legacy_historical,,,,,,,,,
1788238800000,767.39364366,1788239699999,1791376157436,legacy_historical,,,,,,,,,
1788239700000,767.58,1788240599999,1791376157436,legacy_historical,,,,,,,,,
1788240600000,768.51,1788241499999,1791376157436,legacy_historical,,,,,,,,,
1788241500000,768.77464076,1788242399999,1791376157436,legacy_historical,,,,,,,,,
1788242400000,768.38,1788243299999,1791376157436,legacy_historical,,,,,,,,,
1788243300000,767.93794479,1788244199999,1791376157436,legacy_historical,,,,,,,,,
1788244200000,768.07,1788245099999,1791376157436,legacy_historical,,,,,,,,,
1788245100000,767.90319048,1788245999999,1791376157436,legacy_historical,,,,,,,,,
1788246000000,768.42,1788246899999,1791376157436,legacy_historical,,,,,,,,,
1788246900000,768.30977225,1788247799999,1791376157436,legacy_historical,,,,,,,,,
1788247800000,767.07,1788248699999,1791376157436,legacy_historical,,,,,,,,,
1788248700000,766.7,1788249599999,1791376157436,legacy_historical,,,,,,,,,
1788249600000,765.74,1788250499999,1791376157436,legacy_historical,,,,,,,,,
1788250500000,764.64,1788251399999,1791376157436,legacy_historical,,,,,,,,,
1788251400000,764.10938472,1788252299999,1791376157436,legacy_historical,,,,,,,,,
1788252300000,763.91,1788253199999,1791376157436,legacy_historical,,,,,,,,,
1788253200000,763.22406737,1788254099999,1791376157436,legacy_historical,,,,,,,,,
1788254100000,763.05,1788254999999,1791376157436,legacy_historical,,,,,,,,,
1788255000000,763.14839745,1788255899999,1791376157436,legacy_historical,,,,,,,,,
1788255900000,763.25711826,1788256799999,1791376157436,legacy_historical,,,,,,,,,
1788256800000,763.51,1788257699999,1791376157436,legacy_historical,,,,,,,,,
1788257700000,763.95,1788258599999,1791376157436,legacy_historical,,,,,,,,,
1788258600000,763.88810691,1788259499999,1791376157436,legacy_historical,,,,,,,,,
1788259500000,763.58,1788260399999,1791376157436,legacy_historical,,,,,,,,,
1788260400000,763.39,1788261299999,1791376157436,legacy_historical,,,,,,,,,
1788261300000,763.52852669,1788262199999,1791376157436,legacy_historical,,,,,,,,,
1788262200000,764.04,1788263099999,1791376157436,legacy_historical,,,,,,,,,
1788263100000,763.2084369,1788263999999,1791376157436,legacy_historical,,,,,,,,,
1788264000000,763.07622718,1788264899999,1791376157436,legacy_historical,,,,,,,,,
1788264900000,763.20570421,1788265799999,1791376157436,legacy_historical,,,,,,,,,
1788265800000,762.67764104,1788266699999,1791376157436,legacy_historical,,,,,,,,,
1788266700000,762.77838889,1788267599999,1791376157436,legacy_historical,,,,,,,,,
1788267600000,762.46,1788268499999,1791376157436,legacy_historical,,,,,,,,,
1788268500000,762.96270875,1788269399999,1791376157436,legacy_historical,,,,,,,,,
1788269400000,762.55734224,1788270299999,1791376157436,legacy_historical,,,,,,,,,
1788270300000,762.73,1788271199999,1791376157436,legacy_historical,,,,,,,,,
1788271200000,763.75,1788272099999,1791376157436,legacy_historical,,,,,,,,,
1788272100000,764.25,1788272999999,1791376157436,legacy_historical,,,,,,,,,
1788273000000,764.61234543,1788273899999,1791376157436,legacy_historical,,,,,,,,,
1788273900000,764.12,1788274799999,1791376157436,legacy_historical,,,,,,,,,
1788274800000,763.59,1788275699999,1791376157436,legacy_historical,,,,,,,,,
1788275700000,764.13262251,1788276599999,1791376157436,legacy_historical,,,,,,,,,
1788276600000,764.85,1788277499999,1791376157436,legacy_historical,,,,,,,,,
1788277500000,764.94159599,1788278399999,1791376157436,legacy_historical,,,,,,,,,
1788278400000,764.15541097,1788279299999,1791376157436,legacy_historical,,,,,,,,,
1788279300000,763.33,1788280199999,1791376157436,legacy_historical,,,,,,,,,
1788280200000,762.57,1788281099999,1791376157436,legacy_historical,,,,,,,,,
1788281100000,763.17,1788281999999,1791376157436,legacy_historical,,,,,,,,,
1788282000000,762.94,1788282899999,1791376157436,legacy_historical,,,,,,,,,
1788282900000,762.46436318,1788283799999,1791376157436,legacy_historical,,,,,,,,,
1788283800000,762.86,1788284699999,1791376157436,legacy_historical,,,,,,,,,
1788284700000,762.56,1788285599999,1791376157436,legacy_historical,,,,,,,,,
1788285600000,762.17193503,1788286499999,1791376157436,legacy_historical,,,,,,,,,
1788286500000,761.88,1788287399999,1791376157436,legacy_historical,,,,,,,,,
1788287400000,760.42014387,1788288299999,1791376157436,legacy_historical,,,,,,,,,
1788288300000,761.30340967,1788289199999,1791376157436,legacy_historical,,,,,,,,,
1788289200000,762.04375354,1788290099999,1791376157436,legacy_historical,,,,,,,,,
1788290100000,762.05545803,1788290999999,1791376157436,legacy_historical,,,,,,,,,
1788291000000,761.72,1788291899999,1791376157436,legacy_historical,,,,,,,,,
1788291900000,762.26285217,1788292799999,1791376157436,legacy_historical,,,,,,,,,
1788292800000,762.5,1788293699999,1791376157436,legacy_historical,,,,,,,,,
1788293700000,762.80664424,1788294599999,1791376157436,legacy_historical,,,,,,,,,
1788294600000,762.77868667,1788295499999,1791376157436,legacy_historical,,,,,,,,,
1788295500000,762.79,1788296399999,1791376157436,legacy_historical,,,,,,,,,
1788296400000,762.71,1788297299999,1791376157436,legacy_historical,,,,,,,,,
1788297300000,762.75575948,1788298199999,1791376157436,legacy_historical,,,,,,,,,
1788298200000,762.74,1788299099999,1791376157436,legacy_historical,,,,,,,,,
1788299100000,762.35,1788299999999,1791376157436,legacy_historical,,,,,,,,,
1788300000000,762.23464701,1788300899999,1791376157436,legacy_historical,,,,,,,,,
1788300900000,762.33,1788301799999,1791376157436,legacy_historical,,,,,,,,,
1788301800000,762.29871975,1788302699999,1791376157436,legacy_historical,,,,,,,,,
1788302700000,762.62690512,1788303599999,1791376157436,legacy_historical,,,,,,,,,
1788303600000,762.64,1788304499999,1791376157436,legacy_historical,,,,,,,,,
1788304500000,762.5799299,1788305399999,1791376157436,legacy_historical,,,,,,,,,
1788305400000,762.69844596,1788306299999,1791376157436,legacy_historical,,,,,,,,,
1788306300000,762.74,1788307199999,1791376157436,legacy_historical,,,,,,,,,
1788307200000,762.64,1788308099999,1791376157436,legacy_historical,,,,,,,,,
1788308100000,762.46631236,1788308999999,1791376157436,legacy_historical,,,,,,,,,
1788309000000,762.5848839,1788309899999,1791376157436,legacy_historical,,,,,,,,,
1788309900000,762.08018425,1788310799999,1791376157436,legacy_historical,,,,,,,,,
1788310800000,761.9354083,1788311699999,1791376157436,legacy_historical,,,,,,,,,
1788311700000,762.26559236,1788312599999,1791376157436,legacy_historical,,,,,,,,,
1788312600000,761.82,1788313499999,1791376157436,legacy_historical,,,,,,,,,
1788313500000,761.6811572,1788314399999,1791376157436,legacy_historical,,,,,,,,,
1788314400000,761.55,1788315299999,1791376157436,legacy_historical,,,,,,,,,
1788315300000,762.00606619,1788316199999,1791376157436,legacy_historical,,,,,,,,,
1788316200000,762.0,1788317099999,1791376157436,legacy_historical,,,,,,,,,
1788317100000,762.03893374,1788317999999,1791376157436,legacy_historical,,,,,,,,,
1788318000000,762.08,1788318899999,1791376157436,legacy_historical,,,,,,,,,
1788318900000,761.87,1788319799999,1791376157436,legacy_historical,,,,,,,,,
1788319800000,761.64239791,1788320699999,1791376157436,legacy_historical,,,,,,,,,
1788320700000,761.62,1788321599999,1791376157436,legacy_historical,,,,,,,,,
1788321600000,761.58479539,1788322499999,1791376157436,legacy_historical,,,,,,,,,
1788322500000,761.60161222,1788323399999,1791376157436,legacy_historical,,,,,,,,,
1788323400000,761.67601345,1788324299999,1791376157436,legacy_historical,,,,,,,,,
1788324300000,761.75,1788325199999,1791376157436,legacy_historical,,,,,,,,,
1788325200000,761.88,1788326099999,1791376157436,legacy_historical,,,,,,,,,
1788326100000,762.18,1788326999999,1791376157436,legacy_historical,,,,,,,,,
1788327000000,762.27,1788327899999,1791376157436,legacy_historical,,,,,,,,,
1788327900000,761.91432435,1788328799999,1791376157436,legacy_historical,,,,,,,,,
1788328800000,761.63522698,1788329699999,1791376157436,legacy_historical,,,,,,,,,
1788329700000,761.29,1788330599999,1791376157436,legacy_historical,,,,,,,,,
1788330600000,761.99409985,1788331499999,1791376157436,legacy_historical,,,,,,,,,
1788331500000,762.0873408,1788332399999,1791376157436,legacy_historical,,,,,,,,,
1788332400000,762.78,1788333299999,1791376157436,legacy_historical,,,,,,,,,
1788333300000,762.59215245,1788334199999,1791376157436,legacy_historical,,,,,,,,,
1788334200000,762.37919462,1788335099999,1791376157436,legacy_historical,,,,,,,,,
1788335100000,762.22,1788335999999,1791376157436,legacy_historical,,,,,,,,,
1788336000000,762.20903322,1788336899999,1791376157436,legacy_historical,,,,,,,,,
1788336900000,761.91,1788337799999,1791376157436,legacy_historical,,,,,,,,,
1788337800000,761.64,1788338699999,1791376157436,legacy_historical,,,,,,,,,
1788338700000,760.73095542,1788339599999,1791376157436,legacy_historical,,,,,,,,,
1788339600000,760.66432606,1788340499999,1791376157436,legacy_historical,,,,,,,,,
1788340500000,760.51,1788341399999,1791376157436,legacy_historical,,,,,,,,,
1788341400000,760.33,1788342299999,1791376157436,legacy_historical,,,,,,,,,
1788342300000,760.5761666,1788343199999,1791376157436,legacy_historical,,,,,,,,,
1788343200000,760.54,1788344099999,1791376157436,legacy_historical,,,,,,,,,
1788344100000,760.69,1788344999999,1791376157436,legacy_historical,,,,,,,,,
1788345000000,760.36149425,1788345899999,1791376157436,legacy_historical,,,,,,,,,
1788345900000,760.50650155,1788346799999,1791376157436,legacy_historical,,,,,,,,,
1788346800000,761.32,1788347699999,1791376157436,legacy_historical,,,,,,,,,
1788347700000,761.56,1788348599999,1791376157436,legacy_historical,,,,,,,,,
1788348600000,761.76736944,1788349499999,1791376157436,legacy_historical,,,,,,,,,
1788349500000,762.56,1788350399999,1791376157436,legacy_historical,,,,,,,,,
1788350400000,763.03688125,1788351299999,1791376157436,legacy_historical,,,,,,,,,
1788351300000,763.06,1788352199999,1791376157436,legacy_historical,,,,,,,,,
1788352200000,762.58,1788353099999,1791376157436,legacy_historical,,,,,,,,,
1788353100000,762.01,1788353999999,1791376157436,legacy_historical,,,,,,,,,
1788354000000,762.45,1788354899999,1791376157436,legacy_historical,,,,,,,,,
1788354900000,763.13,1788355799999,1791376157436,legacy_historical,,,,,,,,,
1788355800000,763.36,1788356699999,1791376157436,legacy_historical,,,,,,,,,
1788356700000,763.63,1788357599999,1791376157436,legacy_historical,,,,,,,,,
1788357600000,764.84,1788358499999,1791376157436,legacy_historical,,,,,,,,,
1788358500000,765.90080993,1788359399999,1791376157436,legacy_historical,,,,,,,,,
1788359400000,766.85720016,1788360299999,1791376157436,legacy_historical,,,,,,,,,
1788360300000,766.02,1788361199999,1791376157436,legacy_historical,,,,,,,,,
1788361200000,766.31,1788362099999,1791376157436,legacy_historical,,,,,,,,,
1788362100000,766.92844797,1788362999999,1791376157436,legacy_historical,,,,,,,,,
1788363000000,766.4310317,1788363899999,1791376157436,legacy_historical,,,,,,,,,
1788363900000,766.53,1788364799999,1791376157436,legacy_historical,,,,,,,,,
1788364800000,766.4,1788365699999,1791376157436,legacy_historical,,,,,,,,,
1788365700000,765.65,1788366599999,1791376157436,legacy_historical,,,,,,,,,
1788366600000,765.57,1788367499999,1791376157436,legacy_historical,,,,,,,,,
1788367500000,765.77836042,1788368399999,1791376157436,legacy_historical,,,,,,,,,
1788368400000,765.73836977,1788369299999,1791376157436,legacy_historical,,,,,,,,,
1788369300000,765.5293877,1788370199999,1791376157436,legacy_historical,,,,,,,,,
1788370200000,765.67543705,1788371099999,1791376157436,legacy_historical,,,,,,,,,
1788371100000,765.99296778,1788371999999,1791376157436,legacy_historical,,,,,,,,,
1788372000000,766.14,1788372899999,1791376157436,legacy_historical,,,,,,,,,
1788372900000,766.22451517,1788373799999,1791376157436,legacy_historical,,,,,,,,,
1788373800000,765.67577416,1788374699999,1791376157436,legacy_historical,,,,,,,,,
1788374700000,765.78,1788375599999,1791376157436,legacy_historical,,,,,,,,,
1788375600000,766.14317357,1788376499999,1791376157436,legacy_historical,,,,,,,,,
1788376500000,766.23,1788377399999,1791376157436,legacy_historical,,,,,,,,,
1788377400000,766.21,1788378299999,1791376157436,legacy_historical,,,,,,,,,
1788378300000,765.93,1788379199999,1791376157436,legacy_historical,,,,,,,,,
1788379200000,766.24,1788380099999,1791376157436,legacy_historical,,,,,,,,,
1788380100000,765.41768751,1788380999999,1791376157436,legacy_historical,,,,,,,,,
1788381000000,765.35,1788381899999,1791376157436,legacy_historical,,,,,,,,,
1788381900000,765.31,1788382799999,1791376157436,legacy_historical,,,,,,,,,
1788382800000,765.03417283,1788383699999,1791376157436,legacy_historical,,,,,,,,,
1788383700000,765.6481015,1788384599999,1791376157436,legacy_historical,,,,,,,,,
1788384600000,765.63256759,1788385499999,1791376157436,legacy_historical,,,,,,,,,
1788385500000,765.7751185,1788386399999,1791376157436,legacy_historical,,,,,,,,,
1788386400000,765.93,1788387299999,1791376157436,legacy_historical,,,,,,,,,
1788387300000,765.85,1788388199999,1791376157436,legacy_historical,,,,,,,,,
1788388200000,765.84113297,1788389099999,1791376157436,legacy_historical,,,,,,,,,
1788389100000,765.75,1788389999999,1791376157436,legacy_historical,,,,,,,,,
1788390000000,765.6,1788390899999,1791376157436,legacy_historical,,,,,,,,,
1788390900000,765.7,1788391799999,1791376157436,legacy_historical,,,,,,,,,
1788391800000,765.89,1788392699999,1791376157436,legacy_historical,,,,,,,,,
1788392700000,766.00281086,1788393599999,1791376157436,legacy_historical,,,,,,,,,
1788393600000,765.55,1788394499999,1791376157436,legacy_historical,,,,,,,,,
1788394500000,765.49,1788395399999,1791376157436,legacy_historical,,,,,,,,,
1788395400000,765.43237996,1788396299999,1791376157436,legacy_historical,,,,,,,,,
1788396300000,765.34406988,1788397199999,1791376157436,legacy_historical,,,,,,,,,
1788397200000,765.81,1788398099999,1791376157436,legacy_historical,,,,,,,,,
1788398100000,765.78,1788398999999,1791376157436,legacy_historical,,,,,,,,,
1788399000000,765.69,1788399899999,1791376157436,legacy_historical,,,,,,,,,
1788399900000,765.36754427,1788400799999,1791376157436,legacy_historical,,,,,,,,,
1788400800000,765.89105976,1788401699999,1791376157436,legacy_historical,,,,,,,,,
1788401700000,765.97,1788402599999,1791376157436,legacy_historical,,,,,,,,,
1788402600000,765.85970027,1788403499999,1791376157436,legacy_historical,,,,,,,,,
1788403500000,766.18968128,1788404399999,1791376157436,legacy_historical,,,,,,,,,
1788404400000,766.28,1788405299999,1791376157436,legacy_historical,,,,,,,,,
1788405300000,766.38462935,1788406199999,1791376157436,legacy_historical,,,,,,,,,
1788406200000,766.47,1788407099999,1791376157436,legacy_historical,,,,,,,,,
1788407100000,766.5,1788407999999,1791376157436,legacy_historical,,,,,,,,,
1788408000000,766.5142752,1788408899999,1791376157436,legacy_historical,,,,,,,,,
1788408900000,766.38485344,1788409799999,1791376157436,legacy_historical,,,,,,,,,
1788409800000,766.21,1788410699999,1791376157436,legacy_historical,,,,,,,,,
1788410700000,766.02999066,1788411599999,1791376157436,legacy_historical,,,,,,,,,
1788411600000,765.39,1788412499999,1791376157436,legacy_historical,,,,,,,,,
1788412500000,764.64,1788413399999,1791376157436,legacy_historical,,,,,,,,,
1788413400000,765.20583732,1788414299999,1791376157436,legacy_historical,,,,,,,,,
1788414300000,765.96,1788415199999,1791376157436,legacy_historical,,,,,,,,,
1788415200000,765.79,1788416099999,1791376157436,legacy_historical,,,,,,,,,
1788416100000,765.7231759,1788416999999,1791376157436,legacy_historical,,,,,,,,,
1788417000000,765.63061695,1788417899999,1791376157436,legacy_historical,,,,,,,,,
1788417900000,765.5,1788418799999,1791376157436,legacy_historical,,,,,,,,,
1788418800000,765.96440005,1788419699999,1791376157436,legacy_historical,,,,,,,,,
1788419700000,765.93,1788420599999,1791376157436,legacy_historical,,,,,,,,,
1788420600000,766.46362094,1788421499999,1791376157436,legacy_historical,,,,,,,,,
1788421500000,766.37352007,1788422399999,1791376157436,legacy_historical,,,,,,,,,
1788422400000,766.91372627,1788423299999,1791376157436,legacy_historical,,,,,,,,,
1788423300000,767.03549875,1788424199999,1791376157436,legacy_historical,,,,,,,,,
1788424200000,766.87,1788425099999,1791376157436,legacy_historical,,,,,,,,,
1788425100000,766.62,1788425999999,1791376157436,legacy_historical,,,,,,,,,
1788426000000,766.82,1788426899999,1791376157436,legacy_historical,,,,,,,,,
1788426900000,766.41276273,1788427799999,1791376157436,legacy_historical,,,,,,,,,
1788427800000,766.25891349,1788428699999,1791376157436,legacy_historical,,,,,,,,,
1788428700000,765.6682533,1788429599999,1791376157436,legacy_historical,,,,,,,,,
1788429600000,765.52,1788430499999,1791376157436,legacy_historical,,,,,,,,,
1788430500000,765.45,1788431399999,1791376157436,legacy_historical,,,,,,,,,
1788431400000,765.65,1788432299999,1791376157436,legacy_historical,,,,,,,,,
1788432300000,765.5284429,1788433199999,1791376157436,legacy_historical,,,,,,,,,
1788433200000,766.4,1788434099999,1791376157436,legacy_historical,,,,,,,,,
1788434100000,766.58280382,1788434999999,1791376157436,legacy_historical,,,,,,,,,
1788435000000,766.21,1788435899999,1791376157436,legacy_historical,,,,,,,,,
1788435900000,765.74,1788436799999,1791376157436,legacy_historical,,,,,,,,,
1788436800000,766.02738135,1788437699999,1791376157436,legacy_historical,,,,,,,,,
1788437700000,766.43,1788438599999,1791376157436,legacy_historical,,,,,,,,,
1788438600000,767.11,1788439499999,1791376157436,legacy_historical,,,,,,,,,
1788439500000,768.2129458,1788440399999,1791376157436,legacy_historical,,,,,,,,,
1788440400000,768.29,1788441299999,1791376157436,legacy_historical,,,,,,,,,
1788441300000,768.42573209,1788442199999,1791376157436,legacy_historical,,,,,,,,,
1788442200000,770.23699256,1788443099999,1791376157436,legacy_historical,,,,,,,,,
1788443100000,770.12507635,1788443999999,1791376157436,legacy_historical,,,,,,,,,
1788444000000,768.93,1788444899999,1791376157436,legacy_historical,,,,,,,,,
1788444900000,769.4,1788445799999,1791376157436,legacy_historical,,,,,,,,,
1788445800000,768.7,1788446699999,1791376157436,legacy_historical,,,,,,,,,
1788446700000,769.9,1788447599999,1791376157436,legacy_historical,,,,,,,,,
1788447600000,771.8707826,1788448499999,1791376157436,legacy_historical,,,,,,,,,
1788448500000,773.29,1788449399999,1791376157436,legacy_historical,,,,,,,,,
1788449400000,773.02686959,1788450299999,1791376157436,legacy_historical,,,,,,,,,
1788450300000,773.7,1788451199999,1791376157436,legacy_historical,,,,,,,,,
1788451200000,773.11,1788452099999,1791376157436,legacy_historical,,,,,,,,,
1788452100000,772.84,1788452999999,1791376157436,legacy_historical,,,,,,,,,
1788453000000,773.47,1788453899999,1791376157436,legacy_historical,,,,,,,,,
1788453900000,773.28156252,1788454799999,1791376157436,legacy_historical,,,,,,,,,
1788454800000,772.88006955,1788455699999,1791376157436,legacy_historical,,,,,,,,,
1788455700000,773.1,1788456599999,1791376157436,legacy_historical,,,,,,,,,
1788456600000,773.56,1788457499999,1791376157436,legacy_historical,,,,,,,,,
1788457500000,773.73111592,1788458399999,1791376157436,legacy_historical,,,,,,,,,
1788458400000,774.34,1788459299999,1791376157436,legacy_historical,,,,,,,,,
1788459300000,774.10150718,1788460199999,1791376157436,legacy_historical,,,,,,,,,
1788460200000,773.96574233,1788461099999,1791376157436,legacy_historical,,,,,,,,,
1788461100000,774.02,1788461999999,1791376157436,legacy_historical,,,,,,,,,
1788462000000,773.82,1788462899999,1791376157436,legacy_historical,,,,,,,,,
1788462900000,774.0,1788463799999,1791376157436,legacy_historical,,,,,,,,,
1788463800000,773.87942014,1788464699999,1791376157436,legacy_historical,,,,,,,,,
1788464700000,773.66282184,1788465599999,1791376157436,legacy_historical,,,,,,,,,
1788465600000,773.35757838,1788466499999,1791376157436,legacy_historical,,,,,,,,,
1788466500000,773.07929101,1788467399999,1791376157436,legacy_historical,,,,,,,,,
1788467400000,773.11,1788468299999,1791376157436,legacy_historical,,,,,,,,,
1788468300000,772.88,1788469199999,1791376157436,legacy_historical,,,,,,,,,
1788469200000,772.69,1788470099999,1791376157436,legacy_historical,,,,,,,,,
1788470100000,772.83429222,1788470999999,1791376157436,legacy_historical,,,,,,,,,
1788471000000,772.79,1788471899999,1791376157436,legacy_historical,,,,,,,,,
1788471900000,772.8,1788472799999,1791376157436,legacy_historical,,,,,,,,,
1788472800000,772.80077604,1788473699999,1791376157436,legacy_historical,,,,,,,,,
1788473700000,772.82,1788474599999,1791376157436,legacy_historical,,,,,,,,,
1788474600000,772.94,1788475499999,1791376157436,legacy_historical,,,,,,,,,
1788475500000,773.03180555,1788476399999,1791376157436,legacy_historical,,,,,,,,,
1788476400000,772.91998252,1788477299999,1791376157436,legacy_historical,,,,,,,,,
1788477300000,773.07325369,1788478199999,1791376157436,legacy_historical,,,,,,,,,
1788478200000,773.15993885,1788479099999,1791376157436,legacy_historical,,,,,,,,,
1788479100000,773.08,1788479999999,1791376157436,legacy_historical,,,,,,,,,
1788480000000,773.18407567,1788480899999,1791376157436,legacy_historical,,,,,,,,,
1788480900000,773.37229866,1788481799999,1791376157436,legacy_historical,,,,,,,,,
1788481800000,773.57,1788482699999,1791376157436,legacy_historical,,,,,,,,,
1788482700000,773.44,1788483599999,1791376157436,legacy_historical,,,,,,,,,
1788483600000,773.29,1788484499999,1791376157436,legacy_historical,,,,,,,,,
1788484500000,773.5,1788485399999,1791376157436,legacy_historical,,,,,,,,,
1788485400000,773.61,1788486299999,1791376157436,legacy_historical,,,,,,,,,
1788486300000,773.57,1788487199999,1791376157436,legacy_historical,,,,,,,,,
1788487200000,773.5985015,1788488099999,1791376157436,legacy_historical,,,,,,,,,
1788488100000,773.65200314,1788488999999,1791376157436,legacy_historical,,,,,,,,,
1788489000000,773.70303351,1788489899999,1791376157436,legacy_historical,,,,,,,,,
1788489900000,773.86,1788490799999,1791376157436,legacy_historical,,,,,,,,,
1788490800000,773.9006764,1788491699999,1791376157436,legacy_historical,,,,,,,,,
1788491700000,773.95,1788492599999,1791376157436,legacy_historical,,,,,,,,,
1788492600000,773.97750171,1788493499999,1791376157436,legacy_historical,,,,,,,,,
1788493500000,773.89337371,1788494399999,1791376157436,legacy_historical,,,,,,,,,
1788494400000,773.97,1788495299999,1791376157436,legacy_historical,,,,,,,,,
1788495300000,774.22,1788496199999,1791376157436,legacy_historical,,,,,,,,,
1788496200000,774.1,1788497099999,1791376157436,legacy_historical,,,,,,,,,
1788497100000,774.09965684,1788497999999,1791376157436,legacy_historical,,,,,,,,,
1788498000000,774.31101006,1788498899999,1791376157436,legacy_historical,,,,,,,,,
1788498900000,774.35,1788499799999,1791376157436,legacy_historical,,,,,,,,,
1788499800000,774.3,1788500699999,1791376157436,legacy_historical,,,,,,,,,
1788500700000,774.3,1788501599999,1791376157436,legacy_historical,,,,,,,,,
1788501600000,774.49,1788502499999,1791376157436,legacy_historical,,,,,,,,,
1788502500000,774.41297888,1788503399999,1791376157436,legacy_historical,,,,,,,,,
1788503400000,774.22,1788504299999,1791376157436,legacy_historical,,,,,,,,,
1788504300000,773.81702253,1788505199999,1791376157436,legacy_historical,,,,,,,,,
1788505200000,774.18154621,1788506099999,1791376157436,legacy_historical,,,,,,,,,
1788506100000,774.18,1788506999999,1791376157436,legacy_historical,,,,,,,,,
1788507000000,774.33260775,1788507899999,1791376157436,legacy_historical,,,,,,,,,
1788507900000,774.12325422,1788508799999,1791376157436,legacy_historical,,,,,,,,,
1788508800000,774.09,1788509699999,1791376157436,legacy_historical,,,,,,,,,
1788509700000,774.19,1788510599999,1791376157436,legacy_historical,,,,,,,,,
1788510600000,774.22,1788511499999,1791376157436,legacy_historical,,,,,,,,,
1788511500000,774.48,1788512399999,1791376157436,legacy_historical,,,,,,,,,
1788512400000,774.17724691,1788513299999,1791376157436,legacy_historical,,,,,,,,,
1788513300000,773.87,1788514199999,1791376157436,legacy_historical,,,,,,,,,
1788514200000,774.00271442,1788515099999,1791376157436,legacy_historical,,,,,,,,,
1788515100000,773.94578761,1788515999999,1791376157436,legacy_historical,,,,,,,,,
1788516000000,774.11434068,1788516899999,1791376157436,legacy_historical,,,,,,,,,
1788516900000,774.31416657,1788517799999,1791376157436,legacy_historical,,,,,,,,,
1788517800000,774.28927697,1788518699999,1791376157436,legacy_historical,,,,,,,,,
1788518700000,774.38553057,1788519599999,1791376157436,legacy_historical,,,,,,,,,
1788519600000,774.10825119,1788520499999,1791376157436,legacy_historical,,,,,,,,,
1788520500000,774.04,1788521399999,1791376157436,legacy_historical,,,,,,,,,
1788521400000,774.16,1788522299999,1791376157436,legacy_historical,,,,,,,,,
1788522300000,774.32,1788523199999,1791376157436,legacy_historical,,,,,,,,,
1788523200000,773.31852553,1788524099999,1791376157436,legacy_historical,,,,,,,,,
1788524100000,774.15,1788524999999,1791376157436,legacy_historical,,,,,,,,,
1788525000000,772.08172264,1788525899999,1791376157436,legacy_historical,,,,,,,,,
1788525900000,771.8,1788526799999,1791376157436,legacy_historical,,,,,,,,,
1788526800000,771.82,1788527699999,1791376157436,legacy_historical,,,,,,,,,
1788527700000,772.35,1788528599999,1791376157436,legacy_historical,,,,,,,,,
1788528600000,772.53,1788529499999,1791376157436,legacy_historical,,,,,,,,,
1788529500000,772.83,1788530399999,1791376157436,legacy_historical,,,,,,,,,
1788530400000,772.22,1788531299999,1791376157436,legacy_historical,,,,,,,,,
1788531300000,771.88,1788532199999,1791376157436,legacy_historical,,,,,,,,,
1788532200000,770.94,1788533099999,1791376157436,legacy_historical,,,,,,,,,
1788533100000,769.95,1788533999999,1791376157436,legacy_historical,,,,,,,,,
1788534000000,770.32,1788534899999,1791376157436,legacy_historical,,,,,,,,,
1788534900000,769.9,1788535799999,1791376157436,legacy_historical,,,,,,,,,
1788535800000,770.40936783,1788536699999,1791376157436,legacy_historical,,,,,,,,,
1788536700000,770.49,1788537599999,1791376157436,legacy_historical,,,,,,,,,
1788537600000,771.11,1788538499999,1791376157436,legacy_historical,,,,,,,,,
1788538500000,771.00466072,1788539399999,1791376157436,legacy_historical,,,,,,,,,
1788539400000,771.35813875,1788540299999,1791376157436,legacy_historical,,,,,,,,,
1788540300000,771.35488806,1788541199999,1791376157436,legacy_historical,,,,,,,,,
1788541200000,770.84384965,1788542099999,1791376157436,legacy_historical,,,,,,,,,
1788542100000,770.31,1788542999999,1791376157436,legacy_historical,,,,,,,,,
1788543000000,769.84894661,1788543899999,1791376157436,legacy_historical,,,,,,,,,
1788543900000,769.91468543,1788544799999,1791376157436,legacy_historical,,,,,,,,,
1788544800000,770.09,1788545699999,1791376157436,legacy_historical,,,,,,,,,
1788545700000,770.22,1788546599999,1791376157436,legacy_historical,,,,,,,,,
1788546600000,770.47,1788547499999,1791376157436,legacy_historical,,,,,,,,,
1788547500000,770.78,1788548399999,1791376157436,legacy_historical,,,,,,,,,
1788548400000,770.21234631,1788549299999,1791376157436,legacy_historical,,,,,,,,,
1788549300000,770.43,1788550199999,1791376157436,legacy_historical,,,,,,,,,
1788550200000,770.42,1788551099999,1791376157436,legacy_historical,,,,,,,,,
1788551100000,770.59189767,1788551999999,1791376157436,legacy_historical,,,,,,,,,
1788552000000,770.28,1788552899999,1791376157436,legacy_historical,,,,,,,,,
1788552900000,770.02666614,1788553799999,1791376157436,legacy_historical,,,,,,,,,
1788553800000,769.97,1788554699999,1791376157436,legacy_historical,,,,,,,,,
1788554700000,769.95897945,1788555599999,1791376157436,legacy_historical,,,,,,,,,
1788555600000,770.45991928,1788556499999,1791376157436,legacy_historical,,,,,,,,,
1788556500000,770.32159947,1788557399999,1791376157436,legacy_historical,,,,,,,,,
1788557400000,770.35,1788558299999,1791376157436,legacy_historical,,,,,,,,,
1788558300000,770.29147055,1788559199999,1791376157436,legacy_historical,,,,,,,,,
1788559200000,770.15241473,1788560099999,1791376157436,legacy_historical,,,,,,,,,
1788560100000,770.1855321,1788560999999,1791376157436,legacy_historical,,,,,,,,,
1788561000000,770.42,1788561899999,1791376157436,legacy_historical,,,,,,,,,
1788561900000,770.49235456,1788562799999,1791376157436,legacy_historical,,,,,,,,,
1788562800000,770.51,1788563699999,1791376157436,legacy_historical,,,,,,,,,
1788563700000,770.52355928,1788564599999,1791376157436,legacy_historical,,,,,,,,,
1788564600000,770.33816325,1788565499999,1791376157436,legacy_historical,,,,,,,,,
1788565500000,770.23268183,1788566399999,1791376157436,legacy_historical,,,,,,,,,
1788566400000,770.29888967,1788567299999,1791376157436,legacy_historical,,,,,,,,,
1788567300000,770.33013336,1788568199999,1791376157436,legacy_historical,,,,,,,,,
1788568200000,770.37,1788569099999,1791376157436,legacy_historical,,,,,,,,,
1788569100000,770.35681379,1788569999999,1791376157436,legacy_historical,,,,,,,,,
1788570000000,770.34,1788570899999,1791376157436,legacy_historical,,,,,,,,,
1788570900000,770.37,1788571799999,1791376157436,legacy_historical,,,,,,,,,
1788571800000,770.42,1788572699999,1791376157436,legacy_historical,,,,,,,,,
1788572700000,770.48,1788573599999,1791376157436,legacy_historical,,,,,,,,,
1788573600000,769.79,1788574499999,1791376157436,legacy_historical,,,,,,,,,
1788574500000,769.61,1788575399999,1791376157436,legacy_historical,,,,,,,,,
1788575400000,769.64,1788576299999,1791376157436,legacy_historical,,,,,,,,,
1788576300000,769.72,1788577199999,1791376157436,legacy_historical,,,,,,,,,
1788577200000,769.76,1788578099999,1791376157436,legacy_historical,,,,,,,,,
1788578100000,769.8,1788578999999,1791376157436,legacy_historical,,,,,,,,,
1788579000000,769.81,1788579899999,1791376157436,legacy_historical,,,,,,,,,
1788579900000,769.85,1788580799999,1791376157436,legacy_historical,,,,,,,,,
1788580800000,769.65323452,1788581699999,1791376157436,legacy_historical,,,,,,,,,
1788581700000,769.63,1788582599999,1791376157436,legacy_historical,,,,,,,,,
1788582600000,769.85713815,1788583499999,1791376157436,legacy_historical,,,,,,,,,
1788583500000,769.90425113,1788584399999,1791376157436,legacy_historical,,,,,,,,,
1788584400000,770.03803121,1788585299999,1791376157436,legacy_historical,,,,,,,,,
1788585300000,770.01648653,1788586199999,1791376157436,legacy_historical,,,,,,,,,
1788586200000,770.03,1788587099999,1791376157436,legacy_historical,,,,,,,,,
1788587100000,770.13679019,1788587999999,1791376157436,legacy_historical,,,,,,,,,
1788588000000,770.43953306,1788588899999,1791376157436,legacy_historical,,,,,,,,,
1788588900000,770.41728081,1788589799999,1791376157436,legacy_historical,,,,,,,,,
1788589800000,770.52,1788590699999,1791376157436,legacy_historical,,,,,,,,,
1788590700000,770.47,1788591599999,1791376157436,legacy_historical,,,,,,,,,
1788591600000,770.47566603,1788592499999,1791376157436,legacy_historical,,,,,,,,,
1788592500000,770.55653696,1788593399999,1791376157436,legacy_historical,,,,,,,,,
1788593400000,770.53559644,1788594299999,1791376157436,legacy_historical,,,,,,,,,
1788594300000,770.54549079,1788595199999,1791376157436,legacy_historical,,,,,,,,,
1788595200000,770.51,1788596099999,1791376157436,legacy_historical,,,,,,,,,
1788596100000,770.46,1788596999999,1791376157436,legacy_historical,,,,,,,,,
1788597000000,770.4,1788597899999,1791376157436,legacy_historical,,,,,,,,,
1788597900000,770.475456,1788598799999,1791376157436,legacy_historical,,,,,,,,,
1788598800000,770.52,1788599699999,1791376157436,legacy_historical,,,,,,,,,
1788599700000,770.5,1788600599999,1791376157436,legacy_historical,,,,,,,,,
1788600600000,770.55,1788601499999,1791376157436,legacy_historical,,,,,,,,,
1788601500000,770.55538533,1788602399999,1791376157436,legacy_historical,,,,,,,,,
1788602400000,770.58555079,1788603299999,1791376157436,legacy_historical,,,,,,,,,
1788603300000,771.13,1788604199999,1791376157436,legacy_historical,,,,,,,,,
1788604200000,770.83564743,1788605099999,1791376157436,legacy_historical,,,,,,,,,
1788605100000,770.87,1788605999999,1791376157436,legacy_historical,,,,,,,,,
1788606000000,770.90615199,1788606899999,1791376157436,legacy_historical,,,,,,,,,
1788606900000,771.02616684,1788607799999,1791376157436,legacy_historical,,,,,,,,,
1788607800000,771.16,1788608699999,1791376157436,legacy_historical,,,,,,,,,
1788608700000,770.61,1788609599999,1791376157436,legacy_historical,,,,,,,,,
1788609600000,770.86428791,1788610499999,1791376157436,legacy_historical,,,,,,,,,
1788610500000,770.91,1788611399999,1791376157436,legacy_historical,,,,,,,,,
1788611400000,770.92489068,1788612299999,1791376157436,legacy_historical,,,,,,,,,
1788612300000,771.34,1788613199999,1791376157436,legacy_historical,,,,,,,,,
1788613200000,771.35894699,1788614099999,1791376157436,legacy_historical,,,,,,,,,
1788614100000,771.2253052,1788614999999,1791376157436,legacy_historical,,,,,,,,,
1788615000000,770.94202789,1788615899999,1791376157436,legacy_historical,,,,,,,,,
1788615900000,771.02,1788616799999,1791376157436,legacy_historical,,,,,,,,,
1788616800000,771.10648453,1788617699999,1791376157436,legacy_historical,,,,,,,,,
1788617700000,771.1,1788618599999,1791376157436,legacy_historical,,,,,,,,,
1788618600000,771.09,1788619499999,1791376157436,legacy_historical,,,,,,,,,
1788619500000,771.0845823,1788620399999,1791376157436,legacy_historical,,,,,,,,,
1788620400000,771.16611871,1788621299999,1791376157436,legacy_historical,,,,,,,,,
1788621300000,771.23,1788622199999,1791376157436,legacy_historical,,,,,,,,,
1788622200000,771.37,1788623099999,1791376157436,legacy_historical,,,,,,,,,
1788623100000,771.24,1788623999999,1791376157436,legacy_historical,,,,,,,,,
1788624000000,771.23,1788624899999,1791376157436,legacy_historical,,,,,,,,,
1788624900000,771.40733206,1788625799999,1791376157436,legacy_historical,,,,,,,,,
1788625800000,771.31971416,1788626699999,1791376157436,legacy_historical,,,,,,,,,
1788626700000,771.36,1788627599999,1791376157436,legacy_historical,,,,,,,,,
1788627600000,771.5275829,1788628499999,1791376157436,legacy_historical,,,,,,,,,
1788628500000,771.58807268,1788629399999,1791376157436,legacy_historical,,,,,,,,,
1788629400000,771.63,1788630299999,1791376157436,legacy_historical,,,,,,,,,
1788630300000,771.71,1788631199999,1791376157436,legacy_historical,,,,,,,,,
1788631200000,771.73667951,1788632099999,1791376157436,legacy_historical,,,,,,,,,
1788632100000,771.84753454,1788632999999,1791376157436,legacy_historical,,,,,,,,,
1788633000000,771.85260395,1788633899999,1791376157436,legacy_historical,,,,,,,,,
1788633900000,771.92,1788634799999,1791376157436,legacy_historical,,,,,,,,,
1788634800000,771.92,1788635699999,1791376157436,legacy_historical,,,,,,,,,
1788635700000,771.84427702,1788636599999,1791376157436,legacy_historical,,,,,,,,,
1788636600000,771.90518994,1788637499999,1791376157436,legacy_historical,,,,,,,,,
1788637500000,771.87476341,1788638399999,1791376157436,legacy_historical,,,,,,,,,
1788638400000,771.7935466,1788639299999,1791376157436,legacy_historical,,,,,,,,,
1788639300000,771.75,1788640199999,1791376157436,legacy_historical,,,,,,,,,
1788640200000,771.75,1788641099999,1791376157436,legacy_historical,,,,,,,,,
1788641100000,771.72419829,1788641999999,1791376157436,legacy_historical,,,,,,,,,
1788642000000,771.73,1788642899999,1791376157436,legacy_historical,,,,,,,,,
1788642900000,771.72,1788643799999,1791376157436,legacy_historical,,,,,,,,,
1788643800000,771.95849649,1788644699999,1791376157436,legacy_historical,,,,,,,,,
1788644700000,771.84525268,1788645599999,1791376157436,legacy_historical,,,,,,,,,
1788645600000,771.87561065,1788646499999,1791376157436,legacy_historical,,,,,,,,,
1788646500000,771.84495988,1788647399999,1791376157436,legacy_historical,,,,,,,,,
1788647400000,771.83,1788648299999,1791376157436,legacy_historical,,,,,,,,,
1788648300000,771.95,1788649199999,1791376157436,legacy_historical,,,,,,,,,
1788649200000,772.27,1788650099999,1791376157436,legacy_historical,,,,,,,,,
1788650100000,772.4,1788650999999,1791376157436,legacy_historical,,,,,,,,,
1788651000000,772.2265648,1788651899999,1791376157436,legacy_historical,,,,,,,,,
1788651900000,772.18,1788652799999,1791376157436,legacy_historical,,,,,,,,,
1788652800000,772.01,1788653699999,1791376157436,legacy_historical,,,,,,,,,
1788653700000,772.01,1788654599999,1791376157436,legacy_historical,,,,,,,,,
1788654600000,771.89,1788655499999,1791376157436,legacy_historical,,,,,,,,,
1788655500000,771.94,1788656399999,1791376157436,legacy_historical,,,,,,,,,
1788656400000,772.15,1788657299999,1791376157436,legacy_historical,,,,,,,,,
1788657300000,772.13,1788658199999,1791376157436,legacy_historical,,,,,,,,,
1788658200000,772.02,1788659099999,1791376157436,legacy_historical,,,,,,,,,
1788659100000,771.89243913,1788659999999,1791376157436,legacy_historical,,,,,,,,,
1788660000000,771.88,1788660899999,1791376157436,legacy_historical,,,,,,,,,
1788660900000,771.92786691,1788661799999,1791376157436,legacy_historical,,,,,,,,,
1788661800000,772.15,1788662699999,1791376157436,legacy_historical,,,,,,,,,
1788662700000,772.23,1788663599999,1791376157436,legacy_historical,,,,,,,,,
1788663600000,772.04,1788664499999,1791376157436,legacy_historical,,,,,,,,,
1788664500000,772.10320011,1788665399999,1791376157436,legacy_historical,,,,,,,,,
1788665400000,772.11510508,1788666299999,1791376157436,legacy_historical,,,,,,,,,
1788666300000,772.17,1788667199999,1791376157436,legacy_historical,,,,,,,,,
1788667200000,772.19,1788668099999,1791376157436,legacy_historical,,,,,,,,,
1788668100000,772.08,1788668999999,1791376157436,legacy_historical,,,,,,,,,
1788669000000,772.0,1788669899999,1791376157436,legacy_historical,,,,,,,,,
1788669900000,772.01438105,1788670799999,1791376157436,legacy_historical,,,,,,,,,
1788670800000,772.15,1788671699999,1791376157436,legacy_historical,,,,,,,,,
1788671700000,772.11553563,1788672599999,1791376157436,legacy_historical,,,,,,,,,
1788672600000,772.0,1788673499999,1791376157436,legacy_historical,,,,,,,,,
1788673500000,772.00419771,1788674399999,1791376157436,legacy_historical,,,,,,,,,
1788674400000,772.04,1788675299999,1791376157436,legacy_historical,,,,,,,,,
1788675300000,771.88271488,1788676199999,1791376157436,legacy_historical,,,,,,,,,
1788676200000,771.98,1788677099999,1791376157436,legacy_historical,,,,,,,,,
1788677100000,771.9589039,1788677999999,1791376157436,legacy_historical,,,,,,,,,
1788678000000,771.68,1788678899999,1791376157436,legacy_historical,,,,,,,,,
1788678900000,771.83365171,1788679799999,1791376157436,legacy_historical,,,,,,,,,
1788679800000,771.81391396,1788680699999,1791376157436,legacy_historical,,,,,,,,,
1788680700000,771.93,1788681599999,1791376157436,legacy_historical,,,,,,,,,
1788681600000,771.98,1788682499999,1791376157436,legacy_historical,,,,,,,,,
1788682500000,771.68216642,1788683399999,1791376157436,legacy_historical,,,,,,,,,
1788683400000,771.92659728,1788684299999,1791376157436,legacy_historical,,,,,,,,,
1788684300000,771.9,1788685199999,1791376157436,legacy_historical,,,,,,,,,
1788685200000,771.94,1788686099999,1791376157436,legacy_historical,,,,,,,,,
1788686100000,772.07702552,1788686999999,1791376157436,legacy_historical,,,,,,,,,
1788687000000,772.07,1788687899999,1791376157436,legacy_historical,,,,,,,,,
1788687900000,772.02492689,1788688799999,1791376157436,legacy_historical,,,,,,,,,
1788688800000,771.96,1788689699999,1791376157436,legacy_historical,,,,,,,,,
1788689700000,771.99,1788690599999,1791376157436,legacy_historical,,,,,,,,,
1788690600000,771.9444594,1788691499999,1791376157436,legacy_historical,,,,,,,,,
1788691500000,771.94469324,1788692399999,1791376157436,legacy_historical,,,,,,,,,
1788692400000,771.95,1788693299999,1791376157436,legacy_historical,,,,,,,,,
1788693300000,771.83355722,1788694199999,1791376157436,legacy_historical,,,,,,,,,
1788694200000,771.82,1788695099999,1791376157436,legacy_historical,,,,,,,,,
1788695100000,771.8493163,1788695999999,1791376157436,legacy_historical,,,,,,,,,
1788696000000,771.75328389,1788696899999,1791376157436,legacy_historical,,,,,,,,,
1788696900000,771.77,1788697799999,1791376157436,legacy_historical,,,,,,,,,
1788697800000,771.76450037,1788698699999,1791376157436,legacy_historical,,,,,,,,,
1788698700000,771.8,1788699599999,1791376157436,legacy_historical,,,,,,,,,
1788699600000,771.55305392,1788700499999,1791376157436,legacy_historical,,,,,,,,,
1788700500000,771.12118065,1788701399999,1791376157436,legacy_historical,,,,,,,,,
1788701400000,771.52739775,1788702299999,1791376157436,legacy_historical,,,,,,,,,
1788702300000,771.56,1788703199999,1791376157436,legacy_historical,,,,,,,,,
1788703200000,771.42420137,1788704099999,1791376157436,legacy_historical,,,,,,,,,
1788704100000,771.34348848,1788704999999,1791376157436,legacy_historical,,,,,,,,,
1788705000000,771.34480403,1788705899999,1791376157436,legacy_historical,,,,,,,,,
1788705900000,771.4,1788706799999,1791376157436,legacy_historical,,,,,,,,,
1788706800000,771.47,1788707699999,1791376157436,legacy_historical,,,,,,,,,
1788707700000,771.74,1788708599999,1791376157436,legacy_historical,,,,,,,,,
1788708600000,772.21349724,1788709499999,1791376157436,legacy_historical,,,,,,,,,
1788709500000,771.31766355,1788710399999,1791376157436,legacy_historical,,,,,,,,,
1788710400000,771.52,1788711299999,1791376157436,legacy_historical,,,,,,,,,
1788711300000,771.62,1788712199999,1791376157436,legacy_historical,,,,,,,,,
1788712200000,771.65,1788713099999,1791376157436,legacy_historical,,,,,,,,,
1788713100000,771.49202946,1788713999999,1791376157436,legacy_historical,,,,,,,,,
1788714000000,771.72,1788714899999,1791376157436,legacy_historical,,,,,,,,,
1788714900000,771.74,1788715799999,1791376157436,legacy_historical,,,,,,,,,
1788715800000,771.63414886,1788716699999,1791376157436,legacy_historical,,,,,,,,,
1788716700000,771.73,1788717599999,1791376157436,legacy_historical,,,,,,,,,
1788717600000,771.85,1788718499999,1791376157436,legacy_historical,,,,,,,,,
1788718500000,771.98788025,1788719399999,1791376157436,legacy_historical,,,,,,,,,
1788719400000,772.02691242,1788720299999,1791376157436,legacy_historical,,,,,,,,,
1788720300000,771.9044389,1788721199999,1791376157436,legacy_historical,,,,,,,,,
1788721200000,772.04,1788722099999,1791376157436,legacy_historical,,,,,,,,,
1788722100000,772.04,1788722999999,1791376157436,legacy_historical,,,,,,,,,
1788723000000,772.18900334,1788723899999,1791376157436,legacy_historical,,,,,,,,,
1788723900000,772.10552388,1788724799999,1791376157436,legacy_historical,,,,,,,,,
1788724800000,771.97362383,1788725699999,1791376157436,legacy_historical,,,,,,,,,
1788725700000,772.16665484,1788726599999,1791376157436,legacy_historical,,,,,,,,,
1788726600000,772.11,1788727499999,1791376157436,legacy_historical,,,,,,,,,
1788727500000,771.93,1788728399999,1791376157436,legacy_historical,,,,,,,,,
1788728400000,771.98357649,1788729299999,1791376157436,legacy_historical,,,,,,,,,
1788729300000,772.23684258,1788730199999,1791376157436,legacy_historical,,,,,,,,,
1788730200000,772.14046782,1788731099999,1791376157436,legacy_historical,,,,,,,,,
1788731100000,772.14029831,1788731999999,1791376157436,legacy_historical,,,,,,,,,
1788732000000,770.82,1788732899999,1791376157436,legacy_historical,,,,,,,,,
1788732900000,770.78,1788733799999,1791376157436,legacy_historical,,,,,,,,,
1788733800000,770.78,1788734699999,1791376157436,legacy_historical,,,,,,,,,
1788734700000,770.89368572,1788735599999,1791376157436,legacy_historical,,,,,,,,,
1788735600000,770.82,1788736499999,1791376157436,legacy_historical,,,,,,,,,
1788736500000,770.7,1788737399999,1791376157436,legacy_historical,,,,,,,,,
1788737400000,770.79,1788738299999,1791376157436,legacy_historical,,,,,,,,,
1788738300000,770.56,1788739199999,1791376157436,legacy_historical,,,,,,,,,
1788739200000,770.73,1788740099999,1791376157436,legacy_historical,,,,,,,,,
1788740100000,770.41139969,1788740999999,1791376157436,legacy_historical,,,,,,,,,
1788741000000,770.49345369,1788741899999,1791376157436,legacy_historical,,,,,,,,,
1788741900000,770.2590849,1788742799999,1791376157436,legacy_historical,,,,,,,,,
1788742800000,770.32336591,1788743699999,1791376157436,legacy_historical,,,,,,,,,
1788743700000,770.44,1788744599999,1791376157436,legacy_historical,,,,,,,,,
1788744600000,770.6,1788745499999,1791376157436,legacy_historical,,,,,,,,,
1788745500000,770.6417085,1788746399999,1791376157436,legacy_historical,,,,,,,,,
1788746400000,770.58,1788747299999,1791376157436,legacy_historical,,,,,,,,,
1788747300000,770.62,1788748199999,1791376157436,legacy_historical,,,,,,,,,
1788748200000,770.80806032,1788749099999,1791376157436,legacy_historical,,,,,,,,,
1788749100000,770.34009105,1788749999999,1791376157436,legacy_historical,,,,,,,,,
1788750000000,770.11,1788750899999,1791376157436,legacy_historical,,,,,,,,,
1788750900000,770.36739026,1788751799999,1791376157436,legacy_historical,,,,,,,,,
1788751800000,770.28642739,1788752699999,1791376157436,legacy_historical,,,,,,,,,
1788752700000,770.19,1788753599999,1791376157436,legacy_historical,,,,,,,,,
1788753600000,770.12,1788754499999,1791376157436,legacy_historical,,,,,,,,,
1788754500000,770.04,1788755399999,1791376157436,legacy_historical,,,,,,,,,
1788755400000,769.98,1788756299999,1791376157436,legacy_historical,,,,,,,,,
1788756300000,770.2783257,1788757199999,1791376157436,legacy_historical,,,,,,,,,
1788757200000,770.11,1788758099999,1791376157436,legacy_historical,,,,,,,,,
1788758100000,770.46003732,1788758999999,1791376157436,legacy_historical,,,,,,,,,
1788759000000,770.80068129,1788759899999,1791376157436,legacy_historical,,,,,,,,,
1788759900000,770.55526966,1788760799999,1791376157436,legacy_historical,,,,,,,,,
1788760800000,770.34,1788761699999,1791376157436,legacy_historical,,,,,,,,,
1788761700000,770.41782394,1788762599999,1791376157436,legacy_historical,,,,,,,,,
1788762600000,770.9,1788763499999,1791376157436,legacy_historical,,,,,,,,,
1788763500000,770.96912358,1788764399999,1791376157436,legacy_historical,,,,,,,,,
1788764400000,771.08,1788765299999,1791376157436,legacy_historical,,,,,,,,,
1788765300000,770.8641595,1788766199999,1791376157436,legacy_historical,,,,,,,,,
1788766200000,770.5,1788767099999,1791376157436,legacy_historical,,,,,,,,,
1788767100000,770.86622383,1788767999999,1791376157436,legacy_historical,,,,,,,,,
1788768000000,770.74213889,1788768899999,1791376157436,legacy_historical,,,,,,,,,
1788768900000,770.84511099,1788769799999,1791376157436,legacy_historical,,,,,,,,,
1788769800000,770.7333741,1788770699999,1791376157436,legacy_historical,,,,,,,,,
1788770700000,770.75425361,1788771599999,1791376157436,legacy_historical,,,,,,,,,
1788771600000,770.66,1788772499999,1791376157436,legacy_historical,,,,,,,,,
1788772500000,770.43,1788773399999,1791376157436,legacy_historical,,,,,,,,,
1788773400000,770.60550955,1788774299999,1791376157436,legacy_historical,,,,,,,,,
1788774300000,770.40071932,1788775199999,1791376157436,legacy_historical,,,,,,,,,
1788775200000,770.4335792,1788776099999,1791376157436,legacy_historical,,,,,,,,,
1788776100000,770.47,1788776999999,1791376157436,legacy_historical,,,,,,,,,
1788777000000,770.47846644,1788777899999,1791376157436,legacy_historical,,,,,,,,,
1788777900000,769.95,1788778799999,1791376157436,legacy_historical,,,,,,,,,
1788778800000,769.81,1788779699999,1791376157436,legacy_historical,,,,,,,,,
1788779700000,769.46,1788780599999,1791376157436,legacy_historical,,,,,,,,,
1788780600000,769.45,1788781499999,1791376157436,legacy_historical,,,,,,,,,
1788781500000,769.31220309,1788782399999,1791376157436,legacy_historical,,,,,,,,,
1788782400000,769.13,1788783299999,1791376157436,legacy_historical,,,,,,,,,
1788783300000,769.12205344,1788784199999,1791376157436,legacy_historical,,,,,,,,,
1788784200000,769.31,1788785099999,1791376157436,legacy_historical,,,,,,,,,
1788785100000,769.68795379,1788785999999,1791376157436,legacy_historical,,,,,,,,,
1788786000000,769.89,1788786899999,1791376157436,legacy_historical,,,,,,,,,
1788786900000,770.05,1788787799999,1791376157436,legacy_historical,,,,,,,,,
1788787800000,769.86517667,1788788699999,1791376157436,legacy_historical,,,,,,,,,
1788788700000,770.08466213,1788789599999,1791376157436,legacy_historical,,,,,,,,,
1788789600000,769.83,1788790499999,1791376157436,legacy_historical,,,,,,,,,
1788790500000,769.81,1788791399999,1791376157436,legacy_historical,,,,,,,,,
1788791400000,769.89166158,1788792299999,1791376157436,legacy_historical,,,,,,,,,
1788792300000,769.41070372,1788793199999,1791376157436,legacy_historical,,,,,,,,,
1788793200000,769.21,1788794099999,1791376157436,legacy_historical,,,,,,,,,
1788794100000,769.2445303,1788794999999,1791376157436,legacy_historical,,,,,,,,,
1788795000000,769.25,1788795899999,1791376157436,legacy_historical,,,,,,,,,
1788795900000,769.17,1788796799999,1791376157436,legacy_historical,,,,,,,,,
1788796800000,769.33172198,1788797699999,1791376157436,legacy_historical,,,,,,,,,
1788797700000,769.34,1788798599999,1791376157436,legacy_historical,,,,,,,,,
1788798600000,769.59844043,1788799499999,1791376157436,legacy_historical,,,,,,,,,
1788799500000,769.4034539,1788800399999,1791376157436,legacy_historical,,,,,,,,,
1788800400000,769.75969464,1788801299999,1791376157436,legacy_historical,,,,,,,,,
1788801300000,769.32037101,1788802199999,1791376157436,legacy_historical,,,,,,,,,
1788802200000,769.2847166,1788803099999,1791376157436,legacy_historical,,,,,,,,,
1788803100000,769.74,1788803999999,1791376157436,legacy_historical,,,,,,,,,
1788804000000,769.76,1788804899999,1791376157436,legacy_historical,,,,,,,,,
1788804900000,769.50050662,1788805799999,1791376157436,legacy_historical,,,,,,,,,
1788805800000,769.61,1788806699999,1791376157436,legacy_historical,,,,,,,,,
1788806700000,769.61526916,1788807599999,1791376157436,legacy_historical,,,,,,,,,
1788807600000,769.66,1788808499999,1791376157436,legacy_historical,,,,,,,,,
1788808500000,769.66,1788809399999,1791376157436,legacy_historical,,,,,,,,,
1788809400000,769.77666167,1788810299999,1791376157436,legacy_historical,,,,,,,,,
1788810300000,769.92,1788811199999,1791376157436,legacy_historical,,,,,,,,,
1788811200000,769.9667084,1788812099999,1791376157436,legacy_historical,,,,,,,,,
1788812100000,769.96595704,1788812999999,1791376157436,legacy_historical,,,,,,,,,
1788813000000,769.97,1788813899999,1791376157436,legacy_historical,,,,,,,,,
1788813900000,769.97553576,1788814799999,1791376157436,legacy_historical,,,,,,,,,
1788814800000,770.09704367,1788815699999,1791376157436,legacy_historical,,,,,,,,,
1788815700000,770.04531198,1788816599999,1791376157436,legacy_historical,,,,,,,,,
1788816600000,770.2,1788817499999,1791376157436,legacy_historical,,,,,,,,,
1788817500000,770.00345214,1788818399999,1791376157436,legacy_historical,,,,,,,,,
1788818400000,769.65,1788819299999,1791376157436,legacy_historical,,,,,,,,,
1788819300000,769.3,1788820199999,1791376157436,legacy_historical,,,,,,,,,
1788820200000,769.26,1788821099999,1791376157436,legacy_historical,,,,,,,,,
1788821100000,769.29,1788821999999,1791376157436,legacy_historical,,,,,,,,,
1788822000000,769.31438409,1788822899999,1791376157436,legacy_historical,,,,,,,,,
1788822900000,769.305282,1788823799999,1791376157436,legacy_historical,,,,,,,,,
1788823800000,769.80706102,1788824699999,1791376157436,legacy_historical,,,,,,,,,
1788824700000,770.06788856,1788825599999,1791376157436,legacy_historical,,,,,,,,,
1788825600000,769.86862386,1788826499999,1791376157436,legacy_historical,,,,,,,,,
1788826500000,769.95,1788827399999,1791376157436,legacy_historical,,,,,,,,,
1788827400000,769.9,1788828299999,1791376157436,legacy_historical,,,,,,,,,
1788828300000,769.84761351,1788829199999,1791376157436,legacy_historical,,,,,,,,,
1788829200000,769.76971927,1788830099999,1791376157436,legacy_historical,,,,,,,,,
1788830100000,769.86,1788830999999,1791376157436,legacy_historical,,,,,,,,,
1788831000000,770.28,1788831899999,1791376157436,legacy_historical,,,,,,,,,
1788831900000,770.59,1788832799999,1791376157436,legacy_historical,,,,,,,,,
1788832800000,770.44438701,1788833699999,1791376157436,legacy_historical,,,,,,,,,
1788833700000,770.58,1788834599999,1791376157436,legacy_historical,,,,,,,,,
1788834600000,770.44197942,1788835499999,1791376157436,legacy_historical,,,,,,,,,
1788835500000,770.05,1788836399999,1791376157436,legacy_historical,,,,,,,,,
1788836400000,770.47,1788837299999,1791376157436,legacy_historical,,,,,,,,,
1788837300000,770.79,1788838199999,1791376157436,legacy_historical,,,,,,,,,
1788838200000,770.65501402,1788839099999,1791376157436,legacy_historical,,,,,,,,,
1788839100000,770.81,1788839999999,1791376157436,legacy_historical,,,,,,,,,
1788840000000,770.78,1788840899999,1791376157436,legacy_historical,,,,,,,,,
1788840900000,770.80816807,1788841799999,1791376157436,legacy_historical,,,,,,,,,
1788841800000,770.9,1788842699999,1791376157436,legacy_historical,,,,,,,,,
1788842700000,770.83095666,1788843599999,1791376157436,legacy_historical,,,,,,,,,
1788843600000,770.21013479,1788844499999,1791376157436,legacy_historical,,,,,,,,,
1788844500000,770.26513028,1788845399999,1791376157436,legacy_historical,,,,,,,,,
1788845400000,769.53623444,1788846299999,1791376157436,legacy_historical,,,,,,,,,
1788846300000,769.14847969,1788847199999,1791376157436,legacy_historical,,,,,,,,,
1788847200000,768.78974109,1788848099999,1791376157436,legacy_historical,,,,,,,,,
1788848100000,768.52,1788848999999,1791376157436,legacy_historical,,,,,,,,,
1788849000000,768.98,1788849899999,1791376157436,legacy_historical,,,,,,,,,
1788849900000,768.9805687,1788850799999,1791376157436,legacy_historical,,,,,,,,,
1788850800000,769.21634299,1788851699999,1791376157436,legacy_historical,,,,,,,,,
1788851700000,769.21,1788852599999,1791376157436,legacy_historical,,,,,,,,,
1788852600000,768.35965563,1788853499999,1791376157436,legacy_historical,,,,,,,,,
1788853500000,768.05,1788854399999,1791376157436,legacy_historical,,,,,,,,,
1788854400000,768.00391241,1788855299999,1791376157436,legacy_historical,,,,,,,,,
1788855300000,767.8695593,1788856199999,1791376157436,legacy_historical,,,,,,,,,
1788856200000,767.73942828,1788857099999,1791376157436,legacy_historical,,,,,,,,,
1788857100000,767.8650877,1788857999999,1791376157436,legacy_historical,,,,,,,,,
1788858000000,768.49001597,1788858899999,1791376157436,legacy_historical,,,,,,,,,
1788858900000,768.73,1788859799999,1791376157436,legacy_historical,,,,,,,,,
1788859800000,769.06189095,1788860699999,1791376157436,legacy_historical,,,,,,,,,
1788860700000,769.67,1788861599999,1791376157436,legacy_historical,,,,,,,,,
1788861600000,769.45163099,1788862499999,1791376157436,legacy_historical,,,,,,,,,
1788862500000,769.3863967,1788863399999,1791376157436,legacy_historical,,,,,,,,,
1788863400000,768.98,1788864299999,1791376157436,legacy_historical,,,,,,,,,
1788864300000,768.59369163,1788865199999,1791376157436,legacy_historical,,,,,,,,,
1788865200000,768.13,1788866099999,1791376157436,legacy_historical,,,,,,,,,
1788866100000,768.33550804,1788866999999,1791376157436,legacy_historical,,,,,,,,,
1788867000000,768.39696703,1788867899999,1791376157436,legacy_historical,,,,,,,,,
1788867900000,769.18,1788868799999,1791376157436,legacy_historical,,,,,,,,,
1788868800000,768.43,1788869699999,1791376157436,legacy_historical,,,,,,,,,
1788869700000,769.07576876,1788870599999,1791376157436,legacy_historical,,,,,,,,,
1788870600000,769.54907829,1788871499999,1791376157436,legacy_historical,,,,,,,,,
1788871500000,769.90913944,1788872399999,1791376157436,legacy_historical,,,,,,,,,
1788872400000,769.93,1788873299999,1791376157436,legacy_historical,,,,,,,,,
1788873300000,769.79,1788874199999,1791376157436,legacy_historical,,,,,,,,,
1788874200000,767.97,1788875099999,1791376157436,legacy_historical,,,,,,,,,
1788875100000,768.24520404,1788875999999,1791376157436,legacy_historical,,,,,,,,,
1788876000000,767.23,1788876899999,1791376157436,legacy_historical,,,,,,,,,
1788876900000,767.52,1788877799999,1791376157436,legacy_historical,,,,,,,,,
1788877800000,767.91081974,1788878699999,1791376157436,legacy_historical,,,,,,,,,
1788878700000,768.36596744,1788879599999,1791376157436,legacy_historical,,,,,,,,,
1788879600000,768.77206725,1788880499999,1791376157436,legacy_historical,,,,,,,,,
1788880500000,768.49452225,1788881399999,1791376157436,legacy_historical,,,,,,,,,
1788881400000,768.75,1788882299999,1791376157436,legacy_historical,,,,,,,,,
1788882300000,768.06,1788883199999,1791376157436,legacy_historical,,,,,,,,,
1788883200000,767.93791433,1788884099999,1791376157436,legacy_historical,,,,,,,,,
1788884100000,767.77240279,1788884999999,1791376157436,legacy_historical,,,,,,,,,
1788885000000,767.67,1788885899999,1791376157436,legacy_historical,,,,,,,,,
1788885900000,767.55,1788886799999,1791376157436,legacy_historical,,,,,,,,,
1788886800000,768.15543837,1788887699999,1791376157436,legacy_historical,,,,,,,,,
1788887700000,768.04788761,1788888599999,1791376157436,legacy_historical,,,,,,,,,
1788888600000,767.90560381,1788889499999,1791376157436,legacy_historical,,,,,,,,,
1788889500000,767.99455729,1788890399999,1791376157436,legacy_historical,,,,,,,,,
1788890400000,768.26,1788891299999,1791376157436,legacy_historical,,,,,,,,,
1788891300000,768.23186352,1788892199999,1791376157436,legacy_historical,,,,,,,,,
1788892200000,768.04,1788893099999,1791376157436,legacy_historical,,,,,,,,,
1788893100000,767.31411584,1788893999999,1791376157436,legacy_historical,,,,,,,,,
1788894000000,767.44,1788894899999,1791376157436,legacy_historical,,,,,,,,,
1788894900000,767.57725733,1788895799999,1791376157436,legacy_historical,,,,,,,,,
1788895800000,767.36,1788896699999,1791376157436,legacy_historical,,,,,,,,,
1788896700000,766.68308749,1788897599999,1791376157436,legacy_historical,,,,,,,,,
1788897600000,766.42937009,1788898499999,1791376157436,legacy_historical,,,,,,,,,
1788898500000,766.19,1788899399999,1791376157436,legacy_historical,,,,,,,,,
1788899400000,766.32065486,1788900299999,1791376157436,legacy_historical,,,,,,,,,
1788900300000,766.4967428,1788901199999,1791376157436,legacy_historical,,,,,,,,,
1788901200000,766.45384529,1788902099999,1791376157436,legacy_historical,,,,,,,,,
1788902100000,766.33,1788902999999,1791376157436,legacy_historical,,,,,,,,,
1788903000000,766.25931908,1788903899999,1791376157436,legacy_historical,,,,,,,,,
1788903900000,766.29,1788904799999,1791376157436,legacy_historical,,,,,,,,,
1788904800000,766.6,1788905699999,1791376157436,legacy_historical,,,,,,,,,
1788905700000,766.65,1788906599999,1791376157436,legacy_historical,,,,,,,,,
1788906600000,766.71,1788907499999,1791376157436,legacy_historical,,,,,,,,,
1788907500000,766.95,1788908399999,1791376157436,legacy_historical,,,,,,,,,
1788908400000,766.74949957,1788909299999,1791376157436,legacy_historical,,,,,,,,,
1788909300000,766.5,1788910199999,1791376157436,legacy_historical,,,,,,,,,
1788910200000,766.43689898,1788911099999,1791376157436,legacy_historical,,,,,,,,,
1788911100000,766.15,1788911999999,1791376157436,legacy_historical,,,,,,,,,
1788912000000,766.8591909,1788912899999,1791376157436,legacy_historical,,,,,,,,,
1788912900000,766.55,1788913799999,1791376157436,legacy_historical,,,,,,,,,
1788913800000,766.59,1788914699999,1791376157436,legacy_historical,,,,,,,,,
1788914700000,766.79,1788915599999,1791376157436,legacy_historical,,,,,,,,,
1788915600000,766.92997818,1788916499999,1791376157436,legacy_historical,,,,,,,,,
1788916500000,767.17796407,1788917399999,1791376157436,legacy_historical,,,,,,,,,
1788917400000,766.99317652,1788918299999,1791376157436,legacy_historical,,,,,,,,,
1788918300000,767.1054214,1788919199999,1791376157436,legacy_historical,,,,,,,,,
1788919200000,767.01,1788920099999,1791376157436,legacy_historical,,,,,,,,,
1788920100000,767.13,1788920999999,1791376157436,legacy_historical,,,,,,,,,
1788921000000,767.2706663,1788921899999,1791376157436,legacy_historical,,,,,,,,,
1788921900000,767.26394719,1788922799999,1791376157436,legacy_historical,,,,,,,,,
1788922800000,767.07,1788923699999,1791376157436,legacy_historical,,,,,,,,,
1788923700000,767.00995808,1788924599999,1791376157436,legacy_historical,,,,,,,,,
1788924600000,766.96798372,1788925499999,1791376157436,legacy_historical,,,,,,,,,
1788925500000,766.91362078,1788926399999,1791376157436,legacy_historical,,,,,,,,,
1788926400000,766.83783903,1788927299999,1791376157436,legacy_historical,,,,,,,,,
1788927300000,767.18772403,1788928199999,1791376157436,legacy_historical,,,,,,,,,
1788928200000,767.39,1788929099999,1791376157436,legacy_historical,,,,,,,,,
1788929100000,767.51013294,1788929999999,1791376157436,legacy_historical,,,,,,,,,
1788930000000,767.48992811,1788930899999,1791376157436,legacy_historical,,,,,,,,,
1788930900000,767.33,1788931799999,1791376157436,legacy_historical,,,,,,,,,
1788931800000,767.2,1788932699999,1791376157436,legacy_historical,,,,,,,,,
1788932700000,767.49428266,1788933599999,1791376157436,legacy_historical,,,,,,,,,
1788933600000,767.59,1788934499999,1791376157436,legacy_historical,,,,,,,,,
1788934500000,767.15,1788935399999,1791376157436,legacy_historical,,,,,,,,,
1788935400000,767.42,1788936299999,1791376157436,legacy_historical,,,,,,,,,
1788936300000,767.14,1788937199999,1791376157436,legacy_historical,,,,,,,,,
1788937200000,767.1119669,1788938099999,1791376157436,legacy_historical,,,,,,,,,
1788938100000,767.69,1788938999999,1791376157436,legacy_historical,,,,,,,,,
1788939000000,767.25301061,1788939899999,1791376157436,legacy_historical,,,,,,,,,
1788939900000,767.23,1788940799999,1791376157436,legacy_historical,,,,,,,,,
1788940800000,767.09,1788941699999,1791376157436,legacy_historical,,,,,,,,,
1788941700000,767.15721515,1788942599999,1791376157436,legacy_historical,,,,,,,,,
1788942600000,766.52170397,1788943499999,1791376157436,legacy_historical,,,,,,,,,
1788943500000,766.71637295,1788944399999,1791376157436,legacy_historical,,,,,,,,,
1788944400000,766.61563763,1788945299999,1791376157436,legacy_historical,,,,,,,,,
1788945300000,766.33,1788946199999,1791376157436,legacy_historical,,,,,,,,,
1788946200000,765.71,1788947099999,1791376157436,legacy_historical,,,,,,,,,
1788947100000,764.69919211,1788947999999,1791376157436,legacy_historical,,,,,,,,,
1788948000000,764.81709986,1788948899999,1791376157436,legacy_historical,,,,,,,,,
1788948900000,764.8158472,1788949799999,1791376157436,legacy_historical,,,,,,,,,
1788949800000,764.33831108,1788950699999,1791376157436,legacy_historical,,,,,,,,,
1788950700000,763.9709741,1788951599999,1791376157436,legacy_historical,,,,,,,,,
1788951600000,764.24917794,1788952499999,1791376157436,legacy_historical,,,,,,,,,
1788952500000,764.28,1788953399999,1791376157436,legacy_historical,,,,,,,,,
1788953400000,763.745512,1788954299999,1791376157436,legacy_historical,,,,,,,,,
1788954300000,764.11820696,1788955199999,1791376157436,legacy_historical,,,,,,,,,
1788955200000,763.32786182,1788956099999,1791376157436,legacy_historical,,,,,,,,,
1788956100000,763.6723774,1788956999999,1791376157436,legacy_historical,,,,,,,,,
1788957000000,764.14,1788957899999,1791376157436,legacy_historical,,,,,,,,,
1788957900000,764.38,1788958799999,1791376157436,legacy_historical,,,,,,,,,
1788958800000,764.39,1788959699999,1791376157436,legacy_historical,,,,,,,,,
1788959700000,764.69,1788960599999,1791376157436,legacy_historical,,,,,,,,,
1788960600000,764.51165699,1788961499999,1791376157436,legacy_historical,,,,,,,,,
1788961500000,764.79,1788962399999,1791376157436,legacy_historical,,,,,,,,,
1788962400000,764.45,1788963299999,1791376157436,legacy_historical,,,,,,,,,
1788963300000,764.58,1788964199999,1791376157436,legacy_historical,,,,,,,,,
1788964200000,764.44,1788965099999,1791376157436,legacy_historical,,,,,,,,,
1788965100000,764.38163012,1788965999999,1791376157436,legacy_historical,,,,,,,,,
1788966000000,762.31147043,1788966899999,1791376157436,legacy_historical,,,,,,,,,
1788966900000,762.24,1788967799999,1791376157436,legacy_historical,,,,,,,,,
1788967800000,762.86801879,1788968699999,1791376157436,legacy_historical,,,,,,,,,
1788968700000,762.77,1788969599999,1791376157436,legacy_historical,,,,,,,,,
1788969600000,762.32772658,1788970499999,1791376157436,legacy_historical,,,,,,,,,
1788970500000,762.32,1788971399999,1791376157436,legacy_historical,,,,,,,,,
1788971400000,763.14,1788972299999,1791376157436,legacy_historical,,,,,,,,,
1788972300000,763.3,1788973199999,1791376157436,legacy_historical,,,,,,,,,
1788973200000,763.74,1788974099999,1791376157436,legacy_historical,,,,,,,,,
1788974100000,763.56,1788974999999,1791376157436,legacy_historical,,,,,,,,,
1788975000000,763.63,1788975899999,1791376157436,legacy_historical,,,,,,,,,
1788975900000,763.70013385,1788976799999,1791376157436,legacy_historical,,,,,,,,,
1788976800000,763.32,1788977699999,1791376157436,legacy_historical,,,,,,,,,
1788977700000,763.52885178,1788978599999,1791376157436,legacy_historical,,,,,,,,,
1788978600000,763.77,1788979499999,1791376157436,legacy_historical,,,,,,,,,
1788979500000,763.41381889,1788980399999,1791376157436,legacy_historical,,,,,,,,,
1788980400000,763.40923244,1788981299999,1791376157436,legacy_historical,,,,,,,,,
1788981300000,763.52,1788982199999,1791376157436,legacy_historical,,,,,,,,,
1788982200000,763.2,1788983099999,1791376157436,legacy_historical,,,,,,,,,
1788983100000,762.99128777,1788983999999,1791376157436,legacy_historical,,,,,,,,,
1788984000000,763.25935574,1788984899999,1791376157436,legacy_historical,,,,,,,,,
1788984900000,763.23,1788985799999,1791376157436,legacy_historical,,,,,,,,,
1788985800000,763.48,1788986699999,1791376157436,legacy_historical,,,,,,,,,
1788986700000,763.47,1788987599999,1791376157436,legacy_historical,,,,,,,,,
1788987600000,763.3246731,1788988499999,1791376157436,legacy_historical,,,,,,,,,
1788988500000,763.30922516,1788989399999,1791376157436,legacy_historical,,,,,,,,,
1788989400000,763.16,1788990299999,1791376157436,legacy_historical,,,,,,,,,
1788990300000,763.11,1788991199999,1791376157436,legacy_historical,,,,,,,,,
1788991200000,763.32,1788992099999,1791376157436,legacy_historical,,,,,,,,,
1788992100000,763.27,1788992999999,1791376157436,legacy_historical,,,,,,,,,
1788993000000,763.35,1788993899999,1791376157436,legacy_historical,,,,,,,,,
1788993900000,763.29,1788994799999,1791376157436,legacy_historical,,,,,,,,,
1788994800000,763.12875341,1788995699999,1791376157436,legacy_historical,,,,,,,,,
1788995700000,763.21,1788996599999,1791376157436,legacy_historical,,,,,,,,,
1788996600000,763.38,1788997499999,1791376157436,legacy_historical,,,,,,,,,
1788997500000,763.83,1788998399999,1791376157436,legacy_historical,,,,,,,,,
1788998400000,763.72006014,1788999299999,1791376157436,legacy_historical,,,,,,,,,
1788999300000,764.05289568,1789000199999,1791376157436,legacy_historical,,,,,,,,,
1789000200000,763.85,1789001099999,1791376157436,legacy_historical,,,,,,,,,
1789001100000,763.24615676,1789001999999,1791376157436,legacy_historical,,,,,,,,,
1789002000000,763.2327405,1789002899999,1791376157436,legacy_historical,,,,,,,,,
1789002900000,762.99,1789003799999,1791376157436,legacy_historical,,,,,,,,,
1789003800000,763.32137623,1789004699999,1791376157436,legacy_historical,,,,,,,,,
1789004700000,763.59446896,1789005599999,1791376157436,legacy_historical,,,,,,,,,
1789005600000,763.53,1789006499999,1791376157436,legacy_historical,,,,,,,,,
1789006500000,763.47226961,1789007399999,1791376157436,legacy_historical,,,,,,,,,
1789007400000,763.90350353,1789008299999,1791376157436,legacy_historical,,,,,,,,,
1789008300000,764.09,1789009199999,1791376157436,legacy_historical,,,,,,,,,
1789009200000,764.18,1789010099999,1791376157436,legacy_historical,,,,,,,,,
1789010100000,764.15519088,1789010999999,1791376157436,legacy_historical,,,,,,,,,
1789011000000,764.18,1789011899999,1791376157436,legacy_historical,,,,,,,,,
1789011900000,764.35,1789012799999,1791376157436,legacy_historical,,,,,,,,,
1789012800000,764.40758024,1789013699999,1791376157436,legacy_historical,,,,,,,,,
1789013700000,764.38630605,1789014599999,1791376157436,legacy_historical,,,,,,,,,
1789014600000,764.38,1789015499999,1791376157436,legacy_historical,,,,,,,,,
1789015500000,764.62929961,1789016399999,1791376157436,legacy_historical,,,,,,,,,
1789016400000,764.73,1789017299999,1791376157436,legacy_historical,,,,,,,,,
1789017300000,764.85788491,1789018199999,1791376157436,legacy_historical,,,,,,,,,
1789018200000,764.97960331,1789019099999,1791376157436,legacy_historical,,,,,,,,,
1789019100000,765.08,1789019999999,1791376157436,legacy_historical,,,,,,,,,
1789020000000,764.73405046,1789020899999,1791376157436,legacy_historical,,,,,,,,,
1789020900000,764.75,1789021799999,1791376157436,legacy_historical,,,,,,,,,
1789021800000,765.02,1789022699999,1791376157436,legacy_historical,,,,,,,,,
1789022700000,764.92,1789023599999,1791376157436,legacy_historical,,,,,,,,,
1789023600000,764.71934366,1789024499999,1791376157436,legacy_historical,,,,,,,,,
1789024500000,764.3415803,1789025399999,1791376157436,legacy_historical,,,,,,,,,
1789025400000,764.59,1789026299999,1791376157436,legacy_historical,,,,,,,,,
1789026300000,764.63,1789027199999,1791376157436,legacy_historical,,,,,,,,,
1789027200000,764.54,1789028099999,1791376157436,legacy_historical,,,,,,,,,
1789028100000,764.72593562,1789028999999,1791376157436,legacy_historical,,,,,,,,,
1789029000000,764.26,1789029899999,1791376157436,legacy_historical,,,,,,,,,
1789029900000,763.94730799,1789030799999,1791376157436,legacy_historical,,,,,,,,,
1789030800000,763.9568662,1789031699999,1791376157436,legacy_historical,,,,,,,,,
1789031700000,763.8,1789032599999,1791376157436,legacy_historical,,,,,,,,,
1789032600000,763.73552271,1789033499999,1791376157436,legacy_historical,,,,,,,,,
1789033500000,763.89,1789034399999,1791376157436,legacy_historical,,,,,,,,,
1789034400000,763.80486206,1789035299999,1791376157436,legacy_historical,,,,,,,,,
1789035300000,763.78796788,1789036199999,1791376157436,legacy_historical,,,,,,,,,
1789036200000,763.84535704,1789037099999,1791376157436,legacy_historical,,,,,,,,,
1789037100000,763.64652715,1789037999999,1791376157436,legacy_historical,,,,,,,,,
1789038000000,763.29814516,1789038899999,1791376157436,legacy_historical,,,,,,,,,
1789038900000,763.11,1789039799999,1791376157436,legacy_historical,,,,,,,,,
1789039800000,763.24,1789040699999,1791376157436,legacy_historical,,,,,,,,,
1789040700000,762.09455642,1789041599999,1791376157436,legacy_historical,,,,,,,,,
1789041600000,762.2,1789042499999,1791376157436,legacy_historical,,,,,,,,,
1789042500000,761.45,1789043399999,1791376157436,legacy_historical,,,,,,,,,
1789043400000,759.01630506,1789044299999,1791376157436,legacy_historical,,,,,,,,,
1789044300000,758.84445063,1789045199999,1791376157436,legacy_historical,,,,,,,,,
1789045200000,758.868273,1789046099999,1791376157436,legacy_historical,,,,,,,,,
1789046100000,758.77,1789046999999,1791376157436,legacy_historical,,,,,,,,,
1789047000000,758.8340666,1789047899999,1791376157436,legacy_historical,,,,,,,,,
1789047900000,757.69422273,1789048799999,1791376157436,legacy_historical,,,,,,,,,
1789048800000,758.07618421,1789049699999,1791376157436,legacy_historical,,,,,,,,,
1789049700000,759.54,1789050599999,1791376157436,legacy_historical,,,,,,,,,
1789050600000,759.65,1789051499999,1791376157436,legacy_historical,,,,,,,,,
1789051500000,760.16862967,1789052399999,1791376157436,legacy_historical,,,,,,,,,
1789052400000,759.74850612,1789053299999,1791376157436,legacy_historical,,,,,,,,,
1789053300000,759.93,1789054199999,1791376157436,legacy_historical,,,,,,,,,
1789054200000,759.97,1789055099999,1791376157436,legacy_historical,,,,,,,,,
1789055100000,759.22200591,1789055999999,1791376157436,legacy_historical,,,,,,,,,
1789056000000,758.79,1789056899999,1791376157436,legacy_historical,,,,,,,,,
1789056900000,758.67,1789057799999,1791376157436,legacy_historical,,,,,,,,,
1789057800000,759.38817695,1789058699999,1791376157436,legacy_historical,,,,,,,,,
1789058700000,759.81022166,1789059599999,1791376157436,legacy_historical,,,,,,,,,
1789059600000,759.69893585,1789060499999,1791376157436,legacy_historical,,,,,,,,,
1789060500000,759.33,1789061399999,1791376157436,legacy_historical,,,,,,,,,
1789061400000,759.11,1789062299999,1791376157436,legacy_historical,,,,,,,,,
1789062300000,758.98965438,1789063199999,1791376157436,legacy_historical,,,,,,,,,
1789063200000,758.42655795,1789064099999,1791376157436,legacy_historical,,,,,,,,,
1789064100000,758.5326438,1789064999999,1791376157436,legacy_historical,,,,,,,,,
1789065000000,758.61418517,1789065899999,1791376157436,legacy_historical,,,,,,,,,
1789065900000,758.63554107,1789066799999,1791376157436,legacy_historical,,,,,,,,,
1789066800000,758.66709863,1789067699999,1791376157436,legacy_historical,,,,,,,,,
1789067700000,758.52408329,1789068599999,1791376157436,legacy_historical,,,,,,,,,
1789068600000,758.89,1789069499999,1791376157436,legacy_historical,,,,,,,,,
1789069500000,758.64,1789070399999,1791376157436,legacy_historical,,,,,,,,,
1789070400000,759.27053237,1789071299999,1791376157436,legacy_historical,,,,,,,,,
1789071300000,759.11297175,1789072199999,1791376157436,legacy_historical,,,,,,,,,
1789072200000,759.0828192,1789073099999,1791376157436,legacy_historical,,,,,,,,,
1789073100000,758.8363099,1789073999999,1791376157436,legacy_historical,,,,,,,,,
1789074000000,759.07,1789074899999,1791376157436,legacy_historical,,,,,,,,,
1789074900000,759.05,1789075799999,1791376157436,legacy_historical,,,,,,,,,
1789075800000,758.62,1789076699999,1791376157436,legacy_historical,,,,,,,,,
1789076700000,758.81,1789077599999,1791376157436,legacy_historical,,,,,,,,,
1789077600000,758.95907833,1789078499999,1791376157436,legacy_historical,,,,,,,,,
1789078500000,758.93,1789079399999,1791376157436,legacy_historical,,,,,,,,,
1789079400000,758.8,1789080299999,1791376157436,legacy_historical,,,,,,,,,
1789080300000,758.79,1789081199999,1791376157436,legacy_historical,,,,,,,,,
1789081200000,758.88,1789082099999,1791376157436,legacy_historical,,,,,,,,,
1789082100000,758.82,1789082999999,1791376157436,legacy_historical,,,,,,,,,
1789083000000,758.81,1789083899999,1791376157436,legacy_historical,,,,,,,,,
1789083900000,758.25,1789084799999,1791376157436,legacy_historical,,,,,,,,,
1789084800000,759.15164146,1789085699999,1791376157436,legacy_historical,,,,,,,,,
1789085700000,759.47250096,1789086599999,1791376157436,legacy_historical,,,,,,,,,
1789086600000,759.42,1789087499999,1791376157436,legacy_historical,,,,,,,,,
1789087500000,759.96,1789088399999,1791376157436,legacy_historical,,,,,,,,,
1789088400000,760.11471802,1789089299999,1791376157436,legacy_historical,,,,,,,,,
1789089300000,759.79163075,1789090199999,1791376157436,legacy_historical,,,,,,,,,
1789090200000,759.7,1789091099999,1791376157436,legacy_historical,,,,,,,,,
1789091100000,759.85,1789091999999,1791376157436,legacy_historical,,,,,,,,,
1789092000000,759.85,1789092899999,1791376157436,legacy_historical,,,,,,,,,
1789092900000,759.36,1789093799999,1791376157436,legacy_historical,,,,,,,,,
1789093800000,759.15,1789094699999,1791376157436,legacy_historical,,,,,,,,,
1789094700000,759.25,1789095599999,1791376157436,legacy_historical,,,,,,,,,
1789095600000,759.06,1789096499999,1791376157436,legacy_historical,,,,,,,,,
1789096500000,759.01,1789097399999,1791376157436,legacy_historical,,,,,,,,,
1789097400000,759.17489836,1789098299999,1791376157436,legacy_historical,,,,,,,,,
1789098300000,758.95,1789099199999,1791376157436,legacy_historical,,,,,,,,,
1789099200000,759.49,1789100099999,1791376157436,legacy_historical,,,,,,,,,
1789100100000,759.81,1789100999999,1791376157436,legacy_historical,,,,,,,,,
1789101000000,759.90173817,1789101899999,1791376157436,legacy_historical,,,,,,,,,
1789101900000,759.89765866,1789102799999,1791376157436,legacy_historical,,,,,,,,,
1789102800000,760.39,1789103699999,1791376157436,legacy_historical,,,,,,,,,
1789103700000,760.09704966,1789104599999,1791376157436,legacy_historical,,,,,,,,,
1789104600000,760.71353429,1789105499999,1791376157436,legacy_historical,,,,,,,,,
1789105500000,761.37293509,1789106399999,1791376157436,legacy_historical,,,,,,,,,
1789106400000,761.58,1789107299999,1791376157436,legacy_historical,,,,,,,,,
1789107300000,761.56,1789108199999,1791376157436,legacy_historical,,,,,,,,,
1789108200000,761.45182542,1789109099999,1791376157436,legacy_historical,,,,,,,,,
1789109100000,762.04,1789109999999,1791376157436,legacy_historical,,,,,,,,,
1789110000000,761.95,1789110899999,1791376157436,legacy_historical,,,,,,,,,
1789110900000,761.74,1789111799999,1791376157436,legacy_historical,,,,,,,,,
1789111800000,761.64,1789112699999,1791376157436,legacy_historical,,,,,,,,,
1789112700000,761.68,1789113599999,1791376157436,legacy_historical,,,,,,,,,
1789113600000,761.68,1789114499999,1791376157436,legacy_historical,,,,,,,,,
1789114500000,762.16556936,1789115399999,1791376157436,legacy_historical,,,,,,,,,
1789115400000,762.44,1789116299999,1791376157436,legacy_historical,,,,,,,,,
1789116300000,763.16663116,1789117199999,1791376157436,legacy_historical,,,,,,,,,
1789117200000,762.66,1789118099999,1791376157436,legacy_historical,,,,,,,,,
1789118100000,762.72,1789118999999,1791376157436,legacy_historical,,,,,,,,,
1789119000000,762.77241835,1789119899999,1791376157436,legacy_historical,,,,,,,,,
1789119900000,762.94,1789120799999,1791376157436,legacy_historical,,,,,,,,,
1789120800000,763.16,1789121699999,1791376157436,legacy_historical,,,,,,,,,
1789121700000,762.97,1789122599999,1791376157436,legacy_historical,,,,,,,,,
1789122600000,762.97,1789123499999,1791376157436,legacy_historical,,,,,,,,,
1789123500000,762.8232833,1789124399999,1791376157436,legacy_historical,,,,,,,,,
1789124400000,762.41518988,1789125299999,1791376157436,legacy_historical,,,,,,,,,
1789125300000,762.72,1789126199999,1791376157436,legacy_historical,,,,,,,,,
1789126200000,762.92,1789127099999,1791376157436,legacy_historical,,,,,,,,,
1789127100000,763.03608459,1789127999999,1791376157436,legacy_historical,,,,,,,,,
1789128000000,763.04173384,1789128899999,1791376157436,legacy_historical,,,,,,,,,
1789128900000,764.18946247,1789129799999,1791376157436,legacy_historical,,,,,,,,,
1789129800000,763.51576412,1789130699999,1791376157436,legacy_historical,,,,,,,,,
1789130700000,766.38,1789131599999,1791376157436,legacy_historical,,,,,,,,,
1789131600000,765.41379683,1789132499999,1791376157436,legacy_historical,,,,,,,,,
1789132500000,765.48,1789133399999,1791376157436,legacy_historical,,,,,,,,,
1789133400000,766.06,1789134299999,1791376157436,legacy_historical,,,,,,,,,
1789134300000,767.04456726,1789135199999,1791376157436,legacy_historical,,,,,,,,,
1789135200000,765.54,1789136099999,1791376157436,legacy_historical,,,,,,,,,
1789136100000,766.63230707,1789136999999,1791376157436,legacy_historical,,,,,,,,,
1789137000000,764.82,1789137899999,1791376157436,legacy_historical,,,,,,,,,
1789137900000,764.63,1789138799999,1791376157436,legacy_historical,,,,,,,,,
1789138800000,765.25,1789139699999,1791376157436,legacy_historical,,,,,,,,,
1789139700000,766.62,1789140599999,1791376157436,legacy_historical,,,,,,,,,
1789140600000,766.67,1789141499999,1791376157436,legacy_historical,,,,,,,,,
1789141500000,766.23,1789142399999,1791376157436,legacy_historical,,,,,,,,,
1789142400000,766.05,1789143299999,1791376157436,legacy_historical,,,,,,,,,
1789143300000,765.38080663,1789144199999,1791376157436,legacy_historical,,,,,,,,,
1789144200000,765.82,1789145099999,1791376157436,legacy_historical,,,,,,,,,
1789145100000,766.14,1789145999999,1791376157436,legacy_historical,,,,,,,,,
1789146000000,766.11563612,1789146899999,1791376157436,legacy_historical,,,,,,,,,
1789146900000,766.48113631,1789147799999,1791376157436,legacy_historical,,,,,,,,,
1789147800000,766.37,1789148699999,1791376157436,legacy_historical,,,,,,,,,
1789148700000,766.24,1789149599999,1791376157436,legacy_historical,,,,,,,,,
1789149600000,765.95,1789150499999,1791376157436,legacy_historical,,,,,,,,,
1789150500000,765.85174848,1789151399999,1791376157436,legacy_historical,,,,,,,,,
1789151400000,765.6890439,1789152299999,1791376157436,legacy_historical,,,,,,,,,
1789152300000,765.51,1789153199999,1791376157436,legacy_historical,,,,,,,,,
1789153200000,765.4,1789154099999,1791376157436,legacy_historical,,,,,,,,,
1789154100000,765.69361187,1789154999999,1791376157436,legacy_historical,,,,,,,,,
1789155000000,765.61369143,1789155899999,1791376157436,legacy_historical,,,,,,,,,
1789155900000,764.94244925,1789156799999,1791376157436,legacy_historical,,,,,,,,,
1789156800000,765.13299871,1789157699999,1791376157436,legacy_historical,,,,,,,,,
1789157700000,765.15542668,1789158599999,1791376157436,legacy_historical,,,,,,,,,
1789158600000,765.12757539,1789159499999,1791376157436,legacy_historical,,,,,,,,,
1789159500000,765.24,1789160399999,1791376157436,legacy_historical,,,,,,,,,
1789160400000,765.15456679,1789161299999,1791376157436,legacy_historical,,,,,,,,,
1789161300000,765.03946757,1789162199999,1791376157436,legacy_historical,,,,,,,,,
1789162200000,765.03864426,1789163099999,1791376157436,legacy_historical,,,,,,,,,
1789163100000,765.09449315,1789163999999,1791376157436,legacy_historical,,,,,,,,,
1789164000000,765.16998702,1789164899999,1791376157436,legacy_historical,,,,,,,,,
1789164900000,765.04535947,1789165799999,1791376157436,legacy_historical,,,,,,,,,
1789165800000,765.27,1789166699999,1791376157436,legacy_historical,,,,,,,,,
1789166700000,765.34,1789167599999,1791376157436,legacy_historical,,,,,,,,,
1789167600000,765.25367362,1789168499999,1791376157436,legacy_historical,,,,,,,,,
1789168500000,765.28808758,1789169399999,1791376157436,legacy_historical,,,,,,,,,
1789169400000,765.18,1789170299999,1791376157436,legacy_historical,,,,,,,,,
1789170300000,765.32,1789171199999,1791376157436,legacy_historical,,,,,,,,,
1789171200000,765.15947716,1789172099999,1791376157436,legacy_historical,,,,,,,,,
1789172100000,765.18787908,1789172999999,1791376157436,legacy_historical,,,,,,,,,
1789173000000,765.24,1789173899999,1791376157436,legacy_historical,,,,,,,,,
1789173900000,765.3787347,1789174799999,1791376157436,legacy_historical,,,,,,,,,
1789174800000,765.33,1789175699999,1791376157436,legacy_historical,,,,,,,,,
1789175700000,765.43692678,1789176599999,1791376157436,legacy_historical,,,,,,,,,
1789176600000,765.28,1789177499999,1791376157436,legacy_historical,,,,,,,,,
1789177500000,765.31,1789178399999,1791376157436,legacy_historical,,,,,,,,,
1789178400000,765.31,1789179299999,1791376157436,legacy_historical,,,,,,,,,
1789179300000,765.36,1789180199999,1791376157436,legacy_historical,,,,,,,,,
1789180200000,765.33,1789181099999,1791376157436,legacy_historical,,,,,,,,,
1789181100000,765.51792855,1789181999999,1791376157436,legacy_historical,,,,,,,,,
1789182000000,765.55749358,1789182899999,1791376157436,legacy_historical,,,,,,,,,
1789182900000,765.45505542,1789183799999,1791376157436,legacy_historical,,,,,,,,,
1789183800000,765.57674516,1789184699999,1791376157436,legacy_historical,,,,,,,,,
1789184700000,765.43,1789185599999,1791376157436,legacy_historical,,,,,,,,,
1789185600000,765.51546022,1789186499999,1791376157436,legacy_historical,,,,,,,,,
1789186500000,765.5290423,1789187399999,1791376157436,legacy_historical,,,,,,,,,
1789187400000,765.56601142,1789188299999,1791376157436,legacy_historical,,,,,,,,,
1789188300000,765.61630542,1789189199999,1791376157436,legacy_historical,,,,,,,,,
1789189200000,765.62,1789190099999,1791376157436,legacy_historical,,,,,,,,,
1789190100000,765.63144474,1789190999999,1791376157436,legacy_historical,,,,,,,,,
1789191000000,765.61,1789191899999,1791376157436,legacy_historical,,,,,,,,,
1789191900000,765.67889211,1789192799999,1791376157436,legacy_historical,,,,,,,,,
1789192800000,765.73218586,1789193699999,1791376157436,legacy_historical,,,,,,,,,
1789193700000,765.68402881,1789194599999,1791376157436,legacy_historical,,,,,,,,,
1789194600000,765.65,1789195499999,1791376157436,legacy_historical,,,,,,,,,
1789195500000,765.69838889,1789196399999,1791376157436,legacy_historical,,,,,,,,,
1789196400000,765.6400821,1789197299999,1791376157436,legacy_historical,,,,,,,,,
1789197300000,765.70336223,1789198199999,1791376157436,legacy_historical,,,,,,,,,
1789198200000,765.79,1789199099999,1791376157436,legacy_historical,,,,,,,,,
1789199100000,765.8,1789199999999,1791376157436,legacy_historical,,,,,,,,,
1789200000000,765.76,1789200899999,1791376157436,legacy_historical,,,,,,,,,
1789200900000,765.75,1789201799999,1791376157436,legacy_historical,,,,,,,,,
1789201800000,765.72,1789202699999,1791376157436,legacy_historical,,,,,,,,,
1789202700000,765.76,1789203599999,1791376157436,legacy_historical,,,,,,,,,
1789203600000,765.7345775,1789204499999,1791376157436,legacy_historical,,,,,,,,,
1789204500000,765.78,1789205399999,1791376157436,legacy_historical,,,,,,,,,
1789205400000,765.66605108,1789206299999,1791376157436,legacy_historical,,,,,,,,,
1789206300000,765.64,1789207199999,1791376157436,legacy_historical,,,,,,,,,
1789207200000,765.83742221,1789208099999,1791376157436,legacy_historical,,,,,,,,,
1789208100000,765.82,1789208999999,1791376157436,legacy_historical,,,,,,,,,
1789209000000,765.83586159,1789209899999,1791376157436,legacy_historical,,,,,,,,,
1789209900000,765.76,1789210799999,1791376157436,legacy_historical,,,,,,,,,
1789210800000,765.76,1789211699999,1791376157436,legacy_historical,,,,,,,,,
1789211700000,765.76,1789212599999,1791376157436,legacy_historical,,,,,,,,,
1789212600000,765.72,1789213499999,1791376157436,legacy_historical,,,,,,,,,
1789213500000,765.75523056,1789214399999,1791376157436,legacy_historical,,,,,,,,,
1789214400000,765.68,1789215299999,1791376157436,legacy_historical,,,,,,,,,
1789215300000,765.64,1789216199999,1791376157436,legacy_historical,,,,,,,,,
1789216200000,765.63,1789217099999,1791376157436,legacy_historical,,,,,,,,,
1789217100000,765.88987942,1789217999999,1791376157436,legacy_historical,,,,,,,,,
1789218000000,765.87674708,1789218899999,1791376157436,legacy_historical,,,,,,,,,
1789218900000,765.80872521,1789219799999,1791376157436,legacy_historical,,,,,,,,,
1789219800000,765.9,1789220699999,1791376157436,legacy_historical,,,,,,,,,
1789220700000,765.9,1789221599999,1791376157436,legacy_historical,,,,,,,,,
1789221600000,765.90534582,1789222499999,1791376157436,legacy_historical,,,,,,,,,
1789222500000,765.99,1789223399999,1791376157436,legacy_historical,,,,,,,,,
1789223400000,765.97,1789224299999,1791376157436,legacy_historical,,,,,,,,,
1789224300000,765.93,1789225199999,1791376157436,legacy_historical,,,,,,,,,
1789225200000,765.95517924,1789226099999,1791376157436,legacy_historical,,,,,,,,,
1789226100000,766.00896321,1789226999999,1791376157436,legacy_historical,,,,,,,,,
1789227000000,766.04599479,1789227899999,1791376157436,legacy_historical,,,,,,,,,
1789227900000,766.04,1789228799999,1791376157436,legacy_historical,,,,,,,,,
1789228800000,766.06,1789229699999,1791376157436,legacy_historical,,,,,,,,,
1789229700000,766.06,1789230599999,1791376157436,legacy_historical,,,,,,,,,
1789230600000,766.06,1789231499999,1791376157436,legacy_historical,,,,,,,,,
1789231500000,766.06511765,1789232399999,1791376157436,legacy_historical,,,,,,,,,
1789232400000,766.06506703,1789233299999,1791376157436,legacy_historical,,,,,,,,,
1789233300000,766.06295398,1789234199999,1791376157436,legacy_historical,,,,,,,,,
1789234200000,766.0,1789235099999,1791376157436,legacy_historical,,,,,,,,,
1789235100000,765.86273449,1789235999999,1791376157436,legacy_historical,,,,,,,,,
1789236000000,765.86370915,1789236899999,1791376157436,legacy_historical,,,,,,,,,
1789236900000,765.90444307,1789237799999,1791376157436,legacy_historical,,,,,,,,,
1789237800000,765.93532503,1789238699999,1791376157436,legacy_historical,,,,,,,,,
1789238700000,766.07,1789239599999,1791376157436,legacy_historical,,,,,,,,,
1789239600000,766.05,1789240499999,1791376157436,legacy_historical,,,,,,,,,
1789240500000,766.05544815,1789241399999,1791376157436,legacy_historical,,,,,,,,,
1789241400000,765.80163477,1789242299999,1791376157436,legacy_historical,,,,,,,,,
1789242300000,765.81316484,1789243199999,1791376157436,legacy_historical,,,,,,,,,
1789243200000,765.78353763,1789244099999,1791376157436,legacy_historical,,,,,,,,,
1789244100000,765.79,1789244999999,1791376157436,legacy_historical,,,,,,,,,
1789245000000,765.64116727,1789245899999,1791376157436,legacy_historical,,,,,,,,,
1789245900000,765.60323317,1789246799999,1791376157436,legacy_historical,,,,,,,,,
1789246800000,765.7,1789247699999,1791376157436,legacy_historical,,,,,,,,,
1789247700000,765.78,1789248599999,1791376157436,legacy_historical,,,,,,,,,
1789248600000,766.01,1789249499999,1791376157436,legacy_historical,,,,,,,,,
1789249500000,766.02,1789250399999,1791376157436,legacy_historical,,,,,,,,,
1789250400000,766.02648097,1789251299999,1791376157436,legacy_historical,,,,,,,,,
1789251300000,765.97476626,1789252199999,1791376157436,legacy_historical,,,,,,,,,
1789252200000,765.97521041,1789253099999,1791376157436,legacy_historical,,,,,,,,,
1789253100000,765.93465085,1789253999999,1791376157436,legacy_historical,,,,,,,,,
1789254000000,765.88,1789254899999,1791376157436,legacy_historical,,,,,,,,,
1789254900000,765.82384577,1789255799999,1791376157436,legacy_historical,,,,,,,,,
1789255800000,765.82434233,1789256699999,1791376157436,legacy_historical,,,,,,,,,
1789256700000,765.83,1789257599999,1791376157436,legacy_historical,,,,,,,,,
1789257600000,765.84495192,1789258499999,1791376157436,legacy_historical,,,,,,,,,
1789258500000,765.77172613,1789259399999,1791376157436,legacy_historical,,,,,,,,,
1789259400000,765.61179815,1789260299999,1791376157436,legacy_historical,,,,,,,,,
1789260300000,765.51201181,1789261199999,1791376157436,legacy_historical,,,,,,,,,
1789261200000,765.38529989,1789262099999,1791376157436,legacy_historical,,,,,,,,,
1789262100000,765.35217464,1789262999999,1791376157436,legacy_historical,,,,,,,,,
1789263000000,765.35356894,1789263899999,1791376157436,legacy_historical,,,,,,,,,
1789263900000,765.23231637,1789264799999,1791376157436,legacy_historical,,,,,,,,,
1789264800000,765.24,1789265699999,1791376157436,legacy_historical,,,,,,,,,
1789265700000,765.24,1789266599999,1791376157436,legacy_historical,,,,,,,,,
1789266600000,765.29189643,1789267499999,1791376157436,legacy_historical,,,,,,,,,
1789267500000,765.33,1789268399999,1791376157436,legacy_historical,,,,,,,,,
1789268400000,765.35,1789269299999,1791376157436,legacy_historical,,,,,,,,,
1789269300000,765.32475353,1789270199999,1791376157436,legacy_historical,,,,,,,,,
1789270200000,765.34887896,1789271099999,1791376157436,legacy_historical,,,,,,,,,
1789271100000,765.24364548,1789271999999,1791376157436,legacy_historical,,,,,,,,,
1789272000000,765.01049601,1789272899999,1791376157436,legacy_historical,,,,,,,,,
1789272900000,764.96,1789273799999,1791376157436,legacy_historical,,,,,,,,,
1789273800000,764.81,1789274699999,1791376157436,legacy_historical,,,,,,,,,
1789274700000,764.75178437,1789275599999,1791376157436,legacy_historical,,,,,,,,,
1789275600000,764.04,1789276499999,1791376157436,legacy_historical,,,,,,,,,
1789276500000,764.08,1789277399999,1791376157436,legacy_historical,,,,,,,,,
1789277400000,764.14,1789278299999,1791376157436,legacy_historical,,,,,,,,,
1789278300000,764.08264372,1789279199999,1791376157436,legacy_historical,,,,,,,,,
1789279200000,764.05,1789280099999,1791376157436,legacy_historical,,,,,,,,,
1789280100000,763.94,1789280999999,1791376157436,legacy_historical,,,,,,,,,
1789281000000,763.94,1789281899999,1791376157436,legacy_historical,,,,,,,,,
1789281900000,763.57402772,1789282799999,1791376157436,legacy_historical,,,,,,,,,
1789282800000,763.60180587,1789283699999,1791376157436,legacy_historical,,,,,,,,,
1789283700000,763.57,1789284599999,1791376157436,legacy_historical,,,,,,,,,
1789284600000,763.86,1789285499999,1791376157436,legacy_historical,,,,,,,,,
1789285500000,763.73,1789286399999,1791376157436,legacy_historical,,,,,,,,,
1789286400000,763.68,1789287299999,1791376157436,legacy_historical,,,,,,,,,
1789287300000,763.04744638,1789288199999,1791376157436,legacy_historical,,,,,,,,,
1789288200000,762.73454817,1789289099999,1791376157436,legacy_historical,,,,,,,,,
1789289100000,762.36,1789289999999,1791376157436,legacy_historical,,,,,,,,,
1789290000000,762.25016858,1789290899999,1791376157436,legacy_historical,,,,,,,,,
1789290900000,761.65375081,1789291799999,1791376157436,legacy_historical,,,,,,,,,
1789291800000,761.5943232,1789292699999,1791376157436,legacy_historical,,,,,,,,,
1789292700000,761.31,1789293599999,1791376157436,legacy_historical,,,,,,,,,
1789293600000,761.21,1789294499999,1791376157436,legacy_historical,,,,,,,,,
1789294500000,761.01,1789295399999,1791376157436,legacy_historical,,,,,,,,,
1789295400000,760.68616618,1789296299999,1791376157436,legacy_historical,,,,,,,,,
1789296300000,760.62025774,1789297199999,1791376157436,legacy_historical,,,,,,,,,
1789297200000,760.51,1789298099999,1791376157436,legacy_historical,,,,,,,,,
1789298100000,760.87,1789298999999,1791376157436,legacy_historical,,,,,,,,,
1789299000000,760.72999084,1789299899999,1791376157436,legacy_historical,,,,,,,,,
1789299900000,760.6530725,1789300799999,1791376157436,legacy_historical,,,,,,,,,
1789300800000,760.69,1789301699999,1791376157436,legacy_historical,,,,,,,,,
1789301700000,760.41,1789302599999,1791376157436,legacy_historical,,,,,,,,,
1789302600000,760.48409517,1789303499999,1791376157436,legacy_historical,,,,,,,,,
1789303500000,760.6162992,1789304399999,1791376157436,legacy_historical,,,,,,,,,
1789304400000,760.56,1789305299999,1791376157436,legacy_historical,,,,,,,,,
1789305300000,760.43511651,1789306199999,1791376157436,legacy_historical,,,,,,,,,
1789306200000,760.34,1789307099999,1791376157436,legacy_historical,,,,,,,,,
1789307100000,761.13,1789307999999,1791376157436,legacy_historical,,,,,,,,,
1789308000000,761.79,1789308899999,1791376157436,legacy_historical,,,,,,,,,
1789308900000,761.28,1789309799999,1791376157436,legacy_historical,,,,,,,,,
1789309800000,761.28291886,1789310699999,1791376157436,legacy_historical,,,,,,,,,
1789310700000,761.1,1789311599999,1791376157436,legacy_historical,,,,,,,,,
1789311600000,761.21588867,1789312499999,1791376157436,legacy_historical,,,,,,,,,
1789312500000,760.65,1789313399999,1791376157436,legacy_historical,,,,,,,,,
1789313400000,760.57,1789314299999,1791376157436,legacy_historical,,,,,,,,,
1789314300000,760.53796497,1789315199999,1791376157436,legacy_historical,,,,,,,,,
1789315200000,762.31556651,1789316099999,1791376157436,legacy_historical,,,,,,,,,
1789316100000,761.74,1789316999999,1791376157436,legacy_historical,,,,,,,,,
1789317000000,761.73847033,1789317899999,1791376157436,legacy_historical,,,,,,,,,
1789317900000,761.62,1789318799999,1791376157436,legacy_historical,,,,,,,,,
1789318800000,761.64,1789319699999,1791376157436,legacy_historical,,,,,,,,,
1789319700000,761.3916696,1789320599999,1791376157436,legacy_historical,,,,,,,,,
1789320600000,761.01,1789321499999,1791376157436,legacy_historical,,,,,,,,,
1789321500000,760.89,1789322399999,1791376157436,legacy_historical,,,,,,,,,
1789322400000,760.94,1789323299999,1791376157436,legacy_historical,,,,,,,,,
1789323300000,760.94,1789324199999,1791376157436,legacy_historical,,,,,,,,,
1789324200000,761.0,1789325099999,1791376157436,legacy_historical,,,,,,,,,
1789325100000,760.83495614,1789325999999,1791376157436,legacy_historical,,,,,,,,,
1789326000000,760.94477347,1789326899999,1791376157436,legacy_historical,,,,,,,,,
1789326900000,760.8335695,1789327799999,1791376157436,legacy_historical,,,,,,,,,
1789327800000,760.77,1789328699999,1791376157436,legacy_historical,,,,,,,,,
1789328700000,760.82500859,1789329599999,1791376157436,legacy_historical,,,,,,,,,
1789329600000,760.9568995,1789330499999,1791376157436,legacy_historical,,,,,,,,,
1789330500000,761.12079955,1789331399999,1791376157436,legacy_historical,,,,,,,,,
1789331400000,761.36959856,1789332299999,1791376157436,legacy_historical,,,,,,,,,
1789332300000,761.48928656,1789333199999,1791376157436,legacy_historical,,,,,,,,,
1789333200000,761.42664451,1789334099999,1791376157436,legacy_historical,,,,,,,,,
1789334100000,761.69,1789334999999,1791376157436,legacy_historical,,,,,,,,,
1789335000000,762.1,1789335899999,1791376157436,legacy_historical,,,,,,,,,
1789335900000,761.94845584,1789336799999,1791376157436,legacy_historical,,,,,,,,,
1789336800000,759.95,1789337699999,1791376157436,legacy_historical,,,,,,,,,
1789337700000,760.64,1789338599999,1791376157436,legacy_historical,,,,,,,,,
1789338600000,760.65120692,1789339499999,1791376157436,legacy_historical,,,,,,,,,
1789339500000,760.72,1789340399999,1791376157436,legacy_historical,,,,,,,,,
1789340400000,760.84557557,1789341299999,1791376157436,legacy_historical,,,,,,,,,
1789341300000,761.129284,1789342199999,1791376157436,legacy_historical,,,,,,,,,
1789342200000,760.66342176,1789343099999,1791376157436,legacy_historical,,,,,,,,,
1789343100000,760.70077822,1789343999999,1791376157436,legacy_historical,,,,,,,,,
1789344000000,761.00800094,1789344899999,1791376157436,legacy_historical,,,,,,,,,
1789344900000,760.85,1789345799999,1791376157436,legacy_historical,,,,,,,,,
1789345800000,761.1326917,1789346699999,1791376157436,legacy_historical,,,,,,,,,
1789346700000,761.08,1789347599999,1791376157436,legacy_historical,,,,,,,,,
1789347600000,761.11,1789348499999,1791376157436,legacy_historical,,,,,,,,,
1789348500000,761.23672529,1789349399999,1791376157436,legacy_historical,,,,,,,,,
1789349400000,761.55,1789350299999,1791376157436,legacy_historical,,,,,,,,,
1789350300000,762.25842594,1789351199999,1791376157436,legacy_historical,,,,,,,,,
1789351200000,762.16,1789352099999,1791376157436,legacy_historical,,,,,,,,,
1789352100000,762.15957502,1789352999999,1791376157436,legacy_historical,,,,,,,,,
1789353000000,761.91,1789353899999,1791376157436,legacy_historical,,,,,,,,,
1789353900000,762.05958772,1789354799999,1791376157436,legacy_historical,,,,,,,,,
1789354800000,761.67580255,1789355699999,1791376157436,legacy_historical,,,,,,,,,
1789355700000,761.69905274,1789356599999,1791376157436,legacy_historical,,,,,,,,,
1789356600000,761.39,1789357499999,1791376157436,legacy_historical,,,,,,,,,
1789357500000,761.37693438,1789358399999,1791376157436,legacy_historical,,,,,,,,,
1789358400000,761.27,1789359299999,1791376157436,legacy_historical,,,,,,,,,
1789359300000,761.3452207,1789360199999,1791376157436,legacy_historical,,,,,,,,,
1789360200000,761.01590572,1789361099999,1791376157436,legacy_historical,,,,,,,,,
1789361100000,761.07,1789361999999,1791376157436,legacy_historical,,,,,,,,,
1789362000000,761.1,1789362899999,1791376157436,legacy_historical,,,,,,,,,
1789362900000,760.81106331,1789363799999,1791376157436,legacy_historical,,,,,,,,,
1789363800000,760.64294941,1789364699999,1791376157436,legacy_historical,,,,,,,,,
1789364700000,760.99,1789365599999,1791376157436,legacy_historical,,,,,,,,,
1789365600000,761.36,1789366499999,1791376157436,legacy_historical,,,,,,,,,
1789366500000,761.10067818,1789367399999,1791376157436,legacy_historical,,,,,,,,,
1789367400000,760.41,1789368299999,1791376157436,legacy_historical,,,,,,,,,
1789368300000,760.04,1789369199999,1791376157436,legacy_historical,,,,,,,,,
1789369200000,760.48,1789370099999,1791376157436,legacy_historical,,,,,,,,,
1789370100000,760.13408728,1789370999999,1791376157436,legacy_historical,,,,,,,,,
1789371000000,759.71321415,1789371899999,1791376157436,legacy_historical,,,,,,,,,
1789371900000,759.93070661,1789372799999,1791376157436,legacy_historical,,,,,,,,,
1789372800000,760.10509493,1789373699999,1791376157436,legacy_historical,,,,,,,,,
1789373700000,759.55,1789374599999,1791376157436,legacy_historical,,,,,,,,,
1789374600000,759.91604507,1789375499999,1791376157436,legacy_historical,,,,,,,,,
1789375500000,759.9030829,1789376399999,1791376157436,legacy_historical,,,,,,,,,
1789376400000,759.26486368,1789377299999,1791376157436,legacy_historical,,,,,,,,,
1789377300000,759.08665608,1789378199999,1791376157436,legacy_historical,,,,,,,,,
1789378200000,758.7,1789379099999,1791376157436,legacy_historical,,,,,,,,,
1789379100000,758.80978744,1789379999999,1791376157436,legacy_historical,,,,,,,,,
1789380000000,759.1,1789380899999,1791376157436,legacy_historical,,,,,,,,,
1789380900000,759.54,1789381799999,1791376157436,legacy_historical,,,,,,,,,
1789381800000,759.97,1789382699999,1791376157436,legacy_historical,,,,,,,,,
1789382700000,760.09,1789383599999,1791376157436,legacy_historical,,,,,,,,,
1789383600000,760.31438361,1789384499999,1791376157436,legacy_historical,,,,,,,,,
1789384500000,760.73,1789385399999,1791376157436,legacy_historical,,,,,,,,,
1789385400000,760.51536938,1789386299999,1791376157436,legacy_historical,,,,,,,,,
1789386300000,760.39,1789387199999,1791376157436,legacy_historical,,,,,,,,,
1789387200000,760.03480707,1789388099999,1791376157436,legacy_historical,,,,,,,,,
1789388100000,760.01480546,1789388999999,1791376157436,legacy_historical,,,,,,,,,
1789389000000,759.8,1789389899999,1791376157436,legacy_historical,,,,,,,,,
1789389900000,759.75,1789390799999,1791376157436,legacy_historical,,,,,,,,,
1789390800000,759.85910186,1789391699999,1791376157436,legacy_historical,,,,,,,,,
1789391700000,759.94,1789392599999,1791376157436,legacy_historical,,,,,,,,,
1789392600000,760.33737336,1789393499999,1791376157436,legacy_historical,,,,,,,,,
1789393500000,760.90303409,1789394399999,1791376157436,legacy_historical,,,,,,,,,
1789394400000,761.43,1789395299999,1791376157436,legacy_historical,,,,,,,,,
1789395300000,759.65,1789396199999,1791376157436,legacy_historical,,,,,,,,,
1789396200000,759.41954248,1789397099999,1791376157436,legacy_historical,,,,,,,,,
1789397100000,759.40991092,1789397999999,1791376157436,legacy_historical,,,,,,,,,
1789398000000,759.54,1789398899999,1791376157436,legacy_historical,,,,,,,,,
1789398900000,760.25645516,1789399799999,1791376157436,legacy_historical,,,,,,,,,
1789399800000,762.83613935,1789400699999,1791376157436,legacy_historical,,,,,,,,,
1789400700000,762.56354369,1789401599999,1791376157436,legacy_historical,,,,,,,,,
1789401600000,762.17144597,1789402499999,1791376157436,legacy_historical,,,,,,,,,
1789402500000,762.66960788,1789403399999,1791376157436,legacy_historical,,,,,,,,,
1789403400000,762.88984328,1789404299999,1791376157436,legacy_historical,,,,,,,,,
1789404300000,763.46,1789405199999,1791376157436,legacy_historical,,,,,,,,,
1789405200000,762.88,1789406099999,1791376157436,legacy_historical,,,,,,,,,
1789406100000,763.29,1789406999999,1791376157436,legacy_historical,,,,,,,,,
1789407000000,763.21247137,1789407899999,1791376157436,legacy_historical,,,,,,,,,
1789407900000,763.06,1789408799999,1791376157436,legacy_historical,,,,,,,,,
1789408800000,763.02,1789409699999,1791376157436,legacy_historical,,,,,,,,,
1789409700000,762.71278814,1789410599999,1791376157436,legacy_historical,,,,,,,,,
1789410600000,763.00003549,1789411499999,1791376157436,legacy_historical,,,,,,,,,
1789411500000,762.8431055,1789412399999,1791376157436,legacy_historical,,,,,,,,,
1789412400000,762.68142395,1789413299999,1791376157436,legacy_historical,,,,,,,,,
1789413300000,762.40405729,1789414199999,1791376157436,legacy_historical,,,,,,,,,
1789414200000,762.24,1789415099999,1791376157436,legacy_historical,,,,,,,,,
1789415100000,761.50520446,1789415999999,1791376157436,legacy_historical,,,,,,,,,
1789416000000,761.41670902,1789416899999,1791376157436,legacy_historical,,,,,,,,,
1789416900000,761.68913158,1789417799999,1791376157436,legacy_historical,,,,,,,,,
1789417800000,761.69687283,1789418699999,1791376157436,legacy_historical,,,,,,,,,
1789418700000,762.03,1789419599999,1791376157436,legacy_historical,,,,,,,,,
1789419600000,761.76803985,1789420499999,1791376157436,legacy_historical,,,,,,,,,
1789420500000,761.7580348,1789421399999,1791376157436,legacy_historical,,,,,,,,,
1789421400000,761.78789656,1789422299999,1791376157436,legacy_historical,,,,,,,,,
1789422300000,761.73804021,1789423199999,1791376157436,legacy_historical,,,,,,,,,
1789423200000,761.72,1789424099999,1791376157436,legacy_historical,,,,,,,,,
1789424100000,761.58995814,1789424999999,1791376157436,legacy_historical,,,,,,,,,
1789425000000,761.64184731,1789425899999,1791376157436,legacy_historical,,,,,,,,,
1789425900000,761.68624672,1789426799999,1791376157436,legacy_historical,,,,,,,,,
1789426800000,761.69824053,1789427699999,1791376157436,legacy_historical,,,,,,,,,
1789427700000,761.50538993,1789428599999,1791376157436,legacy_historical,,,,,,,,,
1789428600000,761.48251407,1789429499999,1791376157436,legacy_historical,,,,,,,,,
1789429500000,761.54323093,1789430399999,1791376157436,legacy_historical,,,,,,,,,
1789430400000,761.62,1789431299999,1791376157436,legacy_historical,,,,,,,,,
1789431300000,761.4749883,1789432199999,1791376157436,legacy_historical,,,,,,,,,
1789432200000,761.91,1789433099999,1791376157436,legacy_historical,,,,,,,,,
1789433100000,761.85,1789433999999,1791376157436,legacy_historical,,,,,,,,,
1789434000000,761.99,1789434899999,1791376157436,legacy_historical,,,,,,,,,
1789434900000,761.9,1789435799999,1791376157436,legacy_historical,,,,,,,,,
1789435800000,761.31,1789436699999,1791376157436,legacy_historical,,,,,,,,,
1789436700000,761.41287886,1789437599999,1791376157436,legacy_historical,,,,,,,,,
1789437600000,761.45465287,1789438499999,1791376157436,legacy_historical,,,,,,,,,
1789438500000,761.43,1789439399999,1791376157436,legacy_historical,,,,,,,,,
1789439400000,761.25,1789440299999,1791376157436,legacy_historical,,,,,,,,,
1789440300000,761.23,1789441199999,1791376157436,legacy_historical,,,,,,,,,
1789441200000,761.06,1789442099999,1791376157436,legacy_historical,,,,,,,,,
1789442100000,760.99,1789442999999,1791376157436,legacy_historical,,,,,,,,,
1789443000000,760.96,1789443899999,1791376157436,legacy_historical,,,,,,,,,
1789443900000,760.42052298,1789444799999,1791376157436,legacy_historical,,,,,,,,,
1789444800000,760.21855918,1789445699999,1791376157436,legacy_historical,,,,,,,,,
1789445700000,759.67,1789446599999,1791376157436,legacy_historical,,,,,,,,,
1789446600000,759.68,1789447499999,1791376157436,legacy_historical,,,,,,,,,
1789447500000,759.07550981,1789448399999,1791376157436,legacy_historical,,,,,,,,,
1789448400000,758.77,1789449299999,1791376157436,legacy_historical,,,,,,,,,
1789449300000,758.94,1789450199999,1791376157436,legacy_historical,,,,,,,,,
1789450200000,759.63,1789451099999,1791376157436,legacy_historical,,,,,,,,,
1789451100000,759.81127714,1789451999999,1791376157436,legacy_historical,,,,,,,,,
1789452000000,759.96561554,1789452899999,1791376157436,legacy_historical,,,,,,,,,
1789452900000,759.60651128,1789453799999,1791376157436,legacy_historical,,,,,,,,,
1789453800000,759.2717678,1789454699999,1791376157436,legacy_historical,,,,,,,,,
1789454700000,759.35,1789455599999,1791376157436,legacy_historical,,,,,,,,,
1789455600000,758.67760845,1789456499999,1791376157436,legacy_historical,,,,,,,,,
1789456500000,758.92188419,1789457399999,1791376157436,legacy_historical,,,,,,,,,
1789457400000,758.15568978,1789458299999,1791376157436,legacy_historical,,,,,,,,,
1789458300000,758.49,1789459199999,1791376157436,legacy_historical,,,,,,,,,
1789459200000,757.78957607,1789460099999,1791376157436,legacy_historical,,,,,,,,,
1789460100000,757.92145923,1789460999999,1791376157436,legacy_historical,,,,,,,,,
1789461000000,757.58,1789461899999,1791376157436,legacy_historical,,,,,,,,,
1789461900000,757.66383002,1789462799999,1791376157436,legacy_historical,,,,,,,,,
1789462800000,757.66041088,1789463699999,1791376157436,legacy_historical,,,,,,,,,
1789463700000,757.75401111,1789464599999,1791376157436,legacy_historical,,,,,,,,,
1789464600000,758.34911286,1789465499999,1791376157436,legacy_historical,,,,,,,,,
1789465500000,758.96425337,1789466399999,1791376157436,legacy_historical,,,,,,,,,
1789466400000,759.09,1789467299999,1791376157436,legacy_historical,,,,,,,,,
1789467300000,759.28,1789468199999,1791376157436,legacy_historical,,,,,,,,,
1789468200000,759.64839109,1789469099999,1791376157436,legacy_historical,,,,,,,,,
1789469100000,759.98925153,1789469999999,1791376157436,legacy_historical,,,,,,,,,
1789470000000,760.24500522,1789470899999,1791376157436,legacy_historical,,,,,,,,,
1789470900000,760.11385017,1789471799999,1791376157436,legacy_historical,,,,,,,,,
1789471800000,760.10286186,1789472699999,1791376157436,legacy_historical,,,,,,,,,
1789472700000,760.43,1789473599999,1791376157436,legacy_historical,,,,,,,,,
1789473600000,760.64671609,1789474499999,1791376157436,legacy_historical,,,,,,,,,
1789474500000,760.50642242,1789475399999,1791376157436,legacy_historical,,,,,,,,,
1789475400000,760.63817278,1789476299999,1791376157436,legacy_historical,,,,,,,,,
1789476300000,761.24540707,1789477199999,1791376157436,legacy_historical,,,,,,,,,
1789477200000,761.24,1789478099999,1791376157436,legacy_historical,,,,,,,,,
1789478100000,760.94073218,1789478999999,1791376157436,legacy_historical,,,,,,,,,
1789479000000,760.62,1789479899999,1791376157436,legacy_historical,,,,,,,,,
1789479900000,760.27925835,1789480799999,1791376157436,legacy_historical,,,,,,,,,
1789480800000,758.82834426,1789481699999,1791376157436,legacy_historical,,,,,,,,,
1789481700000,758.38831954,1789482599999,1791376157436,legacy_historical,,,,,,,,,
1789482600000,757.76244731,1789483499999,1791376157436,legacy_historical,,,,,,,,,
1789483500000,757.18234172,1789484399999,1791376157436,legacy_historical,,,,,,,,,
1789484400000,758.02538424,1789485299999,1791376157436,legacy_historical,,,,,,,,,
1789485300000,758.36,1789486199999,1791376157436,legacy_historical,,,,,,,,,
1789486200000,758.54,1789487099999,1791376157436,legacy_historical,,,,,,,,,
1789487100000,758.11237705,1789487999999,1791376157436,legacy_historical,,,,,,,,,
1789488000000,757.68352696,1789488899999,1791376157436,legacy_historical,,,,,,,,,
1789488900000,758.55,1789489799999,1791376157436,legacy_historical,,,,,,,,,
1789489800000,758.56,1789490699999,1791376157436,legacy_historical,,,,,,,,,
1789490700000,758.89,1789491599999,1791376157436,legacy_historical,,,,,,,,,
1789491600000,757.91,1789492499999,1791376157436,legacy_historical,,,,,,,,,
1789492500000,757.62,1789493399999,1791376157436,legacy_historical,,,,,,,,,
1789493400000,757.85272196,1789494299999,1791376157436,legacy_historical,,,,,,,,,
1789494300000,758.0729222,1789495199999,1791376157436,legacy_historical,,,,,,,,,
1789495200000,758.58,1789496099999,1791376157436,legacy_historical,,,,,,,,,
1789496100000,758.52530377,1789496999999,1791376157436,legacy_historical,,,,,,,,,
1789497000000,757.98975533,1789497899999,1791376157436,legacy_historical,,,,,,,,,
1789497900000,758.25,1789498799999,1791376157436,legacy_historical,,,,,,,,,
1789498800000,758.02,1789499699999,1791376157436,legacy_historical,,,,,,,,,
1789499700000,757.96,1789500599999,1791376157436,legacy_historical,,,,,,,,,
1789500600000,757.6236452,1789501499999,1791376157436,legacy_historical,,,,,,,,,
1789501500000,758.29868836,1789502399999,1791376157436,legacy_historical,,,,,,,,,
1789502400000,758.97,1789503299999,1791376157436,legacy_historical,,,,,,,,,
1789503300000,758.81780442,1789504199999,1791376157436,legacy_historical,,,,,,,,,
1789504200000,758.94474196,1789505099999,1791376157436,legacy_historical,,,,,,,,,
1789505100000,759.01,1789505999999,1791376157436,legacy_historical,,,,,,,,,
1789506000000,759.0,1789506899999,1791376157436,legacy_historical,,,,,,,,,
1789506900000,759.0,1789507799999,1791376157436,legacy_historical,,,,,,,,,
1789507800000,759.0,1789508699999,1791376157436,legacy_historical,,,,,,,,,
1789508700000,758.98,1789509599999,1791376157436,legacy_historical,,,,,,,,,
1789509600000,758.88,1789510499999,1791376157436,legacy_historical,,,,,,,,,
1789510500000,758.94,1789511399999,1791376157436,legacy_historical,,,,,,,,,
1789511400000,759.05630651,1789512299999,1791376157436,legacy_historical,,,,,,,,,
1789512300000,759.14,1789513199999,1791376157436,legacy_historical,,,,,,,,,
1789513200000,759.11,1789514099999,1791376157436,legacy_historical,,,,,,,,,
1789514100000,758.98,1789514999999,1791376157436,legacy_historical,,,,,,,,,
1789515000000,759.11990501,1789515899999,1791376157436,legacy_historical,,,,,,,,,
1789515900000,759.13,1789516799999,1791376157436,legacy_historical,,,,,,,,,
1789516800000,759.18,1789517699999,1791376157436,legacy_historical,,,,,,,,,
1789517700000,759.11415794,1789518599999,1791376157436,legacy_historical,,,,,,,,,
1789518600000,759.03505224,1789519499999,1791376157436,legacy_historical,,,,,,,,,
1789519500000,759.07,1789520399999,1791376157436,legacy_historical,,,,,,,,,
1789520400000,759.05969794,1789521299999,1791376157436,legacy_historical,,,,,,,,,
1789521300000,759.08781282,1789522199999,1791376157436,legacy_historical,,,,,,,,,
1789522200000,758.78795395,1789523099999,1791376157436,legacy_historical,,,,,,,,,
1789523100000,758.46260619,1789523999999,1791376157436,legacy_historical,,,,,,,,,
1789524000000,758.69,1789524899999,1791376157436,legacy_historical,,,,,,,,,
1789524900000,759.12,1789525799999,1791376157436,legacy_historical,,,,,,,,,
1789525800000,759.05,1789526699999,1791376157436,legacy_historical,,,,,,,,,
1789526700000,759.28,1789527599999,1791376157436,legacy_historical,,,,,,,,,
1789527600000,759.75,1789528499999,1791376157436,legacy_historical,,,,,,,,,
1789528500000,759.8909727,1789529399999,1791376157436,legacy_historical,,,,,,,,,
1789529400000,759.74644279,1789530299999,1791376157436,legacy_historical,,,,,,,,,
1789530300000,759.85,1789531199999,1791376157436,legacy_historical,,,,,,,,,
1789531200000,759.85,1789532099999,1791376157436,legacy_historical,,,,,,,,,
1789532100000,759.66700371,1789532999999,1791376157436,legacy_historical,,,,,,,,,
1789533000000,759.37,1789533899999,1791376157436,legacy_historical,,,,,,,,,
1789533900000,759.45,1789534799999,1791376157436,legacy_historical,,,,,,,,,
1789534800000,759.55518088,1789535699999,1791376157436,legacy_historical,,,,,,,,,
1789535700000,759.79560046,1789536599999,1791376157436,legacy_historical,,,,,,,,,
1789536600000,759.93,1789537499999,1791376157436,legacy_historical,,,,,,,,,
1789537500000,759.79886338,1789538399999,1791376157436,legacy_historical,,,,,,,,,
1789538400000,760.15,1789539299999,1791376157436,legacy_historical,,,,,,,,,
1789539300000,759.84,1789540199999,1791376157436,legacy_historical,,,,,,,,,
1789540200000,759.84,1789541099999,1791376157436,legacy_historical,,,,,,,,,
1789541100000,760.06449107,1789541999999,1791376157436,legacy_historical,,,,,,,,,
1789542000000,760.34,1789542899999,1791376157436,legacy_historical,,,,,,,,,
1789542900000,760.20565776,1789543799999,1791376157436,legacy_historical,,,,,,,,,
1789543800000,759.94413742,1789544699999,1791376157436,legacy_historical,,,,,,,,,
1789544700000,759.79005952,1789545599999,1791376157436,legacy_historical,,,,,,,,,
1789545600000,759.44,1789546499999,1791376157436,legacy_historical,,,,,,,,,
1789546500000,759.62,1789547399999,1791376157436,legacy_historical,,,,,,,,,
1789547400000,759.73,1789548299999,1791376157436,legacy_historical,,,,,,,,,
1789548300000,760.00919862,1789549199999,1791376157436,legacy_historical,,,,,,,,,
1789549200000,759.80340104,1789550099999,1791376157436,legacy_historical,,,,,,,,,
1789550100000,759.64442728,1789550999999,1791376157436,legacy_historical,,,,,,,,,
1789551000000,760.18772377,1789551899999,1791376157436,legacy_historical,,,,,,,,,
1789551900000,760.2544943,1789552799999,1791376157436,legacy_historical,,,,,,,,,
1789552800000,760.04217293,1789553699999,1791376157436,legacy_historical,,,,,,,,,
1789553700000,760.15787055,1789554599999,1791376157436,legacy_historical,,,,,,,,,
1789554600000,760.19195844,1789555499999,1791376157436,legacy_historical,,,,,,,,,
1789555500000,760.15,1789556399999,1791376157436,legacy_historical,,,,,,,,,
1789556400000,760.28967489,1789557299999,1791376157436,legacy_historical,,,,,,,,,
1789557300000,760.29405415,1789558199999,1791376157436,legacy_historical,,,,,,,,,
1789558200000,760.7,1789559099999,1791376157436,legacy_historical,,,,,,,,,
1789559100000,761.08,1789559999999,1791376157436,legacy_historical,,,,,,,,,
1789560000000,761.13208211,1789560899999,1791376157436,legacy_historical,,,,,,,,,
1789560900000,760.99288361,1789561799999,1791376157436,legacy_historical,,,,,,,,,
1789561800000,760.34992056,1789562699999,1791376157436,legacy_historical,,,,,,,,,
1789562700000,760.76,1789563599999,1791376157436,legacy_historical,,,,,,,,,
1789563600000,760.77,1789564499999,1791376157436,legacy_historical,,,,,,,,,
1789564500000,760.52393124,1789565399999,1791376157436,legacy_historical,,,,,,,,,
1789565400000,759.9,1789566299999,1791376157436,legacy_historical,,,,,,,,,
1789566300000,761.25,1789567199999,1791376157436,legacy_historical,,,,,,,,,
1789567200000,760.61600931,1789568099999,1791376157436,legacy_historical,,,,,,,,,
1789568100000,760.10394347,1789568999999,1791376157436,legacy_historical,,,,,,,,,
1789569000000,760.82541569,1789569899999,1791376157436,legacy_historical,,,,,,,,,
1789569900000,761.24135651,1789570799999,1791376157436,legacy_historical,,,,,,,,,
1789570800000,761.85459966,1789571699999,1791376157436,legacy_historical,,,,,,,,,
1789571700000,761.46,1789572599999,1791376157436,legacy_historical,,,,,,,,,
1789572600000,761.58733276,1789573499999,1791376157436,legacy_historical,,,,,,,,,
1789573500000,761.76639353,1789574399999,1791376157436,legacy_historical,,,,,,,,,
1789574400000,761.46,1789575299999,1791376157436,legacy_historical,,,,,,,,,
1789575300000,761.19647117,1789576199999,1791376157436,legacy_historical,,,,,,,,,
1789576200000,760.99322744,1789577099999,1791376157436,legacy_historical,,,,,,,,,
1789577100000,760.86346653,1789577999999,1791376157436,legacy_historical,,,,,,,,,
1789578000000,760.75803675,1789578899999,1791376157436,legacy_historical,,,,,,,,,
1789578900000,760.99,1789579799999,1791376157436,legacy_historical,,,,,,,,,
1789579800000,760.41457372,1789580699999,1791376157436,legacy_historical,,,,,,,,,
1789580700000,761.22,1789581599999,1791376157436,legacy_historical,,,,,,,,,
1789581600000,761.0714169,1789582499999,1791376157436,legacy_historical,,,,,,,,,
1789582500000,760.78,1789583399999,1791376157436,legacy_historical,,,,,,,,,
1789583400000,759.87478115,1789584299999,1791376157436,legacy_historical,,,,,,,,,
1789584300000,755.04,1789585199999,1791376157436,legacy_historical,,,,,,,,,
1789585200000,752.54938553,1789586099999,1791376157436,legacy_historical,,,,,,,,,
1789586100000,752.41861692,1789586999999,1791376157436,legacy_historical,,,,,,,,,
1789587000000,753.54115443,1789587899999,1791376157436,legacy_historical,,,,,,,,,
1789587900000,755.46,1789588799999,1791376157436,legacy_historical,,,,,,,,,
1789588800000,755.38622178,1789589699999,1791376157436,legacy_historical,,,,,,,,,
1789589700000,755.2142312,1789590599999,1791376157436,legacy_historical,,,,,,,,,
1789590600000,755.4,1789591499999,1791376157436,legacy_historical,,,,,,,,,
1789591500000,755.38,1789592399999,1791376157436,legacy_historical,,,,,,,,,
1789592400000,755.54239446,1789593299999,1791376157436,legacy_historical,,,,,,,,,
1789593300000,755.48,1789594199999,1791376157436,legacy_historical,,,,,,,,,
1789594200000,755.54,1789595099999,1791376157436,legacy_historical,,,,,,,,,
1789595100000,755.54,1789595999999,1791376157436,legacy_historical,,,,,,,,,
1789596000000,755.55,1789596899999,1791376157436,legacy_historical,,,,,,,,,
1789596900000,756.0,1789597799999,1791376157436,legacy_historical,,,,,,,,,
1789597800000,756.68,1789598699999,1791376157436,legacy_historical,,,,,,,,,
1789598700000,756.46899259,1789599599999,1791376157436,legacy_historical,,,,,,,,,
1789599600000,756.65,1789600499999,1791376157436,legacy_historical,,,,,,,,,
1789600500000,757.32,1789601399999,1791376157436,legacy_historical,,,,,,,,,
1789601400000,757.90434222,1789602299999,1791376157436,legacy_historical,,,,,,,,,
1789602300000,758.33708378,1789603199999,1791376157436,legacy_historical,,,,,,,,,
1789603200000,758.34408392,1789604099999,1791376157436,legacy_historical,,,,,,,,,
1789604100000,758.42,1789604999999,1791376157436,legacy_historical,,,,,,,,,
1789605000000,759.16,1789605899999,1791376157436,legacy_historical,,,,,,,,,
1789605900000,759.0630429,1789606799999,1791376157436,legacy_historical,,,,,,,,,
1789606800000,758.99,1789607699999,1791376157436,legacy_historical,,,,,,,,,
1789607700000,759.00655057,1789608599999,1791376157436,legacy_historical,,,,,,,,,
1789608600000,758.98635301,1789609499999,1791376157436,legacy_historical,,,,,,,,,
1789609500000,758.66897597,1789610399999,1791376157436,legacy_historical,,,,,,,,,
1789610400000,758.83,1789611299999,1791376157436,legacy_historical,,,,,,,,,
1789611300000,758.95769159,1789612199999,1791376157436,legacy_historical,,,,,,,,,
1789612200000,759.51238601,1789613099999,1791376157436,legacy_historical,,,,,,,,,
1789613100000,759.16,1789613999999,1791376157436,legacy_historical,,,,,,,,,
1789614000000,759.39,1789614899999,1791376157436,legacy_historical,,,,,,,,,
1789614900000,759.52241758,1789615799999,1791376157436,legacy_historical,,,,,,,,,
1789615800000,759.65,1789616699999,1791376157436,legacy_historical,,,,,,,,,
1789616700000,759.65,1789617599999,1791376157436,legacy_historical,,,,,,,,,
1789617600000,759.51,1789618499999,1791376157436,legacy_historical,,,,,,,,,
1789618500000,759.51,1789619399999,1791376157436,legacy_historical,,,,,,,,,
1789619400000,759.61,1789620299999,1791376157436,legacy_historical,,,,,,,,,
1789620300000,759.39916142,1789621199999,1791376157436,legacy_historical,,,,,,,,,
1789621200000,759.24508343,1789622099999,1791376157436,legacy_historical,,,,,,,,,
1789622100000,759.10220181,1789622999999,1791376157436,legacy_historical,,,,,,,,,
1789623000000,758.67942942,1789623899999,1791376157436,legacy_historical,,,,,,,,,
1789623900000,758.46,1789624799999,1791376157436,legacy_historical,,,,,,,,,
1789624800000,758.88127721,1789625699999,1791376157436,legacy_historical,,,,,,,,,
1789625700000,759.73110984,1789626599999,1791376157436,legacy_historical,,,,,,,,,
1789626600000,760.27521075,1789627499999,1791376157436,legacy_historical,,,,,,,,,
1789627500000,760.19,1789628399999,1791376157436,legacy_historical,,,,,,,,,
1789628400000,760.63066125,1789629299999,1791376157436,legacy_historical,,,,,,,,,
1789629300000,761.27597866,1789630199999,1791376157436,legacy_historical,,,,,,,,,
1789630200000,761.26954554,1789631099999,1791376157436,legacy_historical,,,,,,,,,
1789631100000,760.79,1789631999999,1791376157436,legacy_historical,,,,,,,,,
1789632000000,760.31522838,1789632899999,1791376157436,legacy_historical,,,,,,,,,
1789632900000,760.50369564,1789633799999,1791376157436,legacy_historical,,,,,,,,,
1789633800000,760.6,1789634699999,1791376157436,legacy_historical,,,,,,,,,
1789634700000,761.01,1789635599999,1791376157436,legacy_historical,,,,,,,,,
1789635600000,761.41,1789636499999,1791376157436,legacy_historical,,,,,,,,,
1789636500000,761.13,1789637399999,1791376157436,legacy_historical,,,,,,,,,
1789637400000,761.29648009,1789638299999,1791376157436,legacy_historical,,,,,,,,,
1789638300000,760.9960633,1789639199999,1791376157436,legacy_historical,,,,,,,,,
1789639200000,761.23708056,1789640099999,1791376157436,legacy_historical,,,,,,,,,
1789640100000,761.42,1789640999999,1791376157436,legacy_historical,,,,,,,,,
1789641000000,761.2588702,1789641899999,1791376157436,legacy_historical,,,,,,,,,
1789641900000,761.47170686,1789642799999,1791376157436,legacy_historical,,,,,,,,,
1789642800000,761.52396017,1789643699999,1791376157436,legacy_historical,,,,,,,,,
1789643700000,761.36,1789644599999,1791376157436,legacy_historical,,,,,,,,,
1789644600000,761.12041352,1789645499999,1791376157436,legacy_historical,,,,,,,,,
1789645500000,762.10779606,1789646399999,1791376157436,legacy_historical,,,,,,,,,
1789646400000,762.8,1789647299999,1791376157436,legacy_historical,,,,,,,,,
1789647300000,763.9970999,1789648199999,1791376157436,legacy_historical,,,,,,,,,
1789648200000,764.33,1789649099999,1791376157436,legacy_historical,,,,,,,,,
1789649100000,764.36,1789649999999,1791376157436,legacy_historical,,,,,,,,,
1789650000000,764.25658997,1789650899999,1791376157436,legacy_historical,,,,,,,,,
1789650900000,763.85184491,1789651799999,1791376157436,legacy_historical,,,,,,,,,
1789651800000,761.82908256,1789652699999,1791376157436,legacy_historical,,,,,,,,,
1789652700000,762.1,1789653599999,1791376157436,legacy_historical,,,,,,,,,
1789653600000,761.99,1789654499999,1791376157436,legacy_historical,,,,,,,,,
1789654500000,762.48,1789655399999,1791376157436,legacy_historical,,,,,,,,,
1789655400000,762.67562458,1789656299999,1791376157436,legacy_historical,,,,,,,,,
1789656300000,761.54,1789657199999,1791376157436,legacy_historical,,,,,,,,,
1789657200000,761.97287813,1789658099999,1791376157436,legacy_historical,,,,,,,,,
1789658100000,762.37030702,1789658999999,1791376157436,legacy_historical,,,,,,,,,
1789659000000,763.07900493,1789659899999,1791376157436,legacy_historical,,,,,,,,,
1789659900000,763.32,1789660799999,1791376157436,legacy_historical,,,,,,,,,
1789660800000,763.06,1789661699999,1791376157436,legacy_historical,,,,,,,,,
1789661700000,763.33,1789662599999,1791376157436,legacy_historical,,,,,,,,,
1789662600000,763.37,1789663499999,1791376157436,legacy_historical,,,,,,,,,
1789663500000,763.25941825,1789664399999,1791376157436,legacy_historical,,,,,,,,,
1789664400000,763.04,1789665299999,1791376157436,legacy_historical,,,,,,,,,
1789665300000,762.76,1789666199999,1791376157436,legacy_historical,,,,,,,,,
1789666200000,763.11,1789667099999,1791376157436,legacy_historical,,,,,,,,,
1789667100000,763.37,1789667999999,1791376157436,legacy_historical,,,,,,,,,
1789668000000,763.50199039,1789668899999,1791376157436,legacy_historical,,,,,,,,,
1789668900000,763.54706532,1789669799999,1791376157436,legacy_historical,,,,,,,,,
1789669800000,763.17,1789670699999,1791376157436,legacy_historical,,,,,,,,,
1789670700000,763.23,1789671599999,1791376157436,legacy_historical,,,,,,,,,
1789671600000,763.54,1789672499999,1791376157436,legacy_historical,,,,,,,,,
1789672500000,763.31745615,1789673399999,1791376157436,legacy_historical,,,,,,,,,
1789673400000,763.81776714,1789674299999,1791376157436,legacy_historical,,,,,,,,,
1789674300000,763.32,1789675199999,1791376157436,legacy_historical,,,,,,,,,
1789675200000,763.14973359,1789676099999,1791376157436,legacy_historical,,,,,,,,,
1789676100000,762.94733723,1789676999999,1791376157436,legacy_historical,,,,,,,,,
1789677000000,762.99967134,1789677899999,1791376157436,legacy_historical,,,,,,,,,
1789677900000,763.05,1789678799999,1791376157436,legacy_historical,,,,,,,,,
1789678800000,762.97938614,1789679699999,1791376157436,legacy_historical,,,,,,,,,
1789679700000,763.03,1789680599999,1791376157436,legacy_historical,,,,,,,,,
1789680600000,763.09681866,1789681499999,1791376157436,legacy_historical,,,,,,,,,
1789681500000,763.10559199,1789682399999,1791376157436,legacy_historical,,,,,,,,,
1789682400000,762.9,1789683299999,1791376157436,legacy_historical,,,,,,,,,
1789683300000,762.83,1789684199999,1791376157436,legacy_historical,,,,,,,,,
1789684200000,762.64119265,1789685099999,1791376157436,legacy_historical,,,,,,,,,
1789685100000,762.76232462,1789685999999,1791376157436,legacy_historical,,,,,,,,,
1789686000000,762.87,1789686899999,1791376157436,legacy_historical,,,,,,,,,
1789686900000,762.83,1789687799999,1791376157436,legacy_historical,,,,,,,,,
1789687800000,762.98818089,1789688699999,1791376157436,legacy_historical,,,,,,,,,
1789688700000,763.02477117,1789689599999,1791376157436,legacy_historical,,,,,,,,,
1789689600000,762.07559439,1789690499999,1791376157436,legacy_historical,,,,,,,,,
1789690500000,761.92337786,1789691399999,1791376157436,legacy_historical,,,,,,,,,
1789691400000,761.84864326,1789692299999,1791376157436,legacy_historical,,,,,,,,,
1789692300000,761.44474195,1789693199999,1791376157436,legacy_historical,,,,,,,,,
1789693200000,761.47848394,1789694099999,1791376157436,legacy_historical,,,,,,,,,
1789694100000,761.4258747,1789694999999,1791376157436,legacy_historical,,,,,,,,,
1789695000000,761.41682544,1789695899999,1791376157436,legacy_historical,,,,,,,,,
1789695900000,761.77,1789696799999,1791376157436,legacy_historical,,,,,,,,,
1789696800000,761.6610525,1789697699999,1791376157436,legacy_historical,,,,,,,,,
1789697700000,761.85737114,1789698599999,1791376157436,legacy_historical,,,,,,,,,
1789698600000,761.95773035,1789699499999,1791376157436,legacy_historical,,,,,,,,,
1789699500000,761.98367529,1789700399999,1791376157436,legacy_historical,,,,,,,,,
1789700400000,762.46,1789701299999,1791376157436,legacy_historical,,,,,,,,,
1789701300000,762.44150921,1789702199999,1791376157436,legacy_historical,,,,,,,,,
1789702200000,762.65622614,1789703099999,1791376157436,legacy_historical,,,,,,,,,
1789703100000,762.94,1789703999999,1791376157436,legacy_historical,,,,,,,,,
1789704000000,763.0069233,1789704899999,1791376157436,legacy_historical,,,,,,,,,
1789704900000,763.08,1789705799999,1791376157436,legacy_historical,,,,,,,,,
1789705800000,763.39581478,1789706699999,1791376157436,legacy_historical,,,,,,,,,
1789706700000,763.67044804,1789707599999,1791376157436,legacy_historical,,,,,,,,,
1789707600000,763.69,1789708499999,1791376157436,legacy_historical,,,,,,,,,
1789708500000,763.82345315,1789709399999,1791376157436,legacy_historical,,,,,,,,,
1789709400000,764.26,1789710299999,1791376157436,legacy_historical,,,,,,,,,
1789710300000,764.01,1789711199999,1791376157436,legacy_historical,,,,,,,,,
1789711200000,764.14168368,1789712099999,1791376157436,legacy_historical,,,,,,,,,
1789712100000,764.24643195,1789712999999,1791376157436,legacy_historical,,,,,,,,,
1789713000000,764.64762294,1789713899999,1791376157436,legacy_historical,,,,,,,,,
1789713900000,764.63,1789714799999,1791376157436,legacy_historical,,,,,,,,,
1789714800000,764.66662184,1789715699999,1791376157436,legacy_historical,,,,,,,,,
1789715700000,765.16,1789716599999,1791376157436,legacy_historical,,,,,,,,,
1789716600000,764.91,1789717499999,1791376157436,legacy_historical,,,,,,,,,
1789717500000,764.74804399,1789718399999,1791376157436,legacy_historical,,,,,,,,,
1789718400000,764.44,1789719299999,1791376157436,legacy_historical,,,,,,,,,
1789719300000,764.06,1789720199999,1791376157436,legacy_historical,,,,,,,,,
1789720200000,764.27432825,1789721099999,1791376157436,legacy_historical,,,,,,,,,
1789721100000,764.18,1789721999999,1791376157436,legacy_historical,,,,,,,,,
1789722000000,764.06846645,1789722899999,1791376157436,legacy_historical,,,,,,,,,
1789722900000,763.74810621,1789723799999,1791376157436,legacy_historical,,,,,,,,,
1789723800000,763.2,1789724699999,1791376157436,legacy_historical,,,,,,,,,
1789724700000,763.13,1789725599999,1791376157436,legacy_historical,,,,,,,,,
1789725600000,763.09,1789726499999,1791376157436,legacy_historical,,,,,,,,,
1789726500000,763.24,1789727399999,1791376157436,legacy_historical,,,,,,,,,
1789727400000,763.77429105,1789728299999,1791376157436,legacy_historical,,,,,,,,,
1789728300000,763.38,1789729199999,1791376157436,legacy_historical,,,,,,,,,
1789729200000,762.96687529,1789730099999,1791376157436,legacy_historical,,,,,,,,,
1789730100000,762.49,1789730999999,1791376157436,legacy_historical,,,,,,,,,
1789731000000,762.52708794,1789731899999,1791376157436,legacy_historical,,,,,,,,,
1789731900000,762.47,1789732799999,1791376157436,legacy_historical,,,,,,,,,
1789732800000,761.68416855,1789733699999,1791376157436,legacy_historical,,,,,,,,,
1789733700000,761.33335596,1789734599999,1791376157436,legacy_historical,,,,,,,,,
1789734600000,761.61,1789735499999,1791376157436,legacy_historical,,,,,,,,,
1789735500000,761.27602019,1789736399999,1791376157436,legacy_historical,,,,,,,,,
1789736400000,761.42886649,1789737299999,1791376157436,legacy_historical,,,,,,,,,
1789737300000,762.09521986,1789738199999,1791376157436,legacy_historical,,,,,,,,,
1789738200000,761.77,1789739099999,1791376157436,legacy_historical,,,,,,,,,
1789739100000,760.86,1789739999999,1791376157436,legacy_historical,,,,,,,,,
1789740000000,760.17639139,1789740899999,1791376157436,legacy_historical,,,,,,,,,
1789740900000,760.22,1789741799999,1791376157436,legacy_historical,,,,,,,,,
1789741800000,759.79377758,1789742699999,1791376157436,legacy_historical,,,,,,,,,
1789742700000,760.77,1789743599999,1791376157436,legacy_historical,,,,,,,,,
1789743600000,760.48,1789744499999,1791376157436,legacy_historical,,,,,,,,,
1789744500000,760.96676955,1789745399999,1791376157436,legacy_historical,,,,,,,,,
1789745400000,760.13,1789746299999,1791376157436,legacy_historical,,,,,,,,,
1789746300000,759.9,1789747199999,1791376157436,legacy_historical,,,,,,,,,
1789747200000,759.81821728,1789748099999,1791376157436,legacy_historical,,,,,,,,,
1789748100000,759.62,1789748999999,1791376157436,legacy_historical,,,,,,,,,
1789749000000,759.97,1789749899999,1791376157436,legacy_historical,,,,,,,,,
1789749900000,760.12,1789750799999,1791376157436,legacy_historical,,,,,,,,,
1789750800000,760.05,1789751699999,1791376157436,legacy_historical,,,,,,,,,
1789751700000,760.15819934,1789752599999,1791376157436,legacy_historical,,,,,,,,,
1789752600000,760.39,1789753499999,1791376157436,legacy_historical,,,,,,,,,
1789753500000,760.48470749,1789754399999,1791376157436,legacy_historical,,,,,,,,,
1789754400000,760.65743756,1789755299999,1791376157436,legacy_historical,,,,,,,,,
1789755300000,761.22854889,1789756199999,1791376157436,legacy_historical,,,,,,,,,
1789756200000,761.2,1789757099999,1791376157436,legacy_historical,,,,,,,,,
1789757100000,761.94546199,1789757999999,1791376157436,legacy_historical,,,,,,,,,
1789758000000,761.83,1789758899999,1791376157436,legacy_historical,,,,,,,,,
1789758900000,761.53928057,1789759799999,1791376157436,legacy_historical,,,,,,,,,
1789759800000,762.17,1789760699999,1791376157436,legacy_historical,,,,,,,,,
1789760700000,762.11,1789761599999,1791376157436,legacy_historical,,,,,,,,,
1789761600000,763.28459048,1789762499999,1791376157436,legacy_historical,,,,,,,,,
1789762500000,763.18,1789763399999,1791376157436,legacy_historical,,,,,,,,,
1789763400000,763.27866526,1789764299999,1791376157436,legacy_historical,,,,,,,,,
1789764300000,763.04,1789765199999,1791376157436,legacy_historical,,,,,,,,,
1789765200000,763.16,1789766099999,1791376157436,legacy_historical,,,,,,,,,
1789766100000,763.03786911,1789766999999,1791376157436,legacy_historical,,,,,,,,,
1789767000000,763.43946483,1789767899999,1791376157436,legacy_historical,,,,,,,,,
1789767900000,763.25,1789768799999,1791376157436,legacy_historical,,,,,,,,,
1789768800000,763.0573695,1789769699999,1791376157436,legacy_historical,,,,,,,,,
1789769700000,763.07159667,1789770599999,1791376157436,legacy_historical,,,,,,,,,
1789770600000,763.13,1789771499999,1791376157436,legacy_historical,,,,,,,,,
1789771500000,763.15,1789772399999,1791376157436,legacy_historical,,,,,,,,,
1789772400000,763.12,1789773299999,1791376157436,legacy_historical,,,,,,,,,
1789773300000,763.23122276,1789774199999,1791376157436,legacy_historical,,,,,,,,,
1789774200000,763.1,1789775099999,1791376157436,legacy_historical,,,,,,,,,
1789775100000,763.19283714,1789775999999,1791376157436,legacy_historical,,,,,,,,,
1789776000000,762.99,1789776899999,1791376157436,legacy_historical,,,,,,,,,
1789776900000,763.26221954,1789777799999,1791376157436,legacy_historical,,,,,,,,,
1789777800000,763.25969567,1789778699999,1791376157436,legacy_historical,,,,,,,,,
1789778700000,763.26600571,1789779599999,1791376157436,legacy_historical,,,,,,,,,
1789779600000,763.2256293,1789780499999,1791376157436,legacy_historical,,,,,,,,,
1789780500000,763.38492722,1789781399999,1791376157436,legacy_historical,,,,,,,,,
1789781400000,763.3867966,1789782299999,1791376157436,legacy_historical,,,,,,,,,
1789782300000,763.45,1789783199999,1791376157436,legacy_historical,,,,,,,,,
1789783200000,763.42,1789784099999,1791376157436,legacy_historical,,,,,,,,,
1789784100000,763.51,1789784999999,1791376157436,legacy_historical,,,,,,,,,
1789785000000,763.47,1789785899999,1791376157436,legacy_historical,,,,,,,,,
1789785900000,763.39,1789786799999,1791376157436,legacy_historical,,,,,,,,,
1789786800000,763.45049397,1789787699999,1791376157436,legacy_historical,,,,,,,,,
1789787700000,763.7886992,1789788599999,1791376157436,legacy_historical,,,,,,,,,
1789788600000,763.75,1789789499999,1791376157436,legacy_historical,,,,,,,,,
1789789500000,763.64423536,1789790399999,1791376157436,legacy_historical,,,,,,,,,
1789790400000,763.49989807,1789791299999,1791376157436,legacy_historical,,,,,,,,,
1789791300000,763.51361865,1789792199999,1791376157436,legacy_historical,,,,,,,,,
1789792200000,763.36,1789793099999,1791376157436,legacy_historical,,,,,,,,,
1789793100000,763.41,1789793999999,1791376157436,legacy_historical,,,,,,,,,
1789794000000,763.30861911,1789794899999,1791376157436,legacy_historical,,,,,,,,,
1789794900000,763.13142523,1789795799999,1791376157436,legacy_historical,,,,,,,,,
1789795800000,763.06190077,1789796699999,1791376157436,legacy_historical,,,,,,,,,
1789796700000,763.0125624,1789797599999,1791376157436,legacy_historical,,,,,,,,,
1789797600000,762.88,1789798499999,1791376157436,legacy_historical,,,,,,,,,
1789798500000,762.76,1789799399999,1791376157436,legacy_historical,,,,,,,,,
1789799400000,762.76,1789800299999,1791376157436,legacy_historical,,,,,,,,,
1789800300000,762.76,1789801199999,1791376157436,legacy_historical,,,,,,,,,
1789801200000,762.91,1789802099999,1791376157436,legacy_historical,,,,,,,,,
1789802100000,762.96,1789802999999,1791376157436,legacy_historical,,,,,,,,,
1789803000000,762.92,1789803899999,1791376157436,legacy_historical,,,,,,,,,
1789803900000,762.98,1789804799999,1791376157436,legacy_historical,,,,,,,,,
1789804800000,763.03,1789805699999,1791376157436,legacy_historical,,,,,,,,,
1789805700000,763.09666539,1789806599999,1791376157436,legacy_historical,,,,,,,,,
1789806600000,763.16,1789807499999,1791376157436,legacy_historical,,,,,,,,,
1789807500000,763.09824387,1789808399999,1791376157436,legacy_historical,,,,,,,,,
1789808400000,763.19,1789809299999,1791376157436,legacy_historical,,,,,,,,,
1789809300000,763.12,1789810199999,1791376157436,legacy_historical,,,,,,,,,
1789810200000,762.94,1789811099999,1791376157436,legacy_historical,,,,,,,,,
1789811100000,763.11642996,1789811999999,1791376157436,legacy_historical,,,,,,,,,
1789812000000,762.82,1789812899999,1791376157436,legacy_historical,,,,,,,,,
1789812900000,762.96310095,1789813799999,1791376157436,legacy_historical,,,,,,,,,
1789813800000,762.90392476,1789814699999,1791376157436,legacy_historical,,,,,,,,,
1789814700000,762.76219782,1789815599999,1791376157436,legacy_historical,,,,,,,,,
1789815600000,762.72,1789816499999,1791376157436,legacy_historical,,,,,,,,,
1789816500000,762.71427514,1789817399999,1791376157436,legacy_historical,,,,,,,,,
1789817400000,762.92789264,1789818299999,1791376157436,legacy_historical,,,,,,,,,
1789818300000,762.8253996,1789819199999,1791376157436,legacy_historical,,,,,,,,,
1789819200000,762.86,1789820099999,1791376157436,legacy_historical,,,,,,,,,
1789820100000,762.76421612,1789820999999,1791376157436,legacy_historical,,,,,,,,,
1789821000000,762.95,1789821899999,1791376157436,legacy_historical,,,,,,,,,
1789821900000,762.79,1789822799999,1791376157436,legacy_historical,,,,,,,,,
1789822800000,762.88298839,1789823699999,1791376157436,legacy_historical,,,,,,,,,
1789823700000,762.97399063,1789824599999,1791376157436,legacy_historical,,,,,,,,,
1789824600000,762.79,1789825499999,1791376157436,legacy_historical,,,,,,,,,
1789825500000,763.01,1789826399999,1791376157436,legacy_historical,,,,,,,,,
1789826400000,763.0,1789827299999,1791376157436,legacy_historical,,,,,,,,,
1789827300000,763.07563373,1789828199999,1791376157436,legacy_historical,,,,,,,,,
1789828200000,763.11,1789829099999,1791376157436,legacy_historical,,,,,,,,,
1789829100000,763.24,1789829999999,1791376157436,legacy_historical,,,,,,,,,
1789830000000,763.24,1789830899999,1791376157436,legacy_historical,,,,,,,,,
1789830900000,763.3,1789831799999,1791376157436,legacy_historical,,,,,,,,,
1789831800000,763.84,1789832699999,1791376157436,legacy_historical,,,,,,,,,
1789832700000,763.78004582,1789833599999,1791376157436,legacy_historical,,,,,,,,,
1789833600000,763.87,1789834499999,1791376157436,legacy_historical,,,,,,,,,
1789834500000,764.09851552,1789835399999,1791376157436,legacy_historical,,,,,,,,,
1789835400000,764.18896331,1789836299999,1791376157436,legacy_historical,,,,,,,,,
1789836300000,764.06,1789837199999,1791376157436,legacy_historical,,,,,,,,,
1789837200000,764.06520232,1789838099999,1791376157436,legacy_historical,,,,,,,,,
1789838100000,764.06051909,1789838999999,1791376157436,legacy_historical,,,,,,,,,
1789839000000,763.82,1789839899999,1791376157436,legacy_historical,,,,,,,,,
1789839900000,763.90678352,1789840799999,1791376157436,legacy_historical,,,,,,,,,
1789840800000,764.20882365,1789841699999,1791376157436,legacy_historical,,,,,,,,,
1789841700000,764.20717866,1789842599999,1791376157436,legacy_historical,,,,,,,,,
1789842600000,764.08,1789843499999,1791376157436,legacy_historical,,,,,,,,,
1789843500000,764.16,1789844399999,1791376157436,legacy_historical,,,,,,,,,
1789844400000,764.2,1789845299999,1791376157436,legacy_historical,,,,,,,,,
1789845300000,763.84,1789846199999,1791376157436,legacy_historical,,,,,,,,,
1789846200000,763.83244793,1789847099999,1791376157436,legacy_historical,,,,,,,,,
1789847100000,764.08,1789847999999,1791376157436,legacy_historical,,,,,,,,,
1789848000000,764.13,1789848899999,1791376157436,legacy_historical,,,,,,,,,
1789848900000,764.05495177,1789849799999,1791376157436,legacy_historical,,,,,,,,,
1789849800000,763.83229875,1789850699999,1791376157436,legacy_historical,,,,,,,,,
1789850700000,763.92,1789851599999,1791376157436,legacy_historical,,,,,,,,,
1789851600000,763.86374964,1789852499999,1791376157436,legacy_historical,,,,,,,,,
1789852500000,763.88673856,1789853399999,1791376157436,legacy_historical,,,,,,,,,
1789853400000,763.82,1789854299999,1791376157436,legacy_historical,,,,,,,,,
1789854300000,763.8800937,1789855199999,1791376157436,legacy_historical,,,,,,,,,
1789855200000,763.81443879,1789856099999,1791376157436,legacy_historical,,,,,,,,,
1789856100000,763.81468023,1789856999999,1791376157436,legacy_historical,,,,,,,,,
1789857000000,763.82,1789857899999,1791376157436,legacy_historical,,,,,,,,,
1789857900000,763.88,1789858799999,1791376157436,legacy_historical,,,,,,,,,
1789858800000,763.8517822,1789859699999,1791376157436,legacy_historical,,,,,,,,,
1789859700000,763.53,1789860599999,1791376157436,legacy_historical,,,,,,,,,
1789860600000,763.61283021,1789861499999,1791376157436,legacy_historical,,,,,,,,,
1789861500000,763.63,1789862399999,1791376157436,legacy_historical,,,,,,,,,
1789862400000,763.64,1789863299999,1791376157436,legacy_historical,,,,,,,,,
1789863300000,763.58,1789864199999,1791376157436,legacy_historical,,,,,,,,,
1789864200000,763.63527597,1789865099999,1791376157436,legacy_historical,,,,,,,,,
1789865100000,763.50314396,1789865999999,1791376157436,legacy_historical,,,,,,,,,
1789866000000,763.5,1789866899999,1791376157436,legacy_historical,,,,,,,,,
1789866900000,763.5,1789867799999,1791376157436,legacy_historical,,,,,,,,,
1789867800000,763.55,1789868699999,1791376157436,legacy_historical,,,,,,,,,
1789868700000,763.4,1789869599999,1791376157436,legacy_historical,,,,,,,,,
1789869600000,763.43,1789870499999,1791376157436,legacy_historical,,,,,,,,,
1789870500000,763.43,1789871399999,1791376157436,legacy_historical,,,,,,,,,
1789871400000,763.22085194,1789872299999,1791376157436,legacy_historical,,,,,,,,,
1789872300000,762.82,1789873199999,1791376157436,legacy_historical,,,,,,,,,
1789873200000,762.66774048,1789874099999,1791376157436,legacy_historical,,,,,,,,,
1789874100000,762.65111521,1789874999999,1791376157436,legacy_historical,,,,,,,,,
1789875000000,762.52,1789875899999,1791376157436,legacy_historical,,,,,,,,,
1789875900000,762.56,1789876799999,1791376157436,legacy_historical,,,,,,,,,
1789876800000,762.53,1789877699999,1791376157436,legacy_historical,,,,,,,,,
1789877700000,762.50354696,1789878599999,1791376157436,legacy_historical,,,,,,,,,
1789878600000,762.50417208,1789879499999,1791376157436,legacy_historical,,,,,,,,,
1789879500000,762.5249694,1789880399999,1791376157436,legacy_historical,,,,,,,,,
1789880400000,762.47427549,1789881299999,1791376157436,legacy_historical,,,,,,,,,
1789881300000,762.4240018,1789882199999,1791376157436,legacy_historical,,,,,,,,,
1789882200000,762.42443124,1789883099999,1791376157436,legacy_historical,,,,,,,,,
1789883100000,762.38457893,1789883999999,1791376157436,legacy_historical,,,,,,,,,
1789884000000,762.45,1789884899999,1791376157436,legacy_historical,,,,,,,,,
1789884900000,762.45,1789885799999,1791376157436,legacy_historical,,,,,,,,,
1789885800000,762.33,1789886699999,1791376157436,legacy_historical,,,,,,,,,
1789886700000,762.29382468,1789887599999,1791376157436,legacy_historical,,,,,,,,,
1789887600000,762.2712185,1789888499999,1791376157436,legacy_historical,,,,,,,,,
1789888500000,762.22391736,1789889399999,1791376157436,legacy_historical,,,,,,,,,
1789889400000,762.07,1789890299999,1791376157436,legacy_historical,,,,,,,,,
1789890300000,762.02,1789891199999,1791376157436,legacy_historical,,,,,,,,,
1789891200000,761.96420502,1789892099999,1791376157436,legacy_historical,,,,,,,,,
1789892100000,761.99,1789892999999,1791376157436,legacy_historical,,,,,,,,,
1789893000000,762.02491954,1789893899999,1791376157436,legacy_historical,,,,,,,,,
1789893900000,761.99,1789894799999,1791376157436,legacy_historical,,,,,,,,,
1789894800000,762.16374234,1789895699999,1791376157436,legacy_historical,,,,,,,,,
1789895700000,761.97,1789896599999,1791376157436,legacy_historical,,,,,,,,,
1789896600000,762.28830116,1789897499999,1791376157436,legacy_historical,,,,,,,,,
1789897500000,762.40830111,1789898399999,1791376157436,legacy_historical,,,,,,,,,
1789898400000,762.50804737,1789899299999,1791376157436,legacy_historical,,,,,,,,,
1789899300000,762.59970988,1789900199999,1791376157436,legacy_historical,,,,,,,,,
1789900200000,762.53,1789901099999,1791376157436,legacy_historical,,,,,,,,,
1789901100000,762.45,1789901999999,1791376157436,legacy_historical,,,,,,,,,
1789902000000,762.14,1789902899999,1791376157436,legacy_historical,,,,,,,,,
1789902900000,762.08,1789903799999,1791376157436,legacy_historical,,,,,,,,,
1789903800000,762.35271449,1789904699999,1791376157436,legacy_historical,,,,,,,,,
1789904700000,762.31,1789905599999,1791376157436,legacy_historical,,,,,,,,,
1789905600000,762.42,1789906499999,1791376157436,legacy_historical,,,,,,,,,
1789906500000,762.32826434,1789907399999,1791376157436,legacy_historical,,,,,,,,,
1789907400000,762.36,1789908299999,1791376157436,legacy_historical,,,,,,,,,
1789908300000,762.4068408,1789909199999,1791376157436,legacy_historical,,,,,,,,,
1789909200000,762.65,1789910099999,1791376157436,legacy_historical,,,,,,,,,
1789910100000,762.66772438,1789910999999,1791376157436,legacy_historical,,,,,,,,,
1789911000000,762.66663009,1789911899999,1791376157436,legacy_historical,,,,,,,,,
1789911900000,762.7379817,1789912799999,1791376157436,legacy_historical,,,,,,,,,
1789912800000,762.62,1789913699999,1791376157436,legacy_historical,,,,,,,,,
1789913700000,762.47255967,1789914599999,1791376157436,legacy_historical,,,,,,,,,
1789914600000,762.33084195,1789915499999,1791376157436,legacy_historical,,,,,,,,,
1789915500000,762.47429789,1789916399999,1791376157436,legacy_historical,,,,,,,,,
1789916400000,762.54,1789917299999,1791376157436,legacy_historical,,,,,,,,,
1789917300000,762.57575172,1789918199999,1791376157436,legacy_historical,,,,,,,,,
1789918200000,762.53,1789919099999,1791376157436,legacy_historical,,,,,,,,,
1789919100000,762.66,1789919999999,1791376157436,legacy_historical,,,,,,,,,
1789920000000,762.61,1789920899999,1791376157436,legacy_historical,,,,,,,,,
1789920900000,762.49351201,1789921799999,1791376157436,legacy_historical,,,,,,,,,
1789921800000,762.47,1789922699999,1791376157436,legacy_historical,,,,,,,,,
1789922700000,762.5,1789923599999,1791376157436,legacy_historical,,,,,,,,,
1789923600000,762.47,1789924499999,1791376157436,legacy_historical,,,,,,,,,
1789924500000,762.47,1789925399999,1791376157436,legacy_historical,,,,,,,,,
1789925400000,762.46,1789926299999,1791376157436,legacy_historical,,,,,,,,,
1789926300000,762.4547075,1789927199999,1791376157436,legacy_historical,,,,,,,,,
1789927200000,762.39384939,1789928099999,1791376157436,legacy_historical,,,,,,,,,
1789928100000,762.36,1789928999999,1791376157436,legacy_historical,,,,,,,,,
1789929000000,762.35,1789929899999,1791376157436,legacy_historical,,,,,,,,,
1789929900000,762.34453219,1789930799999,1791376157436,legacy_historical,,,,,,,,,
1789930800000,762.37530406,1789931699999,1791376157436,legacy_historical,,,,,,,,,
1789931700000,762.37517325,1789932599999,1791376157436,legacy_historical,,,,,,,,,
1789932600000,762.40542871,1789933499999,1791376157436,legacy_historical,,,,,,,,,
1789933500000,762.40524427,1789934399999,1791376157436,legacy_historical,,,,,,,,,
1789934400000,762.40513918,1789935299999,1791376157436,legacy_historical,,,,,,,,,
1789935300000,763.45,1789936199999,1791376157436,legacy_historical,,,,,,,,,
1789936200000,763.41,1789937099999,1791376157436,legacy_historical,,,,,,,,,
1789937100000,763.1,1789937999999,1791376157436,legacy_historical,,,,,,,,,
1789938000000,763.03,1789938899999,1791376157436,legacy_historical,,,,,,,,,
1789938900000,762.99,1789939799999,1791376157436,legacy_historical,,,,,,,,,
1789939800000,762.92549766,1789940699999,1791376157436,legacy_historical,,,,,,,,,
1789940700000,762.93715054,1789941599999,1791376157436,legacy_historical,,,,,,,,,
1789941600000,764.04347274,1789942499999,1791376157436,legacy_historical,,,,,,,,,
1789942500000,764.2794362,1789943399999,1791376157436,legacy_historical,,,,,,,,,
1789943400000,764.58,1789944299999,1791376157436,legacy_historical,,,,,,,,,
1789944300000,764.97,1789945199999,1791376157436,legacy_historical,,,,,,,,,
1789945200000,764.82,1789946099999,1791376157436,legacy_historical,,,,,,,,,
1789946100000,764.8,1789946999999,1791376157436,legacy_historical,,,,,,,,,
1789947000000,764.99,1789947899999,1791376157436,legacy_historical,,,,,,,,,
1789947900000,764.91573662,1789948799999,1791376157436,legacy_historical,,,,,,,,,
1789948800000,764.83064639,1789949699999,1791376157436,legacy_historical,,,,,,,,,
1789949700000,764.95,1789950599999,1791376157436,legacy_historical,,,,,,,,,
1789950600000,765.11,1789951499999,1791376157436,legacy_historical,,,,,,,,,
1789951500000,765.15,1789952399999,1791376157436,legacy_historical,,,,,,,,,
1789952400000,765.51,1789953299999,1791376157436,legacy_historical,,,,,,,,,
1789953300000,765.46,1789954199999,1791376157436,legacy_historical,,,,,,,,,
1789954200000,765.64,1789955099999,1791376157436,legacy_historical,,,,,,,,,
1789955100000,765.19597125,1789955999999,1791376157436,legacy_historical,,,,,,,,,
1789956000000,765.30887523,1789956899999,1791376157436,legacy_historical,,,,,,,,,
1789956900000,765.35,1789957799999,1791376157436,legacy_historical,,,,,,,,,
1789957800000,765.32989689,1789958699999,1791376157436,legacy_historical,,,,,,,,,
1789958700000,765.27250661,1789959599999,1791376157436,legacy_historical,,,,,,,,,
1789959600000,765.58,1789960499999,1791376157436,legacy_historical,,,,,,,,,
1789960500000,765.70965017,1789961399999,1791376157436,legacy_historical,,,,,,,,,
1789961400000,765.65,1789962299999,1791376157436,legacy_historical,,,,,,,,,
1789962300000,765.62569866,1789963199999,1791376157436,legacy_historical,,,,,,,,,
1789963200000,765.58753679,1789964099999,1791376157436,legacy_historical,,,,,,,,,
1789964100000,765.70595761,1789964999999,1791376157436,legacy_historical,,,,,,,,,
1789965000000,765.68508923,1789965899999,1791376157436,legacy_historical,,,,,,,,,
1789965900000,765.67,1789966799999,1791376157436,legacy_historical,,,,,,,,,
1789966800000,765.52064574,1789967699999,1791376157436,legacy_historical,,,,,,,,,
1789967700000,765.57,1789968599999,1791376157436,legacy_historical,,,,,,,,,
1789968600000,765.73931098,1789969499999,1791376157436,legacy_historical,,,,,,,,,
1789969500000,765.57301283,1789970399999,1791376157436,legacy_historical,,,,,,,,,
1789970400000,765.82,1789971299999,1791376157436,legacy_historical,,,,,,,,,
1789971300000,765.91,1789972199999,1791376157436,legacy_historical,,,,,,,,,
1789972200000,766.09356683,1789973099999,1791376157436,legacy_historical,,,,,,,,,
1789973100000,766.14,1789973999999,1791376157436,legacy_historical,,,,,,,,,
1789974000000,766.65,1789974899999,1791376157436,legacy_historical,,,,,,,,,
1789974900000,766.6670629,1789975799999,1791376157436,legacy_historical,,,,,,,,,
1789975800000,766.5135816,1789976699999,1791376157436,legacy_historical,,,,,,,,,
1789976700000,766.78836248,1789977599999,1791376157436,legacy_historical,,,,,,,,,
1789977600000,767.06,1789978499999,1791376157436,legacy_historical,,,,,,,,,
1789978500000,767.09,1789979399999,1791376157436,legacy_historical,,,,,,,,,
1789979400000,767.40832502,1789980299999,1791376157436,legacy_historical,,,,,,,,,
1789980300000,767.18127794,1789981199999,1791376157436,legacy_historical,,,,,,,,,
1789981200000,767.18,1789982099999,1791376157436,legacy_historical,,,,,,,,,
1789982100000,767.20672187,1789982999999,1791376157436,legacy_historical,,,,,,,,,
1789983000000,767.26,1789983899999,1791376157436,legacy_historical,,,,,,,,,
1789983900000,767.18589349,1789984799999,1791376157436,legacy_historical,,,,,,,,,
1789984800000,767.49,1789985699999,1791376157436,legacy_historical,,,,,,,,,
1789985700000,767.50304217,1789986599999,1791376157436,legacy_historical,,,,,,,,,
1789986600000,767.57790001,1789987499999,1791376157436,legacy_historical,,,,,,,,,
1789987500000,767.53,1789988399999,1791376157436,legacy_historical,,,,,,,,,
1789988400000,767.39083608,1789989299999,1791376157436,legacy_historical,,,,,,,,,
1789989300000,767.23507762,1789990199999,1791376157436,legacy_historical,,,,,,,,,
1789990200000,767.59217723,1789991099999,1791376157436,legacy_historical,,,,,,,,,
1789991100000,767.80569937,1789991999999,1791376157436,legacy_historical,,,,,,,,,
1789992000000,767.58,1789992899999,1791376157436,legacy_historical,,,,,,,,,
1789992900000,767.38826109,1789993799999,1791376157436,legacy_historical,,,,,,,,,
1789993800000,767.65618538,1789994699999,1791376157436,legacy_historical,,,,,,,,,
1789994700000,767.18870089,1789995599999,1791376157436,legacy_historical,,,,,,,,,
1789995600000,767.25464343,1789996499999,1791376157436,legacy_historical,,,,,,,,,
1789996500000,767.1,1789997399999,1791376157436,legacy_historical,,,,,,,,,
1789997400000,767.51651824,1789998299999,1791376157436,legacy_historical,,,,,,,,,
1789998300000,768.36,1789999199999,1791376157436,legacy_historical,,,,,,,,,
1789999200000,768.39,1790000099999,1791376157436,legacy_historical,,,,,,,,,
1790000100000,769.65,1790000999999,1791376157436,legacy_historical,,,,,,,,,
1790001000000,769.64288136,1790001899999,1791376157436,legacy_historical,,,,,,,,,
1790001900000,769.89961079,1790002799999,1791376157436,legacy_historical,,,,,,,,,
1790002800000,770.38980128,1790003699999,1791376157436,legacy_historical,,,,,,,,,
1790003700000,770.47,1790004599999,1791376157436,legacy_historical,,,,,,,,,
1790004600000,771.01,1790005499999,1791376157436,legacy_historical,,,,,,,,,
1790005500000,771.25,1790006399999,1791376157436,legacy_historical,,,,,,,,,
1790006400000,772.01926315,1790007299999,1791376157436,legacy_historical,,,,,,,,,
1790007300000,772.29,1790008199999,1791376157436,legacy_historical,,,,,,,,,
1790008200000,772.45143947,1790009099999,1791376157436,legacy_historical,,,,,,,,,
1790009100000,772.73,1790009999999,1791376157436,legacy_historical,,,,,,,,,
1790010000000,773.03785556,1790010899999,1791376157436,legacy_historical,,,,,,,,,
1790010900000,773.01,1790011799999,1791376157436,legacy_historical,,,,,,,,,
1790011800000,773.12,1790012699999,1791376157436,legacy_historical,,,,,,,,,
1790012700000,773.24,1790013599999,1791376157436,legacy_historical,,,,,,,,,
1790013600000,773.63108875,1790014499999,1791376157436,legacy_historical,,,,,,,,,
1790014500000,774.16730259,1790015399999,1791376157436,legacy_historical,,,,,,,,,
1790015400000,774.38,1790016299999,1791376157436,legacy_historical,,,,,,,,,
1790016300000,774.64805573,1790017199999,1791376157436,legacy_historical,,,,,,,,,
1790017200000,774.84,1790018099999,1791376157436,legacy_historical,,,,,,,,,
1790018100000,774.61,1790018999999,1791376157436,legacy_historical,,,,,,,,,
1790019000000,774.95484191,1790019899999,1791376157436,legacy_historical,,,,,,,,,
1790019900000,773.98,1790020799999,1791376157436,legacy_historical,,,,,,,,,
1790020800000,773.89,1790021699999,1791376157436,legacy_historical,,,,,,,,,
1790021700000,773.81,1790022599999,1791376157436,legacy_historical,,,,,,,,,
1790022600000,773.58399195,1790023499999,1791376157436,legacy_historical,,,,,,,,,
1790023500000,773.74,1790024399999,1791376157436,legacy_historical,,,,,,,,,
1790024400000,773.8,1790025299999,1791376157436,legacy_historical,,,,,,,,,
1790025300000,773.74,1790026199999,1791376157436,legacy_historical,,,,,,,,,
1790026200000,774.04,1790027099999,1791376157436,legacy_historical,,,,,,,,,
1790027100000,774.03,1790027999999,1791376157436,legacy_historical,,,,,,,,,
1790028000000,774.05834242,1790028899999,1791376157436,legacy_historical,,,,,,,,,
1790028900000,774.13084764,1790029799999,1791376157436,legacy_historical,,,,,,,,,
1790029800000,774.16423739,1790030699999,1791376157436,legacy_historical,,,,,,,,,
1790030700000,774.41,1790031599999,1791376157436,legacy_historical,,,,,,,,,
1790031600000,774.50548277,1790032499999,1791376157436,legacy_historical,,,,,,,,,
1790032500000,774.37,1790033399999,1791376157436,legacy_historical,,,,,,,,,
1790033400000,774.57823606,1790034299999,1791376157436,legacy_historical,,,,,,,,,
1790034300000,774.53,1790035199999,1791376157436,legacy_historical,,,,,,,,,
1790035200000,774.73,1790036099999,1791376157436,legacy_historical,,,,,,,,,
1790036100000,774.62,1790036999999,1791376157436,legacy_historical,,,,,,,,,
1790037000000,774.42,1790037899999,1791376157436,legacy_historical,,,,,,,,,
1790037900000,774.43,1790038799999,1791376157436,legacy_historical,,,,,,,,,
1790038800000,774.26,1790039699999,1791376157436,legacy_historical,,,,,,,,,
1790039700000,774.23983859,1790040599999,1791376157436,legacy_historical,,,,,,,,,
1790040600000,774.35,1790041499999,1791376157436,legacy_historical,,,,,,,,,
1790041500000,774.32,1790042399999,1791376157436,legacy_historical,,,,,,,,,
1790042400000,774.41,1790043299999,1791376157436,legacy_historical,,,,,,,,,
1790043300000,774.46,1790044199999,1791376157436,legacy_historical,,,,,,,,,
1790044200000,774.49419153,1790045099999,1791376157436,legacy_historical,,,,,,,,,
1790045100000,774.4163477,1790045999999,1791376157436,legacy_historical,,,,,,,,,
1790046000000,774.28,1790046899999,1791376157436,legacy_historical,,,,,,,,,
1790046900000,774.29613553,1790047799999,1791376157436,legacy_historical,,,,,,,,,
1790047800000,774.27438716,1790048699999,1791376157436,legacy_historical,,,,,,,,,
1790048700000,774.14,1790049599999,1791376157436,legacy_historical,,,,,,,,,
1790049600000,774.26287849,1790050499999,1791376157436,legacy_historical,,,,,,,,,
1790050500000,774.22,1790051399999,1791376157436,legacy_historical,,,,,,,,,
1790051400000,774.2738634,1790052299999,1791376157436,legacy_historical,,,,,,,,,
1790052300000,774.22819896,1790053199999,1791376157436,legacy_historical,,,,,,,,,
1790053200000,774.15150912,1790054099999,1791376157436,legacy_historical,,,,,,,,,
1790054100000,774.11685088,1790054999999,1791376157436,legacy_historical,,,,,,,,,
1790055000000,774.37515389,1790055899999,1791376157436,legacy_historical,,,,,,,,,
1790055900000,774.54,1790056799999,1791376157436,legacy_historical,,,,,,,,,
1790056800000,774.2874319,1790057699999,1791376157436,legacy_historical,,,,,,,,,
1790057700000,774.33096764,1790058599999,1791376157436,legacy_historical,,,,,,,,,
1790058600000,774.41,1790059499999,1791376157436,legacy_historical,,,,,,,,,
1790059500000,774.4,1790060399999,1791376157436,legacy_historical,,,,,,,,,
1790060400000,774.33002204,1790061299999,1791376157436,legacy_historical,,,,,,,,,
1790061300000,774.31,1790062199999,1791376157436,legacy_historical,,,,,,,,,
1790062200000,774.08,1790063099999,1791376157436,legacy_historical,,,,,,,,,
1790063100000,773.63397577,1790063999999,1791376157436,legacy_historical,,,,,,,,,
1790064000000,773.1,1790064899999,1791376157436,legacy_historical,,,,,,,,,
1790064900000,772.22,1790065799999,1791376157436,legacy_historical,,,,,,,,,
1790065800000,773.62139272,1790066699999,1791376157436,legacy_historical,,,,,,,,,
1790066700000,774.17828653,1790067599999,1791376157436,legacy_historical,,,,,,,,,
1790067600000,773.56,1790068499999,1791376157436,legacy_historical,,,,,,,,,
1790068500000,773.56574203,1790069399999,1791376157436,legacy_historical,,,,,,,,,
1790069400000,774.12286542,1790070299999,1791376157436,legacy_historical,,,,,,,,,
1790070300000,774.77,1790071199999,1791376157436,legacy_historical,,,,,,,,,
1790071200000,774.61447978,1790072099999,1791376157436,legacy_historical,,,,,,,,,
1790072100000,774.54087672,1790072999999,1791376157436,legacy_historical,,,,,,,,,
1790073000000,774.94,1790073899999,1791376157436,legacy_historical,,,,,,,,,
1790073900000,774.81972985,1790074799999,1791376157436,legacy_historical,,,,,,,,,
1790074800000,774.24567008,1790075699999,1791376157436,legacy_historical,,,,,,,,,
1790075700000,774.44,1790076599999,1791376157436,legacy_historical,,,,,,,,,
1790076600000,774.69,1790077499999,1791376157436,legacy_historical,,,,,,,,,
1790077500000,774.43132439,1790078399999,1791376157436,legacy_historical,,,,,,,,,
1790078400000,774.54563981,1790079299999,1791376157436,legacy_historical,,,,,,,,,
1790079300000,774.77157971,1790080199999,1791376157436,legacy_historical,,,,,,,,,
1790080200000,774.71,1790081099999,1791376157436,legacy_historical,,,,,,,,,
1790081100000,774.5,1790081999999,1791376157436,legacy_historical,,,,,,,,,
1790082000000,774.9138916,1790082899999,1791376157436,legacy_historical,,,,,,,,,
1790082900000,774.56360572,1790083799999,1791376157436,legacy_historical,,,,,,,,,
1790083800000,775.25,1790084699999,1791376157436,legacy_historical,,,,,,,,,
1790084700000,774.29,1790085599999,1791376157436,legacy_historical,,,,,,,,,
1790085600000,774.75393588,1790086499999,1791376157436,legacy_historical,,,,,,,,,
1790086500000,773.98790377,1790087399999,1791376157436,legacy_historical,,,,,,,,,
1790087400000,773.72,1790088299999,1791376157436,legacy_historical,,,,,,,,,
1790088300000,773.83427484,1790089199999,1791376157436,legacy_historical,,,,,,,,,
1790089200000,773.92,1790090099999,1791376157436,legacy_historical,,,,,,,,,
1790090100000,773.77085265,1790090999999,1791376157436,legacy_historical,,,,,,,,,
1790091000000,773.34074963,1790091899999,1791376157436,legacy_historical,,,,,,,,,
1790091900000,773.34,1790092799999,1791376157436,legacy_historical,,,,,,,,,
1790092800000,773.66,1790093699999,1791376157436,legacy_historical,,,,,,,,,
1790093700000,773.25,1790094599999,1791376157436,legacy_historical,,,,,,,,,
1790094600000,773.35,1790095499999,1791376157436,legacy_historical,,,,,,,,,
1790095500000,773.87912433,1790096399999,1791376157436,legacy_historical,,,,,,,,,
1790096400000,773.64,1790097299999,1791376157436,legacy_historical,,,,,,,,,
1790097300000,773.89677095,1790098199999,1791376157436,legacy_historical,,,,,,,,,
1790098200000,773.83,1790099099999,1791376157436,legacy_historical,,,,,,,,,
1790099100000,774.42194265,1790099999999,1791376157436,legacy_historical,,,,,,,,,
1790100000000,774.24204122,1790100899999,1791376157436,legacy_historical,,,,,,,,,
1790100900000,774.47289509,1790101799999,1791376157436,legacy_historical,,,,,,,,,
1790101800000,774.48,1790102699999,1791376157436,legacy_historical,,,,,,,,,
1790102700000,774.09,1790103599999,1791376157436,legacy_historical,,,,,,,,,
1790103600000,774.35621494,1790104499999,1791376157436,legacy_historical,,,,,,,,,
1790104500000,774.73,1790105399999,1791376157436,legacy_historical,,,,,,,,,
1790105400000,774.84,1790106299999,1791376157436,legacy_historical,,,,,,,,,
1790106300000,773.75,1790107199999,1791376157436,legacy_historical,,,,,,,,,
1790107200000,773.86211158,1790108099999,1791376157436,legacy_historical,,,,,,,,,
1790108100000,773.89175422,1790108999999,1791376157436,legacy_historical,,,,,,,,,
1790109000000,773.85805996,1790109899999,1791376157436,legacy_historical,,,,,,,,,
1790109900000,773.6519813,1790110799999,1791376157436,legacy_historical,,,,,,,,,
1790110800000,773.75,1790111699999,1791376157436,legacy_historical,,,,,,,,,
1790111700000,773.67,1790112599999,1791376157436,legacy_historical,,,,,,,,,
1790112600000,773.7,1790113499999,1791376157436,legacy_historical,,,,,,,,,
1790113500000,773.66,1790114399999,1791376157436,legacy_historical,,,,,,,,,
1790114400000,774.05281331,1790115299999,1791376157436,legacy_historical,,,,,,,,,
1790115300000,774.14,1790116199999,1791376157436,legacy_historical,,,,,,,,,
1790116200000,774.20049828,1790117099999,1791376157436,legacy_historical,,,,,,,,,
1790117100000,773.94,1790117999999,1791376157436,legacy_historical,,,,,,,,,
1790118000000,773.98199755,1790118899999,1791376157436,legacy_historical,,,,,,,,,
1790118900000,774.01720514,1790119799999,1791376157436,legacy_historical,,,,,,,,,
1790119800000,774.02257697,1790120699999,1791376157436,legacy_historical,,,,,,,,,
1790120700000,774.11,1790121599999,1791376157436,legacy_historical,,,,,,,,,
1790121600000,774.05,1790122499999,1791376157436,legacy_historical,,,,,,,,,
1790122500000,773.97,1790123399999,1791376157436,legacy_historical,,,,,,,,,
1790123400000,773.94,1790124299999,1791376157436,legacy_historical,,,,,,,,,
1790124300000,773.71,1790125199999,1791376157436,legacy_historical,,,,,,,,,
1790125200000,773.85,1790126099999,1791376157436,legacy_historical,,,,,,,,,
1790126100000,774.13662629,1790126999999,1791376157436,legacy_historical,,,,,,,,,
1790127000000,773.99686924,1790127899999,1791376157436,legacy_historical,,,,,,,,,
1790127900000,774.05,1790128799999,1791376157436,legacy_historical,,,,,,,,,
1790128800000,773.81334567,1790129699999,1791376157436,legacy_historical,,,,,,,,,
1790129700000,774.09057372,1790130599999,1791376157436,legacy_historical,,,,,,,,,
1790130600000,774.02,1790131499999,1791376157436,legacy_historical,,,,,,,,,
1790131500000,774.0604573,1790132399999,1791376157436,legacy_historical,,,,,,,,,
1790132400000,774.16828485,1790133299999,1791376157436,legacy_historical,,,,,,,,,
1790133300000,774.27,1790134199999,1791376157436,legacy_historical,,,,,,,,,
1790134200000,774.55,1790135099999,1791376157436,legacy_historical,,,,,,,,,
1790135100000,774.50516765,1790135999999,1791376157436,legacy_historical,,,,,,,,,
1790136000000,774.69364576,1790136899999,1791376157436,legacy_historical,,,,,,,,,
1790136900000,774.74,1790137799999,1791376157436,legacy_historical,,,,,,,,,
1790137800000,774.77562273,1790138699999,1791376157436,legacy_historical,,,,,,,,,
1790138700000,774.68,1790139599999,1791376157436,legacy_historical,,,,,,,,,
1790139600000,774.6881652,1790140499999,1791376157436,legacy_historical,,,,,,,,,
1790140500000,774.64,1790141399999,1791376157436,legacy_historical,,,,,,,,,
1790141400000,774.43,1790142299999,1791376157436,legacy_historical,,,,,,,,,
1790142300000,774.38204224,1790143199999,1791376157436,legacy_historical,,,,,,,,,
1790143200000,774.69886097,1790144099999,1791376157436,legacy_historical,,,,,,,,,
1790144100000,774.67220503,1790144999999,1791376157436,legacy_historical,,,,,,,,,
1790145000000,775.01,1790145899999,1791376157436,legacy_historical,,,,,,,,,
1790145900000,774.6,1790146799999,1791376157436,legacy_historical,,,,,,,,,
1790146800000,774.63,1790147699999,1791376157436,legacy_historical,,,,,,,,,
1790147700000,774.68,1790148599999,1791376157436,legacy_historical,,,,,,,,,
1790148600000,774.61960081,1790149499999,1791376157436,legacy_historical,,,,,,,,,
1790149500000,774.73728477,1790150399999,1791376157436,legacy_historical,,,,,,,,,
1790150400000,774.8369583,1790151299999,1791376157436,legacy_historical,,,,,,,,,
1790151300000,774.75288164,1790152199999,1791376157436,legacy_historical,,,,,,,,,
1790152200000,774.27395521,1790153099999,1791376157436,legacy_historical,,,,,,,,,
1790153100000,774.42,1790153999999,1791376157436,legacy_historical,,,,,,,,,
1790154000000,774.21447896,1790154899999,1791376157436,legacy_historical,,,,,,,,,
1790154900000,774.55,1790155799999,1791376157436,legacy_historical,,,,,,,,,
1790155800000,774.43729915,1790156699999,1791376157436,legacy_historical,,,,,,,,,
1790156700000,774.28384965,1790157599999,1791376157436,legacy_historical,,,,,,,,,
1790157600000,774.57,1790158499999,1791376157436,legacy_historical,,,,,,,,,
1790158500000,774.73477483,1790159399999,1791376157436,legacy_historical,,,,,,,,,
1790159400000,774.56,1790160299999,1791376157436,legacy_historical,,,,,,,,,
1790160300000,774.60679766,1790161199999,1791376157436,legacy_historical,,,,,,,,,
1790161200000,774.28939923,1790162099999,1791376157436,legacy_historical,,,,,,,,,
1790162100000,773.60822128,1790162999999,1791376157436,legacy_historical,,,,,,,,,
1790163000000,773.07532161,1790163899999,1791376157436,legacy_historical,,,,,,,,,
1790163900000,773.551687,1790164799999,1791376157436,legacy_historical,,,,,,,,,
1790164800000,773.05,1790165699999,1791376157436,legacy_historical,,,,,,,,,
1790165700000,773.26,1790166599999,1791376157436,legacy_historical,,,,,,,,,
1790166600000,773.2710372,1790167499999,1791376157436,legacy_historical,,,,,,,,,
1790167500000,773.45,1790168399999,1791376157436,legacy_historical,,,,,,,,,
1790168400000,773.28,1790169299999,1791376157436,legacy_historical,,,,,,,,,
1790169300000,773.50800426,1790170199999,1791376157436,legacy_historical,,,,,,,,,
1790170200000,772.55779192,1790171099999,1791376157436,legacy_historical,,,,,,,,,
1790171100000,771.11207179,1790171999999,1791376157436,legacy_historical,,,,,,,,,
1790172000000,769.88933066,1790172899999,1791376157436,legacy_historical,,,,,,,,,
1790172900000,769.26863818,1790173799999,1791376157436,legacy_historical,,,,,,,,,
1790173800000,769.84131423,1790174699999,1791376157436,legacy_historical,,,,,,,,,
1790174700000,770.87,1790175599999,1791376157436,legacy_historical,,,,,,,,,
1790175600000,770.28206295,1790176499999,1791376157436,legacy_historical,,,,,,,,,
1790176500000,769.63592645,1790177399999,1791376157436,legacy_historical,,,,,,,,,
1790177400000,769.90259095,1790178299999,1791376157436,legacy_historical,,,,,,,,,
1790178300000,769.2,1790179199999,1791376157436,legacy_historical,,,,,,,,,
1790179200000,769.23,1790180099999,1791376157436,legacy_historical,,,,,,,,,
1790180100000,769.08,1790180999999,1791376157436,legacy_historical,,,,,,,,,
1790181000000,768.49240897,1790181899999,1791376157436,legacy_historical,,,,,,,,,
1790181900000,768.28739221,1790182799999,1791376157436,legacy_historical,,,,,,,,,
1790182800000,767.85,1790183699999,1791376157436,legacy_historical,,,,,,,,,
1790183700000,768.04768167,1790184599999,1791376157436,legacy_historical,,,,,,,,,
1790184600000,769.25153265,1790185499999,1791376157436,legacy_historical,,,,,,,,,
1790185500000,769.63296838,1790186399999,1791376157436,legacy_historical,,,,,,,,,
1790186400000,769.07,1790187299999,1791376157436,legacy_historical,,,,,,,,,
1790187300000,768.97,1790188199999,1791376157436,legacy_historical,,,,,,,,,
1790188200000,768.57562019,1790189099999,1791376157436,legacy_historical,,,,,,,,,
1790189100000,768.88772458,1790189999999,1791376157436,legacy_historical,,,,,,,,,
1790190000000,768.66,1790190899999,1791376157436,legacy_historical,,,,,,,,,
1790190900000,768.34,1790191799999,1791376157436,legacy_historical,,,,,,,,,
1790191800000,768.26,1790192699999,1791376157436,legacy_historical,,,,,,,,,
1790192700000,768.41593193,1790193599999,1791376157436,legacy_historical,,,,,,,,,
1790193600000,768.24,1790194499999,1791376157436,legacy_historical,,,,,,,,,
1790194500000,768.17,1790195399999,1791376157436,legacy_historical,,,,,,,,,
1790195400000,768.31944917,1790196299999,1791376157436,legacy_historical,,,,,,,,,
1790196300000,768.25799391,1790197199999,1791376157436,legacy_historical,,,,,,,,,
1790197200000,768.49,1790198099999,1791376157436,legacy_historical,,,,,,,,,
1790198100000,768.35,1790198999999,1791376157436,legacy_historical,,,,,,,,,
1790199000000,768.55,1790199899999,1791376157436,legacy_historical,,,,,,,,,
1790199900000,768.56,1790200799999,1791376157436,legacy_historical,,,,,,,,,
1790200800000,769.08541618,1790201699999,1791376157436,legacy_historical,,,,,,,,,
1790201700000,768.92,1790202599999,1791376157436,legacy_historical,,,,,,,,,
1790202600000,768.79,1790203499999,1791376157436,legacy_historical,,,,,,,,,
1790203500000,768.7489626,1790204399999,1791376157436,legacy_historical,,,,,,,,,
1790204400000,768.52121517,1790205299999,1791376157436,legacy_historical,,,,,,,,,
1790205300000,768.09580397,1790206199999,1791376157436,legacy_historical,,,,,,,,,
1790206200000,768.0,1790207099999,1791376157436,legacy_historical,,,,,,,,,
1790207100000,767.9855617,1790207999999,1791376157436,legacy_historical,,,,,,,,,
1790208000000,767.67908131,1790208899999,1791376157436,legacy_historical,,,,,,,,,
1790208900000,767.80607297,1790209799999,1791376157436,legacy_historical,,,,,,,,,
1790209800000,767.62,1790210699999,1791376157436,legacy_historical,,,,,,,,,
1790210700000,767.64697048,1790211599999,1791376157436,legacy_historical,,,,,,,,,
1790211600000,767.81,1790212499999,1791376157436,legacy_historical,,,,,,,,,
1790212500000,767.72047216,1790213399999,1791376157436,legacy_historical,,,,,,,,,
1790213400000,767.61,1790214299999,1791376157436,legacy_historical,,,,,,,,,
1790214300000,767.64833927,1790215199999,1791376157436,legacy_historical,,,,,,,,,
1790215200000,767.33,1790216099999,1791376157436,legacy_historical,,,,,,,,,
1790216100000,767.64,1790216999999,1791376157436,legacy_historical,,,,,,,,,
1790217000000,767.93,1790217899999,1791376157436,legacy_historical,,,,,,,,,
1790217900000,767.80904486,1790218799999,1791376157436,legacy_historical,,,,,,,,,
1790218800000,767.41800084,1790219699999,1791376157436,legacy_historical,,,,,,,,,
1790219700000,767.25999414,1790220599999,1791376157436,legacy_historical,,,,,,,,,
1790220600000,767.00601286,1790221499999,1791376157436,legacy_historical,,,,,,,,,
1790221500000,767.25950091,1790222399999,1791376157436,legacy_historical,,,,,,,,,
1790222400000,766.05766754,1790223299999,1791376157436,legacy_historical,,,,,,,,,
1790223300000,766.52625937,1790224199999,1791376157436,legacy_historical,,,,,,,,,
1790224200000,766.74490665,1790225099999,1791376157436,legacy_historical,,,,,,,,,
1790225100000,766.69071977,1790225999999,1791376157436,legacy_historical,,,,,,,,,
1790226000000,766.61733749,1790226899999,1791376157436,legacy_historical,,,,,,,,,
1790226900000,766.76,1790227799999,1791376157436,legacy_historical,,,,,,,,,
1790227800000,766.19,1790228699999,1791376157436,legacy_historical,,,,,,,,,
1790228700000,765.45968515,1790229599999,1791376157436,legacy_historical,,,,,,,,,
1790229600000,765.96041398,1790230499999,1791376157436,legacy_historical,,,,,,,,,
1790230500000,765.41685032,1790231399999,1791376157436,legacy_historical,,,,,,,,,
1790231400000,765.37,1790232299999,1791376157436,legacy_historical,,,,,,,,,
1790232300000,764.76132849,1790233199999,1791376157436,legacy_historical,,,,,,,,,
1790233200000,765.6280246,1790234099999,1791376157436,legacy_historical,,,,,,,,,
1790234100000,765.67,1790234999999,1791376157436,legacy_historical,,,,,,,,,
1790235000000,765.88,1790235899999,1791376157436,legacy_historical,,,,,,,,,
1790235900000,764.69,1790236799999,1791376157436,legacy_historical,,,,,,,,,
1790236800000,763.89516996,1790237699999,1791376157436,legacy_historical,,,,,,,,,
1790237700000,763.56,1790238599999,1791376157436,legacy_historical,,,,,,,,,
1790238600000,763.77,1790239499999,1791376157436,legacy_historical,,,,,,,,,
1790239500000,763.4096911,1790240399999,1791376157436,legacy_historical,,,,,,,,,
1790240400000,763.66,1790241299999,1791376157436,legacy_historical,,,,,,,,,
1790241300000,763.58929767,1790242199999,1791376157436,legacy_historical,,,,,,,,,
1790242200000,762.44216399,1790243099999,1791376157436,legacy_historical,,,,,,,,,
1790243100000,763.52593799,1790243999999,1791376157436,legacy_historical,,,,,,,,,
1790244000000,763.56,1790244899999,1791376157436,legacy_historical,,,,,,,,,
1790244900000,763.36,1790245799999,1791376157436,legacy_historical,,,,,,,,,
1790245800000,764.24,1790246699999,1791376157436,legacy_historical,,,,,,,,,
1790246700000,764.45,1790247599999,1791376157436,legacy_historical,,,,,,,,,
1790247600000,764.40181308,1790248499999,1791376157436,legacy_historical,,,,,,,,,
1790248500000,764.33602607,1790249399999,1791376157436,legacy_historical,,,,,,,,,
1790249400000,763.9,1790250299999,1791376157436,legacy_historical,,,,,,,,,
1790250300000,764.44755828,1790251199999,1791376157436,legacy_historical,,,,,,,,,
1790251200000,764.65881108,1790252099999,1791376157436,legacy_historical,,,,,,,,,
1790252100000,764.58878598,1790252999999,1791376157436,legacy_historical,,,,,,,,,
1790253000000,764.39227247,1790253899999,1791376157436,legacy_historical,,,,,,,,,
1790253900000,764.57,1790254799999,1791376157436,legacy_historical,,,,,,,,,
1790254800000,764.98813557,1790255699999,1791376157436,legacy_historical,,,,,,,,,
1790255700000,764.78,1790256599999,1791376157436,legacy_historical,,,,,,,,,
1790256600000,765.25431692,1790257499999,1791376157436,legacy_historical,,,,,,,,,
1790257500000,766.16870819,1790258399999,1791376157436,legacy_historical,,,,,,,,,
1790258400000,766.75937261,1790259299999,1791376157436,legacy_historical,,,,,,,,,
1790259300000,766.85221367,1790260199999,1791376157436,legacy_historical,,,,,,,,,
1790260200000,766.0,1790261099999,1791376157436,legacy_historical,,,,,,,,,
1790261100000,765.23,1790261999999,1791376157436,legacy_historical,,,,,,,,,
1790262000000,764.21,1790262899999,1791376157436,legacy_historical,,,,,,,,,
1790262900000,764.51396161,1790263799999,1791376157436,legacy_historical,,,,,,,,,
1790263800000,764.93461841,1790264699999,1791376157436,legacy_historical,,,,,,,,,
1790264700000,765.12704489,1790265599999,1791376157436,legacy_historical,,,,,,,,,
1790265600000,764.92,1790266499999,1791376157436,legacy_historical,,,,,,,,,
1790266500000,767.70275233,1790267399999,1791376157436,legacy_historical,,,,,,,,,
1790267400000,768.14205413,1790268299999,1791376157436,legacy_historical,,,,,,,,,
1790268300000,768.85319734,1790269199999,1791376157436,legacy_historical,,,,,,,,,
1790269200000,768.98,1790270099999,1791376157436,legacy_historical,,,,,,,,,
1790270100000,767.85628653,1790270999999,1791376157436,legacy_historical,,,,,,,,,
1790271000000,766.88,1790271899999,1791376157436,legacy_historical,,,,,,,,,
1790271900000,767.40617748,1790272799999,1791376157436,legacy_historical,,,,,,,,,
1790272800000,767.73248894,1790273699999,1791376157436,legacy_historical,,,,,,,,,
1790273700000,768.32,1790274599999,1791376157436,legacy_historical,,,,,,,,,
1790274600000,768.19853141,1790275499999,1791376157436,legacy_historical,,,,,,,,,
1790275500000,768.64,1790276399999,1791376157436,legacy_historical,,,,,,,,,
1790276400000,768.04301666,1790277299999,1791376157436,legacy_historical,,,,,,,,,
1790277300000,768.23,1790278199999,1791376157436,legacy_historical,,,,,,,,,
1790278200000,768.25,1790279099999,1791376157436,legacy_historical,,,,,,,,,
1790279100000,768.03,1790279999999,1791376157436,legacy_historical,,,,,,,,,
1790280000000,767.16,1790280899999,1791376157436,legacy_historical,,,,,,,,,
1790280900000,766.37,1790281799999,1791376157436,legacy_historical,,,,,,,,,
1790281800000,766.84,1790282699999,1791376157436,legacy_historical,,,,,,,,,
1790282700000,767.23164221,1790283599999,1791376157436,legacy_historical,,,,,,,,,
1790283600000,767.05517275,1790284499999,1791376157436,legacy_historical,,,,,,,,,
1790284500000,766.8355343,1790285399999,1791376157436,legacy_historical,,,,,,,,,
1790285400000,766.90868192,1790286299999,1791376157436,legacy_historical,,,,,,,,,
1790286300000,766.82747137,1790287199999,1791376157436,legacy_historical,,,,,,,,,
1790287200000,767.09,1790288099999,1791376157436,legacy_historical,,,,,,,,,
1790288100000,766.79213385,1790288999999,1791376157436,legacy_historical,,,,,,,,,
1790289000000,767.10686235,1790289899999,1791376157436,legacy_historical,,,,,,,,,
1790289900000,766.98816008,1790290799999,1791376157436,legacy_historical,,,,,,,,,
1790290800000,766.85,1790291699999,1791376157436,legacy_historical,,,,,,,,,
1790291700000,767.18,1790292599999,1791376157436,legacy_historical,,,,,,,,,
1790292600000,767.02,1790293499999,1791376157436,legacy_historical,,,,,,,,,
1790293500000,766.56495469,1790294399999,1791376157436,legacy_historical,,,,,,,,,
1790294400000,766.76049634,1790295299999,1791376157436,legacy_historical,,,,,,,,,
1790295300000,766.91867972,1790296199999,1791376157436,legacy_historical,,,,,,,,,
1790296200000,766.53,1790297099999,1791376157436,legacy_historical,,,,,,,,,
1790297100000,766.67,1790297999999,1791376157436,legacy_historical,,,,,,,,,
1790298000000,767.49,1790298899999,1791376157436,legacy_historical,,,,,,,,,
1790298900000,767.57,1790299799999,1791376157436,legacy_historical,,,,,,,,,
1790299800000,767.85,1790300699999,1791376157436,legacy_historical,,,,,,,,,
1790300700000,767.62,1790301599999,1791376157436,legacy_historical,,,,,,,,,
1790301600000,767.76,1790302499999,1791376157436,legacy_historical,,,,,,,,,
1790302500000,767.5928988,1790303399999,1791376157436,legacy_historical,,,,,,,,,
1790303400000,767.61,1790304299999,1791376157436,legacy_historical,,,,,,,,,
1790304300000,767.59348177,1790305199999,1791376157436,legacy_historical,,,,,,,,,
1790305200000,767.84,1790306099999,1791376157436,legacy_historical,,,,,,,,,
1790306100000,767.93524587,1790306999999,1791376157436,legacy_historical,,,,,,,,,
1790307000000,767.63,1790307899999,1791376157436,legacy_historical,,,,,,,,,
1790307900000,767.78,1790308799999,1791376157436,legacy_historical,,,,,,,,,
1790308800000,767.59757323,1790309699999,1791376157436,legacy_historical,,,,,,,,,
1790309700000,767.52353406,1790310599999,1791376157436,legacy_historical,,,,,,,,,
1790310600000,767.65,1790311499999,1791376157436,legacy_historical,,,,,,,,,
1790311500000,767.45268531,1790312399999,1791376157436,legacy_historical,,,,,,,,,
1790312400000,767.76,1790313299999,1791376157436,legacy_historical,,,,,,,,,
1790313300000,767.92,1790314199999,1791376157436,legacy_historical,,,,,,,,,
1790314200000,768.72394484,1790315099999,1791376157436,legacy_historical,,,,,,,,,
1790315100000,768.49935406,1790315999999,1791376157436,legacy_historical,,,,,,,,,
1790316000000,768.92,1790316899999,1791376157436,legacy_historical,,,,,,,,,
1790316900000,768.87187602,1790317799999,1791376157436,legacy_historical,,,,,,,,,
1790317800000,768.99,1790318699999,1791376157436,legacy_historical,,,,,,,,,
1790318700000,768.88,1790319599999,1791376157436,legacy_historical,,,,,,,,,
1790319600000,769.18970169,1790320499999,1791376157436,legacy_historical,,,,,,,,,
1790320500000,769.33,1790321399999,1791376157436,legacy_historical,,,,,,,,,
1790321400000,768.85456742,1790322299999,1791376157436,legacy_historical,,,,,,,,,
1790322300000,769.00819299,1790323199999,1791376157436,legacy_historical,,,,,,,,,
1790323200000,769.36,1790324099999,1791376157436,legacy_historical,,,,,,,,,
1790324100000,769.97,1790324999999,1791376157436,legacy_historical,,,,,,,,,
1790325000000,770.19,1790325899999,1791376157436,legacy_historical,,,,,,,,,
1790325900000,770.26,1790326799999,1791376157436,legacy_historical,,,,,,,,,
1790326800000,770.41014202,1790327699999,1791376157436,legacy_historical,,,,,,,,,
1790327700000,770.2353457,1790328599999,1791376157436,legacy_historical,,,,,,,,,
1790328600000,770.48,1790329499999,1791376157436,legacy_historical,,,,,,,,,
1790329500000,770.07,1790330399999,1791376157436,legacy_historical,,,,,,,,,
1790330400000,770.34315581,1790331299999,1791376157436,legacy_historical,,,,,,,,,
1790331300000,770.45,1790332199999,1791376157436,legacy_historical,,,,,,,,,
1790332200000,770.11964914,1790333099999,1791376157436,legacy_historical,,,,,,,,,
1790333100000,769.98693738,1790333999999,1791376157436,legacy_historical,,,,,,,,,
1790334000000,770.97977645,1790334899999,1791376157436,legacy_historical,,,,,,,,,
1790334900000,771.12064368,1790335799999,1791376157436,legacy_historical,,,,,,,,,
1790335800000,771.06,1790336699999,1791376157436,legacy_historical,,,,,,,,,
1790336700000,770.81,1790337599999,1791376157436,legacy_historical,,,,,,,,,
1790337600000,770.8,1790338499999,1791376157436,legacy_historical,,,,,,,,,
1790338500000,770.76,1790339399999,1791376157436,legacy_historical,,,,,,,,,
1790339400000,770.2127973,1790340299999,1791376157436,legacy_historical,,,,,,,,,
1790340300000,769.98,1790341199999,1791376157436,legacy_historical,,,,,,,,,
1790341200000,770.41,1790342099999,1791376157436,legacy_historical,,,,,,,,,
1790342100000,769.27,1790342999999,1791376157436,legacy_historical,,,,,,,,,
1790343000000,769.96,1790343899999,1791376157436,legacy_historical,,,,,,,,,
1790343900000,770.18,1790344799999,1791376157436,legacy_historical,,,,,,,,,
1790344800000,767.5,1790345699999,1791376157436,legacy_historical,,,,,,,,,
1790345700000,767.89116763,1790346599999,1791376157436,legacy_historical,,,,,,,,,
1790346600000,768.32649328,1790347499999,1791376157436,legacy_historical,,,,,,,,,
1790347500000,769.36,1790348399999,1791376157436,legacy_historical,,,,,,,,,
1790348400000,769.45,1790349299999,1791376157436,legacy_historical,,,,,,,,,
1790349300000,769.29,1790350199999,1791376157436,legacy_historical,,,,,,,,,
1790350200000,768.29413827,1790351099999,1791376157436,legacy_historical,,,,,,,,,
1790351100000,770.45621314,1790351999999,1791376157436,legacy_historical,,,,,,,,,
1790352000000,771.92154865,1790352899999,1791376157436,legacy_historical,,,,,,,,,
1790352900000,772.02,1790353799999,1791376157436,legacy_historical,,,,,,,,,
1790353800000,771.57,1790354699999,1791376157436,legacy_historical,,,,,,,,,
1790354700000,770.88,1790355599999,1791376157436,legacy_historical,,,,,,,,,
1790355600000,771.62916203,1790356499999,1791376157436,legacy_historical,,,,,,,,,
1790356500000,771.74247185,1790357399999,1791376157436,legacy_historical,,,,,,,,,
1790357400000,771.44100129,1790358299999,1791376157436,legacy_historical,,,,,,,,,
1790358300000,771.72313996,1790359199999,1791376157436,legacy_historical,,,,,,,,,
1790359200000,772.01,1790360099999,1791376157436,legacy_historical,,,,,,,,,
1790360100000,771.47821259,1790360999999,1791376157436,legacy_historical,,,,,,,,,
1790361000000,771.77,1790361899999,1791376157436,legacy_historical,,,,,,,,,
1790361900000,771.40723088,1790362799999,1791376157436,legacy_historical,,,,,,,,,
1790362800000,771.76,1790363699999,1791376157436,legacy_historical,,,,,,,,,
1790363700000,771.00972312,1790364599999,1791376157436,legacy_historical,,,,,,,,,
1790364600000,771.81,1790365499999,1791376157436,legacy_historical,,,,,,,,,
1790365500000,771.67,1790366399999,1791376157436,legacy_historical,,,,,,,,,
1790366400000,771.7,1790367299999,1791376157436,legacy_historical,,,,,,,,,
1790367300000,771.61738568,1790368199999,1791376157436,legacy_historical,,,,,,,,,
1790368200000,772.0,1790369099999,1791376157436,legacy_historical,,,,,,,,,
1790369100000,771.97,1790369999999,1791376157436,legacy_historical,,,,,,,,,
1790370000000,772.05,1790370899999,1791376157436,legacy_historical,,,,,,,,,
1790370900000,772.4,1790371799999,1791376157436,legacy_historical,,,,,,,,,
1790371800000,772.42765261,1790372699999,1791376157436,legacy_historical,,,,,,,,,
1790372700000,772.39598315,1790373599999,1791376157436,legacy_historical,,,,,,,,,
1790373600000,772.67811312,1790374499999,1791376157436,legacy_historical,,,,,,,,,
1790374500000,772.69,1790375399999,1791376157436,legacy_historical,,,,,,,,,
1790375400000,772.61248343,1790376299999,1791376157436,legacy_historical,,,,,,,,,
1790376300000,772.65,1790377199999,1791376157436,legacy_historical,,,,,,,,,
1790377200000,772.65763625,1790378099999,1791376157436,legacy_historical,,,,,,,,,
1790378100000,772.66916371,1790378999999,1791376157436,legacy_historical,,,,,,,,,
1790379000000,772.67,1790379899999,1791376157436,legacy_historical,,,,,,,,,
1790379900000,772.64154028,1790380799999,1791376157436,legacy_historical,,,,,,,,,
1790380800000,772.64,1790381699999,1791376157436,legacy_historical,,,,,,,,,
1790381700000,772.69872454,1790382599999,1791376157436,legacy_historical,,,,,,,,,
1790382600000,770.802167,1790383499999,1791376157436,legacy_historical,,,,,,,,,
1790383500000,770.54,1790384399999,1791376157436,legacy_historical,,,,,,,,,
1790384400000,771.04,1790385299999,1791376157436,legacy_historical,,,,,,,,,
1790385300000,771.17,1790386199999,1791376157436,legacy_historical,,,,,,,,,
1790386200000,771.14562459,1790387099999,1791376157436,legacy_historical,,,,,,,,,
1790387100000,771.17,1790387999999,1791376157436,legacy_historical,,,,,,,,,
1790388000000,771.4390136,1790388899999,1791376157436,legacy_historical,,,,,,,,,
1790388900000,771.27560572,1790389799999,1791376157436,legacy_historical,,,,,,,,,
1790389800000,771.43769805,1790390699999,1791376157436,legacy_historical,,,,,,,,,
1790390700000,771.26,1790391599999,1791376157436,legacy_historical,,,,,,,,,
1790391600000,771.2544174,1790392499999,1791376157436,legacy_historical,,,,,,,,,
1790392500000,771.09,1790393399999,1791376157436,legacy_historical,,,,,,,,,
1790393400000,771.10390963,1790394299999,1791376157436,legacy_historical,,,,,,,,,
1790394300000,771.10457024,1790395199999,1791376157436,legacy_historical,,,,,,,,,
1790395200000,771.02,1790396099999,1791376157436,legacy_historical,,,,,,,,,
1790396100000,771.29,1790396999999,1791376157436,legacy_historical,,,,,,,,,
1790397000000,771.28808574,1790397899999,1791376157436,legacy_historical,,,,,,,,,
1790397900000,771.11509839,1790398799999,1791376157436,legacy_historical,,,,,,,,,
1790398800000,771.11981367,1790399699999,1791376157436,legacy_historical,,,,,,,,,
1790399700000,770.99,1790400599999,1791376157436,legacy_historical,,,,,,,,,
1790400600000,771.17,1790401499999,1791376157436,legacy_historical,,,,,,,,,
1790401500000,771.0238901,1790402399999,1791376157436,legacy_historical,,,,,,,,,
1790402400000,770.85188718,1790403299999,1791376157436,legacy_historical,,,,,,,,,
1790403300000,770.9,1790404199999,1791376157436,legacy_historical,,,,,,,,,
1790404200000,770.78288351,1790405099999,1791376157436,legacy_historical,,,,,,,,,
1790405100000,770.98,1790405999999,1791376157436,legacy_historical,,,,,,,,,
1790406000000,771.01,1790406899999,1791376157436,legacy_historical,,,,,,,,,
1790406900000,770.95355636,1790407799999,1791376157436,legacy_historical,,,,,,,,,
1790407800000,770.77,1790408699999,1791376157436,legacy_historical,,,,,,,,,
1790408700000,770.83,1790409599999,1791376157436,legacy_historical,,,,,,,,,
1790409600000,770.81,1790410499999,1791376157436,legacy_historical,,,,,,,,,
1790410500000,770.80446717,1790411399999,1791376157436,legacy_historical,,,,,,,,,
1790411400000,770.80469642,1790412299999,1791376157436,legacy_historical,,,,,,,,,
1790412300000,770.95115633,1790413199999,1791376157436,legacy_historical,,,,,,,,,
1790413200000,770.61560952,1790414099999,1791376157436,legacy_historical,,,,,,,,,
1790414100000,770.67315616,1790414999999,1791376157436,legacy_historical,,,,,,,,,
1790415000000,771.01864891,1790415899999,1791376157436,legacy_historical,,,,,,,,,
1790415900000,770.7,1790416799999,1791376157436,legacy_historical,,,,,,,,,
1790416800000,770.78565721,1790417699999,1791376157436,legacy_historical,,,,,,,,,
1790417700000,770.75,1790418599999,1791376157436,legacy_historical,,,,,,,,,
1790418600000,770.9004497,1790419499999,1791376157436,legacy_historical,,,,,,,,,
1790419500000,770.99,1790420399999,1791376157436,legacy_historical,,,,,,,,,
1790420400000,771.14852113,1790421299999,1791376157436,legacy_historical,,,,,,,,,
1790421300000,770.96533179,1790422199999,1791376157436,legacy_historical,,,,,,,,,
1790422200000,771.12,1790423099999,1791376157436,legacy_historical,,,,,,,,,
1790423100000,770.87230359,1790423999999,1791376157436,legacy_historical,,,,,,,,,
1790424000000,770.8,1790424899999,1791376157436,legacy_historical,,,,,,,,,
1790424900000,770.93,1790425799999,1791376157436,legacy_historical,,,,,,,,,
1790425800000,770.93,1790426699999,1791376157436,legacy_historical,,,,,,,,,
1790426700000,770.98581832,1790427599999,1791376157436,legacy_historical,,,,,,,,,
1790427600000,770.98,1790428499999,1791376157436,legacy_historical,,,,,,,,,
1790428500000,770.95481951,1790429399999,1791376157436,legacy_historical,,,,,,,,,
1790429400000,770.94199104,1790430299999,1791376157436,legacy_historical,,,,,,,,,
1790430300000,770.98,1790431199999,1791376157436,legacy_historical,,,,,,,,,
1790431200000,770.89366792,1790432099999,1791376157436,legacy_historical,,,,,,,,,
1790432100000,771.07640586,1790432999999,1791376157436,legacy_historical,,,,,,,,,
1790433000000,771.09,1790433899999,1791376157436,legacy_historical,,,,,,,,,
1790433900000,771.16649585,1790434799999,1791376157436,legacy_historical,,,,,,,,,
1790434800000,771.09462416,1790435699999,1791376157436,legacy_historical,,,,,,,,,
1790435700000,770.99,1790436599999,1791376157436,legacy_historical,,,,,,,,,
1790436600000,771.04262424,1790437499999,1791376157436,legacy_historical,,,,,,,,,
1790437500000,771.06,1790438399999,1791376157436,legacy_historical,,,,,,,,,
1790438400000,771.055039,1790439299999,1791376157436,legacy_historical,,,,,,,,,
1790439300000,771.09,1790440199999,1791376157436,legacy_historical,,,,,,,,,
1790440200000,771.00422427,1790441099999,1791376157436,legacy_historical,,,,,,,,,
1790441100000,771.08567012,1790441999999,1791376157436,legacy_historical,,,,,,,,,
1790442000000,771.09541059,1790442899999,1791376157436,legacy_historical,,,,,,,,,
1790442900000,771.09,1790443799999,1791376157436,legacy_historical,,,,,,,,,
1790443800000,771.09513285,1790444699999,1791376157436,legacy_historical,,,,,,,,,
1790444700000,771.09094522,1790445599999,1791376157436,legacy_historical,,,,,,,,,
1790445600000,770.98349463,1790446499999,1791376157436,legacy_historical,,,,,,,,,
1790446500000,770.61,1790447399999,1791376157436,legacy_historical,,,,,,,,,
1790447400000,770.63241009,1790448299999,1791376157436,legacy_historical,,,,,,,,,
1790448300000,770.71463157,1790449199999,1791376157436,legacy_historical,,,,,,,,,
1790449200000,770.75575598,1790450099999,1791376157436,legacy_historical,,,,,,,,,
1790450100000,770.75542946,1790450999999,1791376157436,legacy_historical,,,,,,,,,
1790451000000,770.75,1790451899999,1791376157436,legacy_historical,,,,,,,,,
1790451900000,770.85,1790452799999,1791376157436,legacy_historical,,,,,,,,,
1790452800000,770.77447874,1790453699999,1791376157436,legacy_historical,,,,,,,,,
1790453700000,770.7133458,1790454599999,1791376157436,legacy_historical,,,,,,,,,
1790454600000,770.48082569,1790455499999,1791376157436,legacy_historical,,,,,,,,,
1790455500000,770.42,1790456399999,1791376157436,legacy_historical,,,,,,,,,
1790456400000,770.47387301,1790457299999,1791376157436,legacy_historical,,,,,,,,,
1790457300000,770.55546959,1790458199999,1791376157436,legacy_historical,,,,,,,,,
1790458200000,770.62704222,1790459099999,1791376157436,legacy_historical,,,,,,,,,
1790459100000,770.60545333,1790459999999,1791376157436,legacy_historical,,,,,,,,,
1790460000000,770.78,1790460899999,1791376157436,legacy_historical,,,,,,,,,
1790460900000,770.76,1790461799999,1791376157436,legacy_historical,,,,,,,,,
1790461800000,770.78629425,1790462699999,1791376157436,legacy_historical,,,,,,,,,
1790462700000,770.73402789,1790463599999,1791376157436,legacy_historical,,,,,,,,,
1790463600000,770.78,1790464499999,1791376157436,legacy_historical,,,,,,,,,
1790464500000,770.78,1790465399999,1791376157436,legacy_historical,,,,,,,,,
1790465400000,770.78,1790466299999,1791376157436,legacy_historical,,,,,,,,,
1790466300000,770.84596467,1790467199999,1791376157436,legacy_historical,,,,,,,,,
1790467200000,770.84552424,1790468099999,1791376157436,legacy_historical,,,,,,,,,
1790468100000,770.84530307,1790468999999,1791376157436,legacy_historical,,,,,,,,,
1790469000000,770.90551114,1790469899999,1791376157436,legacy_historical,,,,,,,,,
1790469900000,770.41,1790470799999,1791376157436,legacy_historical,,,,,,,,,
1790470800000,770.42,1790471699999,1791376157436,legacy_historical,,,,,,,,,
1790471700000,770.69,1790472599999,1791376157436,legacy_historical,,,,,,,,,
1790472600000,770.62139648,1790473499999,1791376157436,legacy_historical,,,,,,,,,
1790473500000,770.54745344,1790474399999,1791376157436,legacy_historical,,,,,,,,,
1790474400000,770.54,1790475299999,1791376157436,legacy_historical,,,,,,,,,
1790475300000,770.5446039,1790476199999,1791376157436,legacy_historical,,,,,,,,,
1790476200000,770.78,1790477099999,1791376157436,legacy_historical,,,,,,,,,
1790477100000,770.78,1790477999999,1791376157436,legacy_historical,,,,,,,,,
1790478000000,770.89,1790478899999,1791376157436,legacy_historical,,,,,,,,,
1790478900000,770.92690261,1790479799999,1791376157436,legacy_historical,,,,,,,,,
1790479800000,771.0,1790480699999,1791376157436,legacy_historical,,,,,,,,,
1790480700000,770.88479319,1790481599999,1791376157436,legacy_historical,,,,,,,,,
1790481600000,771.03,1790482499999,1791376157436,legacy_historical,,,,,,,,,
1790482500000,770.9715093,1790483399999,1791376157436,legacy_historical,,,,,,,,,
1790483400000,770.90370905,1790484299999,1791376157436,legacy_historical,,,,,,,,,
1790484300000,770.91,1790485199999,1791376157436,legacy_historical,,,,,,,,,
1790485200000,770.79,1790486099999,1791376157436,legacy_historical,,,,,,,,,
1790486100000,770.81,1790486999999,1791376157436,legacy_historical,,,,,,,,,
1790487000000,770.83,1790487899999,1791376157436,legacy_historical,,,,,,,,,
1790487900000,770.93700774,1790488799999,1791376157436,legacy_historical,,,,,,,,,
1790488800000,770.88136551,1790489699999,1791376157436,legacy_historical,,,,,,,,,
1790489700000,770.89,1790490599999,1791376157436,legacy_historical,,,,,,,,,
1790490600000,770.89531948,1790491499999,1791376157436,legacy_historical,,,,,,,,,
1790491500000,771.08,1790492399999,1791376157436,legacy_historical,,,,,,,,,
1790492400000,771.03604493,1790493299999,1791376157436,legacy_historical,,,,,,,,,
1790493300000,771.02561844,1790494199999,1791376157436,legacy_historical,,,,,,,,,
1790494200000,771.03430628,1790495099999,1791376157436,legacy_historical,,,,,,,,,
1790495100000,771.24854595,1790495999999,1791376157436,legacy_historical,,,,,,,,,
1790496000000,771.25,1790496899999,1791376157436,legacy_historical,,,,,,,,,
1790496900000,771.57,1790497799999,1791376157436,legacy_historical,,,,,,,,,
1790497800000,771.71,1790498699999,1791376157436,legacy_historical,,,,,,,,,
1790498700000,771.82966639,1790499599999,1791376157436,legacy_historical,,,,,,,,,
1790499600000,771.83772297,1790500499999,1791376157436,legacy_historical,,,,,,,,,
1790500500000,771.78576624,1790501399999,1791376157436,legacy_historical,,,,,,,,,
1790501400000,771.84625222,1790502299999,1791376157436,legacy_historical,,,,,,,,,
1790502300000,771.84571353,1790503199999,1791376157436,legacy_historical,,,,,,,,,
1790503200000,771.93700574,1790504099999,1791376157436,legacy_historical,,,,,,,,,
1790504100000,771.95645095,1790504999999,1791376157436,legacy_historical,,,,,,,,,
1790505000000,771.95,1790505899999,1791376157436,legacy_historical,,,,,,,,,
1790505900000,772.04661931,1790506799999,1791376157436,legacy_historical,,,,,,,,,
1790506800000,771.97815126,1790507699999,1791376157436,legacy_historical,,,,,,,,,
1790507700000,771.97,1790508599999,1791376157436,legacy_historical,,,,,,,,,
1790508600000,771.83,1790509499999,1791376157436,legacy_historical,,,,,,,,,
1790509500000,771.83,1790510399999,1791376157436,legacy_historical,,,,,,,,,
1790510400000,771.75,1790511299999,1791376157436,legacy_historical,,,,,,,,,
1790511300000,771.64235132,1790512199999,1791376157436,legacy_historical,,,,,,,,,
1790512200000,771.13,1790513099999,1791376157436,legacy_historical,,,,,,,,,
1790513100000,771.15052126,1790513999999,1791376157436,legacy_historical,,,,,,,,,
1790514000000,770.68792573,1790514899999,1791376157436,legacy_historical,,,,,,,,,
1790514900000,770.82,1790515799999,1791376157436,legacy_historical,,,,,,,,,
1790515800000,770.82,1790516699999,1791376157436,legacy_historical,,,,,,,,,
1790516700000,770.89602785,1790517599999,1791376157436,legacy_historical,,,,,,,,,
1790517600000,770.83,1790518499999,1791376157436,legacy_historical,,,,,,,,,
1790518500000,770.46,1790519399999,1791376157436,legacy_historical,,,,,,,,,
1790519400000,770.61,1790520299999,1791376157436,legacy_historical,,,,,,,,,
1790520300000,770.62,1790521199999,1791376157436,legacy_historical,,,,,,,,,
1790521200000,770.99993429,1790522099999,1791376157436,legacy_historical,,,,,,,,,
1790522100000,771.01,1790522999999,1791376157436,legacy_historical,,,,,,,,,
1790523000000,771.02,1790523899999,1791376157436,legacy_historical,,,,,,,,,
1790523900000,771.26922217,1790524799999,1791376157436,legacy_historical,,,,,,,,,
1790524800000,771.3,1790525699999,1791376157436,legacy_historical,,,,,,,,,
1790525700000,771.18511105,1790526599999,1791376157436,legacy_historical,,,,,,,,,
1790526600000,770.93,1790527499999,1791376157436,legacy_historical,,,,,,,,,
1790527500000,770.76,1790528399999,1791376157436,legacy_historical,,,,,,,,,
1790528400000,770.45,1790529299999,1791376157436,legacy_historical,,,,,,,,,
1790529300000,770.65,1790530199999,1791376157436,legacy_historical,,,,,,,,,
1790530200000,771.21,1790531099999,1791376157436,legacy_historical,,,,,,,,,
1790531100000,771.51,1790531999999,1791376157436,legacy_historical,,,,,,,,,
1790532000000,771.69783865,1790532899999,1791376157436,legacy_historical,,,,,,,,,
1790532900000,771.65878548,1790533799999,1791376157436,legacy_historical,,,,,,,,,
1790533800000,771.7,1790534699999,1791376157436,legacy_historical,,,,,,,,,
1790534700000,771.71668337,1790535599999,1791376157436,legacy_historical,,,,,,,,,
1790535600000,771.28038248,1790536499999,1791376157436,legacy_historical,,,,,,,,,
1790536500000,771.5,1790537399999,1791376157436,legacy_historical,,,,,,,,,
1790537400000,771.58124003,1790538299999,1791376157436,legacy_historical,,,,,,,,,
1790538300000,771.67816436,1790539199999,1791376157436,legacy_historical,,,,,,,,,
1790539200000,771.93323792,1790540099999,1791376157436,legacy_historical,,,,,,,,,
1790540100000,771.75,1790540999999,1791376157436,legacy_historical,,,,,,,,,
1790541000000,771.91676906,1790541899999,1791376157436,legacy_historical,,,,,,,,,
1790541900000,771.76431346,1790542799999,1791376157436,legacy_historical,,,,,,,,,
1790542800000,771.44,1790543699999,1791376157436,legacy_historical,,,,,,,,,
1790543700000,771.42,1790544599999,1791376157436,legacy_historical,,,,,,,,,
1790544600000,771.46,1790545499999,1791376157436,legacy_historical,,,,,,,,,
1790545500000,771.41317288,1790546399999,1791376157436,legacy_historical,,,,,,,,,
1790546400000,770.26266961,1790547299999,1791376157436,legacy_historical,,,,,,,,,
1790547300000,770.35591267,1790548199999,1791376157436,legacy_historical,,,,,,,,,
1790548200000,769.95,1790549099999,1791376157436,legacy_historical,,,,,,,,,
1790549100000,769.68,1790549999999,1791376157436,legacy_historical,,,,,,,,,
1790550000000,769.82,1790550899999,1791376157436,legacy_historical,,,,,,,,,
1790550900000,769.78,1790551799999,1791376157436,legacy_historical,,,,,,,,,
1790551800000,769.64,1790552699999,1791376157436,legacy_historical,,,,,,,,,
1790552700000,769.98,1790553599999,1791376157436,legacy_historical,,,,,,,,,
1790553600000,770.54609073,1790554499999,1791376157436,legacy_historical,,,,,,,,,
1790554500000,770.34670085,1790555399999,1791376157436,legacy_historical,,,,,,,,,
1790555400000,769.94,1790556299999,1791376157436,legacy_historical,,,,,,,,,
1790556300000,769.8,1790557199999,1791376157436,legacy_historical,,,,,,,,,
1790557200000,770.1,1790558099999,1791376157436,legacy_historical,,,,,,,,,
1790558100000,770.19,1790558999999,1791376157436,legacy_historical,,,,,,,,,
1790559000000,770.01825053,1790559899999,1791376157436,legacy_historical,,,,,,,,,
1790559900000,769.57406284,1790560799999,1791376157436,legacy_historical,,,,,,,,,
1790560800000,769.46,1790561699999,1791376157436,legacy_historical,,,,,,,,,
1790561700000,769.4,1790562599999,1791376157436,legacy_historical,,,,,,,,,
1790562600000,769.25766613,1790563499999,1791376157436,legacy_historical,,,,,,,,,
1790563500000,769.06558885,1790564399999,1791376157436,legacy_historical,,,,,,,,,
1790564400000,769.25,1790565299999,1791376157436,legacy_historical,,,,,,,,,
1790565300000,769.10668398,1790566199999,1791376157436,legacy_historical,,,,,,,,,
1790566200000,768.98,1790567099999,1791376157436,legacy_historical,,,,,,,,,
1790567100000,768.74636732,1790567999999,1791376157436,legacy_historical,,,,,,,,,
1790568000000,769.2515202,1790568899999,1791376157436,legacy_historical,,,,,,,,,
1790568900000,769.23,1790569799999,1791376157436,legacy_historical,,,,,,,,,
1790569800000,769.17789721,1790570699999,1791376157436,legacy_historical,,,,,,,,,
1790570700000,769.11,1790571599999,1791376157436,legacy_historical,,,,,,,,,
1790571600000,769.06,1790572499999,1791376157436,legacy_historical,,,,,,,,,
1790572500000,768.95170314,1790573399999,1791376157436,legacy_historical,,,,,,,,,
1790573400000,768.71919026,1790574299999,1791376157436,legacy_historical,,,,,,,,,
1790574300000,769.1,1790575199999,1791376157436,legacy_historical,,,,,,,,,
1790575200000,769.25782123,1790576099999,1791376157436,legacy_historical,,,,,,,,,
1790576100000,768.54,1790576999999,1791376157436,legacy_historical,,,,,,,,,
1790577000000,768.84317806,1790577899999,1791376157436,legacy_historical,,,,,,,,,
1790577900000,769.23966598,1790578799999,1791376157436,legacy_historical,,,,,,,,,
1790578800000,768.58,1790579699999,1791376157436,legacy_historical,,,,,,,,,
1790579700000,768.53,1790580599999,1791376157436,legacy_historical,,,,,,,,,
1790580600000,768.19,1790581499999,1791376157436,legacy_historical,,,,,,,,,
1790581500000,768.65321393,1790582399999,1791376157436,legacy_historical,,,,,,,,,
1790582400000,769.06,1790583299999,1791376157436,legacy_historical,,,,,,,,,
1790583300000,768.96675548,1790584199999,1791376157436,legacy_historical,,,,,,,,,
1790584200000,768.43,1790585099999,1791376157436,legacy_historical,,,,,,,,,
1790585100000,768.55,1790585999999,1791376157436,legacy_historical,,,,,,,,,
1790586000000,767.98583791,1790586899999,1791376157436,legacy_historical,,,,,,,,,
1790586900000,768.32,1790587799999,1791376157436,legacy_historical,,,,,,,,,
1790587800000,768.34,1790588699999,1791376157436,legacy_historical,,,,,,,,,
1790588700000,768.19719386,1790589599999,1791376157436,legacy_historical,,,,,,,,,
1790589600000,767.91,1790590499999,1791376157436,legacy_historical,,,,,,,,,
1790590500000,767.90471527,1790591399999,1791376157436,legacy_historical,,,,,,,,,
1790591400000,767.78,1790592299999,1791376157436,legacy_historical,,,,,,,,,
1790592300000,767.96,1790593199999,1791376157436,legacy_historical,,,,,,,,,
1790593200000,768.25866997,1790594099999,1791376157436,legacy_historical,,,,,,,,,
1790594100000,768.72370054,1790594999999,1791376157436,legacy_historical,,,,,,,,,
1790595000000,768.61911666,1790595899999,1791376157436,legacy_historical,,,,,,,,,
1790595900000,768.53015187,1790596799999,1791376157436,legacy_historical,,,,,,,,,
1790596800000,769.25034208,1790597699999,1791376157436,legacy_historical,,,,,,,,,
1790597700000,769.15897928,1790598599999,1791376157436,legacy_historical,,,,,,,,,
1790598600000,769.36326007,1790599499999,1791376157436,legacy_historical,,,,,,,,,
1790599500000,769.70768001,1790600399999,1791376157436,legacy_historical,,,,,,,,,
1790600400000,769.37,1790601299999,1791376157436,legacy_historical,,,,,,,,,
1790601300000,769.04,1790602199999,1791376157436,legacy_historical,,,,,,,,,
1790602200000,768.17,1790603099999,1791376157436,legacy_historical,,,,,,,,,
1790603100000,769.0,1790603999999,1791376157436,legacy_historical,,,,,,,,,
1790604000000,767.77,1790604899999,1791376157436,legacy_historical,,,,,,,,,
1790604900000,768.16,1790605799999,1791376157436,legacy_historical,,,,,,,,,
1790605800000,766.01796928,1790606699999,1791376157436,legacy_historical,,,,,,,,,
1790606700000,764.9343054,1790607599999,1791376157436,legacy_historical,,,,,,,,,
1790607600000,765.97059108,1790608499999,1791376157436,legacy_historical,,,,,,,,,
1790608500000,765.79637432,1790609399999,1791376157436,legacy_historical,,,,,,,,,
1790609400000,765.61,1790610299999,1791376157436,legacy_historical,,,,,,,,,
1790610300000,766.29,1790611199999,1791376157436,legacy_historical,,,,,,,,,
1790611200000,766.19,1790612099999,1791376157436,legacy_historical,,,,,,,,,
1790612100000,769.33,1790612999999,1791376157436,legacy_historical,,,,,,,,,
1790613000000,767.8,1790613899999,1791376157436,legacy_historical,,,,,,,,,
1790613900000,767.93,1790614799999,1791376157436,legacy_historical,,,,,,,,,
1790614800000,769.5738433,1790615699999,1791376157436,legacy_historical,,,,,,,,,
1790615700000,767.90610122,1790616599999,1791376157436,legacy_historical,,,,,,,,,
1790616600000,768.02,1790617499999,1791376157436,legacy_historical,,,,,,,,,
1790617500000,768.08,1790618399999,1791376157436,legacy_historical,,,,,,,,,
1790618400000,768.1998467,1790619299999,1791376157436,legacy_historical,,,,,,,,,
1790619300000,767.7,1790620199999,1791376157436,legacy_historical,,,,,,,,,
1790620200000,767.9,1790621099999,1791376157436,legacy_historical,,,,,,,,,
1790621100000,767.76,1790621999999,1791376157436,legacy_historical,,,,,,,,,
1790622000000,766.66714453,1790622899999,1791376157436,legacy_historical,,,,,,,,,
1790622900000,766.67,1790623799999,1791376157436,legacy_historical,,,,,,,,,
1790623800000,766.20465585,1790624699999,1791376157436,legacy_historical,,,,,,,,,
1790624700000,766.36641145,1790625599999,1791376157436,legacy_historical,,,,,,,,,
1790625600000,766.15797824,1790626499999,1791376157436,legacy_historical,,,,,,,,,
1790626500000,766.27211618,1790627399999,1791376157436,legacy_historical,,,,,,,,,
1790627400000,766.15,1790628299999,1791376157436,legacy_historical,,,,,,,,,
1790628300000,766.43711654,1790629199999,1791376157436,legacy_historical,,,,,,,,,
1790629200000,766.24419334,1790630099999,1791376157436,legacy_historical,,,,,,,,,
1790630100000,766.69,1790630999999,1791376157436,legacy_historical,,,,,,,,,
1790631000000,766.2942703,1790631899999,1791376157436,legacy_historical,,,,,,,,,
1790631900000,766.45007655,1790632799999,1791376157436,legacy_historical,,,,,,,,,
1790632800000,766.83,1790633699999,1791376157436,legacy_historical,,,,,,,,,
1790633700000,766.75503666,1790634599999,1791376157436,legacy_historical,,,,,,,,,
1790634600000,766.69338616,1790635499999,1791376157436,legacy_historical,,,,,,,,,
1790635500000,766.69415566,1790636399999,1791376157436,legacy_historical,,,,,,,,,
1790636400000,766.61433382,1790637299999,1791376157436,legacy_historical,,,,,,,,,
1790637300000,766.88,1790638199999,1791376157436,legacy_historical,,,,,,,,,
1790638200000,766.71462787,1790639099999,1791376157436,legacy_historical,,,,,,,,,
1790639100000,766.5,1790639999999,1791376157436,legacy_historical,,,,,,,,,
1790640000000,766.56513227,1790640899999,1791376157436,legacy_historical,,,,,,,,,
1790640900000,765.85,1790641799999,1791376157436,legacy_historical,,,,,,,,,
1790641800000,765.98296607,1790642699999,1791376157436,legacy_historical,,,,,,,,,
1790642700000,765.29276974,1790643599999,1791376157436,legacy_historical,,,,,,,,,
1790643600000,765.1374219,1790644499999,1791376157436,legacy_historical,,,,,,,,,
1790644500000,765.17,1790645399999,1791376157436,legacy_historical,,,,,,,,,
1790645400000,765.26195865,1790646299999,1791376157436,legacy_historical,,,,,,,,,
1790646300000,765.29,1790647199999,1791376157436,legacy_historical,,,,,,,,,
1790647200000,765.38456283,1790648099999,1791376157436,legacy_historical,,,,,,,,,
1790648100000,765.26273227,1790648999999,1791376157436,legacy_historical,,,,,,,,,
1790649000000,765.04168997,1790649899999,1791376157436,legacy_historical,,,,,,,,,
1790649900000,764.8,1790650799999,1791376157436,legacy_historical,,,,,,,,,
1790650800000,764.26800022,1790651699999,1791376157436,legacy_historical,,,,,,,,,
1790651700000,765.15,1790652599999,1791376157436,legacy_historical,,,,,,,,,
1790652600000,765.25,1790653499999,1791376157436,legacy_historical,,,,,,,,,
1790653500000,764.53547958,1790654399999,1791376157436,legacy_historical,,,,,,,,,
1790654400000,764.59,1790655299999,1791376157436,legacy_historical,,,,,,,,,
1790655300000,764.58,1790656199999,1791376157436,legacy_historical,,,,,,,,,
1790656200000,764.55,1790657099999,1791376157436,legacy_historical,,,,,,,,,
1790657100000,764.63074899,1790657999999,1791376157436,legacy_historical,,,,,,,,,
1790658000000,764.54,1790658899999,1791376157436,legacy_historical,,,,,,,,,
1790658900000,764.5331393,1790659799999,1791376157436,legacy_historical,,,,,,,,,
1790659800000,764.23,1790660699999,1791376157436,legacy_historical,,,,,,,,,
1790660700000,764.70053554,1790661599999,1791376157436,legacy_historical,,,,,,,,,
1790661600000,765.7380459,1790662499999,1791376157436,legacy_historical,,,,,,,,,
1790662500000,765.98,1790663399999,1791376157436,legacy_historical,,,,,,,,,
1790663400000,766.32193968,1790664299999,1791376157436,legacy_historical,,,,,,,,,
1790664300000,766.21,1790665199999,1791376157436,legacy_historical,,,,,,,,,
1790665200000,766.06323591,1790666099999,1791376157436,legacy_historical,,,,,,,,,
1790666100000,766.44290071,1790666999999,1791376157436,legacy_historical,,,,,,,,,
1790667000000,766.58,1790667899999,1791376157436,legacy_historical,,,,,,,,,
1790667900000,766.22,1790668799999,1791376157436,legacy_historical,,,,,,,,,
1790668800000,766.15709075,1790669699999,1791376157436,legacy_historical,,,,,,,,,
1790669700000,766.36948456,1790670599999,1791376157436,legacy_historical,,,,,,,,,
1790670600000,766.61478801,1790671499999,1791376157436,legacy_historical,,,,,,,,,
1790671500000,766.43364771,1790672399999,1791376157436,legacy_historical,,,,,,,,,
1790672400000,766.17,1790673299999,1791376157436,legacy_historical,,,,,,,,,
1790673300000,765.72,1790674199999,1791376157436,legacy_historical,,,,,,,,,
1790674200000,766.18637588,1790675099999,1791376157436,legacy_historical,,,,,,,,,
1790675100000,765.81165396,1790675999999,1791376157436,legacy_historical,,,,,,,,,
1790676000000,766.39552302,1790676899999,1791376157436,legacy_historical,,,,,,,,,
1790676900000,766.4843982,1790677799999,1791376157436,legacy_historical,,,,,,,,,
1790677800000,766.32779831,1790678699999,1791376157436,legacy_historical,,,,,,,,,
1790678700000,767.03,1790679599999,1791376157436,legacy_historical,,,,,,,,,
1790679600000,767.00175282,1790680499999,1791376157436,legacy_historical,,,,,,,,,
1790680500000,767.43940498,1790681399999,1791376157436,legacy_historical,,,,,,,,,
1790681400000,767.61785748,1790682299999,1791376157436,legacy_historical,,,,,,,,,
1790682300000,768.22,1790683199999,1791376157436,legacy_historical,,,,,,,,,
1790683200000,768.2,1790684099999,1791376157436,legacy_historical,,,,,,,,,
1790684100000,767.7009803,1790684999999,1791376157436,legacy_historical,,,,,,,,,
1790685000000,767.61462443,1790685899999,1791376157436,legacy_historical,,,,,,,,,
1790685900000,767.13,1790686799999,1791376157436,legacy_historical,,,,,,,,,
1790686800000,767.42539086,1790687699999,1791376157436,legacy_historical,,,,,,,,,
1790687700000,767.6246681,1790688599999,1791376157436,legacy_historical,,,,,,,,,
1790688600000,765.88662916,1790689499999,1791376157436,legacy_historical,,,,,,,,,
1790689500000,765.48,1790690399999,1791376157436,legacy_historical,,,,,,,,,
1790690400000,765.92,1790691299999,1791376157436,legacy_historical,,,,,,,,,
1790691300000,765.97,1790692199999,1791376157436,legacy_historical,,,,,,,,,
1790692200000,765.69789601,1790693099999,1791376157436,legacy_historical,,,,,,,,,
1790693100000,765.58823186,1790693999999,1791376157436,legacy_historical,,,,,,,,,
1790694000000,764.76,1790694899999,1791376157436,legacy_historical,,,,,,,,,
1790694900000,763.74390625,1790695799999,1791376157436,legacy_historical,,,,,,,,,
1790695800000,764.5,1790696699999,1791376157436,legacy_historical,,,,,,,,,
1790696700000,763.96309977,1790697599999,1791376157436,legacy_historical,,,,,,,,,
1790697600000,763.78516493,1790698499999,1791376157436,legacy_historical,,,,,,,,,
1790698500000,764.25,1790699399999,1791376157436,legacy_historical,,,,,,,,,
1790699400000,763.41773482,1790700299999,1791376157436,legacy_historical,,,,,,,,,
1790700300000,763.73,1790701199999,1791376157436,legacy_historical,,,,,,,,,
1790701200000,763.54027668,1790702099999,1791376157436,legacy_historical,,,,,,,,,
1790702100000,763.87587186,1790702999999,1791376157436,legacy_historical,,,,,,,,,
1790703000000,764.02603572,1790703899999,1791376157436,legacy_historical,,,,,,,,,
1790703900000,763.34816659,1790704799999,1791376157436,legacy_historical,,,,,,,,,
1790704800000,764.5,1790705699999,1791376157436,legacy_historical,,,,,,,,,
1790705700000,764.68583221,1790706599999,1791376157436,legacy_historical,,,,,,,,,
1790706600000,765.55321644,1790707499999,1791376157436,legacy_historical,,,,,,,,,
1790707500000,765.64,1790708399999,1791376157436,legacy_historical,,,,,,,,,
1790708400000,765.19213317,1790709299999,1791376157436,legacy_historical,,,,,,,,,
1790709300000,765.33221984,1790710199999,1791376157436,legacy_historical,,,,,,,,,
1790710200000,764.77,1790711099999,1791376157436,legacy_historical,,,,,,,,,
1790711100000,765.00599503,1790711999999,1791376157436,legacy_historical,,,,,,,,,
1790712000000,765.39,1790712899999,1791376157436,legacy_historical,,,,,,,,,
1790712900000,765.64,1790713799999,1791376157436,legacy_historical,,,,,,,,,
1790713800000,765.91,1790714699999,1791376157436,legacy_historical,,,,,,,,,
1790714700000,765.61401642,1790715599999,1791376157436,legacy_historical,,,,,,,,,
1790715600000,765.80523095,1790716499999,1791376157436,legacy_historical,,,,,,,,,
1790716500000,765.8,1790717399999,1791376157436,legacy_historical,,,,,,,,,
1790717400000,765.8,1790718299999,1791376157436,legacy_historical,,,,,,,,,
1790718300000,765.71,1790719199999,1791376157436,legacy_historical,,,,,,,,,
1790719200000,766.29,1790720099999,1791376157436,legacy_historical,,,,,,,,,
1790720100000,766.1,1790720999999,1791376157436,legacy_historical,,,,,,,,,
1790721000000,766.05,1790721899999,1791376157436,legacy_historical,,,,,,,,,
1790721900000,766.02850962,1790722799999,1791376157436,legacy_historical,,,,,,,,,
1790722800000,766.14994762,1790723699999,1791376157436,legacy_historical,,,,,,,,,
1790723700000,766.22997955,1790724599999,1791376157436,legacy_historical,,,,,,,,,
1790724600000,766.41647199,1790725499999,1791376157436,legacy_historical,,,,,,,,,
1790725500000,766.57853851,1790726399999,1791376157436,legacy_historical,,,,,,,,,
1790726400000,766.93303435,1790727299999,1791376157436,legacy_historical,,,,,,,,,
1790727300000,766.54905684,1790728199999,1791376157436,legacy_historical,,,,,,,,,
1790728200000,766.3,1790729099999,1791376157436,legacy_historical,,,,,,,,,
1790729100000,766.20299947,1790729999999,1791376157436,legacy_historical,,,,,,,,,
1790730000000,765.97699957,1790730899999,1791376157436,legacy_historical,,,,,,,,,
1790730900000,765.95964913,1790731799999,1791376157436,legacy_historical,,,,,,,,,
1790731800000,766.25900954,1790732699999,1791376157436,legacy_historical,,,,,,,,,
1790732700000,766.55947369,1790733599999,1791376157436,legacy_historical,,,,,,,,,
1790733600000,766.38,1790734499999,1791376157436,legacy_historical,,,,,,,,,
1790734500000,766.4150531,1790735399999,1791376157436,legacy_historical,,,,,,,,,
1790735400000,766.06,1790736299999,1791376157436,legacy_historical,,,,,,,,,
1790736300000,766.20371589,1790737199999,1791376157436,legacy_historical,,,,,,,,,
1790737200000,766.23926218,1790738099999,1791376157436,legacy_historical,,,,,,,,,
1790738100000,766.3,1790738999999,1791376157436,legacy_historical,,,,,,,,,
1790739000000,766.69,1790739899999,1791376157436,legacy_historical,,,,,,,,,
1790739900000,766.72869288,1790740799999,1791376157436,legacy_historical,,,,,,,,,
1790740800000,766.84,1790741699999,1791376157436,legacy_historical,,,,,,,,,
1790741700000,766.82,1790742599999,1791376157436,legacy_historical,,,,,,,,,
1790742600000,767.055061,1790743499999,1791376157436,legacy_historical,,,,,,,,,
1790743500000,766.7593351,1790744399999,1791376157436,legacy_historical,,,,,,,,,
1790744400000,766.2834995,1790745299999,1791376157436,legacy_historical,,,,,,,,,
1790745300000,766.37,1790746199999,1791376157436,legacy_historical,,,,,,,,,
1790746200000,766.45092601,1790747099999,1791376157436,legacy_historical,,,,,,,,,
1790747100000,766.48,1790747999999,1791376157436,legacy_historical,,,,,,,,,
1790748000000,766.23678542,1790748899999,1791376157436,legacy_historical,,,,,,,,,
1790748900000,766.09797297,1790749799999,1791376157436,legacy_historical,,,,,,,,,
1790749800000,765.66803301,1790750699999,1791376157436,legacy_historical,,,,,,,,,
1790750700000,765.68743262,1790751599999,1791376157436,legacy_historical,,,,,,,,,
1790751600000,766.65516358,1790752499999,1791376157436,legacy_historical,,,,,,,,,
1790752500000,766.67828172,1790753399999,1791376157436,legacy_historical,,,,,,,,,
1790753400000,767.04889967,1790754299999,1791376157436,legacy_historical,,,,,,,,,
1790754300000,767.18991682,1790755199999,1791376157436,legacy_historical,,,,,,,,,
1790755200000,766.77,1790756099999,1791376157436,legacy_historical,,,,,,,,,
1790756100000,767.02930936,1790756999999,1791376157436,legacy_historical,,,,,,,,,
1790757000000,766.49340358,1790757899999,1791376157436,legacy_historical,,,,,,,,,
1790757900000,766.42,1790758799999,1791376157436,legacy_historical,,,,,,,,,
1790758800000,766.44599022,1790759699999,1791376157436,legacy_historical,,,,,,,,,
1790759700000,766.13,1790760599999,1791376157436,legacy_historical,,,,,,,,,
1790760600000,765.96794293,1790761499999,1791376157436,legacy_historical,,,,,,,,,
1790761500000,766.03805484,1790762399999,1791376157436,legacy_historical,,,,,,,,,
1790762400000,765.78,1790763299999,1791376157436,legacy_historical,,,,,,,,,
1790763300000,765.65154479,1790764199999,1791376157436,legacy_historical,,,,,,,,,
1790764200000,765.54,1790765099999,1791376157436,legacy_historical,,,,,,,,,
1790765100000,765.48,1790765999999,1791376157436,legacy_historical,,,,,,,,,
1790766000000,764.41579918,1790766899999,1791376157436,legacy_historical,,,,,,,,,
1790766900000,765.25,1790767799999,1791376157436,legacy_historical,,,,,,,,,
1790767800000,765.14869016,1790768699999,1791376157436,legacy_historical,,,,,,,,,
1790768700000,765.53,1790769599999,1791376157436,legacy_historical,,,,,,,,,
1790769600000,765.41788609,1790770499999,1791376157436,legacy_historical,,,,,,,,,
1790770500000,766.06563375,1790771399999,1791376157436,legacy_historical,,,,,,,,,
1790771400000,767.94,1790772299999,1791376157436,legacy_historical,,,,,,,,,
1790772300000,767.53,1790773199999,1791376157436,legacy_historical,,,,,,,,,
1790773200000,767.85,1790774099999,1791376157436,legacy_historical,,,,,,,,,
1790774100000,767.16,1790774999999,1791376157436,legacy_historical,,,,,,,,,
1790775000000,767.18,1790775899999,1791376157436,legacy_historical,,,,,,,,,
1790775900000,768.6,1790776799999,1791376157436,legacy_historical,,,,,,,,,
1790776800000,768.78,1790777699999,1791376157436,legacy_historical,,,,,,,,,
1790777700000,768.45865623,1790778599999,1791376157436,legacy_historical,,,,,,,,,
1790778600000,768.31,1790779499999,1791376157436,legacy_historical,,,,,,,,,
1790779500000,769.23547127,1790780399999,1791376157436,legacy_historical,,,,,,,,,
1790780400000,768.96,1790781299999,1791376157436,legacy_historical,,,,,,,,,
1790781300000,769.44,1790782199999,1791376157436,legacy_historical,,,,,,,,,
1790782200000,768.78711191,1790783099999,1791376157436,legacy_historical,,,,,,,,,
1790783100000,769.41641059,1790783999999,1791376157436,legacy_historical,,,,,,,,,
1790784000000,769.71,1790784899999,1791376157436,legacy_historical,,,,,,,,,
1790784900000,768.84768664,1790785799999,1791376157436,legacy_historical,,,,,,,,,
1790785800000,769.13,1790786699999,1791376157436,legacy_historical,,,,,,,,,
1790786700000,769.08,1790787599999,1791376157436,legacy_historical,,,,,,,,,
1790787600000,768.53126791,1790788499999,1791376157436,legacy_historical,,,,,,,,,
1790788500000,767.96363133,1790789399999,1791376157436,legacy_historical,,,,,,,,,
1790789400000,768.31234299,1790790299999,1791376157436,legacy_historical,,,,,,,,,
1790790300000,768.54,1790791199999,1791376157436,legacy_historical,,,,,,,,,
1790791200000,768.26316361,1790792099999,1791376157436,legacy_historical,,,,,,,,,
1790792100000,767.64,1790792999999,1791376157436,legacy_historical,,,,,,,,,
1790793000000,767.66,1790793899999,1791376157436,legacy_historical,,,,,,,,,
1790793900000,767.32,1790794799999,1791376157436,legacy_historical,,,,,,,,,
1790794800000,767.62,1790795699999,1791376157436,legacy_historical,,,,,,,,,
1790795700000,767.13820024,1790796599999,1791376157436,legacy_historical,,,,,,,,,
1790796600000,766.73978961,1790797499999,1791376157436,legacy_historical,,,,,,,,,
1790797500000,763.56,1790798399999,1791376157436,legacy_historical,,,,,,,,,
1790798400000,764.32,1790799299999,1791376157436,legacy_historical,,,,,,,,,
1790799300000,764.49,1790800199999,1791376157436,legacy_historical,,,,,,,,,
1790800200000,764.26801568,1790801099999,1791376157436,legacy_historical,,,,,,,,,
1790801100000,764.25,1790801999999,1791376157436,legacy_historical,,,,,,,,,
1790802000000,764.09,1790802899999,1791376157436,legacy_historical,,,,,,,,,
1790802900000,764.23,1790803799999,1791376157436,legacy_historical,,,,,,,,,
1790803800000,764.27258263,1790804699999,1791376157436,legacy_historical,,,,,,,,,
1790804700000,764.1222209,1790805599999,1791376157436,legacy_historical,,,,,,,,,
1790805600000,764.74,1790806499999,1791376157436,legacy_historical,,,,,,,,,
1790806500000,765.1,1790807399999,1791376157436,legacy_historical,,,,,,,,,
1790807400000,765.52906362,1790808299999,1791376157436,legacy_historical,,,,,,,,,
1790808300000,765.42368439,1790809199999,1791376157436,legacy_historical,,,,,,,,,
1790809200000,765.36,1790810099999,1791376157436,legacy_historical,,,,,,,,,
1790810100000,765.55,1790810999999,1791376157436,legacy_historical,,,,,,,,,
1790811000000,766.24841315,1790811899999,1791376157436,legacy_historical,,,,,,,,,
1790811900000,766.3,1790812799999,1791376157436,legacy_historical,,,,,,,,,
1790812800000,766.03806982,1790813699999,1791376157436,legacy_historical,,,,,,,,,
1790813700000,765.59845038,1790814599999,1791376157436,legacy_historical,,,,,,,,,
1790814600000,766.19345204,1790815499999,1791376157436,legacy_historical,,,,,,,,,
1790815500000,766.09963303,1790816399999,1791376157436,legacy_historical,,,,,,,,,
1790816400000,766.32314946,1790817299999,1791376157436,legacy_historical,,,,,,,,,
1790817300000,766.5,1790818199999,1791376157436,legacy_historical,,,,,,,,,
1790818200000,766.26675824,1790819099999,1791376157436,legacy_historical,,,,,,,,,
1790819100000,766.16679877,1790819999999,1791376157436,legacy_historical,,,,,,,,,
1790820000000,766.19,1790820899999,1791376157436,legacy_historical,,,,,,,,,
1790820900000,766.46458414,1790821799999,1791376157436,legacy_historical,,,,,,,,,
1790821800000,766.59,1790822699999,1791376157436,legacy_historical,,,,,,,,,
1790822700000,766.55649854,1790823599999,1791376157436,legacy_historical,,,,,,,,,
1790823600000,766.61831205,1790824499999,1791376157436,legacy_historical,,,,,,,,,
1790824500000,766.76666018,1790825399999,1791376157436,legacy_historical,,,,,,,,,
1790825400000,766.84,1790826299999,1791376157436,legacy_historical,,,,,,,,,
1790826300000,767.09074326,1790827199999,1791376157436,legacy_historical,,,,,,,,,
1790827200000,767.38,1790828099999,1791376157436,legacy_historical,,,,,,,,,
1790828100000,767.13100237,1790828999999,1791376157436,legacy_historical,,,,,,,,,
1790829000000,767.38,1790829899999,1791376157436,legacy_historical,,,,,,,,,
1790829900000,767.73,1790830799999,1791376157436,legacy_historical,,,,,,,,,
1790830800000,768.03587146,1790831699999,1791376157436,legacy_historical,,,,,,,,,
1790831700000,768.46,1790832599999,1791376157436,legacy_historical,,,,,,,,,
1790832600000,768.47024207,1790833499999,1791376157436,legacy_historical,,,,,,,,,
1790833500000,768.51619165,1790834399999,1791376157436,legacy_historical,,,,,,,,,
1790834400000,768.53,1790835299999,1791376157436,legacy_historical,,,,,,,,,
1790835300000,768.42,1790836199999,1791376157436,legacy_historical,,,,,,,,,
1790836200000,767.49523441,1790837099999,1791376157436,legacy_historical,,,,,,,,,
1790837100000,767.06,1790837999999,1791376157436,legacy_historical,,,,,,,,,
1790838000000,765.90319999,1790838899999,1791376157436,legacy_historical,,,,,,,,,
1790838900000,763.19,1790839799999,1791376157436,legacy_historical,,,,,,,,,
1790839800000,764.15,1790840699999,1791376157436,legacy_historical,,,,,,,,,
1790840700000,764.0,1790841599999,1791376157436,legacy_historical,,,,,,,,,
1790841600000,763.96,1790842499999,1791376157436,legacy_historical,,,,,,,,,
1790842500000,763.3,1790843399999,1791376157436,legacy_historical,,,,,,,,,
1790843400000,763.86,1790844299999,1791376157436,legacy_historical,,,,,,,,,
1790844300000,764.03511571,1790845199999,1791376157436,legacy_historical,,,,,,,,,
1790845200000,764.88934157,1790846099999,1791376157436,legacy_historical,,,,,,,,,
1790846100000,765.33340262,1790846999999,1791376157436,legacy_historical,,,,,,,,,
1790847000000,765.06463893,1790847899999,1791376157436,legacy_historical,,,,,,,,,
1790847900000,764.90010698,1790848799999,1791376157436,legacy_historical,,,,,,,,,
1790848800000,765.05382412,1790849699999,1791376157436,legacy_historical,,,,,,,,,
1790849700000,765.28434934,1790850599999,1791376157436,legacy_historical,,,,,,,,,
1790850600000,766.18309932,1790851499999,1791376157436,legacy_historical,,,,,,,,,
1790851500000,766.45,1790852399999,1791376157436,legacy_historical,,,,,,,,,
1790852400000,765.4399698,1790853299999,1791376157436,legacy_historical,,,,,,,,,
1790853300000,765.01987671,1790854199999,1791376157436,legacy_historical,,,,,,,,,
1790854200000,765.73758071,1790855099999,1791376157436,legacy_historical,,,,,,,,,
1790855100000,766.31,1790855999999,1791376157436,legacy_historical,,,,,,,,,
1790856000000,766.06180272,1790856899999,1791376157436,legacy_historical,,,,,,,,,
1790856900000,766.22,1790857799999,1791376157436,legacy_historical,,,,,,,,,
1790857800000,766.09,1790858699999,1791376157436,legacy_historical,,,,,,,,,
1790858700000,765.26730232,1790859599999,1791376157436,legacy_historical,,,,,,,,,
1790859600000,765.36284339,1790860499999,1791376157436,legacy_historical,,,,,,,,,
1790860500000,765.1506907,1790861399999,1791376157436,legacy_historical,,,,,,,,,
1790861400000,764.38,1790862299999,1791376157436,legacy_historical,,,,,,,,,
1790862300000,763.54902809,1790863199999,1791376157436,legacy_historical,,,,,,,,,
1790863200000,761.52462999,1790864099999,1791376157436,legacy_historical,,,,,,,,,
1790864100000,761.27,1790864999999,1791376157436,legacy_historical,,,,,,,,,
1790865000000,762.22620466,1790865899999,1791376157436,legacy_historical,,,,,,,,,
1790865900000,761.28775445,1790866799999,1791376157436,legacy_historical,,,,,,,,,
1790866800000,761.08,1790867699999,1791376157436,legacy_historical,,,,,,,,,
1790867700000,761.37,1790868599999,1791376157436,legacy_historical,,,,,,,,,
1790868600000,760.529835,1790869499999,1791376157436,legacy_historical,,,,,,,,,
1790869500000,761.61,1790870399999,1791376157436,legacy_historical,,,,,,,,,
1790870400000,761.27,1790871299999,1791376157436,legacy_historical,,,,,,,,,
1790871300000,762.0681419,1790872199999,1791376157436,legacy_historical,,,,,,,,,
1790872200000,762.71301796,1790873099999,1791376157436,legacy_historical,,,,,,,,,
1790873100000,761.74,1790873999999,1791376157436,legacy_historical,,,,,,,,,
1790874000000,762.85,1790874899999,1791376157436,legacy_historical,,,,,,,,,
1790874900000,764.41,1790875799999,1791376157436,legacy_historical,,,,,,,,,
1790875800000,765.65126057,1790876699999,1791376157436,legacy_historical,,,,,,,,,
1790876700000,764.37171761,1790877599999,1791376157436,legacy_historical,,,,,,,,,
1790877600000,764.09,1790878499999,1791376157436,legacy_historical,,,,,,,,,
1790878500000,764.85834169,1790879399999,1791376157436,legacy_historical,,,,,,,,,
1790879400000,765.0,1790880299999,1791376157436,legacy_historical,,,,,,,,,
1790880300000,765.47,1790881199999,1791376157436,legacy_historical,,,,,,,,,
1790881200000,765.17,1790882099999,1791376157436,legacy_historical,,,,,,,,,
1790882100000,765.03,1790882999999,1791376157436,legacy_historical,,,,,,,,,
1790883000000,765.22,1790883899999,1791376157436,legacy_historical,,,,,,,,,
1790883900000,764.5420431,1790884799999,1791376157436,legacy_historical,,,,,,,,,
1790884800000,765.31934214,1790885699999,1791376157436,legacy_historical,,,,,,,,,
1790885700000,765.13,1790886599999,1791376157436,legacy_historical,,,,,,,,,
1790886600000,764.85,1790887499999,1791376157436,legacy_historical,,,,,,,,,
1790887500000,764.72790788,1790888399999,1791376157436,legacy_historical,,,,,,,,,
1790888400000,764.95,1790889299999,1791376157436,legacy_historical,,,,,,,,,
1790889300000,764.93,1790890199999,1791376157436,legacy_historical,,,,,,,,,
1790890200000,764.65,1790891099999,1791376157436,legacy_historical,,,,,,,,,
1790891100000,764.85,1790891999999,1791376157436,legacy_historical,,,,,,,,,
1790892000000,764.94,1790892899999,1791376157436,legacy_historical,,,,,,,,,
1790892900000,764.92,1790893799999,1791376157436,legacy_historical,,,,,,,,,
1790893800000,765.12,1790894699999,1791376157436,legacy_historical,,,,,,,,,
1790894700000,765.54,1790895599999,1791376157436,legacy_historical,,,,,,,,,
1790895600000,765.56,1790896499999,1791376157436,legacy_historical,,,,,,,,,
1790896500000,765.40705583,1790897399999,1791376157436,legacy_historical,,,,,,,,,
1790897400000,765.17,1790898299999,1791376157436,legacy_historical,,,,,,,,,
1790898300000,765.57,1790899199999,1791376157436,legacy_historical,,,,,,,,,
1790899200000,765.75795706,1790900099999,1791376157436,legacy_historical,,,,,,,,,
1790900100000,765.39,1790900999999,1791376157436,legacy_historical,,,,,,,,,
1790901000000,765.53,1790901899999,1791376157436,legacy_historical,,,,,,,,,
1790901900000,765.5,1790902799999,1791376157436,legacy_historical,,,,,,,,,
1790902800000,765.45,1790903699999,1791376157436,legacy_historical,,,,,,,,,
1790903700000,765.17352258,1790904599999,1791376157436,legacy_historical,,,,,,,,,
1790904600000,765.28,1790905499999,1791376157436,legacy_historical,,,,,,,,,
1790905500000,765.87,1790906399999,1791376157436,legacy_historical,,,,,,,,,
1790906400000,765.95,1790907299999,1791376157436,legacy_historical,,,,,,,,,
1790907300000,766.15,1790908199999,1791376157436,legacy_historical,,,,,,,,,
1790908200000,766.14630245,1790909099999,1791376157436,legacy_historical,,,,,,,,,
1790909100000,766.35748534,1790909999999,1791376157436,legacy_historical,,,,,,,,,
1790910000000,766.34,1790910899999,1791376157436,legacy_historical,,,,,,,,,
1790910900000,766.37131708,1790911799999,1791376157436,legacy_historical,,,,,,,,,
1790911800000,766.28081036,1790912699999,1791376157436,legacy_historical,,,,,,,,,
1790912700000,766.46,1790913599999,1791376157436,legacy_historical,,,,,,,,,
1790913600000,766.80746025,1790914499999,1791376157436,legacy_historical,,,,,,,,,
1790914500000,766.87596015,1790915399999,1791376157436,legacy_historical,,,,,,,,,
1790915400000,766.76303052,1790916299999,1791376157436,legacy_historical,,,,,,,,,
1790916300000,767.18386728,1790917199999,1791376157436,legacy_historical,,,,,,,,,
1790917200000,767.11,1790918099999,1791376157436,legacy_historical,,,,,,,,,
1790918100000,766.82255352,1790918999999,1791376157436,legacy_historical,,,,,,,,,
1790919000000,766.85,1790919899999,1791376157436,legacy_historical,,,,,,,,,
1790919900000,766.65,1790920799999,1791376157436,legacy_historical,,,,,,,,,
1790920800000,767.11,1790921699999,1791376157436,legacy_historical,,,,,,,,,
1790921700000,766.89354749,1790922599999,1791376157436,legacy_historical,,,,,,,,,
1790922600000,766.46279327,1790923499999,1791376157436,legacy_historical,,,,,,,,,
1790923500000,766.66007843,1790924399999,1791376157436,legacy_historical,,,,,,,,,
1790924400000,767.28292989,1790925299999,1791376157436,legacy_historical,,,,,,,,,
1790925300000,766.58081764,1790926199999,1791376157436,legacy_historical,,,,,,,,,
1790926200000,766.83,1790927099999,1791376157436,legacy_historical,,,,,,,,,
1790927100000,767.61734783,1790927999999,1791376157436,legacy_historical,,,,,,,,,
1790928000000,768.25,1790928899999,1791376157436,legacy_historical,,,,,,,,,
1790928900000,767.77965528,1790929799999,1791376157436,legacy_historical,,,,,,,,,
1790929800000,767.92,1790930699999,1791376157436,legacy_historical,,,,,,,,,
1790930700000,768.25748398,1790931599999,1791376157436,legacy_historical,,,,,,,,,
1790931600000,768.42,1790932499999,1791376157436,legacy_historical,,,,,,,,,
1790932500000,768.38,1790933399999,1791376157436,legacy_historical,,,,,,,,,
1790933400000,768.3,1790934299999,1791376157436,legacy_historical,,,,,,,,,
1790934300000,768.11663649,1790935199999,1791376157436,legacy_historical,,,,,,,,,
1790935200000,767.60826683,1790936099999,1791376157436,legacy_historical,,,,,,,,,
1790936100000,767.79,1790936999999,1791376157436,legacy_historical,,,,,,,,,
1790937000000,768.25808542,1790937899999,1791376157436,legacy_historical,,,,,,,,,
1790937900000,768.34,1790938799999,1791376157436,legacy_historical,,,,,,,,,
1790938800000,768.32521211,1790939699999,1791376157436,legacy_historical,,,,,,,,,
1790939700000,768.44081304,1790940599999,1791376157436,legacy_historical,,,,,,,,,
1790940600000,768.01,1790941499999,1791376157436,legacy_historical,,,,,,,,,
1790941500000,767.86,1790942399999,1791376157436,legacy_historical,,,,,,,,,
1790942400000,767.68990164,1790943299999,1791376157436,legacy_historical,,,,,,,,,
1790943300000,768.42065307,1790944199999,1791376157436,legacy_historical,,,,,,,,,
1790944200000,770.84,1790945099999,1791376157436,legacy_historical,,,,,,,,,
1790945100000,771.90435397,1790945999999,1791376157436,legacy_historical,,,,,,,,,
1790946000000,771.6,1790946899999,1791376157436,legacy_historical,,,,,,,,,
1790946900000,771.20576978,1790947799999,1791376157436,legacy_historical,,,,,,,,,
1790947800000,772.07747551,1790948699999,1791376157436,legacy_historical,,,,,,,,,
1790948700000,771.07,1790949599999,1791376157436,legacy_historical,,,,,,,,,
1790949600000,772.00269651,1790950499999,1791376157436,legacy_historical,,,,,,,,,
1790950500000,772.51,1790951399999,1791376157436,legacy_historical,,,,,,,,,
1790951400000,772.68615597,1790952299999,1791376157436,legacy_historical,,,,,,,,,
1790952300000,771.46875713,1790953199999,1791376157436,legacy_historical,,,,,,,,,
1790953200000,769.32,1790954099999,1791376157436,legacy_historical,,,,,,,,,
1790954100000,769.29777361,1790954999999,1791376157436,legacy_historical,,,,,,,,,
1790955000000,769.49296594,1790955899999,1791376157436,legacy_historical,,,,,,,,,
1790955900000,769.79,1790956799999,1791376157436,legacy_historical,,,,,,,,,
1790956800000,770.02,1790957699999,1791376157436,legacy_historical,,,,,,,,,
1790957700000,769.46536927,1790958599999,1791376157436,legacy_historical,,,,,,,,,
1790958600000,769.50045257,1790959499999,1791376157436,legacy_historical,,,,,,,,,
1790959500000,769.76147891,1790960399999,1791376157436,legacy_historical,,,,,,,,,
1790960400000,769.83942111,1790961299999,1791376157436,legacy_historical,,,,,,,,,
1790961300000,769.03156529,1790962199999,1791376157436,legacy_historical,,,,,,,,,
1790962200000,769.53418603,1790963099999,1791376157436,legacy_historical,,,,,,,,,
1790963100000,769.65891289,1790963999999,1791376157436,legacy_historical,,,,,,,,,
1790964000000,769.73418255,1790964899999,1791376157436,legacy_historical,,,,,,,,,
1790964900000,769.43,1790965799999,1791376157436,legacy_historical,,,,,,,,,
1790965800000,769.63765748,1790966699999,1791376157436,legacy_historical,,,,,,,,,
1790966700000,769.84784715,1790967599999,1791376157436,legacy_historical,,,,,,,,,
1790967600000,769.65973918,1790968499999,1791376157436,legacy_historical,,,,,,,,,
1790968500000,769.79,1790969399999,1791376157436,legacy_historical,,,,,,,,,
1790969400000,770.10939388,1790970299999,1791376157436,legacy_historical,,,,,,,,,
1790970300000,770.06588798,1790971199999,1791376157436,legacy_historical,,,,,,,,,
1790971200000,770.73920936,1790972099999,1791376157436,legacy_historical,,,,,,,,,
1790972100000,770.38897267,1790972999999,1791376157436,legacy_historical,,,,,,,,,
1790973000000,770.28,1790973899999,1791376157436,legacy_historical,,,,,,,,,
1790973900000,770.1,1790974799999,1791376157436,legacy_historical,,,,,,,,,
1790974800000,770.23,1790975699999,1791376157436,legacy_historical,,,,,,,,,
1790975700000,770.05957123,1790976599999,1791376157436,legacy_historical,,,,,,,,,
1790976600000,770.28,1790977499999,1791376157436,legacy_historical,,,,,,,,,
1790977500000,770.16,1790978399999,1791376157436,legacy_historical,,,,,,,,,
1790978400000,769.86,1790979299999,1791376157436,legacy_historical,,,,,,,,,
1790979300000,770.01,1790980199999,1791376157436,legacy_historical,,,,,,,,,
1790980200000,770.08,1790981099999,1791376157436,legacy_historical,,,,,,,,,
1790981100000,770.2,1790981999999,1791376157436,legacy_historical,,,,,,,,,
1790982000000,769.99,1790982899999,1791376157436,legacy_historical,,,,,,,,,
1790982900000,770.0,1790983799999,1791376157436,legacy_historical,,,,,,,,,
1790983800000,769.93,1790984699999,1791376157436,legacy_historical,,,,,,,,,
1790984700000,770.23,1790985599999,1791376157436,legacy_historical,,,,,,,,,
1790985600000,770.22,1790986499999,1791376157436,legacy_historical,,,,,,,,,
1790986500000,770.25984013,1790987399999,1791376157436,legacy_historical,,,,,,,,,
1790987400000,770.26677268,1790988299999,1791376157436,legacy_historical,,,,,,,,,
1790988300000,770.25587061,1790989199999,1791376157436,legacy_historical,,,,,,,,,
1790989200000,770.36728948,1790990099999,1791376157436,legacy_historical,,,,,,,,,
1790990100000,770.66,1790990999999,1791376157436,legacy_historical,,,,,,,,,
1790991000000,770.83,1790991899999,1791376157436,legacy_historical,,,,,,,,,
1790991900000,771.02,1790992799999,1791376157436,legacy_historical,,,,,,,,,
1790992800000,771.01,1790993699999,1791376157436,legacy_historical,,,,,,,,,
1790993700000,771.00637166,1790994599999,1791376157436,legacy_historical,,,,,,,,,
1790994600000,771.13,1790995499999,1791376157436,legacy_historical,,,,,,,,,
1790995500000,771.13624429,1790996399999,1791376157436,legacy_historical,,,,,,,,,
1790996400000,771.15,1790997299999,1791376157436,legacy_historical,,,,,,,,,
1790997300000,771.21139166,1790998199999,1791376157436,legacy_historical,,,,,,,,,
1790998200000,771.31890738,1790999099999,1791376157436,legacy_historical,,,,,,,,,
1790999100000,771.33645116,1790999999999,1791376157436,legacy_historical,,,,,,,,,
1791000000000,771.15,1791000899999,1791376157436,legacy_historical,,,,,,,,,
1791000900000,771.12386368,1791001799999,1791376157436,legacy_historical,,,,,,,,,
1791001800000,770.87,1791002699999,1791376157436,legacy_historical,,,,,,,,,
1791002700000,771.12,1791003599999,1791376157436,legacy_historical,,,,,,,,,
1791003600000,771.26,1791004499999,1791376157436,legacy_historical,,,,,,,,,
1791004500000,771.12506756,1791005399999,1791376157436,legacy_historical,,,,,,,,,
1791005400000,771.23695523,1791006299999,1791376157436,legacy_historical,,,,,,,,,
1791006300000,771.18,1791007199999,1791376157436,legacy_historical,,,,,,,,,
1791007200000,771.15516294,1791008099999,1791376157436,legacy_historical,,,,,,,,,
1791008100000,771.22,1791008999999,1791376157436,legacy_historical,,,,,,,,,
1791009000000,771.22,1791009899999,1791376157436,legacy_historical,,,,,,,,,
1791009900000,770.99249946,1791010799999,1791376157436,legacy_historical,,,,,,,,,
1791010800000,771.11,1791011699999,1791376157436,legacy_historical,,,,,,,,,
1791011700000,771.28,1791012599999,1791376157436,legacy_historical,,,,,,,,,
1791012600000,771.14,1791013499999,1791376157436,legacy_historical,,,,,,,,,
1791013500000,770.87,1791014399999,1791376157436,legacy_historical,,,,,,,,,
1791014400000,770.8626665,1791015299999,1791376157436,legacy_historical,,,,,,,,,
1791015300000,770.85,1791016199999,1791376157436,legacy_historical,,,,,,,,,
1791016200000,770.89459857,1791017099999,1791376157436,legacy_historical,,,,,,,,,
1791017100000,770.92,1791017999999,1791376157436,legacy_historical,,,,,,,,,
1791018000000,770.68109607,1791018899999,1791376157436,legacy_historical,,,,,,,,,
1791018900000,770.93037607,1791019799999,1791376157436,legacy_historical,,,,,,,,,
1791019800000,770.88443894,1791020699999,1791376157436,legacy_historical,,,,,,,,,
1791020700000,770.9,1791021599999,1791376157436,legacy_historical,,,,,,,,,
1791021600000,770.76,1791022499999,1791376157436,legacy_historical,,,,,,,,,
1791022500000,770.4,1791023399999,1791376157436,legacy_historical,,,,,,,,,
1791023400000,770.48326827,1791024299999,1791376157436,legacy_historical,,,,,,,,,
1791024300000,770.56,1791025199999,1791376157436,legacy_historical,,,,,,,,,
1791025200000,770.09,1791026099999,1791376157436,legacy_historical,,,,,,,,,
1791026100000,769.93,1791026999999,1791376157436,legacy_historical,,,,,,,,,
1791027000000,769.82144756,1791027899999,1791376157436,legacy_historical,,,,,,,,,
1791027900000,769.88,1791028799999,1791376157436,legacy_historical,,,,,,,,,
1791028800000,769.94,1791029699999,1791376157436,legacy_historical,,,,,,,,,
1791029700000,770.03,1791030599999,1791376157436,legacy_historical,,,,,,,,,
1791030600000,770.119695,1791031499999,1791376157436,legacy_historical,,,,,,,,,
1791031500000,770.33,1791032399999,1791376157436,legacy_historical,,,,,,,,,
1791032400000,770.38842943,1791033299999,1791376157436,legacy_historical,,,,,,,,,
1791033300000,770.4578244,1791034199999,1791376157436,legacy_historical,,,,,,,,,
1791034200000,770.73964928,1791035099999,1791376157436,legacy_historical,,,,,,,,,
1791035100000,770.9,1791035999999,1791376157436,legacy_historical,,,,,,,,,
1791036000000,770.72,1791036899999,1791376157436,legacy_historical,,,,,,,,,
1791036900000,770.8468225,1791037799999,1791376157436,legacy_historical,,,,,,,,,
1791037800000,770.55,1791038699999,1791376157436,legacy_historical,,,,,,,,,
1791038700000,770.58,1791039599999,1791376157436,legacy_historical,,,,,,,,,
1791039600000,770.7361313,1791040499999,1791376157436,legacy_historical,,,,,,,,,
1791040500000,770.88,1791041399999,1791376157436,legacy_historical,,,,,,,,,
1791041400000,771.10975758,1791042299999,1791376157436,legacy_historical,,,,,,,,,
1791042300000,771.10771035,1791043199999,1791376157436,legacy_historical,,,,,,,,,
1791043200000,771.26,1791044099999,1791376157436,legacy_historical,,,,,,,,,
1791044100000,770.99970827,1791044999999,1791376157436,legacy_historical,,,,,,,,,
1791045000000,771.13950915,1791045899999,1791376157436,legacy_historical,,,,,,,,,
1791045900000,771.19,1791046799999,1791376157436,legacy_historical,,,,,,,,,
1791046800000,771.1958602,1791047699999,1791376157436,legacy_historical,,,,,,,,,
1791047700000,771.26624996,1791048599999,1791376157436,legacy_historical,,,,,,,,,
1791048600000,771.18,1791049499999,1791376157436,legacy_historical,,,,,,,,,
1791049500000,771.28,1791050399999,1791376157436,legacy_historical,,,,,,,,,
1791050400000,771.57,1791051299999,1791376157436,legacy_historical,,,,,,,,,
1791051300000,771.35046365,1791052199999,1791376157436,legacy_historical,,,,,,,,,
1791052200000,771.39549055,1791053099999,1791376157436,legacy_historical,,,,,,,,,
1791053100000,771.26,1791053999999,1791376157436,legacy_historical,,,,,,,,,
1791054000000,771.33230686,1791054899999,1791376157436,legacy_historical,,,,,,,,,
1791054900000,771.22,1791055799999,1791376157436,legacy_historical,,,,,,,,,
1791055800000,771.21392868,1791056699999,1791376157436,legacy_historical,,,,,,,,,
1791056700000,771.27539412,1791057599999,1791376157436,legacy_historical,,,,,,,,,
1791057600000,771.11320734,1791058499999,1791376157436,legacy_historical,,,,,,,,,
1791058500000,771.14,1791059399999,1791376157436,legacy_historical,,,,,,,,,
1791059400000,771.15951201,1791060299999,1791376157436,legacy_historical,,,,,,,,,
1791060300000,771.16511148,1791061199999,1791376157436,legacy_historical,,,,,,,,,
1791061200000,771.06,1791062099999,1791376157436,legacy_historical,,,,,,,,,
1791062100000,771.08,1791062999999,1791376157436,legacy_historical,,,,,,,,,
1791063000000,771.41890761,1791063899999,1791376157436,legacy_historical,,,,,,,,,
1791063900000,771.41,1791064799999,1791376157436,legacy_historical,,,,,,,,,
1791064800000,771.58,1791065699999,1791376157436,legacy_historical,,,,,,,,,
1791065700000,771.58,1791066599999,1791376157436,legacy_historical,,,,,,,,,
1791066600000,771.58124964,1791067499999,1791376157436,legacy_historical,,,,,,,,,
1791067500000,771.28077546,1791068399999,1791376157436,legacy_historical,,,,,,,,,
1791068400000,771.37,1791069299999,1791376157436,legacy_historical,,,,,,,,,
1791069300000,771.42453564,1791070199999,1791376157436,legacy_historical,,,,,,,,,
1791070200000,771.39,1791071099999,1791376157436,legacy_historical,,,,,,,,,
1791071100000,771.54,1791071999999,1791376157436,legacy_historical,,,,,,,,,
1791072000000,771.27731698,1791072899999,1791376157436,legacy_historical,,,,,,,,,
1791072900000,771.29390952,1791073799999,1791376157436,legacy_historical,,,,,,,,,
1791073800000,771.2,1791074699999,1791376157436,legacy_historical,,,,,,,,,
1791074700000,771.15,1791075599999,1791376157436,legacy_historical,,,,,,,,,
1791075600000,771.23,1791076499999,1791376157436,legacy_historical,,,,,,,,,
1791076500000,771.20452416,1791077399999,1791376157436,legacy_historical,,,,,,,,,
1791077400000,771.22,1791078299999,1791376157436,legacy_historical,,,,,,,,,
1791078300000,771.29,1791079199999,1791376157436,legacy_historical,,,,,,,,,
1791079200000,771.3,1791080099999,1791376157436,legacy_historical,,,,,,,,,
1791080100000,771.30536784,1791080999999,1791376157436,legacy_historical,,,,,,,,,
1791081000000,771.38,1791081899999,1791376157436,legacy_historical,,,,,,,,,
1791081900000,771.38567956,1791082799999,1791376157436,legacy_historical,,,,,,,,,
1791082800000,771.6,1791083699999,1791376157436,legacy_historical,,,,,,,,,
1791083700000,771.60689918,1791084599999,1791376157436,legacy_historical,,,,,,,,,
1791084600000,771.5756322,1791085499999,1791376157436,legacy_historical,,,,,,,,,
1791085500000,771.63,1791086399999,1791376157436,legacy_historical,,,,,,,,,
1791086400000,771.33136906,1791087299999,1791376157436,legacy_historical,,,,,,,,,
1791087300000,771.34,1791088199999,1791376157436,legacy_historical,,,,,,,,,
1791088200000,771.36420342,1791089099999,1791376157436,legacy_historical,,,,,,,,,
1791089100000,771.53658345,1791089999999,1791376157436,legacy_historical,,,,,,,,,
1791090000000,771.5158526,1791090899999,1791376157436,legacy_historical,,,,,,,,,
1791090900000,771.51543936,1791091799999,1791376157436,legacy_historical,,,,,,,,,
1791091800000,771.6,1791092699999,1791376157436,legacy_historical,,,,,,,,,
1791092700000,771.64,1791093599999,1791376157436,legacy_historical,,,,,,,,,
1791093600000,771.44,1791094499999,1791376157436,legacy_historical,,,,,,,,,
1791094500000,771.30238651,1791095399999,1791376157436,legacy_historical,,,,,,,,,
1791095400000,771.37,1791096299999,1791376157436,legacy_historical,,,,,,,,,
1791096300000,771.73474592,1791097199999,1791376157436,legacy_historical,,,,,,,,,
1791097200000,771.58583611,1791098099999,1791376157436,legacy_historical,,,,,,,,,
1791098100000,771.0,1791098999999,1791376157436,legacy_historical,,,,,,,,,
1791099000000,771.11213653,1791099899999,1791376157436,legacy_historical,,,,,,,,,
1791099900000,770.95,1791100799999,1791376157436,legacy_historical,,,,,,,,,
1791100800000,771.01375502,1791101699999,1791376157436,legacy_historical,,,,,,,,,
1791101700000,770.90247716,1791102599999,1791376157436,legacy_historical,,,,,,,,,
1791102600000,770.92,1791103499999,1791376157436,legacy_historical,,,,,,,,,
1791103500000,770.98483753,1791104399999,1791376157436,legacy_historical,,,,,,,,,
1791104400000,771.01,1791105299999,1791376157436,legacy_historical,,,,,,,,,
1791105300000,771.25,1791106199999,1791376157436,legacy_historical,,,,,,,,,
1791106200000,771.24671761,1791107099999,1791376157436,legacy_historical,,,,,,,,,
1791107100000,771.46,1791107999999,1791376157436,legacy_historical,,,,,,,,,
1791108000000,771.42664345,1791108899999,1791376157436,legacy_historical,,,,,,,,,
1791108900000,771.44603549,1791109799999,1791376157436,legacy_historical,,,,,,,,,
1791109800000,771.34,1791110699999,1791376157436,legacy_historical,,,,,,,,,
1791110700000,771.35475055,1791111599999,1791376157436,legacy_historical,,,,,,,,,
1791111600000,771.46,1791112499999,1791376157436,legacy_historical,,,,,,,,,
1791112500000,771.43069106,1791113399999,1791376157436,legacy_historical,,,,,,,,,
1791113400000,771.51,1791114299999,1791376157436,legacy_historical,,,,,,,,,
1791114300000,771.33,1791115199999,1791376157436,legacy_historical,,,,,,,,,
1791115200000,771.44583937,1791116099999,1791376157436,legacy_historical,,,,,,,,,
1791116100000,771.5774363,1791116999999,1791376157436,legacy_historical,,,,,,,,,
1791117000000,771.47,1791117899999,1791376157436,legacy_historical,,,,,,,,,
1791117900000,771.41,1791118799999,1791376157436,legacy_historical,,,,,,,,,
1791118800000,771.35,1791119699999,1791376157436,legacy_historical,,,,,,,,,
1791119700000,771.33,1791120599999,1791376157436,legacy_historical,,,,,,,,,
1791120600000,771.44,1791121499999,1791376157436,legacy_historical,,,,,,,,,
1791121500000,771.48,1791122399999,1791376157436,legacy_historical,,,,,,,,,
1791122400000,771.4,1791123299999,1791376157436,legacy_historical,,,,,,,,,
1791123300000,771.27330245,1791124199999,1791376157436,legacy_historical,,,,,,,,,
1791124200000,771.19,1791125099999,1791376157436,legacy_historical,,,,,,,,,
1791125100000,771.24,1791125999999,1791376157436,legacy_historical,,,,,,,,,
1791126000000,771.39679108,1791126899999,1791376157436,legacy_historical,,,,,,,,,
1791126900000,771.34561639,1791127799999,1791376157436,legacy_historical,,,,,,,,,
1791127800000,771.30454944,1791128699999,1791376157436,legacy_historical,,,,,,,,,
1791128700000,771.45761593,1791129599999,1791376157436,legacy_historical,,,,,,,,,
1791129600000,771.33,1791130499999,1791376157436,legacy_historical,,,,,,,,,
1791130500000,771.15,1791131399999,1791376157436,legacy_historical,,,,,,,,,
1791131400000,771.18,1791132299999,1791376157436,legacy_historical,,,,,,,,,
1791132300000,771.11,1791133199999,1791376157436,legacy_historical,,,,,,,,,
1791133200000,771.07355087,1791134099999,1791376157436,legacy_historical,,,,,,,,,
1791134100000,771.12741179,1791134999999,1791376157436,legacy_historical,,,,,,,,,
1791135000000,771.14,1791135899999,1791376157436,legacy_historical,,,,,,,,,
1791135900000,771.26675877,1791136799999,1791376157436,legacy_historical,,,,,,,,,
1791136800000,771.37117752,1791137699999,1791376157436,legacy_historical,,,,,,,,,
1791137700000,771.29973287,1791138599999,1791376157436,legacy_historical,,,,,,,,,
1791138600000,771.11563952,1791139499999,1791376157436,legacy_historical,,,,,,,,,
1791139500000,771.19,1791140399999,1791376157436,legacy_historical,,,,,,,,,
1791140400000,771.23,1791141299999,1791376157436,legacy_historical,,,,,,,,,
1791141300000,771.26,1791142199999,1791376157436,legacy_historical,,,,,,,,,
1791142200000,771.33280994,1791143099999,1791376157436,legacy_historical,,,,,,,,,
1791143100000,771.4682528,1791143999999,1791376157436,legacy_historical,,,,,,,,,
1791144000000,771.45651506,1791144899999,1791376157436,legacy_historical,,,,,,,,,
1791144900000,771.54,1791145799999,1791376157436,legacy_historical,,,,,,,,,
1791145800000,771.67,1791146699999,1791376157436,legacy_historical,,,,,,,,,
1791146700000,771.81,1791147599999,1791376157436,legacy_historical,,,,,,,,,
1791147600000,771.58,1791148499999,1791376157436,legacy_historical,,,,,,,,,
1791148500000,771.64513098,1791149399999,1791376157436,legacy_historical,,,,,,,,,
1791149400000,771.59,1791150299999,1791376157436,legacy_historical,,,,,,,,,
1791150300000,771.51375352,1791151199999,1791376157436,legacy_historical,,,,,,,,,
1791151200000,770.9469063,1791152099999,1791376157436,legacy_historical,,,,,,,,,
1791152100000,770.96105524,1791152999999,1791376157436,legacy_historical,,,,,,,,,
1791153000000,771.27,1791153899999,1791376157436,legacy_historical,,,,,,,,,
1791153900000,771.35,1791154799999,1791376157436,legacy_historical,,,,,,,,,
1791154800000,771.29583955,1791155699999,1791376157436,legacy_historical,,,,,,,,,
1791155700000,771.28517165,1791156599999,1791376157436,legacy_historical,,,,,,,,,
1791156600000,771.37,1791157499999,1791376157436,legacy_historical,,,,,,,,,
1791157500000,771.13,1791158399999,1791376157436,legacy_historical,,,,,,,,,
1791158400000,771.03,1791159299999,1791376157436,legacy_historical,,,,,,,,,
1791159300000,770.82176945,1791160199999,1791376157436,legacy_historical,,,,,,,,,
1791160200000,771.15,1791161099999,1791376157436,legacy_historical,,,,,,,,,
1791161100000,771.21,1791161999999,1791376157436,legacy_historical,,,,,,,,,
1791162000000,771.26,1791162899999,1791376157436,legacy_historical,,,,,,,,,
1791162900000,771.37388538,1791163799999,1791376157436,legacy_historical,,,,,,,,,
1791163800000,771.38774269,1791164699999,1791376157436,legacy_historical,,,,,,,,,
1791164700000,771.16,1791165599999,1791376157436,legacy_historical,,,,,,,,,
1791165600000,770.98,1791166499999,1791376157436,legacy_historical,,,,,,,,,
1791166500000,771.03,1791167399999,1791376157436,legacy_historical,,,,,,,,,
1791167400000,770.63,1791168299999,1791376157436,legacy_historical,,,,,,,,,
1791168300000,770.21063368,1791169199999,1791376157436,legacy_historical,,,,,,,,,
1791169200000,769.9986569,1791170099999,1791376157436,legacy_historical,,,,,,,,,
1791170100000,770.1015676,1791170999999,1791376157436,legacy_historical,,,,,,,,,
1791171000000,769.84,1791171899999,1791376157436,legacy_historical,,,,,,,,,
1791171900000,769.39344769,1791172799999,1791376157436,legacy_historical,,,,,,,,,
1791172800000,769.47,1791173699999,1791376157436,legacy_historical,,,,,,,,,
1791173700000,769.22,1791174599999,1791376157436,legacy_historical,,,,,,,,,
1791174600000,769.23,1791175499999,1791376157436,legacy_historical,,,,,,,,,
1791175500000,769.25,1791176399999,1791376157436,legacy_historical,,,,,,,,,
1791176400000,769.32,1791177299999,1791376157436,legacy_historical,,,,,,,,,
1791177300000,769.0899023,1791178199999,1791376157436,legacy_historical,,,,,,,,,
1791178200000,768.95,1791179099999,1791376157436,legacy_historical,,,,,,,,,
1791179100000,769.09536871,1791179999999,1791376157436,legacy_historical,,,,,,,,,
1791180000000,769.7738831,1791180899999,1791376157436,legacy_historical,,,,,,,,,
1791180900000,769.28135452,1791181799999,1791376157436,legacy_historical,,,,,,,,,
1791181800000,768.98474842,1791182699999,1791376157436,legacy_historical,,,,,,,,,
1791182700000,769.41523569,1791183599999,1791376157436,legacy_historical,,,,,,,,,
1791183600000,769.39140279,1791184499999,1791376157436,legacy_historical,,,,,,,,,
1791184500000,768.82332092,1791185399999,1791376157436,legacy_historical,,,,,,,,,
1791185400000,769.06697232,1791186299999,1791376157436,legacy_historical,,,,,,,,,
1791186300000,769.18,1791187199999,1791376157436,legacy_historical,,,,,,,,,
1791187200000,769.92391533,1791188099999,1791376157436,legacy_historical,,,,,,,,,
1791188100000,770.01,1791188999999,1791376157436,legacy_historical,,,,,,,,,
1791189000000,769.24,1791189899999,1791376157436,legacy_historical,,,,,,,,,
1791189900000,769.45,1791190799999,1791376157436,legacy_historical,,,,,,,,,
1791190800000,769.4,1791191699999,1791376157436,legacy_historical,,,,,,,,,
1791191700000,769.05,1791192599999,1791376157436,legacy_historical,,,,,,,,,
1791192600000,768.61,1791193499999,1791376157436,legacy_historical,,,,,,,,,
1791193500000,768.60767147,1791194399999,1791376157436,legacy_historical,,,,,,,,,
1791194400000,768.76199191,1791195299999,1791376157436,legacy_historical,,,,,,,,,
1791195300000,768.65,1791196199999,1791376157436,legacy_historical,,,,,,,,,
1791196200000,768.64358359,1791197099999,1791376157436,legacy_historical,,,,,,,,,
1791197100000,769.32714967,1791197999999,1791376157436,legacy_historical,,,,,,,,,
1791198000000,769.14,1791198899999,1791376157436,legacy_historical,,,,,,,,,
1791198900000,770.1,1791199799999,1791376157436,legacy_historical,,,,,,,,,
1791199800000,769.52573952,1791200699999,1791376157436,legacy_historical,,,,,,,,,
1791200700000,769.81,1791201599999,1791376157436,legacy_historical,,,,,,,,,
1791201600000,770.12,1791202499999,1791376157436,legacy_historical,,,,,,,,,
1791202500000,769.86,1791203399999,1791376157436,legacy_historical,,,,,,,,,
1791203400000,769.24,1791204299999,1791376157436,legacy_historical,,,,,,,,,
1791204300000,769.04,1791205199999,1791376157436,legacy_historical,,,,,,,,,
1791205200000,769.33,1791206099999,1791376157436,legacy_historical,,,,,,,,,
1791206100000,770.06,1791206999999,1791376157436,legacy_historical,,,,,,,,,
1791207000000,771.02,1791207899999,1791376157436,legacy_historical,,,,,,,,,
1791207900000,771.09,1791208799999,1791376157436,legacy_historical,,,,,,,,,
1791208800000,772.25978815,1791209699999,1791376157436,legacy_historical,,,,,,,,,
1791209700000,773.07,1791210599999,1791376157436,legacy_historical,,,,,,,,,
1791210600000,772.66,1791211499999,1791376157436,legacy_historical,,,,,,,,,
1791211500000,773.16,1791212399999,1791376157436,legacy_historical,,,,,,,,,
1791212400000,772.91,1791213299999,1791376157436,legacy_historical,,,,,,,,,
1791213300000,773.19891439,1791214199999,1791376157436,legacy_historical,,,,,,,,,
1791214200000,773.59965605,1791215099999,1791376157436,legacy_historical,,,,,,,,,
1791215100000,773.65,1791215999999,1791376157436,legacy_historical,,,,,,,,,
1791216000000,773.57,1791216899999,1791376157436,legacy_historical,,,,,,,,,
1791216900000,773.97,1791217799999,1791376157436,legacy_historical,,,,,,,,,
1791217800000,774.54085107,1791218699999,1791376157436,legacy_historical,,,,,,,,,
1791218700000,774.28128379,1791219599999,1791376157436,legacy_historical,,,,,,,,,
1791219600000,774.44,1791220499999,1791376157436,legacy_historical,,,,,,,,,
1791220500000,774.62,1791221399999,1791376157436,legacy_historical,,,,,,,,,
1791221400000,775.07,1791222299999,1791376157436,legacy_historical,,,,,,,,,
1791222300000,774.93989303,1791223199999,1791376157436,legacy_historical,,,,,,,,,
1791223200000,774.96,1791224099999,1791376157436,legacy_historical,,,,,,,,,
1791224100000,775.36,1791224999999,1791376157436,legacy_historical,,,,,,,,,
1791225000000,775.31,1791225899999,1791376157436,legacy_historical,,,,,,,,,
1791225900000,775.72314615,1791226799999,1791376157436,legacy_historical,,,,,,,,,
1791226800000,776.32,1791227699999,1791376157436,legacy_historical,,,,,,,,,
1791227700000,776.27,1791228599999,1791376157436,legacy_historical,,,,,,,,,
1791228600000,775.86377949,1791229499999,1791376157436,legacy_historical,,,,,,,,,
1791229500000,774.93925833,1791230399999,1791376157436,legacy_historical,,,,,,,,,
1791230400000,775.36090679,1791231299999,1791376157436,legacy_historical,,,,,,,,,
1791231300000,775.29895442,1791232199999,1791376157436,legacy_historical,,,,,,,,,
1791232200000,775.36,1791233099999,1791376157436,legacy_historical,,,,,,,,,
1791233100000,775.43708955,1791233999999,1791376157436,legacy_historical,,,,,,,,,
1791234000000,775.47,1791234899999,1791376157436,legacy_historical,,,,,,,,,
1791234900000,775.29842765,1791235799999,1791376157436,legacy_historical,,,,,,,,,
1791235800000,775.37671497,1791236699999,1791376157436,legacy_historical,,,,,,,,,
1791236700000,775.44911915,1791237599999,1791376157436,legacy_historical,,,,,,,,,
1791237600000,775.67,1791238499999,1791376157436,legacy_historical,,,,,,,,,
1791238500000,775.7772927,1791239399999,1791376157436,legacy_historical,,,,,,,,,
1791239400000,775.41,1791240299999,1791376157436,legacy_historical,,,,,,,,,
1791240300000,775.39,1791241199999,1791376157436,legacy_historical,,,,,,,,,
1791241200000,775.53,1791242099999,1791376157436,legacy_historical,,,,,,,,,
1791242100000,775.49,1791242999999,1791376157436,legacy_historical,,,,,,,,,
1791243000000,775.46208363,1791243899999,1791376157436,legacy_historical,,,,,,,,,
1791243900000,775.25,1791244799999,1791376157436,legacy_historical,,,,,,,,,
1791244800000,775.39390752,1791245699999,1791376157436,rest,775.25,775.53,775.07976993,0.0,0.0,900.0,0.0,0.0,0.0
1791245700000,775.4,1791246599999,1791376157436,rest,775.4035832,775.64285968,775.35958179,0.0,0.0,900.0,0.0,0.0,0.0
1791246600000,775.58719547,1791247499999,1791376157436,rest,775.4,775.7211252,775.30509773,0.0,0.0,900.0,0.0,0.0,0.0
1791247500000,775.73401003,1791248399999,1791376157436,rest,775.58560082,775.73695978,775.57778138,0.0,0.0,900.0,0.0,0.0,0.0
1791248400000,775.82,1791249299999,1791376157436,rest,775.73656151,775.98,775.68967937,0.0,0.0,900.0,0.0,0.0,0.0
1791249300000,775.53955537,1791250199999,1791376157436,rest,775.82,775.82,775.35045347,0.0,0.0,900.0,0.0,0.0,0.0
1791250200000,775.42,1791251099999,1791376157436,rest,775.54,775.62,775.27147708,0.0,0.0,900.0,0.0,0.0,0.0
1791251100000,775.39,1791251999999,1791376157436,rest,775.42,775.49,775.30191395,0.0,0.0,900.0,0.0,0.0,0.0
1791252000000,775.33,1791252899999,1791376157436,rest,775.39,775.41,775.21439762,0.0,0.0,900.0,0.0,0.0,0.0
1791252900000,775.46450774,1791253799999,1791376157436,rest,775.33,775.56,775.33,0.0,0.0,900.0,0.0,0.0,0.0
1791253800000,775.39299824,1791254699999,1791376157436,rest,775.46135435,775.48628493,775.16127167,0.0,0.0,900.0,0.0,0.0,0.0
1791254700000,775.41,1791255599999,1791376157436,rest,775.4,775.5,775.27646355,0.0,0.0,900.0,0.0,0.0,0.0
1791255600000,775.66,1791256499999,1791376157436,rest,775.41,775.69,775.41,0.0,0.0,900.0,0.0,0.0,0.0
1791256500000,775.6751061,1791257399999,1791376157436,rest,775.66,775.81715514,775.61701949,0.0,0.0,900.0,0.0,0.0,0.0
1791257400000,775.58962021,1791258299999,1791376157436,rest,775.67347617,775.7,775.46706729,0.0,0.0,900.0,0.0,0.0,0.0
1791258300000,775.53101029,1791259199999,1791376157436,rest,775.58,775.62453844,775.49129986,0.0,0.0,900.0,0.0,0.0,0.0
1791259200000,775.67,1791260099999,1791376157436,rest,775.53381622,775.8291062,775.51036481,0.0,0.0,900.0,0.0,0.0,0.0
1791260100000,775.73161417,1791260999999,1791376157436,rest,775.66,775.82,775.56979146,0.0,0.0,900.0,0.0,0.0,0.0
1791261000000,775.63719336,1791261899999,1791376157436,rest,775.72956072,775.74,775.54276491,0.0,0.0,900.0,0.0,0.0,0.0
1791261900000,775.63206297,1791262799999,1791376157436,rest,775.63775463,775.66,775.5329359,0.0,0.0,900.0,0.0,0.0,0.0
1791262800000,775.73,1791263699999,1791376157436,rest,775.64215592,775.76,775.6,0.0,0.0,900.0,0.0,0.0,0.0
1791263700000,775.6,1791264599999,1791376157436,rest,775.73,775.8,775.56835181,0.0,0.0,899.0,0.0,0.0,0.0
1791264600000,775.7149371,1791265499999,1791376157436,rest,775.6,775.8031917,775.57413372,0.0,0.0,900.0,0.0,0.0,0.0
1791265500000,775.94079612,1791266399999,1791376157436,rest,775.71625245,775.96,775.68606587,0.0,0.0,900.0,0.0,0.0,0.0
1791266400000,775.97,1791267299999,1791376157436,rest,775.94375485,775.98,775.75851153,0.0,0.0,900.0,0.0,0.0,0.0
1791267300000,776.27,1791268199999,1791376157436,rest,775.97,776.48,775.96499584,0.0,0.0,900.0,0.0,0.0,0.0
1791268200000,776.35393289,1791269099999,1791376157436,rest,776.27,776.47,776.20336154,0.0,0.0,900.0,0.0,0.0,0.0
1791269100000,776.44,1791269999999,1791376157436,rest,776.35540348,776.54418865,776.33868416,0.0,0.0,900.0,0.0,0.0,0.0
1791270000000,776.54,1791270899999,1791376157436,rest,776.44,776.54,775.92229363,0.0,0.0,900.0,0.0,0.0,0.0
1791270900000,776.33242629,1791271799999,1791376157436,rest,776.53971834,776.62,776.33242629,0.0,0.0,900.0,0.0,0.0,0.0
1791271800000,776.7,1791272699999,1791376157436,rest,776.33635716,776.7,776.0093093,0.0,0.0,900.0,0.0,0.0,0.0
1791272700000,776.55,1791273599999,1791376157436,rest,776.7,776.7,776.44934102,0.0,0.0,900.0,0.0,0.0,0.0
1791273600000,776.66,1791274499999,1791376157436,rest,776.55,776.78,776.43857619,0.0,0.0,900.0,0.0,0.0,0.0
1791274500000,776.6,1791275399999,1791376157436,rest,776.64859996,776.79,776.59675123,0.0,0.0,900.0,0.0,0.0,0.0
1791275400000,776.88,1791276299999,1791376157436,rest,776.6,776.88,776.5635379,0.0,0.0,900.0,0.0,0.0,0.0
1791276300000,776.91,1791277199999,1791376157436,rest,776.88,776.93,776.79,0.0,0.0,900.0,0.0,0.0,0.0
1791277200000,776.73,1791278099999,1791376157436,rest,776.91,777.0,776.63813707,0.0,0.0,900.0,0.0,0.0,0.0
1791278100000,776.87514936,1791278999999,1791376157436,rest,776.73,776.94,776.62101481,0.0,0.0,900.0,0.0,0.0,0.0
1791279000000,776.81,1791279899999,1791376157436,rest,776.88142031,776.99018232,776.80541459,0.0,0.0,900.0,0.0,0.0,0.0
1791279900000,776.63376436,1791280799999,1791376157436,rest,776.81,776.86,776.58966815,0.0,0.0,900.0,0.0,0.0,0.0
1791280800000,776.5731847,1791281699999,1791376157436,rest,776.63207602,776.64772158,776.3418127,0.0,0.0,900.0,0.0,0.0,0.0
1791281700000,776.74,1791282599999,1791376157436,rest,776.57188389,776.81,776.50832208,0.0,0.0,900.0,0.0,0.0,0.0
1791282600000,777.08172954,1791283499999,1791376157436,rest,776.73982633,777.08172954,776.68211153,0.0,0.0,900.0,0.0,0.0,0.0
1791283500000,777.14,1791284399999,1791376157436,rest,777.08098956,777.25,777.08093546,0.0,0.0,900.0,0.0,0.0,0.0
1791284400000,777.61,1791285299999,1791376157436,rest,777.14,777.61,777.07837587,0.0,0.0,900.0,0.0,0.0,0.0
1791285300000,778.09649325,1791286199999,1791376157436,rest,777.61,778.48872571,777.61,0.0,0.0,900.0,0.0,0.0,0.0
1791286200000,778.5,1791287099999,1791376157436,rest,778.09500808,778.5,778.06865298,0.0,0.0,900.0,0.0,0.0,0.0
1791287100000,778.70548771,1791287999999,1791376157436,rest,778.5,778.73188147,778.46556101,0.0,0.0,900.0,0.0,0.0,0.0
1791288000000,778.86255812,1791288899999,1791376157436,rest,778.70145652,778.87,778.51635532,0.0,0.0,900.0,0.0,0.0,0.0
1791288900000,778.46,1791289799999,1791376157436,rest,778.86432947,778.96,778.4,0.0,0.0,900.0,0.0,0.0,0.0
1791289800000,778.16874925,1791290699999,1791376157436,rest,778.46,778.46,778.12,0.0,0.0,900.0,0.0,0.0,0.0
1791290700000,778.24,1791291599999,1791376157436,rest,778.16793417,778.32843893,777.79558783,0.0,0.0,900.0,0.0,0.0,0.0
1791291600000,778.40536825,1791292499999,1791376157436,rest,778.24,778.62,778.17,0.0,0.0,900.0,0.0,0.0,0.0
1791292500000,778.57,1791293399999,1791376157436,rest,778.41172998,778.62,778.19,0.0,0.0,900.0,0.0,0.0,0.0
1791293400000,778.9,1791294299999,1791376157436,rest,778.51,779.0,778.28337966,0.0,0.0,900.0,0.0,0.0,0.0
1791294300000,780.13870001,1791295199999,1791376157436,rest,778.91,780.28,778.75943487,0.0,0.0,900.0,0.0,0.0,0.0
1791295200000,780.29423233,1791296099999,1791376157436,rest,780.13161379,780.85042758,780.00111423,0.0,0.0,900.0,0.0,0.0,0.0
1791296100000,779.2,1791296999999,1791376157436,rest,780.28410073,780.63665888,779.2,0.0,0.0,900.0,0.0,0.0,0.0
1791297000000,780.55,1791297899999,1791376157436,rest,779.19,780.55,778.88670824,0.0,0.0,900.0,0.0,0.0,0.0
1791297900000,780.99,1791298799999,1791376157436,rest,780.55,780.99,780.0,0.0,0.0,900.0,0.0,0.0,0.0
1791298800000,781.47648341,1791299699999,1791376157436,rest,780.97112308,781.48443791,780.92,0.0,0.0,900.0,0.0,0.0,0.0
1791299700000,781.63,1791300599999,1791376157436,rest,781.48170466,781.86,781.44389721,0.0,0.0,900.0,0.0,0.0,0.0
1791300600000,781.56,1791301499999,1791376157436,rest,781.63,781.74,781.31350109,0.0,0.0,900.0,0.0,0.0,0.0
1791301500000,781.31395695,1791302399999,1791376157436,rest,781.56,781.57869102,781.26931572,0.0,0.0,900.0,0.0,0.0,0.0
1791302400000,781.21333102,1791303299999,1791376157436,rest,781.32179309,781.47,780.98263746,0.0,0.0,900.0,0.0,0.0,0.0
1791303300000,780.48993474,1791304199999,1791376157436,rest,781.20118419,781.20284232,780.48283585,0.0,0.0,900.0,0.0,0.0,0.0
1791304200000,780.66657604,1791305099999,1791376157436,rest,780.49600207,780.73,780.2823177,0.0,0.0,900.0,0.0,0.0,0.0
1791305100000,780.29766744,1791305999999,1791376157436,rest,780.67,780.74826283,780.23146179,0.0,0.0,900.0,0.0,0.0,0.0
1791306000000,779.82,1791306899999,1791376157436,rest,780.2983337,780.37174895,779.79208223,0.0,0.0,900.0,0.0,0.0,0.0
1791306900000,779.91,1791307799999,1791376157436,rest,779.82,779.91,779.13049191,0.0,0.0,900.0,0.0,0.0,0.0
1791307800000,780.22555613,1791308699999,1791376157436,rest,779.91,780.27,779.75358604,0.0,0.0,900.0,0.0,0.0,0.0
1791308700000,780.19,1791309599999,1791376157436,rest,780.22898463,780.52,779.94940733,0.0,0.0,900.0,0.0,0.0,0.0
1791309600000,780.53,1791310499999,1791376157436,rest,780.19,780.66,780.16366129,0.0,0.0,900.0,0.0,0.0,0.0
1791310500000,780.26,1791311399999,1791376157436,rest,780.53,780.55909493,780.12688845,0.0,0.0,900.0,0.0,0.0,0.0
1791311400000,780.19,1791312299999,1791376157436,rest,780.26,780.4,780.07354864,0.0,0.0,900.0,0.0,0.0,0.0
1791312300000,780.43,1791313199999,1791376157436,rest,780.19,780.45,780.12,0.0,0.0,900.0,0.0,0.0,0.0
1791313200000,780.17,1791314099999,1791376157436,rest,780.43,780.53432372,780.10710174,0.0,0.0,900.0,0.0,0.0,0.0
1791314100000,779.93,1791314999999,1791376157436,rest,780.17,780.19,779.83284396,0.0,0.0,900.0,0.0,0.0,0.0
1791315000000,779.79,1791315899999,1791376157436,rest,779.93,780.04,779.7259454,0.0,0.0,900.0,0.0,0.0,0.0
1791315900000,779.58,1791316799999,1791376157436,rest,779.79,779.86,779.44,0.0,0.0,900.0,0.0,0.0,0.0
1791316800000,779.77573665,1791317699999,1791376157436,rest,779.54,779.82,779.52900531,0.0,0.0,900.0,0.0,0.0,0.0
1791317700000,779.99044085,1791318599999,1791376157436,rest,779.77611544,780.0,779.76213682,0.0,0.0,900.0,0.0,0.0,0.0
1791318600000,779.95613464,1791319499999,1791376157436,rest,779.98977999,779.99679023,779.92575942,0.0,0.0,900.0,0.0,0.0,0.0
1791319500000,780.28,1791320399999,1791376157436,rest,779.95463207,780.28156382,779.92646757,0.0,0.0,900.0,0.0,0.0,0.0
1791320400000,780.08519617,1791321299999,1791376157436,rest,780.28,780.33,780.06033065,0.0,0.0,900.0,0.0,0.0,0.0
1791321300000,779.7,1791322199999,1791376157436,rest,780.08690747,780.09352533,779.57,0.0,0.0,900.0,0.0,0.0,0.0
1791322200000,780.2747936,1791323099999,1791376157436,rest,779.7,780.41,779.7,0.0,0.0,900.0,0.0,0.0,0.0
1791323100000,780.32,1791323999999,1791376157436,rest,780.28205678,780.33,780.27553596,0.0,0.0,900.0,0.0,0.0,0.0
1791324000000,780.42,1791324899999,1791376157436,rest,780.32,780.42563911,780.26,0.0,0.0,900.0,0.0,0.0,0.0
1791324900000,780.29,1791325799999,1791376157436,rest,780.42,780.42,780.28,0.0,0.0,900.0,0.0,0.0,0.0
1791325800000,780.27175846,1791326699999,1791376157436,rest,780.29,780.31668622,780.09,0.0,0.0,900.0,0.0,0.0,0.0
1791326700000,780.33,1791327599999,1791376157436,rest,780.2717869,780.39,780.24624255,0.0,0.0,900.0,0.0,0.0,0.0
1791327600000,780.39,1791328499999,1791376157436,rest,780.33674398,780.45670775,780.3324853,0.0,0.0,900.0,0.0,0.0,0.0
1791328500000,780.44658234,1791329399999,1791376157436,rest,780.39,780.47,780.35619427,0.0,0.0,900.0,0.0,0.0,0.0
1791329400000,780.34,1791330299999,1791376157436,rest,780.45,780.5,780.31735828,0.0,0.0,900.0,0.0,0.0,0.0
1791330300000,780.25764052,1791331199999,1791376157436,rest,780.34,780.35,780.25494904,0.0,0.0,900.0,0.0,0.0,0.0
1791331200000,780.41,1791332099999,1791376157436,rest,780.25847191,780.41,780.12365868,0.0,0.0,900.0,0.0,0.0,0.0
1791332100000,780.36,1791332999999,1791376157436,rest,780.41,780.43,780.28497995,0.0,0.0,900.0,0.0,0.0,0.0
1791333000000,780.44679812,1791333899999,1791376157436,rest,780.36,780.51,780.32381391,0.0,0.0,900.0,0.0,0.0,0.0
1791333900000,780.3115621,1791334799999,1791376157436,rest,780.46,780.55,780.22451234,0.0,0.0,900.0,0.0,0.0,0.0
1791334800000,780.30658408,1791335699999,1791376157436,rest,780.31830689,780.35,780.17074758,0.0,0.0,900.0,0.0,0.0,0.0
1791335700000,780.1598972,1791336599999,1791376157436,rest,780.31115849,780.32,780.15232758,0.0,0.0,900.0,0.0,0.0,0.0
1791336600000,780.26,1791337499999,1791376157436,rest,780.14877098,780.39128346,780.13967858,0.0,0.0,900.0,0.0,0.0,0.0
1791337500000,780.06002532,1791338399999,1791376157436,rest,780.26,780.27524008,779.86121659,0.0,0.0,900.0,0.0,0.0,0.0
1791338400000,779.72,1791339299999,1791376157436,rest,780.08,780.51653808,778.90233258,0.0,0.0,900.0,0.0,0.0,0.0
1791339300000,779.76,1791340199999,1791376157436,rest,779.72,779.80768294,779.59,0.0,0.0,900.0,0.0,0.0,0.0
1791340200000,779.87,1791341099999,1791376157436,rest,779.76,779.934053,779.76,0.0,0.0,900.0,0.0,0.0,0.0
1791341100000,779.88,1791341999999,1791376157436,rest,779.87,780.00333458,779.85993856,0.0,0.0,900.0,0.0,0.0,0.0
1791342000000,779.79,1791342899999,1791376157436,rest,779.88084929,779.99945448,779.7260465,0.0,0.0,900.0,0.0,0.0,0.0
1791342900000,779.95929232,1791343799999,1791376157436,rest,779.79,780.00193012,779.76784686,0.0,0.0,900.0,0.0,0.0,0.0
1791343800000,780.07330374,1791344699999,1791376157436,rest,779.96021121,780.1,779.95,0.0,0.0,900.0,0.0,0.0,0.0
1791344700000,780.22760269,1791345599999,1791376157436,rest,780.07452416,780.32,780.05846135,0.0,0.0,900.0,0.0,0.0,0.0
1791345600000,780.22,1791346499999,1791376157436,rest,780.21747505,780.23,780.15,0.0,0.0,900.0,0.0,0.0,0.0
1791346500000,780.17353831,1791347399999,1791376157436,rest,780.22,780.24,780.08835185,0.0,0.0,900.0,0.0,0.0,0.0
1791347400000,780.08,1791348299999,1791376157436,rest,780.18,780.2325897,780.05209373,0.0,0.0,900.0,0.0,0.0,0.0
1791348300000,780.06,1791349199999,1791376157436,rest,780.08,780.16,780.04186099,0.0,0.0,900.0,0.0,0.0,0.0
1791349200000,780.05384807,1791350099999,1791376157436,rest,780.06,780.13324734,779.9997513,0.0,0.0,900.0,0.0,0.0,0.0
1791350100000,780.03526292,1791350999999,1791376157436,rest,780.05358488,780.06,779.83609166,0.0,0.0,900.0,0.0,0.0,0.0
1791351000000,780.02497013,1791351899999,1791376157436,rest,780.04124869,780.1,779.95405121,0.0,0.0,900.0,0.0,0.0,0.0
1791351900000,779.89491251,1791352799999,1791376157436,rest,780.04,780.11,779.89491251,0.0,0.0,900.0,0.0,0.0,0.0
1791352800000,779.74340357,1791353699999,1791376157436,rest,779.91412548,779.95,779.73053041,0.0,0.0,900.0,0.0,0.0,0.0
1791353700000,779.77,1791354599999,1791376157436,rest,779.74491419,779.78,779.64462061,0.0,0.0,900.0,0.0,0.0,0.0
1791354600000,779.69685726,1791355499999,1791376157436,rest,779.77,779.83387986,779.63558221,0.0,0.0,880.0,0.0,0.0,0.0
1791355500000,779.47565298,1791356399999,1791376157436,rest,779.69427775,779.73467103,779.42524856,0.0,0.0,900.0,0.0,0.0,0.0
1791356400000,779.54,1791357299999,1791376157436,rest,779.47483379,779.68584522,779.45473153,0.0,0.0,900.0,0.0,0.0,0.0
1791357300000,779.39,1791358199999,1791376157436,rest,779.54,779.55,779.31264041,0.0,0.0,900.0,0.0,0.0,0.0
1791358200000,779.43053687,1791359099999,1791376157436,rest,779.39,779.46407174,779.27613742,0.0,0.0,900.0,0.0,0.0,0.0
1791359100000,779.35478322,1791359999999,1791376157436,rest,779.43591703,779.46481363,779.06933182,0.0,0.0,900.0,0.0,0.0,0.0
1791360000000,779.48,1791360899999,1791376157436,rest,779.3004209,779.58755956,779.22858143,0.0,0.0,900.0,0.0,0.0,0.0
1791360900000,779.65504926,1791361799999,1791376157436,rest,779.48,779.76680632,779.42111946,0.0,0.0,900.0,0.0,0.0,0.0
1791361800000,779.74,1791362699999,1791376157436,rest,779.65367525,779.83291632,779.56,0.0,0.0,900.0,0.0,0.0,0.0
1791362700000,779.67,1791363599999,1791376157436,rest,779.74,779.79999392,779.64800298,0.0,0.0,900.0,0.0,0.0,0.0
1791363600000,779.3489097,1791364499999,1791376157436,rest,779.66661402,779.68332808,779.15208559,0.0,0.0,900.0,0.0,0.0,0.0
1791364500000,779.1,1791365399999,1791376157436,rest,779.3472949,779.36,778.8058914,0.0,0.0,900.0,0.0,0.0,0.0
1791365400000,778.5686621,1791366299999,1791376157436,rest,779.1,779.1,778.53866946,0.0,0.0,900.0,0.0,0.0,0.0
1791366300000,778.47910025,1791367199999,1791376157436,rest,778.57,778.59212609,778.18955157,0.0,0.0,900.0,0.0,0.0,0.0
1791367200000,778.57978266,1791368099999,1791376157436,rest,778.48175372,778.92577169,778.41229699,0.0,0.0,900.0,0.0,0.0,0.0
1791368100000,778.27,1791368999999,1791376157436,rest,778.57,778.58931181,778.27,0.0,0.0,900.0,0.0,0.0,0.0
1791369000000,777.81,1791369899999,1791376157436,rest,778.27,778.27,777.81,0.0,0.0,900.0,0.0,0.0,0.0
1791369900000,777.65307479,1791370799999,1791376157436,rest,777.81756852,777.8378865,777.3039119,0.0,0.0,900.0,0.0,0.0,0.0
1791370800000,777.32,1791371699999,1791376157436,rest,777.65103796,777.66,777.0079192,0.0,0.0,900.0,0.0,0.0,0.0
1791371700000,776.7,1791372599999,1791376157436,rest,777.32,777.32,776.6201437,0.0,0.0,900.0,0.0,0.0,0.0
1791372600000,776.41,1791373499999,1791376157436,rest,776.7,776.77550931,776.09618691,0.0,0.0,900.0,0.0,0.0,0.0
1791373500000,776.91,1791374399999,1791376157436,rest,776.39003866,776.93,776.19759359,0.0,0.0,900.0,0.0,0.0,0.0
1791374400000,776.90459441,1791375299999,1791376157436,rest,776.91,776.9661142,776.71,0.0,0.0,900.0,0.0,0.0,0.0
1791375300000,775.96872316,1791376199999,1791377219868,rest,776.90638937,777.01965165,775.72211014,0.0,0.0,900.0,0.0,0.0,0.0
1791376200000,776.38,1791377099999,1791377219868,rest,775.97454515,776.65,775.96050041,0.0,0.0,900.0,0.0,0.0,0.0
1791377100000,776.46439588,1791377999999,1791380668986,rest,776.38,776.64,776.15430867,0.0,0.0,900.0,0.0,0.0,0.0
1791378000000,776.23600002,1791378899999,1791380668986,rest,776.46195298,776.62,776.23314351,0.0,0.0,900.0,0.0,0.0,0.0
1791378900000,776.1,1791379799999,1791380668986,rest,776.26571104,776.46,775.73,0.0,0.0,900.0,0.0,0.0,0.0
1791379800000,775.34,1791380699999,1791381198146,rest,776.08,776.41,774.73850063,0.0,0.0,900.0,0.0,0.0,0.0
1791380700000,775.52976889,1791381599999,1791381947241,rest,775.33,775.69,774.80461801,0.0,0.0,900.0,0.0,0.0,0.0
1791381600000,774.97134237,1791382499999,1791385443337,rest,775.51,775.51,774.72,0.0,0.0,900.0,0.0,0.0,0.0
1791382500000,775.06519336,1791383399999,1791385443337,rest,774.97245492,775.60557927,774.7339841,0.0,0.0,900.0,0.0,0.0,0.0
1791383400000,774.69,1791384299999,1791385443337,rest,775.07584502,775.47,774.69,0.0,0.0,900.0,0.0,0.0,0.0
1791384300000,775.13,1791385199999,1791385443337,rest,774.7,775.18,774.433714,0.0,0.0,900.0,0.0,0.0,0.0
1791385200000,775.58,1791386099999,1791386272923,rest,775.13,775.79699359,774.52428283,0.0,0.0,900.0,0.0,0.0,0.0
