time,last,close_time,received_at,source,open,high,low,volume,quote_volume,trades,taker_buy,taker_buy_quote,ignore
1780504200000,754.04171809,1780505099999,1791376157436,legacy_historical,,,,,,,,,
1780505100000,755.0593473,1780505999999,1791376157436,legacy_historical,,,,,,,,,
1780506000000,754.27551534,1780506899999,1791376157436,legacy_historical,,,,,,,,,
1780506900000,754.63622554,1780507799999,1791376157436,legacy_historical,,,,,,,,,
1780507800000,755.21798592,1780508699999,1791376157436,legacy_historical,,,,,,,,,
1780508700000,755.56365805,1780509599999,1791376157436,legacy_historical,,,,,,,,,
1780509600000,755.29205107,1780510499999,1791376157436,legacy_historical,,,,,,,,,
1780510500000,755.96424878,1780511399999,1791376157436,legacy_historical,,,,,,,,,
1780511400000,755.70899046,1780512299999,1791376157436,legacy_historical,,,,,,,,,
1780512300000,755.5958369,1780513199999,1791376157436,legacy_historical,,,,,,,,,
1780513200000,755.01674432,1780514099999,1791376157436,legacy_historical,,,,,,,,,
1780514100000,754.79767417,1780514999999,1791376157436,legacy_historical,,,,,,,,,
1780515000000,755.31712461,1780515899999,1791376157436,legacy_historical,,,,,,,,,
1780515900000,754.35570713,1780516799999,1791376157436,legacy_historical,,,,,,,,,
1780516800000,754.10062815,1780517699999,1791376157436,legacy_historical,,,,,,,,,
1780517700000,753.01447823,1780518599999,1791376157436,legacy_historical,,,,,,,,,
1780518600000,751.51114843,1780519499999,1791376157436,legacy_historical,,,,,,,,,
1780519500000,751.8797296,1780520399999,1791376157436,legacy_historical,,,,,,,,,
1780520400000,751.37937691,1780521299999,1791376157436,legacy_historical,,,,,,,,,
1780521300000,751.03503846,1780522199999,1791376157436,legacy_historical,,,,,,,,,
1780522200000,750.41319444,1780523099999,1791376157436,legacy_historical,,,,,,,,,
1780523100000,750.85635169,1780523999999,1791376157436,legacy_historical,,,,,,,,,
1780524000000,751.07398029,1780524899999,1791376157436,legacy_historical,,,,,,,,,
1780524900000,750.86870412,1780525799999,1791376157436,legacy_historical,,,,,,,,,
1780525800000,750.75507653,1780526699999,1791376157436,legacy_historical,,,,,,,,,
1780526700000,751.37820127,1780527599999,1791376157436,legacy_historical,,,,,,,,,
1780527600000,750.76168879,1780528499999,1791376157436,legacy_historical,,,,,,,,,
1780528500000,750.5555346,1780529399999,1791376157436,legacy_historical,,,,,,,,,
1780529400000,750.22592581,1780530299999,1791376157436,legacy_historical,,,,,,,,,
1780530300000,750.48180247,1780531199999,1791376157436,legacy_historical,,,,,,,,,
1780531200000,751.05873044,1780532099999,1791376157436,legacy_historical,,,,,,,,,
1780532100000,751.11439535,1780532999999,1791376157436,legacy_historical,,,,,,,,,
1780533000000,751.53068801,1780533899999,1791376157436,legacy_historical,,,,,,,,,
1780533900000,751.9390271,1780534799999,1791376157436,legacy_historical,,,,,,,,,
1780534800000,752.22787963,1780535699999,1791376157436,legacy_historical,,,,,,,,,
1780535700000,751.82457152,1780536599999,1791376157436,legacy_historical,,,,,,,,,
1780536600000,751.73880297,1780537499999,1791376157436,legacy_historical,,,,,,,,,
1780537500000,751.31152177,1780538399999,1791376157436,legacy_historical,,,,,,,,,
1780538400000,750.67042045,1780539299999,1791376157436,legacy_historical,,,,,,,,,
1780539300000,750.8382281,1780540199999,1791376157436,legacy_historical,,,,,,,,,
1780540200000,750.76616872,1780541099999,1791376157436,legacy_historical,,,,,,,,,
1780541100000,750.78512271,1780541999999,1791376157436,legacy_historical,,,,,,,,,
1780542000000,751.11231005,1780542899999,1791376157436,legacy_historical,,,,,,,,,
1780542900000,751.51401515,1780543799999,1791376157436,legacy_historical,,,,,,,,,
1780543800000,751.30898115,1780544699999,1791376157436,legacy_historical,,,,,,,,,
1780544700000,751.62896286,1780545599999,1791376157436,legacy_historical,,,,,,,,,
1780545600000,751.87073245,1780546499999,1791376157436,legacy_historical,,,,,,,,,
1780546500000,751.79151802,1780547399999,1791376157436,legacy_historical,,,,,,,,,
1780547400000,751.96201061,1780548299999,1791376157436,legacy_historical,,,,,,,,,
1780548300000,751.85527681,1780549199999,1791376157436,legacy_historical,,,,,,,,,
1780549200000,751.40467446,1780550099999,1791376157436,legacy_historical,,,,,,,,,
1780550100000,751.29822386,1780550999999,1791376157436,legacy_historical,,,,,,,,,
1780551000000,751.71743813,1780551899999,1791376157436,legacy_historical,,,,,,,,,
1780551900000,751.64144233,1780552799999,1791376157436,legacy_historical,,,,,,,,,
1780552800000,751.75432957,1780553699999,1791376157436,legacy_historical,,,,,,,,,
1780553700000,751.8159783,1780554599999,1791376157436,legacy_historical,,,,,,,,,
1780554600000,752.32856046,1780555499999,1791376157436,legacy_historical,,,,,,,,,
1780555500000,752.49912149,1780556399999,1791376157436,legacy_historical,,,,,,,,,
1780556400000,752.87041219,1780557299999,1791376157436,legacy_historical,,,,,,,,,
1780557300000,752.826724,1780558199999,1791376157436,legacy_historical,,,,,,,,,
1780558200000,752.66567231,1780559099999,1791376157436,legacy_historical,,,,,,,,,
1780559100000,752.63257049,1780559999999,1791376157436,legacy_historical,,,,,,,,,
1780560000000,751.62786451,1780560899999,1791376157436,legacy_historical,,,,,,,,,
1780560900000,751.61707871,1780561799999,1791376157436,legacy_historical,,,,,,,,,
1780561800000,751.66748676,1780562699999,1791376157436,legacy_historical,,,,,,,,,
1780562700000,751.36805926,1780563599999,1791376157436,legacy_historical,,,,,,,,,
1780563600000,750.6884857,1780564499999,1791376157436,legacy_historical,,,,,,,,,
1780564500000,751.28184609,1780565399999,1791376157436,legacy_historical,,,,,,,,,
1780565400000,751.73186071,1780566299999,1791376157436,legacy_historical,,,,,,,,,
1780566300000,752.0570105,1780567199999,1791376157436,legacy_historical,,,,,,,,,
1780567200000,751.64576361,1780568099999,1791376157436,legacy_historical,,,,,,,,,
1780568100000,751.16353146,1780568999999,1791376157436,legacy_historical,,,,,,,,,
1780569000000,750.86402538,1780569899999,1791376157436,legacy_historical,,,,,,,,,
1780569900000,750.64466595,1780570799999,1791376157436,legacy_historical,,,,,,,,,
1780570800000,750.999748,1780571699999,1791376157436,legacy_historical,,,,,,,,,
1780571700000,751.40446914,1780572599999,1791376157436,legacy_historical,,,,,,,,,
1780572600000,750.61187836,1780573499999,1791376157436,legacy_historical,,,,,,,,,
1780573500000,751.69478943,1780574399999,1791376157436,legacy_historical,,,,,,,,,
1780574400000,751.13567547,1780575299999,1791376157436,legacy_historical,,,,,,,,,
1780575300000,751.3694201,1780576199999,1791376157436,legacy_historical,,,,,,,,,
1780576200000,752.20927635,1780577099999,1791376157436,legacy_historical,,,,,,,,,
1780577100000,752.27174615,1780577999999,1791376157436,legacy_historical,,,,,,,,,
1780578000000,752.19679927,1780578899999,1791376157436,legacy_historical,,,,,,,,,
1780578900000,752.08847127,1780579799999,1791376157436,legacy_historical,,,,,,,,,
1780579800000,752.04072371,1780580699999,1791376157436,legacy_historical,,,,,,,,,
1780580700000,753.28648929,1780581599999,1791376157436,legacy_historical,,,,,,,,,
1780581600000,753.3483313,1780582499999,1791376157436,legacy_historical,,,,,,,,,
1780582500000,754.02871762,1780583399999,1791376157436,legacy_historical,,,,,,,,,
1780583400000,753.86762521,1780584299999,1791376157436,legacy_historical,,,,,,,,,
1780584300000,754.18759363,1780585199999,1791376157436,legacy_historical,,,,,,,,,
1780585200000,755.54605579,1780586099999,1791376157436,legacy_historical,,,,,,,,,
1780586100000,755.81969215,1780586999999,1791376157436,legacy_historical,,,,,,,,,
1780587000000,755.27051308,1780587899999,1791376157436,legacy_historical,,,,,,,,,
1780587900000,755.32312412,1780588799999,1791376157436,legacy_historical,,,,,,,,,
1780588800000,756.21843781,1780589699999,1791376157436,legacy_historical,,,,,,,,,
1780589700000,756.51186387,1780590599999,1791376157436,legacy_historical,,,,,,,,,
1780590600000,756.77221074,1780591499999,1791376157436,legacy_historical,,,,,,,,,
1780591500000,756.80016555,1780592399999,1791376157436,legacy_historical,,,,,,,,,
1780592400000,756.82570253,1780593299999,1791376157436,legacy_historical,,,,,,,,,
1780593300000,757.10760308,1780594199999,1791376157436,legacy_historical,,,,,,,,,
1780594200000,757.26214341,1780595099999,1791376157436,legacy_historical,,,,,,,,,
1780595100000,757.68070286,1780595999999,1791376157436,legacy_historical,,,,,,,,,
1780596000000,757.68244546,1780596899999,1791376157436,legacy_historical,,,,,,,,,
1780596900000,757.8356573,1780597799999,1791376157436,legacy_historical,,,,,,,,,
1780597800000,757.80267623,1780598699999,1791376157436,legacy_historical,,,,,,,,,
1780598700000,757.62573111,1780599599999,1791376157436,legacy_historical,,,,,,,,,
1780599600000,757.77467894,1780600499999,1791376157436,legacy_historical,,,,,,,,,
1780600500000,758.25398436,1780601399999,1791376157436,legacy_historical,,,,,,,,,
1780601400000,757.79235955,1780602299999,1791376157436,legacy_historical,,,,,,,,,
1780602300000,757.20819779,1780603199999,1791376157436,legacy_historical,,,,,,,,,
1780603200000,756.52706763,1780604099999,1791376157436,legacy_historical,,,,,,,,,
1780604100000,756.07857218,1780604999999,1791376157436,legacy_historical,,,,,,,,,
1780605000000,756.03695438,1780605899999,1791376157436,legacy_historical,,,,,,,,,
1780605900000,756.07584841,1780606799999,1791376157436,legacy_historical,,,,,,,,,
1780606800000,756.10377305,1780607699999,1791376157436,legacy_historical,,,,,,,,,
1780607700000,756.11301622,1780608599999,1791376157436,legacy_historical,,,,,,,,,
1780608600000,756.1087037,1780609499999,1791376157436,legacy_historical,,,,,,,,,
1780609500000,756.14945138,1780610399999,1791376157436,legacy_historical,,,,,,,,,
1780610400000,755.62783027,1780611299999,1791376157436,legacy_historical,,,,,,,,,
1780611300000,755.3500822,1780612199999,1791376157436,legacy_historical,,,,,,,,,
1780612200000,755.42622161,1780613099999,1791376157436,legacy_historical,,,,,,,,,
1780613100000,755.74657537,1780613999999,1791376157436,legacy_historical,,,,,,,,,
1780614000000,755.30476296,1780614899999,1791376157436,legacy_historical,,,,,,,,,
1780614900000,755.18744102,1780615799999,1791376157436,legacy_historical,,,,,,,,,
1780615800000,754.88597546,1780616699999,1791376157436,legacy_historical,,,,,,,,,
1780616700000,754.61768676,1780617599999,1791376157436,legacy_historical,,,,,,,,,
1780617600000,754.03311797,1780618499999,1791376157436,legacy_historical,,,,,,,,,
1780618500000,754.03849722,1780619399999,1791376157436,legacy_historical,,,,,,,,,
1780619400000,753.88336938,1780620299999,1791376157436,legacy_historical,,,,,,,,,
1780620300000,753.47142893,1780621199999,1791376157436,legacy_historical,,,,,,,,,
1780621200000,753.2413296,1780622099999,1791376157436,legacy_historical,,,,,,,,,
1780622100000,752.57795322,1780622999999,1791376157436,legacy_historical,,,,,,,,,
1780623000000,752.96358693,1780623899999,1791376157436,legacy_historical,,,,,,,,,
1780623900000,753.58012686,1780624799999,1791376157436,legacy_historical,,,,,,,,,
1780624800000,753.83568264,1780625699999,1791376157436,legacy_historical,,,,,,,,,
1780625700000,754.01547805,1780626599999,1791376157436,legacy_historical,,,,,,,,,
1780626600000,753.78005285,1780627499999,1791376157436,legacy_historical,,,,,,,,,
1780627500000,753.63496286,1780628399999,1791376157436,legacy_historical,,,,,,,,,
1780628400000,753.62850529,1780629299999,1791376157436,legacy_historical,,,,,,,,,
1780629300000,753.41807309,1780630199999,1791376157436,legacy_historical,,,,,,,,,
1780630200000,753.42657107,1780631099999,1791376157436,legacy_historical,,,,,,,,,
1780631100000,753.16021356,1780631999999,1791376157436,legacy_historical,,,,,,,,,
1780632000000,753.26854213,1780632899999,1791376157436,legacy_historical,,,,,,,,,
1780632900000,753.32506017,1780633799999,1791376157436,legacy_historical,,,,,,,,,
1780633800000,753.57906024,1780634699999,1791376157436,legacy_historical,,,,,,,,,
1780634700000,753.8842324,1780635599999,1791376157436,legacy_historical,,,,,,,,,
1780635600000,753.52130916,1780636499999,1791376157436,legacy_historical,,,,,,,,,
1780636500000,753.50416782,1780637399999,1791376157436,legacy_historical,,,,,,,,,
1780637400000,753.67587732,1780638299999,1791376157436,legacy_historical,,,,,,,,,
1780638300000,753.37689718,1780639199999,1791376157436,legacy_historical,,,,,,,,,
1780639200000,753.48966075,1780640099999,1791376157436,legacy_historical,,,,,,,,,
1780640100000,753.0710782,1780640999999,1791376157436,legacy_historical,,,,,,,,,
1780641000000,752.82163118,1780641899999,1791376157436,legacy_historical,,,,,,,,,
1780641900000,752.94666888,1780642799999,1791376157436,legacy_historical,,,,,,,,,
1780642800000,752.52255804,1780643699999,1791376157436,legacy_historical,,,,,,,,,
1780643700000,753.04690694,1780644599999,1791376157436,legacy_historical,,,,,,,,,
1780644600000,753.28166608,1780645499999,1791376157436,legacy_historical,,,,,,,,,
1780645500000,753.23083977,1780646399999,1791376157436,legacy_historical,,,,,,,,,
1780646400000,753.38025185,1780647299999,1791376157436,legacy_historical,,,,,,,,,
1780647300000,753.94348658,1780648199999,1791376157436,legacy_historical,,,,,,,,,
1780648200000,753.68052802,1780649099999,1791376157436,legacy_historical,,,,,,,,,
1780649100000,753.55902282,1780649999999,1791376157436,legacy_historical,,,,,,,,,
1780650000000,754.5274737,1780650899999,1791376157436,legacy_historical,,,,,,,,,
1780650900000,754.04502062,1780651799999,1791376157436,legacy_historical,,,,,,,,,
1780651800000,753.99597741,1780652699999,1791376157436,legacy_historical,,,,,,,,,
1780652700000,754.2589886,1780653599999,1791376157436,legacy_historical,,,,,,,,,
1780653600000,754.51501068,1780654499999,1791376157436,legacy_historical,,,,,,,,,
1780654500000,754.80329889,1780655399999,1791376157436,legacy_historical,,,,,,,,,
1780655400000,754.72298541,1780656299999,1791376157436,legacy_historical,,,,,,,,,
1780656300000,754.37494807,1780657199999,1791376157436,legacy_historical,,,,,,,,,
1780657200000,754.30336932,1780658099999,1791376157436,legacy_historical,,,,,,,,,
1780658100000,754.34527599,1780658999999,1791376157436,legacy_historical,,,,,,,,,
1780659000000,754.3246737,1780659899999,1791376157436,legacy_historical,,,,,,,,,
1780659900000,753.86786557,1780660799999,1791376157436,legacy_historical,,,,,,,,,
1780660800000,753.4804526,1780661699999,1791376157436,legacy_historical,,,,,,,,,
1780661700000,753.47273926,1780662599999,1791376157436,legacy_historical,,,,,,,,,
1780662600000,753.46039226,1780663499999,1791376157436,legacy_historical,,,,,,,,,
1780663500000,752.54070361,1780664399999,1791376157436,legacy_historical,,,,,,,,,
1780664400000,752.13924433,1780665299999,1791376157436,legacy_historical,,,,,,,,,
1780665300000,752.28876168,1780666199999,1791376157436,legacy_historical,,,,,,,,,
1780666200000,750.34231506,1780667099999,1791376157436,legacy_historical,,,,,,,,,
1780667100000,748.82640588,1780667999999,1791376157436,legacy_historical,,,,,,,,,
1780668000000,750.05283229,1780668899999,1791376157436,legacy_historical,,,,,,,,,
1780668900000,749.14375652,1780669799999,1791376157436,legacy_historical,,,,,,,,,
1780669800000,749.49641659,1780670699999,1791376157436,legacy_historical,,,,,,,,,
1780670700000,749.91273295,1780671599999,1791376157436,legacy_historical,,,,,,,,,
1780671600000,748.36166352,1780672499999,1791376157436,legacy_historical,,,,,,,,,
1780672500000,748.13623687,1780673399999,1791376157436,legacy_historical,,,,,,,,,
1780673400000,746.5357245,1780674299999,1791376157436,legacy_historical,,,,,,,,,
1780674300000,746.6347332,1780675199999,1791376157436,legacy_historical,,,,,,,,,
1780675200000,745.50118001,1780676099999,1791376157436,legacy_historical,,,,,,,,,
1780676100000,744.80074518,1780676999999,1791376157436,legacy_historical,,,,,,,,,
1780677000000,743.22619402,1780677899999,1791376157436,legacy_historical,,,,,,,,,
1780677900000,744.48830898,1780678799999,1791376157436,legacy_historical,,,,,,,,,
1780678800000,743.39638892,1780679699999,1791376157436,legacy_historical,,,,,,,,,
1780679700000,744.00960215,1780680599999,1791376157436,legacy_historical,,,,,,,,,
1780680600000,743.79704373,1780681499999,1791376157436,legacy_historical,,,,,,,,,
1780681500000,744.64446205,1780682399999,1791376157436,legacy_historical,,,,,,,,,
1780682400000,742.1880582,1780683299999,1791376157436,legacy_historical,,,,,,,,,
1780683300000,740.93772092,1780684199999,1791376157436,legacy_historical,,,,,,,,,
1780684200000,740.06705655,1780685099999,1791376157436,legacy_historical,,,,,,,,,
1780685100000,739.23636881,1780685999999,1791376157436,legacy_historical,,,,,,,,,
1780686000000,737.20886245,1780686899999,1791376157436,legacy_historical,,,,,,,,,
1780686900000,738.30938399,1780687799999,1791376157436,legacy_historical,,,,,,,,,
1780687800000,737.80342593,1780688699999,1791376157436,legacy_historical,,,,,,,,,
1780688700000,737.89040456,1780689599999,1791376157436,legacy_historical,,,,,,,,,
1780689600000,734.35198004,1780690499999,1791376157436,legacy_historical,,,,,,,,,
1780690500000,734.46622586,1780691399999,1791376157436,legacy_historical,,,,,,,,,
1780691400000,733.98027979,1780692299999,1791376157436,legacy_historical,,,,,,,,,
1780692300000,734.5434648,1780693199999,1791376157436,legacy_historical,,,,,,,,,
1780693200000,734.71529816,1780694099999,1791376157436,legacy_historical,,,,,,,,,
1780694100000,735.35244637,1780694999999,1791376157436,legacy_historical,,,,,,,,,
1780695000000,735.30688779,1780695899999,1791376157436,legacy_historical,,,,,,,,,
1780695900000,735.23576389,1780696799999,1791376157436,legacy_historical,,,,,,,,,
1780696800000,735.32629745,1780697699999,1791376157436,legacy_historical,,,,,,,,,
1780697700000,736.29133333,1780698599999,1791376157436,legacy_historical,,,,,,,,,
1780698600000,735.73862789,1780699499999,1791376157436,legacy_historical,,,,,,,,,
1780699500000,736.54656541,1780700399999,1791376157436,legacy_historical,,,,,,,,,
1780700400000,736.72667185,1780701299999,1791376157436,legacy_historical,,,,,,,,,
1780701300000,736.37593708,1780702199999,1791376157436,legacy_historical,,,,,,,,,
1780702200000,735.96918125,1780703099999,1791376157436,legacy_historical,,,,,,,,,
1780703100000,735.68481139,1780703999999,1791376157436,legacy_historical,,,,,,,,,
1780704000000,736.40799455,1780704899999,1791376157436,legacy_historical,,,,,,,,,
1780704900000,737.68736959,1780705799999,1791376157436,legacy_historical,,,,,,,,,
1780705800000,738.5527455,1780706699999,1791376157436,legacy_historical,,,,,,,,,
1780706700000,738.8682542,1780707599999,1791376157436,legacy_historical,,,,,,,,,
1780707600000,738.71334982,1780708499999,1791376157436,legacy_historical,,,,,,,,,
1780708500000,738.06877296,1780709399999,1791376157436,legacy_historical,,,,,,,,,
1780709400000,737.01586868,1780710299999,1791376157436,legacy_historical,,,,,,,,,
1780710300000,735.72456839,1780711199999,1791376157436,legacy_historical,,,,,,,,,
1780711200000,734.85338097,1780712099999,1791376157436,legacy_historical,,,,,,,,,
1780712100000,734.03275395,1780712999999,1791376157436,legacy_historical,,,,,,,,,
1780713000000,732.98377765,1780713899999,1791376157436,legacy_historical,,,,,,,,,
1780713900000,731.93124732,1780714799999,1791376157436,legacy_historical,,,,,,,,,
1780714800000,731.60168398,1780715699999,1791376157436,legacy_historical,,,,,,,,,
1780715700000,731.7922127,1780716599999,1791376157436,legacy_historical,,,,,,,,,
1780716600000,732.58706664,1780717499999,1791376157436,legacy_historical,,,,,,,,,
1780717500000,733.48697829,1780718399999,1791376157436,legacy_historical,,,,,,,,,
1780718400000,733.87877527,1780719299999,1791376157436,legacy_historical,,,,,,,,,
1780719300000,733.2789495,1780720199999,1791376157436,legacy_historical,,,,,,,,,
1780720200000,731.99791242,1780721099999,1791376157436,legacy_historical,,,,,,,,,
1780721100000,731.04693721,1780721999999,1791376157436,legacy_historical,,,,,,,,,
1780722000000,730.83705299,1780722899999,1791376157436,legacy_historical,,,,,,,,,
1780722900000,731.25207887,1780723799999,1791376157436,legacy_historical,,,,,,,,,
1780723800000,731.49963634,1780724699999,1791376157436,legacy_historical,,,,,,,,,
1780724700000,731.93156909,1780725599999,1791376157436,legacy_historical,,,,,,,,,
1780725600000,732.63328432,1780726499999,1791376157436,legacy_historical,,,,,,,,,
1780726500000,733.40012049,1780727399999,1791376157436,legacy_historical,,,,,,,,,
1780727400000,733.98590828,1780728299999,1791376157436,legacy_historical,,,,,,,,,
1780728300000,734.32478249,1780729199999,1791376157436,legacy_historical,,,,,,,,,
1780729200000,734.16361807,1780730099999,1791376157436,legacy_historical,,,,,,,,,
1780730100000,734.23197449,1780730999999,1791376157436,legacy_historical,,,,,,,,,
1780731000000,733.94104771,1780731899999,1791376157436,legacy_historical,,,,,,,,,
1780731900000,733.20962023,1780732799999,1791376157436,legacy_historical,,,,,,,,,
1780732800000,732.6967888,1780733699999,1791376157436,legacy_historical,,,,,,,,,
1780733700000,732.87476752,1780734599999,1791376157436,legacy_historical,,,,,,,,,
1780734600000,732.34817072,1780735499999,1791376157436,legacy_historical,,,,,,,,,
1780735500000,732.64550787,1780736399999,1791376157436,legacy_historical,,,,,,,,,
1780736400000,733.13855848,1780737299999,1791376157436,legacy_historical,,,,,,,,,
1780737300000,733.69126743,1780738199999,1791376157436,legacy_historical,,,,,,,,,
1780738200000,734.07837613,1780739099999,1791376157436,legacy_historical,,,,,,,,,
1780739100000,734.1259647,1780739999999,1791376157436,legacy_historical,,,,,,,,,
1780740000000,733.75827819,1780740899999,1791376157436,legacy_historical,,,,,,,,,
1780740900000,733.23414225,1780741799999,1791376157436,legacy_historical,,,,,,,,,
1780741800000,733.28494944,1780742699999,1791376157436,legacy_historical,,,,,,,,,
1780742700000,733.54016204,1780743599999,1791376157436,legacy_historical,,,,,,,,,
1780743600000,733.87167132,1780744499999,1791376157436,legacy_historical,,,,,,,,,
1780744500000,734.09828598,1780745399999,1791376157436,legacy_historical,,,,,,,,,
1780745400000,734.25013052,1780746299999,1791376157436,legacy_historical,,,,,,,,,
1780746300000,734.29742276,1780747199999,1791376157436,legacy_historical,,,,,,,,,
1780747200000,734.77402224,1780748099999,1791376157436,legacy_historical,,,,,,,,,
1780748100000,735.57428545,1780748999999,1791376157436,legacy_historical,,,,,,,,,
1780749000000,736.11839056,1780749899999,1791376157436,legacy_historical,,,,,,,,,
1780749900000,736.81125551,1780750799999,1791376157436,legacy_historical,,,,,,,,,
1780750800000,737.37884338,1780751699999,1791376157436,legacy_historical,,,,,,,,,
1780751700000,737.86605034,1780752599999,1791376157436,legacy_historical,,,,,,,,,
1780752600000,737.96480994,1780753499999,1791376157436,legacy_historical,,,,,,,,,
1780753500000,737.92369026,1780754399999,1791376157436,legacy_historical,,,,,,,,,
1780754400000,737.77236239,1780755299999,1791376157436,legacy_historical,,,,,,,,,
1780755300000,737.73805507,1780756199999,1791376157436,legacy_historical,,,,,,,,,
1780756200000,737.90605625,1780757099999,1791376157436,legacy_historical,,,,,,,,,
1780757100000,737.93434857,1780757999999,1791376157436,legacy_historical,,,,,,,,,
1780758000000,737.67863188,1780758899999,1791376157436,legacy_historical,,,,,,,,,
1780758900000,737.51427874,1780759799999,1791376157436,legacy_historical,,,,,,,,,
1780759800000,737.46509501,1780760699999,1791376157436,legacy_historical,,,,,,,,,
1780760700000,737.42865687,1780761599999,1791376157436,legacy_historical,,,,,,,,,
1780761600000,737.49004412,1780762499999,1791376157436,legacy_historical,,,,,,,,,
1780762500000,737.63679225,1780763399999,1791376157436,legacy_historical,,,,,,,,,
1780763400000,737.78595497,1780764299999,1791376157436,legacy_historical,,,,,,,,,
1780764300000,738.04183733,1780765199999,1791376157436,legacy_historical,,,,,,,,,
1780765200000,737.88720273,1780766099999,1791376157436,legacy_historical,,,,,,,,,
1780766100000,737.3312577,1780766999999,1791376157436,legacy_historical,,,,,,,,,
1780767000000,736.4444034,1780767899999,1791376157436,legacy_historical,,,,,,,,,
1780767900000,735.9197911,1780768799999,1791376157436,legacy_historical,,,,,,,,,
1780768800000,735.77138548,1780769699999,1791376157436,legacy_historical,,,,,,,,,
1780769700000,735.82994208,1780770599999,1791376157436,legacy_historical,,,,,,,,,
1780770600000,735.94625823,1780771499999,1791376157436,legacy_historical,,,,,,,,,
1780771500000,736.18612382,1780772399999,1791376157436,legacy_historical,,,,,,,,,
1780772400000,736.54917317,1780773299999,1791376157436,legacy_historical,,,,,,,,,
1780773300000,736.78412043,1780774199999,1791376157436,legacy_historical,,,,,,,,,
1780774200000,737.00301252,1780775099999,1791376157436,legacy_historical,,,,,,,,,
1780775100000,737.1979728,1780775999999,1791376157436,legacy_historical,,,,,,,,,
1780776000000,737.27314245,1780776899999,1791376157436,legacy_historical,,,,,,,,,
1780776900000,737.3701447,1780777799999,1791376157436,legacy_historical,,,,,,,,,
1780777800000,737.63235207,1780778699999,1791376157436,legacy_historical,,,,,,,,,
1780778700000,737.77973185,1780779599999,1791376157436,legacy_historical,,,,,,,,,
1780779600000,737.79967216,1780780499999,1791376157436,legacy_historical,,,,,,,,,
1780780500000,737.73590051,1780781399999,1791376157436,legacy_historical,,,,,,,,,
1780781400000,737.52051924,1780782299999,1791376157436,legacy_historical,,,,,,,,,
1780782300000,737.10883413,1780783199999,1791376157436,legacy_historical,,,,,,,,,
1780783200000,736.639034,1780784099999,1791376157436,legacy_historical,,,,,,,,,
1780784100000,736.3079158,1780784999999,1791376157436,legacy_historical,,,,,,,,,
1780785000000,736.10750047,1780785899999,1791376157436,legacy_historical,,,,,,,,,
1780785900000,736.31965588,1780786799999,1791376157436,legacy_historical,,,,,,,,,
1780786800000,736.65553999,1780787699999,1791376157436,legacy_historical,,,,,,,,,
1780787700000,736.93069537,1780788599999,1791376157436,legacy_historical,,,,,,,,,
1780788600000,737.18723797,1780789499999,1791376157436,legacy_historical,,,,,,,,,
1780789500000,737.52957386,1780790399999,1791376157436,legacy_historical,,,,,,,,,
1780790400000,737.74139936,1780791299999,1791376157436,legacy_historical,,,,,,,,,
1780791300000,737.76323884,1780792199999,1791376157436,legacy_historical,,,,,,,,,
1780792200000,737.63371879,1780793099999,1791376157436,legacy_historical,,,,,,,,,
1780793100000,737.46931004,1780793999999,1791376157436,legacy_historical,,,,,,,,,
1780794000000,737.43984896,1780794899999,1791376157436,legacy_historical,,,,,,,,,
1780794900000,737.68591843,1780795799999,1791376157436,legacy_historical,,,,,,,,,
1780795800000,738.11815783,1780796699999,1791376157436,legacy_historical,,,,,,,,,
1780796700000,738.29473911,1780797599999,1791376157436,legacy_historical,,,,,,,,,
1780797600000,738.36397242,1780798499999,1791376157436,legacy_historical,,,,,,,,,
1780798500000,738.48366605,1780799399999,1791376157436,legacy_historical,,,,,,,,,
1780799400000,738.38616798,1780800299999,1791376157436,legacy_historical,,,,,,,,,
1780800300000,738.35874948,1780801199999,1791376157436,legacy_historical,,,,,,,,,
1780801200000,738.42328289,1780802099999,1791376157436,legacy_historical,,,,,,,,,
1780802100000,738.45768386,1780802999999,1791376157436,legacy_historical,,,,,,,,,
1780803000000,738.65744956,1780803899999,1791376157436,legacy_historical,,,,,,,,,
1780803900000,738.70225718,1780804799999,1791376157436,legacy_historical,,,,,,,,,
1780804800000,738.69358109,1780805699999,1791376157436,legacy_historical,,,,,,,,,
1780805700000,738.82698467,1780806599999,1791376157436,legacy_historical,,,,,,,,,
1780806600000,738.95539894,1780807499999,1791376157436,legacy_historical,,,,,,,,,
1780807500000,739.13952196,1780808399999,1791376157436,legacy_historical,,,,,,,,,
1780808400000,739.03301213,1780809299999,1791376157436,legacy_historical,,,,,,,,,
1780809300000,739.04878032,1780810199999,1791376157436,legacy_historical,,,,,,,,,
1780810200000,739.06045353,1780811099999,1791376157436,legacy_historical,,,,,,,,,
1780811100000,739.1420486,1780811999999,1791376157436,legacy_historical,,,,,,,,,
1780812000000,739.08950366,1780812899999,1791376157436,legacy_historical,,,,,,,,,
1780812900000,739.28484853,1780813799999,1791376157436,legacy_historical,,,,,,,,,
1780813800000,739.33068825,1780814699999,1791376157436,legacy_historical,,,,,,,,,
1780814700000,739.42850231,1780815599999,1791376157436,legacy_historical,,,,,,,,,
1780815600000,739.36971752,1780816499999,1791376157436,legacy_historical,,,,,,,,,
1780816500000,739.40245377,1780817399999,1791376157436,legacy_historical,,,,,,,,,
1780817400000,739.32997968,1780818299999,1791376157436,legacy_historical,,,,,,,,,
1780818300000,739.28896685,1780819199999,1791376157436,legacy_historical,,,,,,,,,
1780819200000,739.28610764,1780820099999,1791376157436,legacy_historical,,,,,,,,,
1780820100000,739.31049425,1780820999999,1791376157436,legacy_historical,,,,,,,,,
1780821000000,739.30076955,1780821899999,1791376157436,legacy_historical,,,,,,,,,
1780821900000,739.38787541,1780822799999,1791376157436,legacy_historical,,,,,,,,,
1780822800000,739.33033868,1780823699999,1791376157436,legacy_historical,,,,,,,,,
1780823700000,739.19272519,1780824599999,1791376157436,legacy_historical,,,,,,,,,
1780824600000,738.70281089,1780825499999,1791376157436,legacy_historical,,,,,,,,,
1780825500000,738.17863982,1780826399999,1791376157436,legacy_historical,,,,,,,,,
1780826400000,737.39711756,1780827299999,1791376157436,legacy_historical,,,,,,,,,
1780827300000,737.12273813,1780828199999,1791376157436,legacy_historical,,,,,,,,,
1780828200000,737.16446685,1780829099999,1791376157436,legacy_historical,,,,,,,,,
1780829100000,737.30758171,1780829999999,1791376157436,legacy_historical,,,,,,,,,
1780830000000,737.4550965,1780830899999,1791376157436,legacy_historical,,,,,,,,,
1780830900000,737.25576374,1780831799999,1791376157436,legacy_historical,,,,,,,,,
1780831800000,737.07624885,1780832699999,1791376157436,legacy_historical,,,,,,,,,
1780832700000,737.07997597,1780833599999,1791376157436,legacy_historical,,,,,,,,,
1780833600000,736.63027963,1780834499999,1791376157436,legacy_historical,,,,,,,,,
1780834500000,736.1224094,1780835399999,1791376157436,legacy_historical,,,,,,,,,
1780835400000,735.68576154,1780836299999,1791376157436,legacy_historical,,,,,,,,,
1780836300000,735.47748958,1780837199999,1791376157436,legacy_historical,,,,,,,,,
1780837200000,735.35941179,1780838099999,1791376157436,legacy_historical,,,,,,,,,
1780838100000,735.23830219,1780838999999,1791376157436,legacy_historical,,,,,,,,,
1780839000000,735.46609938,1780839899999,1791376157436,legacy_historical,,,,,,,,,
1780839900000,736.41988436,1780840799999,1791376157436,legacy_historical,,,,,,,,,
1780840800000,737.02521075,1780841699999,1791376157436,legacy_historical,,,,,,,,,
1780841700000,737.18096378,1780842599999,1791376157436,legacy_historical,,,,,,,,,
1780842600000,737.17195079,1780843499999,1791376157436,legacy_historical,,,,,,,,,
1780843500000,736.88121836,1780844399999,1791376157436,legacy_historical,,,,,,,,,
1780844400000,736.7858696,1780845299999,1791376157436,legacy_historical,,,,,,,,,
1780845300000,736.7172699,1780846199999,1791376157436,legacy_historical,,,,,,,,,
1780846200000,736.84451638,1780847099999,1791376157436,legacy_historical,,,,,,,,,
1780847100000,736.96049351,1780847999999,1791376157436,legacy_historical,,,,,,,,,
1780848000000,736.91105577,1780848899999,1791376157436,legacy_historical,,,,,,,,,
1780848900000,737.18070249,1780849799999,1791376157436,legacy_historical,,,,,,,,,
1780849800000,737.5903325,1780850699999,1791376157436,legacy_historical,,,,,,,,,
1780850700000,737.87002272,1780851599999,1791376157436,legacy_historical,,,,,,,,,
1780851600000,738.05170934,1780852499999,1791376157436,legacy_historical,,,,,,,,,
1780852500000,737.83550274,1780853399999,1791376157436,legacy_historical,,,,,,,,,
1780853400000,737.60351047,1780854299999,1791376157436,legacy_historical,,,,,,,,,
1780854300000,737.34446051,1780855199999,1791376157436,legacy_historical,,,,,,,,,
1780855200000,736.8492276,1780856099999,1791376157436,legacy_historical,,,,,,,,,
1780856100000,736.0771438,1780856999999,1791376157436,legacy_historical,,,,,,,,,
1780857000000,735.57207056,1780857899999,1791376157436,legacy_historical,,,,,,,,,
1780857900000,735.28755201,1780858799999,1791376157436,legacy_historical,,,,,,,,,
1780858800000,734.87852643,1780859699999,1791376157436,legacy_historical,,,,,,,,,
1780859700000,734.63465685,1780860599999,1791376157436,legacy_historical,,,,,,,,,
1780860600000,734.20991958,1780861499999,1791376157436,legacy_historical,,,,,,,,,
1780861500000,733.92348605,1780862399999,1791376157436,legacy_historical,,,,,,,,,
1780862400000,734.02870887,1780863299999,1791376157436,legacy_historical,,,,,,,,,
1780863300000,734.49163213,1780864199999,1791376157436,legacy_historical,,,,,,,,,
1780864200000,734.54885509,1780865099999,1791376157436,legacy_historical,,,,,,,,,
1780865100000,734.47011622,1780865999999,1791376157436,legacy_historical,,,,,,,,,
1780866000000,734.97932068,1780866899999,1791376157436,legacy_historical,,,,,,,,,
1780866900000,736.03231637,1780867799999,1791376157436,legacy_historical,,,,,,,,,
1780867800000,736.81907729,1780868699999,1791376157436,legacy_historical,,,,,,,,,
1780868700000,736.97980745,1780869599999,1791376157436,legacy_historical,,,,,,,,,
1780869600000,735.61788038,1780870499999,1791376157436,legacy_historical,,,,,,,,,
1780870500000,735.53437294,1780871399999,1791376157436,legacy_historical,,,,,,,,,
1780871400000,735.43197701,1780872299999,1791376157436,legacy_historical,,,,,,,,,
1780872300000,735.01603024,1780873199999,1791376157436,legacy_historical,,,,,,,,,
1780873200000,734.82355171,1780874099999,1791376157436,legacy_historical,,,,,,,,,
1780874100000,734.65519943,1780874999999,1791376157436,legacy_historical,,,,,,,,,
1780875000000,734.81388236,1780875899999,1791376157436,legacy_historical,,,,,,,,,
1780875900000,735.47567224,1780876799999,1791376157436,legacy_historical,,,,,,,,,
1780876800000,738.30255461,1780877699999,1791376157436,legacy_historical,,,,,,,,,
1780877700000,739.15768751,1780878599999,1791376157436,legacy_historical,,,,,,,,,
1780878600000,739.26118209,1780879499999,1791376157436,legacy_historical,,,,,,,,,
1780879500000,739.18480711,1780880399999,1791376157436,legacy_historical,,,,,,,,,
1780880400000,738.40117189,1780881299999,1791376157436,legacy_historical,,,,,,,,,
1780881300000,736.92038063,1780882199999,1791376157436,legacy_historical,,,,,,,,,
1780882200000,738.19488042,1780883099999,1791376157436,legacy_historical,,,,,,,,,
1780883100000,738.22481315,1780883999999,1791376157436,legacy_historical,,,,,,,,,
1780884000000,738.303288,1780884899999,1791376157436,legacy_historical,,,,,,,,,
1780884900000,738.50410406,1780885799999,1791376157436,legacy_historical,,,,,,,,,
1780885800000,739.37721563,1780886699999,1791376157436,legacy_historical,,,,,,,,,
1780886700000,739.1329052,1780887599999,1791376157436,legacy_historical,,,,,,,,,
1780887600000,739.29527808,1780888499999,1791376157436,legacy_historical,,,,,,,,,
1780888500000,739.34715854,1780889399999,1791376157436,legacy_historical,,,,,,,,,
1780889400000,739.28461149,1780890299999,1791376157436,legacy_historical,,,,,,,,,
1780890300000,739.31669094,1780891199999,1791376157436,legacy_historical,,,,,,,,,
1780891200000,738.90968134,1780892099999,1791376157436,legacy_historical,,,,,,,,,
1780892100000,738.80597399,1780892999999,1791376157436,legacy_historical,,,,,,,,,
1780893000000,737.87495676,1780893899999,1791376157436,legacy_historical,,,,,,,,,
1780893900000,737.8349274,1780894799999,1791376157436,legacy_historical,,,,,,,,,
1780894800000,737.45147212,1780895699999,1791376157436,legacy_historical,,,,,,,,,
1780895700000,737.88415565,1780896599999,1791376157436,legacy_historical,,,,,,,,,
1780896600000,736.63560319,1780897499999,1791376157436,legacy_historical,,,,,,,,,
1780897500000,736.84777188,1780898399999,1791376157436,legacy_historical,,,,,,,,,
1780898400000,737.13606083,1780899299999,1791376157436,legacy_historical,,,,,,,,,
1780899300000,738.4240287,1780900199999,1791376157436,legacy_historical,,,,,,,,,
1780900200000,737.80665222,1780901099999,1791376157436,legacy_historical,,,,,,,,,
1780901100000,737.9228797,1780901999999,1791376157436,legacy_historical,,,,,,,,,
1780902000000,738.68089569,1780902899999,1791376157436,legacy_historical,,,,,,,,,
1780902900000,739.77981761,1780903799999,1791376157436,legacy_historical,,,,,,,,,
1780903800000,739.95333863,1780904699999,1791376157436,legacy_historical,,,,,,,,,
1780904700000,740.03215761,1780905599999,1791376157436,legacy_historical,,,,,,,,,
1780905600000,739.53293981,1780906499999,1791376157436,legacy_historical,,,,,,,,,
1780906500000,739.39873216,1780907399999,1791376157436,legacy_historical,,,,,,,,,
1780907400000,739.10721505,1780908299999,1791376157436,legacy_historical,,,,,,,,,
1780908300000,739.02042936,1780909199999,1791376157436,legacy_historical,,,,,,,,,
1780909200000,739.1878998,1780910099999,1791376157436,legacy_historical,,,,,,,,,
1780910100000,739.36519903,1780910999999,1791376157436,legacy_historical,,,,,,,,,
1780911000000,739.96896716,1780911899999,1791376157436,legacy_historical,,,,,,,,,
1780911900000,740.27515802,1780912799999,1791376157436,legacy_historical,,,,,,,,,
1780912800000,740.080458,1780913699999,1791376157436,legacy_historical,,,,,,,,,
1780913700000,739.68649409,1780914599999,1791376157436,legacy_historical,,,,,,,,,
1780914600000,740.57175109,1780915499999,1791376157436,legacy_historical,,,,,,,,,
1780915500000,740.4242214,1780916399999,1791376157436,legacy_historical,,,,,,,,,
1780916400000,742.22623148,1780917299999,1791376157436,legacy_historical,,,,,,,,,
1780917300000,742.75943875,1780918199999,1791376157436,legacy_historical,,,,,,,,,
1780918200000,742.8115133,1780919099999,1791376157436,legacy_historical,,,,,,,,,
1780919100000,742.41387178,1780919999999,1791376157436,legacy_historical,,,,,,,,,
1780920000000,742.97465071,1780920899999,1791376157436,legacy_historical,,,,,,,,,
1780920900000,743.40121077,1780921799999,1791376157436,legacy_historical,,,,,,,,,
1780921800000,743.89526263,1780922699999,1791376157436,legacy_historical,,,,,,,,,
1780922700000,743.54033033,1780923599999,1791376157436,legacy_historical,,,,,,,,,
1780923600000,743.74445645,1780924499999,1791376157436,legacy_historical,,,,,,,,,
1780924500000,743.36888499,1780925399999,1791376157436,legacy_historical,,,,,,,,,
1780925400000,742.62903963,1780926299999,1791376157436,legacy_historical,,,,,,,,,
1780926300000,740.97243144,1780927199999,1791376157436,legacy_historical,,,,,,,,,
1780927200000,741.6790304,1780928099999,1791376157436,legacy_historical,,,,,,,,,
1780928100000,742.51445002,1780928999999,1791376157436,legacy_historical,,,,,,,,,
1780929000000,742.58257228,1780929899999,1791376157436,legacy_historical,,,,,,,,,
1780929900000,744.92718902,1780930799999,1791376157436,legacy_historical,,,,,,,,,
1780930800000,744.74732684,1780931699999,1791376157436,legacy_historical,,,,,,,,,
1780931700000,743.34042721,1780932599999,1791376157436,legacy_historical,,,,,,,,,
1780932600000,743.58760886,1780933499999,1791376157436,legacy_historical,,,,,,,,,
1780933500000,743.02855969,1780934399999,1791376157436,legacy_historical,,,,,,,,,
1780934400000,743.30583932,1780935299999,1791376157436,legacy_historical,,,,,,,,,
1780935300000,742.65921487,1780936199999,1791376157436,legacy_historical,,,,,,,,,
1780936200000,742.56819117,1780937099999,1791376157436,legacy_historical,,,,,,,,,
1780937100000,741.9567795,1780937999999,1791376157436,legacy_historical,,,,,,,,,
1780938000000,740.9227,1780938899999,1791376157436,legacy_historical,,,,,,,,,
1780938900000,741.9420375,1780939799999,1791376157436,legacy_historical,,,,,,,,,
1780939800000,740.490676,1780940699999,1791376157436,legacy_historical,,,,,,,,,
1780940700000,741.074968,1780941599999,1791376157436,legacy_historical,,,,,,,,,
1780941600000,741.2922655,1780942499999,1791376157436,legacy_historical,,,,,,,,,
1780942500000,741.9837055,1780943399999,1791376157436,legacy_historical,,,,,,,,,
1780943400000,740.914525,1780944299999,1791376157436,legacy_historical,,,,,,,,,
1780944300000,740.95665,1780945199999,1791376157436,legacy_historical,,,,,,,,,
1780945200000,739.3165395,1780946099999,1791376157436,legacy_historical,,,,,,,,,
1780946100000,739.119957,1780946999999,1791376157436,legacy_historical,,,,,,,,,
1780947000000,739.3693875,1780947899999,1791376157436,legacy_historical,,,,,,,,,
1780947900000,739.317,1780948799999,1791376157436,legacy_historical,,,,,,,,,
1780948800000,739.079568,1780949699999,1791376157436,legacy_historical,,,,,,,,,
1780949700000,738.9713,1780950599999,1791376157436,legacy_historical,,,,,,,,,
1780950600000,738.90055,1780951499999,1791376157436,legacy_historical,,,,,,,,,
1780951500000,739.0021265,1780952399999,1791376157436,legacy_historical,,,,,,,,,
1780952400000,739.0752,1780953299999,1791376157436,legacy_historical,,,,,,,,,
1780953300000,739.090982,1780954199999,1791376157436,legacy_historical,,,,,,,,,
1780954200000,738.864,1780955099999,1791376157436,legacy_historical,,,,,,,,,
1780955100000,739.13947059,1780955999999,1791376157436,legacy_historical,,,,,,,,,
1780956000000,737.51757118,1780956899999,1791376157436,legacy_historical,,,,,,,,,
1780956900000,737.35049118,1780957799999,1791376157436,legacy_historical,,,,,,,,,
1780957800000,738.119,1780958699999,1791376157436,legacy_historical,,,,,,,,,
1780958700000,738.90943294,1780959599999,1791376157436,legacy_historical,,,,,,,,,
1780959600000,739.30241176,1780960499999,1791376157436,legacy_historical,,,,,,,,,
1780960500000,738.95282353,1780961399999,1791376157436,legacy_historical,,,,,,,,,
1780961400000,739.04612824,1780962299999,1791376157436,legacy_historical,,,,,,,,,
1780962300000,738.76661941,1780963199999,1791376157436,legacy_historical,,,,,,,,,
1780963200000,737.76591176,1780964099999,1791376157436,legacy_historical,,,,,,,,,
1780964100000,737.95223529,1780964999999,1791376157436,legacy_historical,,,,,,,,,
1780965000000,737.74481706,1780965899999,1791376157436,legacy_historical,,,,,,,,,
1780965900000,737.4025,1780966799999,1791376157436,legacy_historical,,,,,,,,,
1780966800000,737.8925,1780967699999,1791376157436,legacy_historical,,,,,,,,,
1780967700000,739.217655,1780968599999,1791376157436,legacy_historical,,,,,,,,,
1780968600000,739.80961,1780969499999,1791376157436,legacy_historical,,,,,,,,,
1780969500000,739.81625,1780970399999,1791376157436,legacy_historical,,,,,,,,,
1780970400000,740.065915,1780971299999,1791376157436,legacy_historical,,,,,,,,,
1780971300000,739.8275,1780972199999,1791376157436,legacy_historical,,,,,,,,,
1780972200000,740.070155,1780973099999,1791376157436,legacy_historical,,,,,,,,,
1780973100000,740.151025,1780973999999,1791376157436,legacy_historical,,,,,,,,,
1780974000000,740.453745,1780974899999,1791376157436,legacy_historical,,,,,,,,,
1780974900000,740.34349,1780975799999,1791376157436,legacy_historical,,,,,,,,,
1780975800000,741.0575,1780976699999,1791376157436,legacy_historical,,,,,,,,,
1780976700000,740.8825,1780977599999,1791376157436,legacy_historical,,,,,,,,,
1780977600000,740.99625,1780978499999,1791376157436,legacy_historical,,,,,,,,,
1780978500000,741.15486,1780979399999,1791376157436,legacy_historical,,,,,,,,,
1780979400000,741.37125,1780980299999,1791376157436,legacy_historical,,,,,,,,,
1780980300000,741.235625,1780981199999,1791376157436,legacy_historical,,,,,,,,,
1780981200000,741.261245,1780982099999,1791376157436,legacy_historical,,,,,,,,,
1780982100000,741.09,1780982999999,1791376157436,legacy_historical,,,,,,,,,
1780983000000,741.50125,1780983899999,1791376157436,legacy_historical,,,,,,,,,
1780983900000,741.468745,1780984799999,1791376157436,legacy_historical,,,,,,,,,
1780984800000,741.688835,1780985699999,1791376157436,legacy_historical,,,,,,,,,
1780985700000,741.471245,1780986599999,1791376157436,legacy_historical,,,,,,,,,
1780986600000,741.4525,1780987499999,1791376157436,legacy_historical,,,,,,,,,
1780987500000,741.160565,1780988399999,1791376157436,legacy_historical,,,,,,,,,
1780988400000,741.6375,1780989299999,1791376157436,legacy_historical,,,,,,,,,
1780989300000,741.1475,1780990199999,1791376157436,legacy_historical,,,,,,,,,
1780990200000,741.40131,1780991099999,1791376157436,legacy_historical,,,,,,,,,
1780991100000,741.075,1780991999999,1791376157436,legacy_historical,,,,,,,,,
1780992000000,742.19817647,1780992899999,1791376157436,legacy_historical,,,,,,,,,
1780992900000,742.12743471,1780993799999,1791376157436,legacy_historical,,,,,,,,,
1780993800000,742.5426,1780994699999,1791376157436,legacy_historical,,,,,,,,,
1780994700000,742.00185,1780995599999,1791376157436,legacy_historical,,,,,,,,,
1780995600000,742.491,1780996499999,1791376157436,legacy_historical,,,,,,,,,
1780996500000,742.6168105,1780997399999,1791376157436,legacy_historical,,,,,,,,,
1780997400000,741.26641176,1780998299999,1791376157436,legacy_historical,,,,,,,,,
1780998300000,742.69291824,1780999199999,1791376157436,legacy_historical,,,,,,,,,
1780999200000,742.4797,1781000099999,1791376157436,legacy_historical,,,,,,,,,
1781000100000,742.67655,1781000999999,1791376157436,legacy_historical,,,,,,,,,
1781001000000,742.4565,1781001899999,1791376157436,legacy_historical,,,,,,,,,
1781001900000,742.8356,1781002799999,1791376157436,legacy_historical,,,,,,,,,
1781002800000,742.739209,1781003699999,1791376157436,legacy_historical,,,,,,,,,
1781003700000,742.464741,1781004599999,1791376157436,legacy_historical,,,,,,,,,
1781004600000,742.68295,1781005499999,1791376157436,legacy_historical,,,,,,,,,
1781005500000,742.1828,1781006399999,1791376157436,legacy_historical,,,,,,,,,
1781006400000,742.13935,1781007299999,1791376157436,legacy_historical,,,,,,,,,
1781007300000,742.19365,1781008199999,1791376157436,legacy_historical,,,,,,,,,
1781008200000,742.681591,1781009099999,1791376157436,legacy_historical,,,,,,,,,
1781009100000,743.2868,1781009999999,1791376157436,legacy_historical,,,,,,,,,
1781010000000,743.0256605,1781010899999,1791376157436,legacy_historical,,,,,,,,,
1781010900000,743.56845,1781011799999,1791376157436,legacy_historical,,,,,,,,,
1781011800000,745.3249,1781012699999,1791376157436,legacy_historical,,,,,,,,,
1781012700000,744.3539,1781013599999,1791376157436,legacy_historical,,,,,,,,,
1781013600000,741.5784,1781014499999,1791376157436,legacy_historical,,,,,,,,,
1781014500000,741.2084,1781015399999,1791376157436,legacy_historical,,,,,,,,,
1781015400000,738.79141282,1781016299999,1791376157436,legacy_historical,,,,,,,,,
1781016300000,737.70287811,1781017199999,1791376157436,legacy_historical,,,,,,,,,
1781017200000,737.61920774,1781018099999,1791376157436,legacy_historical,,,,,,,,,
1781018100000,730.97679973,1781018999999,1791376157436,legacy_historical,,,,,,,,,
1781019000000,731.75970422,1781019899999,1791376157436,legacy_historical,,,,,,,,,
1781019900000,729.1979952,1781020799999,1791376157436,legacy_historical,,,,,,,,,
1781020800000,728.44715472,1781021699999,1791376157436,legacy_historical,,,,,,,,,
1781021700000,727.38557531,1781022599999,1791376157436,legacy_historical,,,,,,,,,
1781022600000,724.59336481,1781023499999,1791376157436,legacy_historical,,,,,,,,,
1781023500000,726.48192197,1781024399999,1791376157436,legacy_historical,,,,,,,,,
1781024400000,728.47397424,1781025299999,1791376157436,legacy_historical,,,,,,,,,
1781025300000,730.78335383,1781026199999,1791376157436,legacy_historical,,,,,,,,,
1781026200000,733.01841322,1781027099999,1791376157436,legacy_historical,,,,,,,,,
1781027100000,732.58168596,1781027999999,1791376157436,legacy_historical,,,,,,,,,
1781028000000,733.34462691,1781028899999,1791376157436,legacy_historical,,,,,,,,,
1781028900000,735.06547083,1781029799999,1791376157436,legacy_historical,,,,,,,,,
1781029800000,734.48065135,1781030699999,1791376157436,legacy_historical,,,,,,,,,
1781030700000,736.76370641,1781031599999,1791376157436,legacy_historical,,,,,,,,,
1781031600000,735.27260809,1781032499999,1791376157436,legacy_historical,,,,,,,,,
1781032500000,734.56678808,1781033399999,1791376157436,legacy_historical,,,,,,,,,
1781033400000,733.44356288,1781034299999,1791376157436,legacy_historical,,,,,,,,,
1781034300000,737.10370778,1781035199999,1791376157436,legacy_historical,,,,,,,,,
1781035200000,736.41805612,1781036099999,1791376157436,legacy_historical,,,,,,,,,
1781036100000,736.75130347,1781036999999,1791376157436,legacy_historical,,,,,,,,,
1781037000000,736.90556908,1781037899999,1791376157436,legacy_historical,,,,,,,,,
1781037900000,736.56747845,1781038799999,1791376157436,legacy_historical,,,,,,,,,
1781038800000,736.47110037,1781039699999,1791376157436,legacy_historical,,,,,,,,,
1781039700000,735.74919167,1781040599999,1791376157436,legacy_historical,,,,,,,,,
1781040600000,735.67329568,1781041499999,1791376157436,legacy_historical,,,,,,,,,
1781041500000,735.46280778,1781042399999,1791376157436,legacy_historical,,,,,,,,,
1781042400000,735.99102062,1781043299999,1791376157436,legacy_historical,,,,,,,,,
1781043300000,735.67103574,1781044199999,1791376157436,legacy_historical,,,,,,,,,
1781044200000,735.02545194,1781045099999,1791376157436,legacy_historical,,,,,,,,,
1781045100000,734.93976339,1781045999999,1791376157436,legacy_historical,,,,,,,,,
1781046000000,734.8706901,1781046899999,1791376157436,legacy_historical,,,,,,,,,
1781046900000,734.57537004,1781047799999,1791376157436,legacy_historical,,,,,,,,,
1781047800000,734.78803037,1781048699999,1791376157436,legacy_historical,,,,,,,,,
1781048700000,735.58324818,1781049599999,1791376157436,legacy_historical,,,,,,,,,
1781049600000,736.11493915,1781050499999,1791376157436,legacy_historical,,,,,,,,,
1781050500000,736.02074519,1781051399999,1791376157436,legacy_historical,,,,,,,,,
1781051400000,734.8814939,1781052299999,1791376157436,legacy_historical,,,,,,,,,
1781052300000,736.1061524,1781053199999,1791376157436,legacy_historical,,,,,,,,,
1781053200000,736.40988733,1781054099999,1791376157436,legacy_historical,,,,,,,,,
1781054100000,736.26639716,1781054999999,1791376157436,legacy_historical,,,,,,,,,
1781055000000,735.95366893,1781055899999,1791376157436,legacy_historical,,,,,,,,,
1781055900000,735.96531477,1781056799999,1791376157436,legacy_historical,,,,,,,,,
1781056800000,735.51802022,1781057699999,1791376157436,legacy_historical,,,,,,,,,
1781057700000,735.77319245,1781058599999,1791376157436,legacy_historical,,,,,,,,,
1781058600000,735.56383532,1781059499999,1791376157436,legacy_historical,,,,,,,,,
1781059500000,735.04189077,1781060399999,1791376157436,legacy_historical,,,,,,,,,
1781060400000,735.63739714,1781061299999,1791376157436,legacy_historical,,,,,,,,,
1781061300000,735.57486002,1781062199999,1791376157436,legacy_historical,,,,,,,,,
1781062200000,734.96542344,1781063099999,1791376157436,legacy_historical,,,,,,,,,
1781063100000,735.16131429,1781063999999,1791376157436,legacy_historical,,,,,,,,,
1781064000000,734.50841177,1781064899999,1791376157436,legacy_historical,,,,,,,,,
1781064900000,734.48876471,1781065799999,1791376157436,legacy_historical,,,,,,,,,
1781065800000,733.66245761,1781066699999,1791376157436,legacy_historical,,,,,,,,,
1781066700000,733.74408133,1781067599999,1791376157436,legacy_historical,,,,,,,,,
1781067600000,733.97583379,1781068499999,1791376157436,legacy_historical,,,,,,,,,
1781068500000,734.55711869,1781069399999,1791376157436,legacy_historical,,,,,,,,,
1781069400000,734.31706438,1781070299999,1791376157436,legacy_historical,,,,,,,,,
1781070300000,734.7558327,1781071199999,1791376157436,legacy_historical,,,,,,,,,
1781071200000,735.16435642,1781072099999,1791376157436,legacy_historical,,,,,,,,,
1781072100000,734.99935206,1781072999999,1791376157436,legacy_historical,,,,,,,,,
1781073000000,735.07951395,1781073899999,1791376157436,legacy_historical,,,,,,,,,
1781073900000,734.77417172,1781074799999,1791376157436,legacy_historical,,,,,,,,,
1781074800000,735.06371909,1781075699999,1791376157436,legacy_historical,,,,,,,,,
1781075700000,734.36499555,1781076599999,1791376157436,legacy_historical,,,,,,,,,
1781076600000,734.44074187,1781077499999,1791376157436,legacy_historical,,,,,,,,,
1781077500000,734.62857579,1781078399999,1791376157436,legacy_historical,,,,,,,,,
1781078400000,733.54662436,1781079299999,1791376157436,legacy_historical,,,,,,,,,
1781079300000,733.2540668,1781080199999,1791376157436,legacy_historical,,,,,,,,,
1781080200000,731.9585959,1781081099999,1791376157436,legacy_historical,,,,,,,,,
1781081100000,731.50661807,1781081999999,1791376157436,legacy_historical,,,,,,,,,
1781082000000,730.47284646,1781082899999,1791376157436,legacy_historical,,,,,,,,,
1781082900000,731.57480448,1781083799999,1791376157436,legacy_historical,,,,,,,,,
1781083800000,731.27153068,1781084699999,1791376157436,legacy_historical,,,,,,,,,
1781084700000,731.69966379,1781085599999,1791376157436,legacy_historical,,,,,,,,,
1781085600000,731.478676,1781086499999,1791376157436,legacy_historical,,,,,,,,,
1781086500000,731.5485074,1781087399999,1791376157436,legacy_historical,,,,,,,,,
1781087400000,732.24374829,1781088299999,1791376157436,legacy_historical,,,,,,,,,
1781088300000,732.24198787,1781089199999,1791376157436,legacy_historical,,,,,,,,,
1781089200000,730.36518531,1781090099999,1791376157436,legacy_historical,,,,,,,,,
1781090100000,729.57523698,1781090999999,1791376157436,legacy_historical,,,,,,,,,
1781091000000,729.12075305,1781091899999,1791376157436,legacy_historical,,,,,,,,,
1781091900000,730.24895457,1781092799999,1791376157436,legacy_historical,,,,,,,,,
1781092800000,730.72146014,1781093699999,1791376157436,legacy_historical,,,,,,,,,
1781093700000,731.37938557,1781094599999,1791376157436,legacy_historical,,,,,,,,,
1781094600000,733.79861839,1781095499999,1791376157436,legacy_historical,,,,,,,,,
1781095500000,733.09456473,1781096399999,1791376157436,legacy_historical,,,,,,,,,
1781096400000,733.0754134,1781097299999,1791376157436,legacy_historical,,,,,,,,,
1781097300000,733.35390168,1781098199999,1791376157436,legacy_historical,,,,,,,,,
1781098200000,735.97244777,1781099099999,1791376157436,legacy_historical,,,,,,,,,
1781099100000,735.69113543,1781099999999,1791376157436,legacy_historical,,,,,,,,,
1781100000000,736.82317284,1781100899999,1791376157436,legacy_historical,,,,,,,,,
1781100900000,737.23417072,1781101799999,1791376157436,legacy_historical,,,,,,,,,
1781101800000,735.90559405,1781102699999,1791376157436,legacy_historical,,,,,,,,,
1781102700000,732.85476132,1781103599999,1791376157436,legacy_historical,,,,,,,,,
1781103600000,730.91435852,1781104499999,1791376157436,legacy_historical,,,,,,,,,
1781104500000,731.53145055,1781105399999,1791376157436,legacy_historical,,,,,,,,,
1781105400000,732.11214425,1781106299999,1791376157436,legacy_historical,,,,,,,,,
1781106300000,731.97463229,1781107199999,1791376157436,legacy_historical,,,,,,,,,
1781107200000,730.29833296,1781108099999,1791376157436,legacy_historical,,,,,,,,,
1781108100000,730.65800886,1781108999999,1791376157436,legacy_historical,,,,,,,,,
1781109000000,731.04703318,1781109899999,1791376157436,legacy_historical,,,,,,,,,
1781109900000,730.35903232,1781110799999,1791376157436,legacy_historical,,,,,,,,,
1781110800000,729.07969931,1781111699999,1791376157436,legacy_historical,,,,,,,,,
1781111700000,729.54677558,1781112599999,1791376157436,legacy_historical,,,,,,,,,
1781112600000,727.97490726,1781113499999,1791376157436,legacy_historical,,,,,,,,,
1781113500000,730.66382992,1781114399999,1791376157436,legacy_historical,,,,,,,,,
1781114400000,730.69714426,1781115299999,1791376157436,legacy_historical,,,,,,,,,
1781115300000,729.59184074,1781116199999,1791376157436,legacy_historical,,,,,,,,,
1781116200000,728.79488346,1781117099999,1791376157436,legacy_historical,,,,,,,,,
1781117100000,727.42391727,1781117999999,1791376157436,legacy_historical,,,,,,,,,
1781118000000,727.10578148,1781118899999,1791376157436,legacy_historical,,,,,,,,,
1781118900000,726.03199919,1781119799999,1791376157436,legacy_historical,,,,,,,,,
1781119800000,727.30352465,1781120699999,1791376157436,legacy_historical,,,,,,,,,
1781120700000,725.94294519,1781121599999,1791376157436,legacy_historical,,,,,,,,,
1781121600000,725.01645144,1781122499999,1791376157436,legacy_historical,,,,,,,,,
1781122500000,724.95239708,1781123399999,1791376157436,legacy_historical,,,,,,,,,
1781123400000,724.24627531,1781124299999,1791376157436,legacy_historical,,,,,,,,,
1781124300000,724.5737956,1781125199999,1791376157436,legacy_historical,,,,,,,,,
1781125200000,724.79079152,1781126099999,1791376157436,legacy_historical,,,,,,,,,
1781126100000,724.70126185,1781126999999,1791376157436,legacy_historical,,,,,,,,,
1781127000000,724.90858025,1781127899999,1791376157436,legacy_historical,,,,,,,,,
1781127900000,725.00658796,1781128799999,1791376157436,legacy_historical,,,,,,,,,
1781128800000,723.4758069,1781129699999,1791376157436,legacy_historical,,,,,,,,,
1781129700000,723.81533281,1781130599999,1791376157436,legacy_historical,,,,,,,,,
1781130600000,723.92648273,1781131499999,1791376157436,legacy_historical,,,,,,,,,
1781131500000,722.39080173,1781132399999,1791376157436,legacy_historical,,,,,,,,,
1781132400000,721.68327012,1781133299999,1791376157436,legacy_historical,,,,,,,,,
1781133300000,723.43519136,1781134199999,1791376157436,legacy_historical,,,,,,,,,
1781134200000,723.66743062,1781135099999,1791376157436,legacy_historical,,,,,,,,,
1781135100000,722.81159901,1781135999999,1791376157436,legacy_historical,,,,,,,,,
1781136000000,723.32774676,1781136899999,1791376157436,legacy_historical,,,,,,,,,
1781136900000,724.47558072,1781137799999,1791376157436,legacy_historical,,,,,,,,,
1781137800000,724.17080565,1781138699999,1791376157436,legacy_historical,,,,,,,,,
1781138700000,725.73660392,1781139599999,1791376157436,legacy_historical,,,,,,,,,
1781139600000,728.2597197,1781140499999,1791376157436,legacy_historical,,,,,,,,,
1781140500000,728.44428326,1781141399999,1791376157436,legacy_historical,,,,,,,,,
1781141400000,727.70570479,1781142299999,1791376157436,legacy_historical,,,,,,,,,
1781142300000,726.7764257,1781143199999,1791376157436,legacy_historical,,,,,,,,,
1781143200000,726.72458348,1781144099999,1791376157436,legacy_historical,,,,,,,,,
1781144100000,725.84103437,1781144999999,1791376157436,legacy_historical,,,,,,,,,
1781145000000,725.95420642,1781145899999,1791376157436,legacy_historical,,,,,,,,,
1781145900000,726.93717451,1781146799999,1791376157436,legacy_historical,,,,,,,,,
1781146800000,726.45013542,1781147699999,1791376157436,legacy_historical,,,,,,,,,
1781147700000,726.72793728,1781148599999,1791376157436,legacy_historical,,,,,,,,,
1781148600000,727.81033035,1781149499999,1791376157436,legacy_historical,,,,,,,,,
1781149500000,728.42990368,1781150399999,1791376157436,legacy_historical,,,,,,,,,
1781150400000,728.3311289,1781151299999,1791376157436,legacy_historical,,,,,,,,,
1781151300000,728.63649875,1781152199999,1791376157436,legacy_historical,,,,,,,,,
1781152200000,729.56540026,1781153099999,1791376157436,legacy_historical,,,,,,,,,
1781153100000,729.26523601,1781153999999,1791376157436,legacy_historical,,,,,,,,,
1781154000000,728.57878615,1781154899999,1791376157436,legacy_historical,,,,,,,,,
1781154900000,728.52790286,1781155799999,1791376157436,legacy_historical,,,,,,,,,
1781155800000,728.79336087,1781156699999,1791376157436,legacy_historical,,,,,,,,,
1781156700000,728.81974831,1781157599999,1791376157436,legacy_historical,,,,,,,,,
1781157600000,728.62652922,1781158499999,1791376157436,legacy_historical,,,,,,,,,
1781158500000,728.59700901,1781159399999,1791376157436,legacy_historical,,,,,,,,,
1781159400000,729.00669693,1781160299999,1791376157436,legacy_historical,,,,,,,,,
1781160300000,729.52903085,1781161199999,1791376157436,legacy_historical,,,,,,,,,
1781161200000,729.76494815,1781162099999,1791376157436,legacy_historical,,,,,,,,,
1781162100000,730.63644762,1781162999999,1791376157436,legacy_historical,,,,,,,,,
1781163000000,731.00360883,1781163899999,1791376157436,legacy_historical,,,,,,,,,
1781163900000,730.71057002,1781164799999,1791376157436,legacy_historical,,,,,,,,,
1781164800000,731.39795934,1781165699999,1791376157436,legacy_historical,,,,,,,,,
1781165700000,731.32485185,1781166599999,1791376157436,legacy_historical,,,,,,,,,
1781166600000,731.4969275,1781167499999,1791376157436,legacy_historical,,,,,,,,,
1781167500000,731.55374153,1781168399999,1791376157436,legacy_historical,,,,,,,,,
1781168400000,731.34971185,1781169299999,1791376157436,legacy_historical,,,,,,,,,
1781169300000,731.37795076,1781170199999,1791376157436,legacy_historical,,,,,,,,,
1781170200000,731.48354618,1781171099999,1791376157436,legacy_historical,,,,,,,,,
1781171100000,731.3669971,1781171999999,1791376157436,legacy_historical,,,,,,,,,
1781172000000,731.2329159,1781172899999,1791376157436,legacy_historical,,,,,,,,,
1781172900000,730.99346664,1781173799999,1791376157436,legacy_historical,,,,,,,,,
1781173800000,731.1088622,1781174699999,1791376157436,legacy_historical,,,,,,,,,
1781174700000,730.93164214,1781175599999,1791376157436,legacy_historical,,,,,,,,,
1781175600000,730.14938143,1781176499999,1791376157436,legacy_historical,,,,,,,,,
1781176500000,730.29314279,1781177399999,1791376157436,legacy_historical,,,,,,,,,
1781177400000,730.80894158,1781178299999,1791376157436,legacy_historical,,,,,,,,,
1781178300000,731.18586116,1781179199999,1791376157436,legacy_historical,,,,,,,,,
1781179200000,731.06770426,1781180099999,1791376157436,legacy_historical,,,,,,,,,
1781180100000,728.83946317,1781180999999,1791376157436,legacy_historical,,,,,,,,,
1781181000000,728.53908757,1781181899999,1791376157436,legacy_historical,,,,,,,,,
1781181900000,729.6391745,1781182799999,1791376157436,legacy_historical,,,,,,,,,
1781182800000,728.81442582,1781183699999,1791376157436,legacy_historical,,,,,,,,,
1781183700000,728.80362363,1781184599999,1791376157436,legacy_historical,,,,,,,,,
1781184600000,727.55855642,1781185499999,1791376157436,legacy_historical,,,,,,,,,
1781185500000,729.69427116,1781186399999,1791376157436,legacy_historical,,,,,,,,,
1781186400000,728.00422557,1781187299999,1791376157436,legacy_historical,,,,,,,,,
1781187300000,728.84300604,1781188199999,1791376157436,legacy_historical,,,,,,,,,
1781188200000,728.70970875,1781189099999,1791376157436,legacy_historical,,,,,,,,,
1781189100000,725.67984757,1781189999999,1791376157436,legacy_historical,,,,,,,,,
1781190000000,727.42209843,1781190899999,1791376157436,legacy_historical,,,,,,,,,
1781190900000,727.42687215,1781191799999,1791376157436,legacy_historical,,,,,,,,,
1781191800000,727.92122974,1781192699999,1791376157436,legacy_historical,,,,,,,,,
1781192700000,728.11864576,1781193599999,1791376157436,legacy_historical,,,,,,,,,
1781193600000,729.84787491,1781194499999,1791376157436,legacy_historical,,,,,,,,,
1781194500000,727.99597985,1781195399999,1791376157436,legacy_historical,,,,,,,,,
1781195400000,728.60959081,1781196299999,1791376157436,legacy_historical,,,,,,,,,
1781196300000,726.63791762,1781197199999,1791376157436,legacy_historical,,,,,,,,,
1781197200000,726.37848052,1781198099999,1791376157436,legacy_historical,,,,,,,,,
1781198100000,730.40069801,1781198999999,1791376157436,legacy_historical,,,,,,,,,
1781199000000,736.25594433,1781199899999,1791376157436,legacy_historical,,,,,,,,,
1781199900000,734.94213184,1781200799999,1791376157436,legacy_historical,,,,,,,,,
1781200800000,734.2313316,1781201699999,1791376157436,legacy_historical,,,,,,,,,
1781201700000,734.45308656,1781202599999,1791376157436,legacy_historical,,,,,,,,,
1781202600000,734.84816914,1781203499999,1791376157436,legacy_historical,,,,,,,,,
1781203500000,735.73485176,1781204399999,1791376157436,legacy_historical,,,,,,,,,
1781204400000,736.84632688,1781205299999,1791376157436,legacy_historical,,,,,,,,,
1781205300000,737.90217967,1781206199999,1791376157436,legacy_historical,,,,,,,,,
1781206200000,739.37460901,1781207099999,1791376157436,legacy_historical,,,,,,,,,
1781207100000,737.93899635,1781207999999,1791376157436,legacy_historical,,,,,,,,,
1781208000000,738.65634554,1781208899999,1791376157436,legacy_historical,,,,,,,,,
1781208900000,738.22829526,1781209799999,1791376157436,legacy_historical,,,,,,,,,
1781209800000,737.48443597,1781210699999,1791376157436,legacy_historical,,,,,,,,,
1781210700000,738.04951657,1781211599999,1791376157436,legacy_historical,,,,,,,,,
1781211600000,738.00295473,1781212499999,1791376157436,legacy_historical,,,,,,,,,
1781212500000,737.79469844,1781213399999,1791376157436,legacy_historical,,,,,,,,,
1781213400000,737.68729167,1781214299999,1791376157436,legacy_historical,,,,,,,,,
1781214300000,737.80521154,1781215199999,1791376157436,legacy_historical,,,,,,,,,
1781215200000,739.16428686,1781216099999,1791376157436,legacy_historical,,,,,,,,,
1781216100000,739.04236728,1781216999999,1791376157436,legacy_historical,,,,,,,,,
1781217000000,739.04844016,1781217899999,1791376157436,legacy_historical,,,,,,,,,
1781217900000,739.07898316,1781218799999,1791376157436,legacy_historical,,,,,,,,,
1781218800000,739.01215497,1781219699999,1791376157436,legacy_historical,,,,,,,,,
1781219700000,738.71442047,1781220599999,1791376157436,legacy_historical,,,,,,,,,
1781220600000,739.35529193,1781221499999,1791376157436,legacy_historical,,,,,,,,,
1781221500000,739.50911272,1781222399999,1791376157436,legacy_historical,,,,,,,,,
1781222400000,739.59403829,1781223299999,1791376157436,legacy_historical,,,,,,,,,
1781223300000,739.8792474,1781224199999,1791376157436,legacy_historical,,,,,,,,,
1781224200000,739.51886443,1781225099999,1791376157436,legacy_historical,,,,,,,,,
1781225100000,739.58127869,1781225999999,1791376157436,legacy_historical,,,,,,,,,
1781226000000,739.24730683,1781226899999,1791376157436,legacy_historical,,,,,,,,,
1781226900000,738.23689523,1781227799999,1791376157436,legacy_historical,,,,,,,,,
1781227800000,738.39147531,1781228699999,1791376157436,legacy_historical,,,,,,,,,
1781228700000,739.38091657,1781229599999,1791376157436,legacy_historical,,,,,,,,,
1781229600000,739.57703835,1781230499999,1791376157436,legacy_historical,,,,,,,,,
1781230500000,738.92615645,1781231399999,1791376157436,legacy_historical,,,,,,,,,
1781231400000,739.35153009,1781232299999,1791376157436,legacy_historical,,,,,,,,,
1781232300000,739.51650018,1781233199999,1791376157436,legacy_historical,,,,,,,,,
1781233200000,738.83543852,1781234099999,1791376157436,legacy_historical,,,,,,,,,
1781234100000,738.76193307,1781234999999,1791376157436,legacy_historical,,,,,,,,,
1781235000000,739.03312284,1781235899999,1791376157436,legacy_historical,,,,,,,,,
1781235900000,739.01570391,1781236799999,1791376157436,legacy_historical,,,,,,,,,
1781236800000,738.76319271,1781237699999,1791376157436,legacy_historical,,,,,,,,,
1781237700000,739.18884249,1781238599999,1791376157436,legacy_historical,,,,,,,,,
1781238600000,739.29339532,1781239499999,1791376157436,legacy_historical,,,,,,,,,
1781239500000,739.41327362,1781240399999,1791376157436,legacy_historical,,,,,,,,,
1781240400000,739.21759104,1781241299999,1791376157436,legacy_historical,,,,,,,,,
1781241300000,739.40647499,1781242199999,1791376157436,legacy_historical,,,,,,,,,
1781242200000,738.61859694,1781243099999,1791376157436,legacy_historical,,,,,,,,,
1781243100000,737.63920978,1781243999999,1791376157436,legacy_historical,,,,,,,,,
1781244000000,738.5559219,1781244899999,1791376157436,legacy_historical,,,,,,,,,
1781244900000,738.02002331,1781245799999,1791376157436,legacy_historical,,,,,,,,,
1781245800000,737.31532458,1781246699999,1791376157436,legacy_historical,,,,,,,,,
1781246700000,737.16741136,1781247599999,1791376157436,legacy_historical,,,,,,,,,
1781247600000,736.16353265,1781248499999,1791376157436,legacy_historical,,,,,,,,,
1781248500000,736.39124849,1781249399999,1791376157436,legacy_historical,,,,,,,,,
1781249400000,737.58405688,1781250299999,1791376157436,legacy_historical,,,,,,,,,
1781250300000,738.39165139,1781251199999,1791376157436,legacy_historical,,,,,,,,,
1781251200000,739.47151365,1781252099999,1791376157436,legacy_historical,,,,,,,,,
1781252100000,740.33445003,1781252999999,1791376157436,legacy_historical,,,,,,,,,
1781253000000,739.54720978,1781253899999,1791376157436,legacy_historical,,,,,,,,,
1781253900000,739.84879025,1781254799999,1791376157436,legacy_historical,,,,,,,,,
1781254800000,740.75821244,1781255699999,1791376157436,legacy_historical,,,,,,,,,
1781255700000,742.01481458,1781256599999,1791376157436,legacy_historical,,,,,,,,,
1781256600000,742.95052491,1781257499999,1791376157436,legacy_historical,,,,,,,,,
1781257500000,742.29558953,1781258399999,1791376157436,legacy_historical,,,,,,,,,
1781258400000,741.9640812,1781259299999,1791376157436,legacy_historical,,,,,,,,,
1781259300000,740.62054503,1781260199999,1791376157436,legacy_historical,,,,,,,,,
1781260200000,741.05619533,1781261099999,1791376157436,legacy_historical,,,,,,,,,
1781261100000,740.89989148,1781261999999,1791376157436,legacy_historical,,,,,,,,,
1781262000000,741.40887635,1781262899999,1791376157436,legacy_historical,,,,,,,,,
1781262900000,742.11239464,1781263799999,1791376157436,legacy_historical,,,,,,,,,
1781263800000,742.50387291,1781264699999,1791376157436,legacy_historical,,,,,,,,,
1781264700000,742.57095786,1781265599999,1791376157436,legacy_historical,,,,,,,,,
1781265600000,741.79454473,1781266499999,1791376157436,legacy_historical,,,,,,,,,
1781266500000,740.92331329,1781267399999,1791376157436,legacy_historical,,,,,,,,,
1781267400000,739.8741026,1781268299999,1791376157436,legacy_historical,,,,,,,,,
1781268300000,738.80680771,1781269199999,1791376157436,legacy_historical,,,,,,,,,
1781269200000,739.78841393,1781270099999,1791376157436,legacy_historical,,,,,,,,,
1781270100000,740.49941899,1781270999999,1791376157436,legacy_historical,,,,,,,,,
1781271000000,736.17834979,1781271899999,1791376157436,legacy_historical,,,,,,,,,
1781271900000,736.69633762,1781272799999,1791376157436,legacy_historical,,,,,,,,,
1781272800000,739.47368226,1781273699999,1791376157436,legacy_historical,,,,,,,,,
1781273700000,739.6782509,1781274599999,1791376157436,legacy_historical,,,,,,,,,
1781274600000,738.21084017,1781275499999,1791376157436,legacy_historical,,,,,,,,,
1781275500000,742.40162584,1781276399999,1791376157436,legacy_historical,,,,,,,,,
1781276400000,743.03073312,1781277299999,1791376157436,legacy_historical,,,,,,,,,
1781277300000,744.08430278,1781278199999,1791376157436,legacy_historical,,,,,,,,,
1781278200000,741.02519294,1781279099999,1791376157436,legacy_historical,,,,,,,,,
1781279100000,738.84684033,1781279999999,1791376157436,legacy_historical,,,,,,,,,
1781280000000,740.99349383,1781280899999,1791376157436,legacy_historical,,,,,,,,,
1781280900000,740.64229026,1781281799999,1791376157436,legacy_historical,,,,,,,,,
1781281800000,740.5996199,1781282699999,1791376157436,legacy_historical,,,,,,,,,
1781282700000,741.57485688,1781283599999,1791376157436,legacy_historical,,,,,,,,,
1781283600000,741.89770123,1781284499999,1791376157436,legacy_historical,,,,,,,,,
1781284500000,742.16872007,1781285399999,1791376157436,legacy_historical,,,,,,,,,
1781285400000,741.70103169,1781286299999,1791376157436,legacy_historical,,,,,,,,,
1781286300000,741.28050516,1781287199999,1791376157436,legacy_historical,,,,,,,,,
1781287200000,741.15843682,1781288099999,1791376157436,legacy_historical,,,,,,,,,
1781288100000,741.25515329,1781288999999,1791376157436,legacy_historical,,,,,,,,,
1781289000000,742.19721238,1781289899999,1791376157436,legacy_historical,,,,,,,,,
1781289900000,741.05019955,1781290799999,1791376157436,legacy_historical,,,,,,,,,
1781290800000,741.40965671,1781291699999,1791376157436,legacy_historical,,,,,,,,,
1781291700000,741.43066863,1781292599999,1791376157436,legacy_historical,,,,,,,,,
1781292600000,740.84134082,1781293499999,1791376157436,legacy_historical,,,,,,,,,
1781293500000,741.72078148,1781294399999,1791376157436,legacy_historical,,,,,,,,,
1781294400000,742.41963087,1781295299999,1791376157436,legacy_historical,,,,,,,,,
1781295300000,742.24249074,1781296199999,1791376157436,legacy_historical,,,,,,,,,
1781296200000,742.13533739,1781297099999,1791376157436,legacy_historical,,,,,,,,,
1781297100000,742.17862974,1781297999999,1791376157436,legacy_historical,,,,,,,,,
1781298000000,742.16445905,1781298899999,1791376157436,legacy_historical,,,,,,,,,
1781298900000,742.12172444,1781299799999,1791376157436,legacy_historical,,,,,,,,,
1781299800000,742.1812963,1781300699999,1791376157436,legacy_historical,,,,,,,,,
1781300700000,742.16327011,1781301599999,1791376157436,legacy_historical,,,,,,,,,
1781301600000,742.13091125,1781302499999,1791376157436,legacy_historical,,,,,,,,,
1781302500000,742.13789333,1781303399999,1791376157436,legacy_historical,,,,,,,,,
1781303400000,742.21586917,1781304299999,1791376157436,legacy_historical,,,,,,,,,
1781304300000,742.32842472,1781305199999,1791376157436,legacy_historical,,,,,,,,,
1781305200000,742.32905333,1781306099999,1791376157436,legacy_historical,,,,,,,,,
1781306100000,742.35190443,1781306999999,1791376157436,legacy_historical,,,,,,,,,
1781307000000,742.37282085,1781307899999,1791376157436,legacy_historical,,,,,,,,,
1781307900000,741.4025,1781308799999,1791376157436,legacy_historical,,,,,,,,,
1781308800000,742.20046352,1781309699999,1791376157436,legacy_historical,,,,,,,,,
1781309700000,742.61382785,1781310599999,1791376157436,legacy_historical,,,,,,,,,
1781310600000,742.83581047,1781311499999,1791376157436,legacy_historical,,,,,,,,,
1781311500000,742.84698634,1781312399999,1791376157436,legacy_historical,,,,,,,,,
1781312400000,742.74698377,1781313299999,1791376157436,legacy_historical,,,,,,,,,
1781313300000,742.54519368,1781314199999,1791376157436,legacy_historical,,,,,,,,,
1781314200000,742.4128848,1781315099999,1791376157436,legacy_historical,,,,,,,,,
1781315100000,742.57224751,1781315999999,1791376157436,legacy_historical,,,,,,,,,
1781316000000,743.25833228,1781316899999,1791376157436,legacy_historical,,,,,,,,,
1781316900000,743.95335397,1781317799999,1791376157436,legacy_historical,,,,,,,,,
1781317800000,744.4092474,1781318699999,1791376157436,legacy_historical,,,,,,,,,
1781318700000,744.47815279,1781319599999,1791376157436,legacy_historical,,,,,,,,,
1781319600000,744.37746579,1781320499999,1791376157436,legacy_historical,,,,,,,,,
1781320500000,744.18655425,1781321399999,1791376157436,legacy_historical,,,,,,,,,
1781321400000,743.9312335,1781322299999,1791376157436,legacy_historical,,,,,,,,,
1781322300000,743.72954116,1781323199999,1791376157436,legacy_historical,,,,,,,,,
1781323200000,743.50782006,1781324099999,1791376157436,legacy_historical,,,,,,,,,
1781324100000,743.12452128,1781324999999,1791376157436,legacy_historical,,,,,,,,,
1781325000000,742.5920758,1781325899999,1791376157436,legacy_historical,,,,,,,,,
1781325900000,742.07783029,1781326799999,1791376157436,legacy_historical,,,,,,,,,
1781326800000,741.83377247,1781327699999,1791376157436,legacy_historical,,,,,,,,,
1781327700000,741.7975866,1781328599999,1791376157436,legacy_historical,,,,,,,,,
1781328600000,741.83750093,1781329499999,1791376157436,legacy_historical,,,,,,,,,
1781329500000,741.912168,1781330399999,1791376157436,legacy_historical,,,,,,,,,
1781330400000,742.03052815,1781331299999,1791376157436,legacy_historical,,,,,,,,,
1781331300000,742.31839502,1781332199999,1791376157436,legacy_historical,,,,,,,,,
1781332200000,742.42556351,1781333099999,1791376157436,legacy_historical,,,,,,,,,
1781333100000,742.26895276,1781333999999,1791376157436,legacy_historical,,,,,,,,,
1781334000000,741.93435676,1781334899999,1791376157436,legacy_historical,,,,,,,,,
1781334900000,742.12890672,1781335799999,1791376157436,legacy_historical,,,,,,,,,
1781335800000,742.32288472,1781336699999,1791376157436,legacy_historical,,,,,,,,,
1781336700000,742.53424844,1781337599999,1791376157436,legacy_historical,,,,,,,,,
1781337600000,742.53225986,1781338499999,1791376157436,legacy_historical,,,,,,,,,
1781338500000,742.41533408,1781339399999,1791376157436,legacy_historical,,,,,,,,,
1781339400000,742.6014478,1781340299999,1791376157436,legacy_historical,,,,,,,,,
1781340300000,742.69140445,1781341199999,1791376157436,legacy_historical,,,,,,,,,
1781341200000,742.70303421,1781342099999,1791376157436,legacy_historical,,,,,,,,,
1781342100000,742.60292416,1781342999999,1791376157436,legacy_historical,,,,,,,,,
1781343000000,742.38737074,1781343899999,1791376157436,legacy_historical,,,,,,,,,
1781343900000,742.26234492,1781344799999,1791376157436,legacy_historical,,,,,,,,,
1781344800000,742.1931316,1781345699999,1791376157436,legacy_historical,,,,,,,,,
1781345700000,742.18908979,1781346599999,1791376157436,legacy_historical,,,,,,,,,
1781346600000,742.15245659,1781347499999,1791376157436,legacy_historical,,,,,,,,,
1781347500000,742.10368582,1781348399999,1791376157436,legacy_historical,,,,,,,,,
1781348400000,742.12193717,1781349299999,1791376157436,legacy_historical,,,,,,,,,
1781349300000,742.1609306,1781350199999,1791376157436,legacy_historical,,,,,,,,,
1781350200000,742.12944646,1781351099999,1791376157436,legacy_historical,,,,,,,,,
1781351100000,742.251842,1781351999999,1791376157436,legacy_historical,,,,,,,,,
1781352000000,742.40839327,1781352899999,1791376157436,legacy_historical,,,,,,,,,
1781352900000,742.3296991,1781353799999,1791376157436,legacy_historical,,,,,,,,,
1781353800000,742.27999316,1781354699999,1791376157436,legacy_historical,,,,,,,,,
1781354700000,742.69392196,1781355599999,1791376157436,legacy_historical,,,,,,,,,
1781355600000,742.80704303,1781356499999,1791376157436,legacy_historical,,,,,,,,,
1781356500000,742.82649001,1781357399999,1791376157436,legacy_historical,,,,,,,,,
1781357400000,742.80386055,1781358299999,1791376157436,legacy_historical,,,,,,,,,
1781358300000,742.68485282,1781359199999,1791376157436,legacy_historical,,,,,,,,,
1781359200000,742.59763127,1781360099999,1791376157436,legacy_historical,,,,,,,,,
1781360100000,742.60737484,1781360999999,1791376157436,legacy_historical,,,,,,,,,
1781361000000,742.87478303,1781361899999,1791376157436,legacy_historical,,,,,,,,,
1781361900000,743.16859151,1781362799999,1791376157436,legacy_historical,,,,,,,,,
1781362800000,743.31984094,1781363699999,1791376157436,legacy_historical,,,,,,,,,
1781363700000,743.6476569,1781364599999,1791376157436,legacy_historical,,,,,,,,,
1781364600000,743.85248393,1781365499999,1791376157436,legacy_historical,,,,,,,,,
1781365500000,743.83274717,1781366399999,1791376157436,legacy_historical,,,,,,,,,
1781366400000,743.86588856,1781367299999,1791376157436,legacy_historical,,,,,,,,,
1781367300000,743.94429679,1781368199999,1791376157436,legacy_historical,,,,,,,,,
1781368200000,743.95290759,1781369099999,1791376157436,legacy_historical,,,,,,,,,
1781369100000,743.08905232,1781369999999,1791376157436,legacy_historical,,,,,,,,,
1781370000000,742.38539532,1781370899999,1791376157436,legacy_historical,,,,,,,,,
1781370900000,741.90590279,1781371799999,1791376157436,legacy_historical,,,,,,,,,
1781371800000,741.5969751,1781372699999,1791376157436,legacy_historical,,,,,,,,,
1781372700000,741.58999292,1781373599999,1791376157436,legacy_historical,,,,,,,,,
1781373600000,741.83424227,1781374499999,1791376157436,legacy_historical,,,,,,,,,
1781374500000,742.08013937,1781375399999,1791376157436,legacy_historical,,,,,,,,,
1781375400000,742.3089043,1781376299999,1791376157436,legacy_historical,,,,,,,,,
1781376300000,742.19815657,1781377199999,1791376157436,legacy_historical,,,,,,,,,
1781377200000,742.15755954,1781378099999,1791376157436,legacy_historical,,,,,,,,,
1781378100000,742.08289969,1781378999999,1791376157436,legacy_historical,,,,,,,,,
1781379000000,742.0773981,1781379899999,1791376157436,legacy_historical,,,,,,,,,
1781379900000,742.19265467,1781380799999,1791376157436,legacy_historical,,,,,,,,,
1781380800000,742.30981628,1781381699999,1791376157436,legacy_historical,,,,,,,,,
1781381700000,742.37946352,1781382599999,1791376157436,legacy_historical,,,,,,,,,
1781382600000,742.39592663,1781383499999,1791376157436,legacy_historical,,,,,,,,,
1781383500000,742.41474417,1781384399999,1791376157436,legacy_historical,,,,,,,,,
1781384400000,742.44033416,1781385299999,1791376157436,legacy_historical,,,,,,,,,
1781385300000,742.44912737,1781386199999,1791376157436,legacy_historical,,,,,,,,,
1781386200000,742.48621555,1781387099999,1791376157436,legacy_historical,,,,,,,,,
1781387100000,742.54250108,1781387999999,1791376157436,legacy_historical,,,,,,,,,
1781388000000,742.62887304,1781388899999,1791376157436,legacy_historical,,,,,,,,,
1781388900000,742.74238561,1781389799999,1791376157436,legacy_historical,,,,,,,,,
1781389800000,742.88318864,1781390699999,1791376157436,legacy_historical,,,,,,,,,
1781390700000,742.92334147,1781391599999,1791376157436,legacy_historical,,,,,,,,,
1781391600000,742.87122357,1781392499999,1791376157436,legacy_historical,,,,,,,,,
1781392500000,742.86657755,1781393399999,1791376157436,legacy_historical,,,,,,,,,
1781393400000,742.92054928,1781394299999,1791376157436,legacy_historical,,,,,,,,,
1781394300000,742.9522733,1781395199999,1791376157436,legacy_historical,,,,,,,,,
1781395200000,742.80432988,1781396099999,1791376157436,legacy_historical,,,,,,,,,
1781396100000,742.81837536,1781396999999,1791376157436,legacy_historical,,,,,,,,,
1781397000000,742.8216625,1781397899999,1791376157436,legacy_historical,,,,,,,,,
1781397900000,742.87993228,1781398799999,1791376157436,legacy_historical,,,,,,,,,
1781398800000,743.00303812,1781399699999,1791376157436,legacy_historical,,,,,,,,,
1781399700000,742.99318852,1781400599999,1791376157436,legacy_historical,,,,,,,,,
1781400600000,742.96489066,1781401499999,1791376157436,legacy_historical,,,,,,,,,
1781401500000,743.192046,1781402399999,1791376157436,legacy_historical,,,,,,,,,
1781402400000,743.30657247,1781403299999,1791376157436,legacy_historical,,,,,,,,,
1781403300000,743.36141491,1781404199999,1791376157436,legacy_historical,,,,,,,,,
1781404200000,743.25658745,1781405099999,1791376157436,legacy_historical,,,,,,,,,
1781405100000,743.30461103,1781405999999,1791376157436,legacy_historical,,,,,,,,,
1781406000000,743.38248422,1781406899999,1791376157436,legacy_historical,,,,,,,,,
1781406900000,743.48567318,1781407799999,1791376157436,legacy_historical,,,,,,,,,
1781407800000,743.54607151,1781408699999,1791376157436,legacy_historical,,,,,,,,,
1781408700000,743.54610571,1781409599999,1791376157436,legacy_historical,,,,,,,,,
1781409600000,743.74637141,1781410499999,1791376157436,legacy_historical,,,,,,,,,
1781410500000,743.95732741,1781411399999,1791376157436,legacy_historical,,,,,,,,,
1781411400000,743.91080118,1781412299999,1791376157436,legacy_historical,,,,,,,,,
1781412300000,743.82797033,1781413199999,1791376157436,legacy_historical,,,,,,,,,
1781413200000,743.75004407,1781414099999,1791376157436,legacy_historical,,,,,,,,,
1781414100000,743.6566554,1781414999999,1791376157436,legacy_historical,,,,,,,,,
1781415000000,743.73565071,1781415899999,1791376157436,legacy_historical,,,,,,,,,
1781415900000,743.7742088,1781416799999,1791376157436,legacy_historical,,,,,,,,,
1781416800000,743.72307826,1781417699999,1791376157436,legacy_historical,,,,,,,,,
1781417700000,743.63716928,1781418599999,1791376157436,legacy_historical,,,,,,,,,
1781418600000,743.59665287,1781419499999,1791376157436,legacy_historical,,,,,,,,,
1781419500000,743.64256205,1781420399999,1791376157436,legacy_historical,,,,,,,,,
1781420400000,743.68024864,1781421299999,1791376157436,legacy_historical,,,,,,,,,
1781421300000,743.72003763,1781422199999,1791376157436,legacy_historical,,,,,,,,,
1781422200000,743.7959298,1781423099999,1791376157436,legacy_historical,,,,,,,,,
1781423100000,743.872342,1781423999999,1791376157436,legacy_historical,,,,,,,,,
1781424000000,744.0292349,1781424899999,1791376157436,legacy_historical,,,,,,,,,
1781424900000,744.18803631,1781425799999,1791376157436,legacy_historical,,,,,,,,,
1781425800000,744.44183971,1781426699999,1791376157436,legacy_historical,,,,,,,,,
1781426700000,744.61049994,1781427599999,1791376157436,legacy_historical,,,,,,,,,
1781427600000,744.72922141,1781428499999,1791376157436,legacy_historical,,,,,,,,,
1781428500000,744.7652615,1781429399999,1791376157436,legacy_historical,,,,,,,,,
1781429400000,744.83555845,1781430299999,1791376157436,legacy_historical,,,,,,,,,
1781430300000,744.89730416,1781431199999,1791376157436,legacy_historical,,,,,,,,,
1781431200000,744.91154661,1781432099999,1791376157436,legacy_historical,,,,,,,,,
1781432100000,745.11820424,1781432999999,1791376157436,legacy_historical,,,,,,,,,
1781433000000,745.41106533,1781433899999,1791376157436,legacy_historical,,,,,,,,,
1781433900000,745.48256563,1781434799999,1791376157436,legacy_historical,,,,,,,,,
1781434800000,745.55955463,1781435699999,1791376157436,legacy_historical,,,,,,,,,
1781435700000,745.619373,1781436599999,1791376157436,legacy_historical,,,,,,,,,
1781436600000,745.84266855,1781437499999,1791376157436,legacy_historical,,,,,,,,,
1781437500000,745.98176948,1781438399999,1791376157436,legacy_historical,,,,,,,,,
1781438400000,745.95505339,1781439299999,1791376157436,legacy_historical,,,,,,,,,
1781439300000,745.87769678,1781440199999,1791376157436,legacy_historical,,,,,,,,,
1781440200000,745.76505629,1781441099999,1791376157436,legacy_historical,,,,,,,,,
1781441100000,745.64295739,1781441999999,1791376157436,legacy_historical,,,,,,,,,
1781442000000,745.78038001,1781442899999,1791376157436,legacy_historical,,,,,,,,,
1781442900000,745.81336231,1781443799999,1791376157436,legacy_historical,,,,,,,,,
1781443800000,745.66363184,1781444699999,1791376157436,legacy_historical,,,,,,,,,
1781444700000,745.61859095,1781445599999,1791376157436,legacy_historical,,,,,,,,,
1781445600000,745.28776165,1781446499999,1791376157436,legacy_historical,,,,,,,,,
1781446500000,744.76769452,1781447399999,1791376157436,legacy_historical,,,,,,,,,
1781447400000,744.46611629,1781448299999,1791376157436,legacy_historical,,,,,,,,,
1781448300000,744.52099471,1781449199999,1791376157436,legacy_historical,,,,,,,,,
1781449200000,745.0548965,1781450099999,1791376157436,legacy_historical,,,,,,,,,
1781450100000,745.22942902,1781450999999,1791376157436,legacy_historical,,,,,,,,,
1781451000000,745.25417834,1781451899999,1791376157436,legacy_historical,,,,,,,,,
1781451900000,745.24392054,1781452799999,1791376157436,legacy_historical,,,,,,,,,
1781452800000,745.09623504,1781453699999,1791376157436,legacy_historical,,,,,,,,,
1781453700000,745.02983889,1781454599999,1791376157436,legacy_historical,,,,,,,,,
1781454600000,745.00860148,1781455499999,1791376157436,legacy_historical,,,,,,,,,
1781455500000,744.99498168,1781456399999,1791376157436,legacy_historical,,,,,,,,,
1781456400000,745.02669332,1781457299999,1791376157436,legacy_historical,,,,,,,,,
1781457300000,745.03397722,1781458199999,1791376157436,legacy_historical,,,,,,,,,
1781458200000,745.06181912,1781459099999,1791376157436,legacy_historical,,,,,,,,,
1781459100000,745.04523794,1781459999999,1791376157436,legacy_historical,,,,,,,,,
1781460000000,744.88221407,1781460899999,1791376157436,legacy_historical,,,,,,,,,
1781460900000,744.85934982,1781461799999,1791376157436,legacy_historical,,,,,,,,,
1781461800000,744.8318672,1781462699999,1791376157436,legacy_historical,,,,,,,,,
1781462700000,744.827005,1781463599999,1791376157436,legacy_historical,,,,,,,,,
1781463600000,744.84779101,1781464499999,1791376157436,legacy_historical,,,,,,,,,
1781464500000,744.95883128,1781465399999,1791376157436,legacy_historical,,,,,,,,,
1781465400000,744.89898336,1781466299999,1791376157436,legacy_historical,,,,,,,,,
1781466300000,744.87610937,1781467199999,1791376157436,legacy_historical,,,,,,,,,
1781467200000,744.91962719,1781468099999,1791376157436,legacy_historical,,,,,,,,,
1781468100000,745.03600468,1781468999999,1791376157436,legacy_historical,,,,,,,,,
1781469000000,745.02945949,1781469899999,1791376157436,legacy_historical,,,,,,,,,
1781469900000,745.00127909,1781470799999,1791376157436,legacy_historical,,,,,,,,,
1781470800000,745.09509504,1781471699999,1791376157436,legacy_historical,,,,,,,,,
1781471700000,745.59073552,1781472599999,1791376157436,legacy_historical,,,,,,,,,
1781472600000,746.60713277,1781473499999,1791376157436,legacy_historical,,,,,,,,,
1781473500000,748.20270133,1781474399999,1791376157436,legacy_historical,,,,,,,,,
1781474400000,748.32637876,1781475299999,1791376157436,legacy_historical,,,,,,,,,
1781475300000,748.37205456,1781476199999,1791376157436,legacy_historical,,,,,,,,,
1781476200000,748.1081442,1781477099999,1791376157436,legacy_historical,,,,,,,,,
1781477100000,748.04484889,1781477999999,1791376157436,legacy_historical,,,,,,,,,
1781478000000,747.88398873,1781478899999,1791376157436,legacy_historical,,,,,,,,,
1781478900000,747.58125855,1781479799999,1791376157436,legacy_historical,,,,,,,,,
1781479800000,747.78898727,1781480699999,1791376157436,legacy_historical,,,,,,,,,
1781480700000,747.90709847,1781481599999,1791376157436,legacy_historical,,,,,,,,,
1781481600000,749.17641111,1781482499999,1791376157436,legacy_historical,,,,,,,,,
1781482500000,749.15636966,1781483399999,1791376157436,legacy_historical,,,,,,,,,
1781483400000,748.96560983,1781484299999,1791376157436,legacy_historical,,,,,,,,,
1781484300000,749.03847161,1781485199999,1791376157436,legacy_historical,,,,,,,,,
1781485200000,749.37243786,1781486099999,1791376157436,legacy_historical,,,,,,,,,
1781486100000,749.45507915,1781486999999,1791376157436,legacy_historical,,,,,,,,,
1781487000000,749.69154749,1781487899999,1791376157436,legacy_historical,,,,,,,,,
1781487900000,749.51904992,1781488799999,1791376157436,legacy_historical,,,,,,,,,
1781488800000,749.82050252,1781489699999,1791376157436,legacy_historical,,,,,,,,,
1781489700000,750.08239421,1781490599999,1791376157436,legacy_historical,,,,,,,,,
1781490600000,750.1135714,1781491499999,1791376157436,legacy_historical,,,,,,,,,
1781491500000,750.26043234,1781492399999,1791376157436,legacy_historical,,,,,,,,,
1781492400000,750.26707617,1781493299999,1791376157436,legacy_historical,,,,,,,,,
1781493300000,750.45380798,1781494199999,1791376157436,legacy_historical,,,,,,,,,
1781494200000,750.32431867,1781495099999,1791376157436,legacy_historical,,,,,,,,,
1781495100000,750.28924277,1781495999999,1791376157436,legacy_historical,,,,,,,,,
1781496000000,750.18425105,1781496899999,1791376157436,legacy_historical,,,,,,,,,
1781496900000,750.63195887,1781497799999,1791376157436,legacy_historical,,,,,,,,,
1781497800000,750.73971087,1781498699999,1791376157436,legacy_historical,,,,,,,,,
1781498700000,751.00768648,1781499599999,1791376157436,legacy_historical,,,,,,,,,
1781499600000,751.19538522,1781500499999,1791376157436,legacy_historical,,,,,,,,,
1781500500000,751.16845901,1781501399999,1791376157436,legacy_historical,,,,,,,,,
1781501400000,751.29247251,1781502299999,1791376157436,legacy_historical,,,,,,,,,
1781502300000,751.41768647,1781503199999,1791376157436,legacy_historical,,,,,,,,,
1781503200000,751.29262166,1781504099999,1791376157436,legacy_historical,,,,,,,,,
1781504100000,751.23087074,1781504999999,1791376157436,legacy_historical,,,,,,,,,
1781505000000,750.97886081,1781505899999,1791376157436,legacy_historical,,,,,,,,,
1781505900000,750.92140263,1781506799999,1791376157436,legacy_historical,,,,,,,,,
1781506800000,750.874583,1781507699999,1791376157436,legacy_historical,,,,,,,,,
1781507700000,751.14575692,1781508599999,1791376157436,legacy_historical,,,,,,,,,
1781508600000,751.04143643,1781509499999,1791376157436,legacy_historical,,,,,,,,,
1781509500000,750.62410849,1781510399999,1791376157436,legacy_historical,,,,,,,,,
1781510400000,750.95188394,1781511299999,1791376157436,legacy_historical,,,,,,,,,
1781511300000,751.24993321,1781512199999,1791376157436,legacy_historical,,,,,,,,,
1781512200000,751.26425174,1781513099999,1791376157436,legacy_historical,,,,,,,,,
1781513100000,751.14130405,1781513999999,1791376157436,legacy_historical,,,,,,,,,
1781514000000,751.08998439,1781514899999,1791376157436,legacy_historical,,,,,,,,,
1781514900000,750.61818004,1781515799999,1791376157436,legacy_historical,,,,,,,,,
1781515800000,750.51856828,1781516699999,1791376157436,legacy_historical,,,,,,,,,
1781516700000,750.67809108,1781517599999,1791376157436,legacy_historical,,,,,,,,,
1781517600000,750.9063012,1781518499999,1791376157436,legacy_historical,,,,,,,,,
1781518500000,750.99688074,1781519399999,1791376157436,legacy_historical,,,,,,,,,
1781519400000,750.91665795,1781520299999,1791376157436,legacy_historical,,,,,,,,,
1781520300000,751.09310905,1781521199999,1791376157436,legacy_historical,,,,,,,,,
1781521200000,751.5522034,1781522099999,1791376157436,legacy_historical,,,,,,,,,
1781522100000,751.83546358,1781522999999,1791376157436,legacy_historical,,,,,,,,,
1781523000000,751.21510488,1781523899999,1791376157436,legacy_historical,,,,,,,,,
1781523900000,751.51127572,1781524799999,1791376157436,legacy_historical,,,,,,,,,
1781524800000,751.45365696,1781525699999,1791376157436,legacy_historical,,,,,,,,,
1781525700000,750.83106363,1781526599999,1791376157436,legacy_historical,,,,,,,,,
1781526600000,751.09768237,1781527499999,1791376157436,legacy_historical,,,,,,,,,
1781527500000,751.33601996,1781528399999,1791376157436,legacy_historical,,,,,,,,,
1781528400000,751.51428889,1781529299999,1791376157436,legacy_historical,,,,,,,,,
1781529300000,751.76807154,1781530199999,1791376157436,legacy_historical,,,,,,,,,
1781530200000,752.83353932,1781531099999,1791376157436,legacy_historical,,,,,,,,,
1781531100000,753.28218833,1781531999999,1791376157436,legacy_historical,,,,,,,,,
1781532000000,752.99912346,1781532899999,1791376157436,legacy_historical,,,,,,,,,
1781532900000,753.6296215,1781533799999,1791376157436,legacy_historical,,,,,,,,,
1781533800000,753.28350171,1781534699999,1791376157436,legacy_historical,,,,,,,,,
1781534700000,754.19376675,1781535599999,1791376157436,legacy_historical,,,,,,,,,
1781535600000,754.64740091,1781536499999,1791376157436,legacy_historical,,,,,,,,,
1781536500000,755.16077373,1781537399999,1791376157436,legacy_historical,,,,,,,,,
1781537400000,755.41816578,1781538299999,1791376157436,legacy_historical,,,,,,,,,
1781538300000,756.1472056,1781539199999,1791376157436,legacy_historical,,,,,,,,,
1781539200000,756.18006917,1781540099999,1791376157436,legacy_historical,,,,,,,,,
1781540100000,756.4930335,1781540999999,1791376157436,legacy_historical,,,,,,,,,
1781541000000,755.94487379,1781541899999,1791376157436,legacy_historical,,,,,,,,,
1781541900000,755.84630869,1781542799999,1791376157436,legacy_historical,,,,,,,,,
1781542800000,755.76435647,1781543699999,1791376157436,legacy_historical,,,,,,,,,
1781543700000,756.12831955,1781544599999,1791376157436,legacy_historical,,,,,,,,,
1781544600000,755.79089793,1781545499999,1791376157436,legacy_historical,,,,,,,,,
1781545500000,755.18653807,1781546399999,1791376157436,legacy_historical,,,,,,,,,
1781546400000,755.17331571,1781547299999,1791376157436,legacy_historical,,,,,,,,,
1781547300000,754.73322954,1781548199999,1791376157436,legacy_historical,,,,,,,,,
1781548200000,755.25243783,1781549099999,1791376157436,legacy_historical,,,,,,,,,
1781549100000,754.9630898,1781549999999,1791376157436,legacy_historical,,,,,,,,,
1781550000000,755.01084499,1781550899999,1791376157436,legacy_historical,,,,,,,,,
1781550900000,754.37731482,1781551799999,1791376157436,legacy_historical,,,,,,,,,
1781551800000,754.39837415,1781552699999,1791376157436,legacy_historical,,,,,,,,,
1781552700000,754.24711881,1781553599999,1791376157436,legacy_historical,,,,,,,,,
1781553600000,754.55193049,1781554499999,1791376157436,legacy_historical,,,,,,,,,
1781554500000,754.2994269,1781555399999,1791376157436,legacy_historical,,,,,,,,,
1781555400000,754.44818163,1781556299999,1791376157436,legacy_historical,,,,,,,,,
1781556300000,754.32801299,1781557199999,1791376157436,legacy_historical,,,,,,,,,
1781557200000,754.37638988,1781558099999,1791376157436,legacy_historical,,,,,,,,,
1781558100000,754.46474718,1781558999999,1791376157436,legacy_historical,,,,,,,,,
1781559000000,754.81260958,1781559899999,1791376157436,legacy_historical,,,,,,,,,
1781559900000,754.47650259,1781560799999,1791376157436,legacy_historical,,,,,,,,,
1781560800000,753.92376969,1781561699999,1791376157436,legacy_historical,,,,,,,,,
1781561700000,753.4870036,1781562599999,1791376157436,legacy_historical,,,,,,,,,
1781562600000,753.43525463,1781563499999,1791376157436,legacy_historical,,,,,,,,,
1781563500000,753.53400069,1781564399999,1791376157436,legacy_historical,,,,,,,,,
1781564400000,753.38770788,1781565299999,1791376157436,legacy_historical,,,,,,,,,
1781565300000,753.88664872,1781566199999,1791376157436,legacy_historical,,,,,,,,,
1781566200000,753.68292635,1781567099999,1791376157436,legacy_historical,,,,,,,,,
1781567100000,753.87424853,1781567999999,1791376157436,legacy_historical,,,,,,,,,
1781568000000,754.01278335,1781568899999,1791376157436,legacy_historical,,,,,,,,,
1781568900000,754.04984622,1781569799999,1791376157436,legacy_historical,,,,,,,,,
1781569800000,753.74934179,1781570699999,1791376157436,legacy_historical,,,,,,,,,
1781570700000,753.47879865,1781571599999,1791376157436,legacy_historical,,,,,,,,,
1781571600000,753.47064986,1781572499999,1791376157436,legacy_historical,,,,,,,,,
1781572500000,753.57606017,1781573399999,1791376157436,legacy_historical,,,,,,,,,
1781573400000,753.49204049,1781574299999,1791376157436,legacy_historical,,,,,,,,,
1781574300000,753.52451528,1781575199999,1791376157436,legacy_historical,,,,,,,,,
1781575200000,753.44166858,1781576099999,1791376157436,legacy_historical,,,,,,,,,
1781576100000,753.59085917,1781576999999,1791376157436,legacy_historical,,,,,,,,,
1781577000000,753.85076249,1781577899999,1791376157436,legacy_historical,,,,,,,,,
1781577900000,753.64557264,1781578799999,1791376157436,legacy_historical,,,,,,,,,
1781578800000,753.63500085,1781579699999,1791376157436,legacy_historical,,,,,,,,,
1781579700000,754.06105417,1781580599999,1791376157436,legacy_historical,,,,,,,,,
1781580600000,754.54062051,1781581499999,1791376157436,legacy_historical,,,,,,,,,
1781581500000,754.19032525,1781582399999,1791376157436,legacy_historical,,,,,,,,,
1781582400000,754.06826659,1781583299999,1791376157436,legacy_historical,,,,,,,,,
1781583300000,753.93382329,1781584199999,1791376157436,legacy_historical,,,,,,,,,
1781584200000,753.86931821,1781585099999,1791376157436,legacy_historical,,,,,,,,,
1781585100000,753.74333333,1781585999999,1791376157436,legacy_historical,,,,,,,,,
1781586000000,754.2311933,1781586899999,1791376157436,legacy_historical,,,,,,,,,
1781586900000,754.08,1781587799999,1791376157436,legacy_historical,,,,,,,,,
1781587800000,753.67695175,1781588699999,1791376157436,legacy_historical,,,,,,,,,
1781588700000,753.70614612,1781589599999,1791376157436,legacy_historical,,,,,,,,,
1781589600000,754.20116667,1781590499999,1791376157436,legacy_historical,,,,,,,,,
1781590500000,754.18380235,1781591399999,1791376157436,legacy_historical,,,,,,,,,
1781591400000,753.99770442,1781592299999,1791376157436,legacy_historical,,,,,,,,,
1781592300000,754.11485074,1781593199999,1791376157436,legacy_historical,,,,,,,,,
1781593200000,754.27003191,1781594099999,1791376157436,legacy_historical,,,,,,,,,
1781594100000,754.54116667,1781594999999,1791376157436,legacy_historical,,,,,,,,,
1781595000000,754.12318262,1781595899999,1791376157436,legacy_historical,,,,,,,,,
1781595900000,754.31173123,1781596799999,1791376157436,legacy_historical,,,,,,,,,
1781596800000,754.54318891,1781597699999,1791376157436,legacy_historical,,,,,,,,,
1781597700000,754.47141049,1781598599999,1791376157436,legacy_historical,,,,,,,,,
1781598600000,754.19382716,1781599499999,1791376157436,legacy_historical,,,,,,,,,
1781599500000,754.49881662,1781600399999,1791376157436,legacy_historical,,,,,,,,,
1781600400000,754.57681803,1781601299999,1791376157436,legacy_historical,,,,,,,,,
1781601300000,754.13662972,1781602199999,1791376157436,legacy_historical,,,,,,,,,
1781602200000,754.00245432,1781603099999,1791376157436,legacy_historical,,,,,,,,,
1781603100000,753.89969299,1781603999999,1791376157436,legacy_historical,,,,,,,,,
1781604000000,754.34809633,1781604899999,1791376157436,legacy_historical,,,,,,,,,
1781604900000,754.40532165,1781605799999,1791376157436,legacy_historical,,,,,,,,,
1781605800000,754.5809465,1781606699999,1791376157436,legacy_historical,,,,,,,,,
1781606700000,754.89850864,1781607599999,1791376157436,legacy_historical,,,,,,,,,
1781607600000,754.92228642,1781608499999,1791376157436,legacy_historical,,,,,,,,,
1781608500000,755.0612076,1781609399999,1791376157436,legacy_historical,,,,,,,,,
1781609400000,755.16547071,1781610299999,1791376157436,legacy_historical,,,,,,,,,
1781610300000,755.02630096,1781611199999,1791376157436,legacy_historical,,,,,,,,,
1781611200000,755.03973747,1781612099999,1791376157436,legacy_historical,,,,,,,,,
1781612100000,754.26627916,1781612999999,1791376157436,legacy_historical,,,,,,,,,
1781613000000,754.21928732,1781613899999,1791376157436,legacy_historical,,,,,,,,,
1781613900000,754.35433114,1781614799999,1791376157436,legacy_historical,,,,,,,,,
1781614800000,754.2173239,1781615699999,1791376157436,legacy_historical,,,,,,,,,
1781615700000,754.623028,1781616599999,1791376157436,legacy_historical,,,,,,,,,
1781616600000,754.83417254,1781617499999,1791376157436,legacy_historical,,,,,,,,,
1781617500000,754.13929898,1781618399999,1791376157436,legacy_historical,,,,,,,,,
1781618400000,754.83965308,1781619299999,1791376157436,legacy_historical,,,,,,,,,
1781619300000,753.12648758,1781620199999,1791376157436,legacy_historical,,,,,,,,,
1781620200000,753.35748624,1781621099999,1791376157436,legacy_historical,,,,,,,,,
1781621100000,752.88100284,1781621999999,1791376157436,legacy_historical,,,,,,,,,
1781622000000,753.41955242,1781622899999,1791376157436,legacy_historical,,,,,,,,,
1781622900000,752.64537982,1781623799999,1791376157436,legacy_historical,,,,,,,,,
1781623800000,752.52836219,1781624699999,1791376157436,legacy_historical,,,,,,,,,
1781624700000,752.79891076,1781625599999,1791376157436,legacy_historical,,,,,,,,,
1781625600000,753.70135277,1781626499999,1791376157436,legacy_historical,,,,,,,,,
1781626500000,753.3628115,1781627399999,1791376157436,legacy_historical,,,,,,,,,
1781627400000,752.98705188,1781628299999,1791376157436,legacy_historical,,,,,,,,,
1781628300000,752.70514307,1781629199999,1791376157436,legacy_historical,,,,,,,,,
1781629200000,752.60796657,1781630099999,1791376157436,legacy_historical,,,,,,,,,
1781630100000,752.22872245,1781630999999,1791376157436,legacy_historical,,,,,,,,,
1781631000000,751.90394171,1781631899999,1791376157436,legacy_historical,,,,,,,,,
1781631900000,752.11998433,1781632799999,1791376157436,legacy_historical,,,,,,,,,
1781632800000,752.03350835,1781633699999,1791376157436,legacy_historical,,,,,,,,,
1781633700000,752.14291411,1781634599999,1791376157436,legacy_historical,,,,,,,,,
1781634600000,752.1082318,1781635499999,1791376157436,legacy_historical,,,,,,,,,
1781635500000,751.76669715,1781636399999,1791376157436,legacy_historical,,,,,,,,,
1781636400000,751.01874265,1781637299999,1791376157436,legacy_historical,,,,,,,,,
1781637300000,751.2230412,1781638199999,1791376157436,legacy_historical,,,,,,,,,
1781638200000,750.95833392,1781639099999,1791376157436,legacy_historical,,,,,,,,,
1781639100000,750.4900679,1781639999999,1791376157436,legacy_historical,,,,,,,,,
1781640000000,749.88235519,1781640899999,1791376157436,legacy_historical,,,,,,,,,
1781640900000,749.93414508,1781641799999,1791376157436,legacy_historical,,,,,,,,,
1781641800000,750.09852298,1781642699999,1791376157436,legacy_historical,,,,,,,,,
1781642700000,749.93745947,1781643599999,1791376157436,legacy_historical,,,,,,,,,
1781643600000,750.04174074,1781644499999,1791376157436,legacy_historical,,,,,,,,,
1781644500000,749.98012528,1781645399999,1791376157436,legacy_historical,,,,,,,,,
1781645400000,749.99548148,1781646299999,1791376157436,legacy_historical,,,,,,,,,
1781646300000,749.88791597,1781647199999,1791376157436,legacy_historical,,,,,,,,,
1781647200000,750.7209721,1781648099999,1791376157436,legacy_historical,,,,,,,,,
1781648100000,750.97157853,1781648999999,1791376157436,legacy_historical,,,,,,,,,
1781649000000,750.93927124,1781649899999,1791376157436,legacy_historical,,,,,,,,,
1781649900000,751.2461815,1781650799999,1791376157436,legacy_historical,,,,,,,,,
1781650800000,751.00965741,1781651699999,1791376157436,legacy_historical,,,,,,,,,
1781651700000,750.8489721,1781652599999,1791376157436,legacy_historical,,,,,,,,,
1781652600000,750.85676919,1781653499999,1791376157436,legacy_historical,,,,,,,,,
1781653500000,750.75969674,1781654399999,1791376157436,legacy_historical,,,,,,,,,
1781654400000,751.14967474,1781655299999,1791376157436,legacy_historical,,,,,,,,,
1781655300000,751.32209642,1781656199999,1791376157436,legacy_historical,,,,,,,,,
1781656200000,751.42433817,1781657099999,1791376157436,legacy_historical,,,,,,,,,
1781657100000,751.33300707,1781657999999,1791376157436,legacy_historical,,,,,,,,,
1781658000000,751.83397575,1781658899999,1791376157436,legacy_historical,,,,,,,,,
1781658900000,752.04241394,1781659799999,1791376157436,legacy_historical,,,,,,,,,
1781659800000,751.94610965,1781660699999,1791376157436,legacy_historical,,,,,,,,,
1781660700000,752.22456754,1781661599999,1791376157436,legacy_historical,,,,,,,,,
1781661600000,752.22012066,1781662499999,1791376157436,legacy_historical,,,,,,,,,
1781662500000,752.09608687,1781663399999,1791376157436,legacy_historical,,,,,,,,,
1781663400000,751.959552,1781664299999,1791376157436,legacy_historical,,,,,,,,,
1781664300000,751.9379379,1781665199999,1791376157436,legacy_historical,,,,,,,,,
1781665200000,751.84990574,1781666099999,1791376157436,legacy_historical,,,,,,,,,
1781666100000,751.82057688,1781666999999,1791376157436,legacy_historical,,,,,,,,,
1781667000000,752.15436959,1781667899999,1791376157436,legacy_historical,,,,,,,,,
1781667900000,752.29863906,1781668799999,1791376157436,legacy_historical,,,,,,,,,
1781668800000,752.19611497,1781669699999,1791376157436,legacy_historical,,,,,,,,,
1781669700000,752.25987601,1781670599999,1791376157436,legacy_historical,,,,,,,,,
1781670600000,751.8977109,1781671499999,1791376157436,legacy_historical,,,,,,,,,
1781671500000,752.27228035,1781672399999,1791376157436,legacy_historical,,,,,,,,,
1781672400000,752.26153114,1781673299999,1791376157436,legacy_historical,,,,,,,,,
1781673300000,752.13445485,1781674199999,1791376157436,legacy_historical,,,,,,,,,
1781674200000,752.28063088,1781675099999,1791376157436,legacy_historical,,,,,,,,,
1781675100000,752.10712244,1781675999999,1791376157436,legacy_historical,,,,,,,,,
1781676000000,752.29056499,1781676899999,1791376157436,legacy_historical,,,,,,,,,
1781676900000,752.02223818,1781677799999,1791376157436,legacy_historical,,,,,,,,,
1781677800000,752.52302925,1781678699999,1791376157436,legacy_historical,,,,,,,,,
1781678700000,752.6049933,1781679599999,1791376157436,legacy_historical,,,,,,,,,
1781679600000,752.88811626,1781680499999,1791376157436,legacy_historical,,,,,,,,,
1781680500000,752.20583894,1781681399999,1791376157436,legacy_historical,,,,,,,,,
1781681400000,752.34486429,1781682299999,1791376157436,legacy_historical,,,,,,,,,
1781682300000,752.33187065,1781683199999,1791376157436,legacy_historical,,,,,,,,,
1781683200000,751.613037,1781684099999,1791376157436,legacy_historical,,,,,,,,,
1781684100000,751.69434826,1781684999999,1791376157436,legacy_historical,,,,,,,,,
1781685000000,751.18906078,1781685899999,1791376157436,legacy_historical,,,,,,,,,
1781685900000,751.68668519,1781686799999,1791376157436,legacy_historical,,,,,,,,,
1781686800000,751.52480528,1781687699999,1791376157436,legacy_historical,,,,,,,,,
1781687700000,751.75914543,1781688599999,1791376157436,legacy_historical,,,,,,,,,
1781688600000,751.42192479,1781689499999,1791376157436,legacy_historical,,,,,,,,,
1781689500000,750.84333042,1781690399999,1791376157436,legacy_historical,,,,,,,,,
1781690400000,750.64541227,1781691299999,1791376157436,legacy_historical,,,,,,,,,
1781691300000,750.86448553,1781692199999,1791376157436,legacy_historical,,,,,,,,,
1781692200000,751.21013353,1781693099999,1791376157436,legacy_historical,,,,,,,,,
1781693100000,750.83468248,1781693999999,1791376157436,legacy_historical,,,,,,,,,
1781694000000,751.29202377,1781694899999,1791376157436,legacy_historical,,,,,,,,,
1781694900000,751.18981044,1781695799999,1791376157436,legacy_historical,,,,,,,,,
1781695800000,750.77215311,1781696699999,1791376157436,legacy_historical,,,,,,,,,
1781696700000,750.51990353,1781697599999,1791376157436,legacy_historical,,,,,,,,,
1781697600000,751.01133519,1781698499999,1791376157436,legacy_historical,,,,,,,,,
1781698500000,750.86589802,1781699399999,1791376157436,legacy_historical,,,,,,,,,
1781699400000,751.17792445,1781700299999,1791376157436,legacy_historical,,,,,,,,,
1781700300000,751.24411027,1781701199999,1791376157436,legacy_historical,,,,,,,,,
1781701200000,751.11103922,1781702099999,1791376157436,legacy_historical,,,,,,,,,
1781702100000,751.20544495,1781702999999,1791376157436,legacy_historical,,,,,,,,,
1781703000000,751.41179474,1781703899999,1791376157436,legacy_historical,,,,,,,,,
1781703900000,749.93701516,1781704799999,1791376157436,legacy_historical,,,,,,,,,
1781704800000,751.11265983,1781705699999,1791376157436,legacy_historical,,,,,,,,,
1781705700000,751.66344197,1781706599999,1791376157436,legacy_historical,,,,,,,,,
1781706600000,750.12046363,1781707499999,1791376157436,legacy_historical,,,,,,,,,
1781707500000,749.07762747,1781708399999,1791376157436,legacy_historical,,,,,,,,,
1781708400000,749.54325465,1781709299999,1791376157436,legacy_historical,,,,,,,,,
1781709300000,749.95970873,1781710199999,1791376157436,legacy_historical,,,,,,,,,
1781710200000,750.34772909,1781711099999,1791376157436,legacy_historical,,,,,,,,,
1781711100000,750.6115107,1781711999999,1791376157436,legacy_historical,,,,,,,,,
1781712000000,750.59683387,1781712899999,1791376157436,legacy_historical,,,,,,,,,
1781712900000,750.75866205,1781713799999,1791376157436,legacy_historical,,,,,,,,,
1781713800000,750.20900752,1781714699999,1791376157436,legacy_historical,,,,,,,,,
1781714700000,749.99586676,1781715599999,1791376157436,legacy_historical,,,,,,,,,
1781715600000,749.39085883,1781716499999,1791376157436,legacy_historical,,,,,,,,,
1781716500000,749.66179718,1781717399999,1791376157436,legacy_historical,,,,,,,,,
1781717400000,749.33902852,1781718299999,1791376157436,legacy_historical,,,,,,,,,
1781718300000,750.68633679,1781719199999,1791376157436,legacy_historical,,,,,,,,,
1781719200000,747.36831222,1781720099999,1791376157436,legacy_historical,,,,,,,,,
1781720100000,746.26269904,1781720999999,1791376157436,legacy_historical,,,,,,,,,
1781721000000,749.74130172,1781721899999,1791376157436,legacy_historical,,,,,,,,,
1781721900000,746.08381592,1781722799999,1791376157436,legacy_historical,,,,,,,,,
1781722800000,746.41181099,1781723699999,1791376157436,legacy_historical,,,,,,,,,
1781723700000,742.12408413,1781724599999,1791376157436,legacy_historical,,,,,,,,,
1781724600000,739.85583621,1781725499999,1791376157436,legacy_historical,,,,,,,,,
1781725500000,741.07512543,1781726399999,1791376157436,legacy_historical,,,,,,,,,
1781726400000,741.0518145,1781727299999,1791376157436,legacy_historical,,,,,,,,,
1781727300000,742.54603597,1781728199999,1791376157436,legacy_historical,,,,,,,,,
1781728200000,742.83792021,1781729099999,1791376157436,legacy_historical,,,,,,,,,
1781729100000,742.6729662,1781729999999,1791376157436,legacy_historical,,,,,,,,,
1781730000000,742.70440909,1781730899999,1791376157436,legacy_historical,,,,,,,,,
1781730900000,742.43386389,1781731799999,1791376157436,legacy_historical,,,,,,,,,
1781731800000,742.52285417,1781732699999,1791376157436,legacy_historical,,,,,,,,,
1781732700000,742.7607975,1781733599999,1791376157436,legacy_historical,,,,,,,,,
1781733600000,743.71145125,1781734499999,1791376157436,legacy_historical,,,,,,,,,
1781734500000,744.07846487,1781735399999,1791376157436,legacy_historical,,,,,,,,,
1781735400000,744.11092431,1781736299999,1791376157436,legacy_historical,,,,,,,,,
1781736300000,744.22430208,1781737199999,1791376157436,legacy_historical,,,,,,,,,
1781737200000,744.77371528,1781738099999,1791376157436,legacy_historical,,,,,,,,,
1781738100000,745.36684895,1781738999999,1791376157436,legacy_historical,,,,,,,,,
1781739000000,745.16021235,1781739899999,1791376157436,legacy_historical,,,,,,,,,
1781739900000,745.60499744,1781740799999,1791376157436,legacy_historical,,,,,,,,,
1781740800000,746.01897505,1781741699999,1791376157436,legacy_historical,,,,,,,,,
1781741700000,745.5602813,1781742599999,1791376157436,legacy_historical,,,,,,,,,
1781742600000,745.88771449,1781743499999,1791376157436,legacy_historical,,,,,,,,,
1781743500000,745.38877006,1781744399999,1791376157436,legacy_historical,,,,,,,,,
1781744400000,746.19443835,1781745299999,1791376157436,legacy_historical,,,,,,,,,
1781745300000,745.99453141,1781746199999,1791376157436,legacy_historical,,,,,,,,,
1781746200000,745.74959697,1781747099999,1791376157436,legacy_historical,,,,,,,,,
1781747100000,745.55193925,1781747999999,1791376157436,legacy_historical,,,,,,,,,
1781748000000,746.02314102,1781748899999,1791376157436,legacy_historical,,,,,,,,,
1781748900000,745.81330423,1781749799999,1791376157436,legacy_historical,,,,,,,,,
1781749800000,745.94777454,1781750699999,1791376157436,legacy_historical,,,,,,,,,
1781750700000,745.95528507,1781751599999,1791376157436,legacy_historical,,,,,,,,,
1781751600000,745.60701484,1781752499999,1791376157436,legacy_historical,,,,,,,,,
1781752500000,745.9045485,1781753399999,1791376157436,legacy_historical,,,,,,,,,
1781753400000,745.43927791,1781754299999,1791376157436,legacy_historical,,,,,,,,,
1781754300000,745.83188118,1781755199999,1791376157436,legacy_historical,,,,,,,,,
1781755200000,745.25134951,1781756099999,1791376157436,legacy_historical,,,,,,,,,
1781756100000,744.96665296,1781756999999,1791376157436,legacy_historical,,,,,,,,,
1781757000000,744.39115852,1781757899999,1791376157436,legacy_historical,,,,,,,,,
1781757900000,744.81022808,1781758799999,1791376157436,legacy_historical,,,,,,,,,
1781758800000,744.77031768,1781759699999,1791376157436,legacy_historical,,,,,,,,,
1781759700000,745.07000017,1781760599999,1791376157436,legacy_historical,,,,,,,,,
1781760600000,745.06156233,1781761499999,1791376157436,legacy_historical,,,,,,,,,
1781761500000,744.93500156,1781762399999,1791376157436,legacy_historical,,,,,,,,,
1781762400000,744.73774399,1781763299999,1791376157436,legacy_historical,,,,,,,,,
1781763300000,745.3425326,1781764199999,1791376157436,legacy_historical,,,,,,,,,
1781764200000,744.96826742,1781765099999,1791376157436,legacy_historical,,,,,,,,,
1781765100000,745.91708247,1781765999999,1791376157436,legacy_historical,,,,,,,,,
1781766000000,745.42658393,1781766899999,1791376157436,legacy_historical,,,,,,,,,
1781766900000,746.11859877,1781767799999,1791376157436,legacy_historical,,,,,,,,,
1781767800000,745.93729408,1781768699999,1791376157436,legacy_historical,,,,,,,,,
1781768700000,746.18664164,1781769599999,1791376157436,legacy_historical,,,,,,,,,
1781769600000,746.72177671,1781770499999,1791376157436,legacy_historical,,,,,,,,,
1781770500000,746.9766012,1781771399999,1791376157436,legacy_historical,,,,,,,,,
1781771400000,747.03123827,1781772299999,1791376157436,legacy_historical,,,,,,,,,
1781772300000,745.08018927,1781773199999,1791376157436,legacy_historical,,,,,,,,,
1781773200000,745.45403,1781774099999,1791376157436,legacy_historical,,,,,,,,,
1781774100000,745.64197308,1781774999999,1791376157436,legacy_historical,,,,,,,,,
1781775000000,746.0914525,1781775899999,1791376157436,legacy_historical,,,,,,,,,
1781775900000,746.37229933,1781776799999,1791376157436,legacy_historical,,,,,,,,,
1781776800000,746.38833333,1781777699999,1791376157436,legacy_historical,,,,,,,,,
1781777700000,746.27975183,1781778599999,1791376157436,legacy_historical,,,,,,,,,
1781778600000,745.81411583,1781779499999,1791376157436,legacy_historical,,,,,,,,,
1781779500000,745.54495308,1781780399999,1791376157436,legacy_historical,,,,,,,,,
1781780400000,744.69369231,1781781299999,1791376157436,legacy_historical,,,,,,,,,
1781781300000,744.40054189,1781782199999,1791376157436,legacy_historical,,,,,,,,,
1781782200000,743.89080272,1781783099999,1791376157436,legacy_historical,,,,,,,,,
1781783100000,744.38641205,1781783999999,1791376157436,legacy_historical,,,,,,,,,
1781784000000,744.72793183,1781784899999,1791376157436,legacy_historical,,,,,,,,,
1781784900000,745.56024378,1781785799999,1791376157436,legacy_historical,,,,,,,,,
1781785800000,745.69231644,1781786699999,1791376157436,legacy_historical,,,,,,,,,
1781786700000,746.20694282,1781787599999,1791376157436,legacy_historical,,,,,,,,,
1781787600000,746.24847078,1781788499999,1791376157436,legacy_historical,,,,,,,,,
1781788500000,747.84263812,1781789399999,1791376157436,legacy_historical,,,,,,,,,
1781789400000,744.17281367,1781790299999,1791376157436,legacy_historical,,,,,,,,,
1781790300000,744.65289375,1781791199999,1791376157436,legacy_historical,,,,,,,,,
1781791200000,744.92827681,1781792099999,1791376157436,legacy_historical,,,,,,,,,
1781792100000,745.29237472,1781792999999,1791376157436,legacy_historical,,,,,,,,,
1781793000000,746.16355152,1781793899999,1791376157436,legacy_historical,,,,,,,,,
1781793900000,746.88508111,1781794799999,1791376157436,legacy_historical,,,,,,,,,
1781794800000,746.35061006,1781795699999,1791376157436,legacy_historical,,,,,,,,,
1781795700000,745.32984253,1781796599999,1791376157436,legacy_historical,,,,,,,,,
1781796600000,744.90935795,1781797499999,1791376157436,legacy_historical,,,,,,,,,
1781797500000,746.27070772,1781798399999,1791376157436,legacy_historical,,,,,,,,,
1781798400000,746.17496019,1781799299999,1791376157436,legacy_historical,,,,,,,,,
1781799300000,746.62930569,1781800199999,1791376157436,legacy_historical,,,,,,,,,
1781800200000,747.00563172,1781801099999,1791376157436,legacy_historical,,,,,,,,,
1781801100000,746.58198985,1781801999999,1791376157436,legacy_historical,,,,,,,,,
1781802000000,747.5694963,1781802899999,1791376157436,legacy_historical,,,,,,,,,
1781802900000,747.5279507,1781803799999,1791376157436,legacy_historical,,,,,,,,,
1781803800000,747.38351417,1781804699999,1791376157436,legacy_historical,,,,,,,,,
1781804700000,747.04870769,1781805599999,1791376157436,legacy_historical,,,,,,,,,
1781805600000,746.71956188,1781806499999,1791376157436,legacy_historical,,,,,,,,,
1781806500000,746.53574133,1781807399999,1791376157436,legacy_historical,,,,,,,,,
1781807400000,746.44111193,1781808299999,1791376157436,legacy_historical,,,,,,,,,
1781808300000,746.4158612,1781809199999,1791376157436,legacy_historical,,,,,,,,,
1781809200000,745.49269861,1781810099999,1791376157436,legacy_historical,,,,,,,,,
1781810100000,746.03422115,1781810999999,1791376157436,legacy_historical,,,,,,,,,
1781811000000,747.26799974,1781811899999,1791376157436,legacy_historical,,,,,,,,,
1781811900000,747.34787165,1781812799999,1791376157436,legacy_historical,,,,,,,,,
1781812800000,747.87823939,1781813699999,1791376157436,legacy_historical,,,,,,,,,
1781813700000,748.00157503,1781814599999,1791376157436,legacy_historical,,,,,,,,,
1781814600000,747.59771777,1781815499999,1791376157436,legacy_historical,,,,,,,,,
1781815500000,747.6974875,1781816399999,1791376157436,legacy_historical,,,,,,,,,
1781816400000,747.99710184,1781817299999,1791376157436,legacy_historical,,,,,,,,,
1781817300000,748.00044194,1781818199999,1791376157436,legacy_historical,,,,,,,,,
1781818200000,748.06525383,1781819099999,1791376157436,legacy_historical,,,,,,,,,
1781819100000,747.9589875,1781819999999,1791376157436,legacy_historical,,,,,,,,,
1781820000000,747.58856647,1781820899999,1791376157436,legacy_historical,,,,,,,,,
1781820900000,746.92131373,1781821799999,1791376157436,legacy_historical,,,,,,,,,
1781821800000,746.50765165,1781822699999,1791376157436,legacy_historical,,,,,,,,,
1781822700000,746.4766549,1781823599999,1791376157436,legacy_historical,,,,,,,,,
1781823600000,746.53560614,1781824499999,1791376157436,legacy_historical,,,,,,,,,
1781824500000,746.79567647,1781825399999,1791376157436,legacy_historical,,,,,,,,,
1781825400000,746.90123159,1781826299999,1791376157436,legacy_historical,,,,,,,,,
1781826300000,746.9379455,1781827199999,1791376157436,legacy_historical,,,,,,,,,
1781827200000,746.94024397,1781828099999,1791376157436,legacy_historical,,,,,,,,,
1781828100000,746.88866675,1781828999999,1791376157436,legacy_historical,,,,,,,,,
1781829000000,746.86481499,1781829899999,1791376157436,legacy_historical,,,,,,,,,
1781829900000,746.82405379,1781830799999,1791376157436,legacy_historical,,,,,,,,,
1781830800000,746.65493822,1781831699999,1791376157436,legacy_historical,,,,,,,,,
1781831700000,746.51601729,1781832599999,1791376157436,legacy_historical,,,,,,,,,
1781832600000,746.36623224,1781833499999,1791376157436,legacy_historical,,,,,,,,,
1781833500000,746.17138887,1781834399999,1791376157436,legacy_historical,,,,,,,,,
1781834400000,745.91229889,1781835299999,1791376157436,legacy_historical,,,,,,,,,
1781835300000,745.74843398,1781836199999,1791376157436,legacy_historical,,,,,,,,,
1781836200000,745.7587857,1781837099999,1791376157436,legacy_historical,,,,,,,,,
1781837100000,745.74205985,1781837999999,1791376157436,legacy_historical,,,,,,,,,
1781838000000,745.71652103,1781838899999,1791376157436,legacy_historical,,,,,,,,,
1781838900000,745.46195769,1781839799999,1791376157436,legacy_historical,,,,,,,,,
1781839800000,745.25107829,1781840699999,1791376157436,legacy_historical,,,,,,,,,
1781840700000,745.09939689,1781841599999,1791376157436,legacy_historical,,,,,,,,,
1781841600000,744.92928187,1781842499999,1791376157436,legacy_historical,,,,,,,,,
1781842500000,744.80813081,1781843399999,1791376157436,legacy_historical,,,,,,,,,
1781843400000,744.56752378,1781844299999,1791376157436,legacy_historical,,,,,,,,,
1781844300000,744.20254333,1781845199999,1791376157436,legacy_historical,,,,,,,,,
1781845200000,743.91691207,1781846099999,1791376157436,legacy_historical,,,,,,,,,
1781846100000,743.76798484,1781846999999,1791376157436,legacy_historical,,,,,,,,,
1781847000000,743.69405226,1781847899999,1791376157436,legacy_historical,,,,,,,,,
1781847900000,743.82559685,1781848799999,1791376157436,legacy_historical,,,,,,,,,
1781848800000,744.12640372,1781849699999,1791376157436,legacy_historical,,,,,,,,,
1781849700000,744.31940357,1781850599999,1791376157436,legacy_historical,,,,,,,,,
1781850600000,744.49787346,1781851499999,1791376157436,legacy_historical,,,,,,,,,
1781851500000,744.72513987,1781852399999,1791376157436,legacy_historical,,,,,,,,,
1781852400000,745.09540752,1781853299999,1791376157436,legacy_historical,,,,,,,,,
1781853300000,745.37540622,1781854199999,1791376157436,legacy_historical,,,,,,,,,
1781854200000,745.68206893,1781855099999,1791376157436,legacy_historical,,,,,,,,,
1781855100000,745.87005781,1781855999999,1791376157436,legacy_historical,,,,,,,,,
1781856000000,746.05137121,1781856899999,1791376157436,legacy_historical,,,,,,,,,
1781856900000,746.29150485,1781857799999,1791376157436,legacy_historical,,,,,,,,,
1781857800000,746.38871425,1781858699999,1791376157436,legacy_historical,,,,,,,,,
1781858700000,746.55735694,1781859599999,1791376157436,legacy_historical,,,,,,,,,
1781859600000,746.58816777,1781860499999,1791376157436,legacy_historical,,,,,,,,,
1781860500000,746.51699497,1781861399999,1791376157436,legacy_historical,,,,,,,,,
1781861400000,746.59461539,1781862299999,1791376157436,legacy_historical,,,,,,,,,
1781862300000,746.60351097,1781863199999,1791376157436,legacy_historical,,,,,,,,,
1781863200000,746.41058885,1781864099999,1791376157436,legacy_historical,,,,,,,,,
1781864100000,746.1440886,1781864999999,1791376157436,legacy_historical,,,,,,,,,
1781865000000,745.68582524,1781865899999,1791376157436,legacy_historical,,,,,,,,,
1781865900000,745.55231429,1781866799999,1791376157436,legacy_historical,,,,,,,,,
1781866800000,745.35722211,1781867699999,1791376157436,legacy_historical,,,,,,,,,
1781867700000,745.21116976,1781868599999,1791376157436,legacy_historical,,,,,,,,,
1781868600000,745.24961857,1781869499999,1791376157436,legacy_historical,,,,,,,,,
1781869500000,745.27253412,1781870399999,1791376157436,legacy_historical,,,,,,,,,
1781870400000,745.29352003,1781871299999,1791376157436,legacy_historical,,,,,,,,,
1781871300000,745.26560831,1781872199999,1791376157436,legacy_historical,,,,,,,,,
1781872200000,745.12818571,1781873099999,1791376157436,legacy_historical,,,,,,,,,
1781873100000,745.54303442,1781873999999,1791376157436,legacy_historical,,,,,,,,,
1781874000000,746.13547701,1781874899999,1791376157436,legacy_historical,,,,,,,,,
1781874900000,746.46217218,1781875799999,1791376157436,legacy_historical,,,,,,,,,
1781875800000,746.71349501,1781876699999,1791376157436,legacy_historical,,,,,,,,,
1781876700000,746.84351556,1781877599999,1791376157436,legacy_historical,,,,,,,,,
1781877600000,746.86043203,1781878499999,1791376157436,legacy_historical,,,,,,,,,
1781878500000,746.94251887,1781879399999,1791376157436,legacy_historical,,,,,,,,,
1781879400000,747.06203579,1781880299999,1791376157436,legacy_historical,,,,,,,,,
1781880300000,747.27783418,1781881199999,1791376157436,legacy_historical,,,,,,,,,
1781881200000,747.49691091,1781882099999,1791376157436,legacy_historical,,,,,,,,,
1781882100000,747.53936576,1781882999999,1791376157436,legacy_historical,,,,,,,,,
1781883000000,747.45659971,1781883899999,1791376157436,legacy_historical,,,,,,,,,
1781883900000,747.496538,1781884799999,1791376157436,legacy_historical,,,,,,,,,
1781884800000,747.3841851,1781885699999,1791376157436,legacy_historical,,,,,,,,,
1781885700000,747.39468508,1781886599999,1791376157436,legacy_historical,,,,,,,,,
1781886600000,747.47552449,1781887499999,1791376157436,legacy_historical,,,,,,,,,
1781887500000,747.43377751,1781888399999,1791376157436,legacy_historical,,,,,,,,,
1781888400000,747.26142003,1781889299999,1791376157436,legacy_historical,,,,,,,,,
1781889300000,747.11185588,1781890199999,1791376157436,legacy_historical,,,,,,,,,
1781890200000,747.01724611,1781891099999,1791376157436,legacy_historical,,,,,,,,,
1781891100000,746.96704046,1781891999999,1791376157436,legacy_historical,,,,,,,,,
1781892000000,746.93136291,1781892899999,1791376157436,legacy_historical,,,,,,,,,
1781892900000,746.90423138,1781893799999,1791376157436,legacy_historical,,,,,,,,,
1781893800000,746.89908272,1781894699999,1791376157436,legacy_historical,,,,,,,,,
1781894700000,746.81191133,1781895599999,1791376157436,legacy_historical,,,,,,,,,
1781895600000,746.58603777,1781896499999,1791376157436,legacy_historical,,,,,,,,,
1781896500000,746.70249777,1781897399999,1791376157436,legacy_historical,,,,,,,,,
1781897400000,746.55076565,1781898299999,1791376157436,legacy_historical,,,,,,,,,
1781898300000,746.26144792,1781899199999,1791376157436,legacy_historical,,,,,,,,,
1781899200000,746.12889819,1781900099999,1791376157436,legacy_historical,,,,,,,,,
1781900100000,746.22717814,1781900999999,1791376157436,legacy_historical,,,,,,,,,
1781901000000,746.19356727,1781901899999,1791376157436,legacy_historical,,,,,,,,,
1781901900000,746.17832059,1781902799999,1791376157436,legacy_historical,,,,,,,,,
1781902800000,745.91920561,1781903699999,1791376157436,legacy_historical,,,,,,,,,
1781903700000,745.86727157,1781904599999,1791376157436,legacy_historical,,,,,,,,,
1781904600000,745.5493195,1781905499999,1791376157436,legacy_historical,,,,,,,,,
1781905500000,745.34807245,1781906399999,1791376157436,legacy_historical,,,,,,,,,
1781906400000,745.4982586,1781907299999,1791376157436,legacy_historical,,,,,,,,,
1781907300000,745.50228939,1781908199999,1791376157436,legacy_historical,,,,,,,,,
1781908200000,745.527988,1781909099999,1791376157436,legacy_historical,,,,,,,,,
1781909100000,745.60506017,1781909999999,1791376157436,legacy_historical,,,,,,,,,
1781910000000,745.58938063,1781910899999,1791376157436,legacy_historical,,,,,,,,,
1781910900000,745.79839726,1781911799999,1791376157436,legacy_historical,,,,,,,,,
1781911800000,746.22080146,1781912699999,1791376157436,legacy_historical,,,,,,,,,
1781912700000,747.15806021,1781913599999,1791376157436,legacy_historical,,,,,,,,,
1781913600000,747.66466757,1781914499999,1791376157436,legacy_historical,,,,,,,,,
1781914500000,747.88430476,1781915399999,1791376157436,legacy_historical,,,,,,,,,
1781915400000,748.06970888,1781916299999,1791376157436,legacy_historical,,,,,,,,,
1781916300000,748.05069573,1781917199999,1791376157436,legacy_historical,,,,,,,,,
1781917200000,747.8628616,1781918099999,1791376157436,legacy_historical,,,,,,,,,
1781918100000,747.65798568,1781918999999,1791376157436,legacy_historical,,,,,,,,,
1781919000000,747.52981467,1781919899999,1791376157436,legacy_historical,,,,,,,,,
1781919900000,747.43996487,1781920799999,1791376157436,legacy_historical,,,,,,,,,
1781920800000,747.3953751,1781921699999,1791376157436,legacy_historical,,,,,,,,,
1781921700000,747.36468319,1781922599999,1791376157436,legacy_historical,,,,,,,,,
1781922600000,747.47112793,1781923499999,1791376157436,legacy_historical,,,,,,,,,
1781923500000,747.60537458,1781924399999,1791376157436,legacy_historical,,,,,,,,,
1781924400000,747.62060127,1781925299999,1791376157436,legacy_historical,,,,,,,,,
1781925300000,747.70237658,1781926199999,1791376157436,legacy_historical,,,,,,,,,
1781926200000,747.79947225,1781927099999,1791376157436,legacy_historical,,,,,,,,,
1781927100000,747.92556477,1781927999999,1791376157436,legacy_historical,,,,,,,,,
1781928000000,747.95756765,1781928899999,1791376157436,legacy_historical,,,,,,,,,
1781928900000,748.02856769,1781929799999,1791376157436,legacy_historical,,,,,,,,,
1781929800000,748.06868333,1781930699999,1791376157436,legacy_historical,,,,,,,,,
1781930700000,748.12862176,1781931599999,1791376157436,legacy_historical,,,,,,,,,
1781931600000,748.10480356,1781932499999,1791376157436,legacy_historical,,,,,,,,,
1781932500000,748.11449317,1781933399999,1791376157436,legacy_historical,,,,,,,,,
1781933400000,748.15384858,1781934299999,1791376157436,legacy_historical,,,,,,,,,
1781934300000,748.22475441,1781935199999,1791376157436,legacy_historical,,,,,,,,,
1781935200000,748.2505527,1781936099999,1791376157436,legacy_historical,,,,,,,,,
1781936100000,748.29178626,1781936999999,1791376157436,legacy_historical,,,,,,,,,
1781937000000,748.36142029,1781937899999,1791376157436,legacy_historical,,,,,,,,,
1781937900000,748.44045965,1781938799999,1791376157436,legacy_historical,,,,,,,,,
1781938800000,748.52350873,1781939699999,1791376157436,legacy_historical,,,,,,,,,
1781939700000,748.49339387,1781940599999,1791376157436,legacy_historical,,,,,,,,,
1781940600000,748.44662712,1781941499999,1791376157436,legacy_historical,,,,,,,,,
1781941500000,748.33452743,1781942399999,1791376157436,legacy_historical,,,,,,,,,
1781942400000,748.24094849,1781943299999,1791376157436,legacy_historical,,,,,,,,,
1781943300000,748.21886102,1781944199999,1791376157436,legacy_historical,,,,,,,,,
1781944200000,748.17013401,1781945099999,1791376157436,legacy_historical,,,,,,,,,
1781945100000,748.09528862,1781945999999,1791376157436,legacy_historical,,,,,,,,,
1781946000000,748.06063738,1781946899999,1791376157436,legacy_historical,,,,,,,,,
1781946900000,748.08281003,1781947799999,1791376157436,legacy_historical,,,,,,,,,
1781947800000,748.09899291,1781948699999,1791376157436,legacy_historical,,,,,,,,,
1781948700000,748.103923,1781949599999,1791376157436,legacy_historical,,,,,,,,,
1781949600000,748.0291195,1781950499999,1791376157436,legacy_historical,,,,,,,,,
1781950500000,748.01282129,1781951399999,1791376157436,legacy_historical,,,,,,,,,
1781951400000,748.0065556,1781952299999,1791376157436,legacy_historical,,,,,,,,,
1781952300000,748.02059839,1781953199999,1791376157436,legacy_historical,,,,,,,,,
1781953200000,748.03855239,1781954099999,1791376157436,legacy_historical,,,,,,,,,
1781954100000,748.04687939,1781954999999,1791376157436,legacy_historical,,,,,,,,,
1781955000000,748.02438229,1781955899999,1791376157436,legacy_historical,,,,,,,,,
1781955900000,748.04175365,1781956799999,1791376157436,legacy_historical,,,,,,,,,
1781956800000,748.0479107,1781957699999,1791376157436,legacy_historical,,,,,,,,,
1781957700000,748.04336115,1781958599999,1791376157436,legacy_historical,,,,,,,,,
1781958600000,748.0847119,1781959499999,1791376157436,legacy_historical,,,,,,,,,
1781959500000,748.17172147,1781960399999,1791376157436,legacy_historical,,,,,,,,,
1781960400000,748.26480956,1781961299999,1791376157436,legacy_historical,,,,,,,,,
1781961300000,748.00575386,1781962199999,1791376157436,legacy_historical,,,,,,,,,
1781962200000,747.6006786,1781963099999,1791376157436,legacy_historical,,,,,,,,,
1781963100000,747.19703573,1781963999999,1791376157436,legacy_historical,,,,,,,,,
1781964000000,746.51114149,1781964899999,1791376157436,legacy_historical,,,,,,,,,
1781964900000,746.47832358,1781965799999,1791376157436,legacy_historical,,,,,,,,,
1781965800000,746.58379215,1781966699999,1791376157436,legacy_historical,,,,,,,,,
1781966700000,746.91812774,1781967599999,1791376157436,legacy_historical,,,,,,,,,
1781967600000,747.04997893,1781968499999,1791376157436,legacy_historical,,,,,,,,,
1781968500000,746.95703535,1781969399999,1791376157436,legacy_historical,,,,,,,,,
1781969400000,746.87756927,1781970299999,1791376157436,legacy_historical,,,,,,,,,
1781970300000,746.88633477,1781971199999,1791376157436,legacy_historical,,,,,,,,,
1781971200000,746.93111102,1781972099999,1791376157436,legacy_historical,,,,,,,,,
1781972100000,746.96110478,1781972999999,1791376157436,legacy_historical,,,,,,,,,
1781973000000,746.92587655,1781973899999,1791376157436,legacy_historical,,,,,,,,,
1781973900000,746.90351789,1781974799999,1791376157436,legacy_historical,,,,,,,,,
1781974800000,746.80197911,1781975699999,1791376157436,legacy_historical,,,,,,,,,
1781975700000,746.59674444,1781976599999,1791376157436,legacy_historical,,,,,,,,,
1781976600000,746.25468469,1781977499999,1791376157436,legacy_historical,,,,,,,,,
1781977500000,746.23840548,1781978399999,1791376157436,legacy_historical,,,,,,,,,
1781978400000,746.12878058,1781979299999,1791376157436,legacy_historical,,,,,,,,,
1781979300000,746.04470063,1781980199999,1791376157436,legacy_historical,,,,,,,,,
1781980200000,745.77956566,1781981099999,1791376157436,legacy_historical,,,,,,,,,
1781981100000,745.63018026,1781981999999,1791376157436,legacy_historical,,,,,,,,,
1781982000000,745.65444696,1781982899999,1791376157436,legacy_historical,,,,,,,,,
1781982900000,745.78494623,1781983799999,1791376157436,legacy_historical,,,,,,,,,
1781983800000,746.02904663,1781984699999,1791376157436,legacy_historical,,,,,,,,,
1781984700000,746.09473529,1781985599999,1791376157436,legacy_historical,,,,,,,,,
1781985600000,746.15046168,1781986499999,1791376157436,legacy_historical,,,,,,,,,
1781986500000,746.26368343,1781987399999,1791376157436,legacy_historical,,,,,,,,,
1781987400000,746.38268082,1781988299999,1791376157436,legacy_historical,,,,,,,,,
1781988300000,746.39947387,1781989199999,1791376157436,legacy_historical,,,,,,,,,
1781989200000,746.51346918,1781990099999,1791376157436,legacy_historical,,,,,,,,,
1781990100000,746.53730176,1781990999999,1791376157436,legacy_historical,,,,,,,,,
1781991000000,746.55985989,1781991899999,1791376157436,legacy_historical,,,,,,,,,
1781991900000,746.68082088,1781992799999,1791376157436,legacy_historical,,,,,,,,,
1781992800000,746.74595995,1781993699999,1791376157436,legacy_historical,,,,,,,,,
1781993700000,746.78807326,1781994599999,1791376157436,legacy_historical,,,,,,,,,
1781994600000,747.10763605,1781995499999,1791376157436,legacy_historical,,,,,,,,,
1781995500000,747.32893526,1781996399999,1791376157436,legacy_historical,,,,,,,,,
1781996400000,747.42526705,1781997299999,1791376157436,legacy_historical,,,,,,,,,
1781997300000,747.49562633,1781998199999,1791376157436,legacy_historical,,,,,,,,,
1781998200000,747.52517618,1781999099999,1791376157436,legacy_historical,,,,,,,,,
1781999100000,747.44516543,1781999999999,1791376157436,legacy_historical,,,,,,,,,
1782000000000,747.16923692,1782000899999,1791376157436,legacy_historical,,,,,,,,,
1782000900000,746.81322207,1782001799999,1791376157436,legacy_historical,,,,,,,,,
1782001800000,746.24035385,1782002699999,1791376157436,legacy_historical,,,,,,,,,
1782002700000,746.00225729,1782003599999,1791376157436,legacy_historical,,,,,,,,,
1782003600000,745.78364535,1782004499999,1791376157436,legacy_historical,,,,,,,,,
1782004500000,745.4957916,1782005399999,1791376157436,legacy_historical,,,,,,,,,
1782005400000,745.28089997,1782006299999,1791376157436,legacy_historical,,,,,,,,,
1782006300000,745.29988585,1782007199999,1791376157436,legacy_historical,,,,,,,,,
1782007200000,745.33598147,1782008099999,1791376157436,legacy_historical,,,,,,,,,
1782008100000,745.35048956,1782008999999,1791376157436,legacy_historical,,,,,,,,,
1782009000000,745.40121244,1782009899999,1791376157436,legacy_historical,,,,,,,,,
1782009900000,745.48392485,1782010799999,1791376157436,legacy_historical,,,,,,,,,
1782010800000,745.57738733,1782011699999,1791376157436,legacy_historical,,,,,,,,,
1782011700000,745.67516095,1782012599999,1791376157436,legacy_historical,,,,,,,,,
1782012600000,745.79819339,1782013499999,1791376157436,legacy_historical,,,,,,,,,
1782013500000,746.06579888,1782014399999,1791376157436,legacy_historical,,,,,,,,,
1782014400000,746.18373886,1782015299999,1791376157436,legacy_historical,,,,,,,,,
1782015300000,746.42278155,1782016199999,1791376157436,legacy_historical,,,,,,,,,
1782016200000,746.5398037,1782017099999,1791376157436,legacy_historical,,,,,,,,,
1782017100000,746.63593414,1782017999999,1791376157436,legacy_historical,,,,,,,,,
1782018000000,746.68535171,1782018899999,1791376157436,legacy_historical,,,,,,,,,
1782018900000,746.63115111,1782019799999,1791376157436,legacy_historical,,,,,,,,,
1782019800000,746.61502366,1782020699999,1791376157436,legacy_historical,,,,,,,,,
1782020700000,746.58611059,1782021599999,1791376157436,legacy_historical,,,,,,,,,
1782021600000,746.57566045,1782022499999,1791376157436,legacy_historical,,,,,,,,,
1782022500000,746.57481064,1782023399999,1791376157436,legacy_historical,,,,,,,,,
1782023400000,746.73492746,1782024299999,1791376157436,legacy_historical,,,,,,,,,
1782024300000,746.84561869,1782025199999,1791376157436,legacy_historical,,,,,,,,,
1782025200000,746.93406136,1782026099999,1791376157436,legacy_historical,,,,,,,,,
1782026100000,746.98412282,1782026999999,1791376157436,legacy_historical,,,,,,,,,
1782027000000,746.92898417,1782027899999,1791376157436,legacy_historical,,,,,,,,,
1782027900000,746.89752839,1782028799999,1791376157436,legacy_historical,,,,,,,,,
1782028800000,746.85288206,1782029699999,1791376157436,legacy_historical,,,,,,,,,
1782029700000,746.74827905,1782030599999,1791376157436,legacy_historical,,,,,,,,,
1782030600000,746.59869373,1782031499999,1791376157436,legacy_historical,,,,,,,,,
1782031500000,746.50295362,1782032399999,1791376157436,legacy_historical,,,,,,,,,
1782032400000,746.45458586,1782033299999,1791376157436,legacy_historical,,,,,,,,,
1782033300000,746.40060635,1782034199999,1791376157436,legacy_historical,,,,,,,,,
1782034200000,746.53219737,1782035099999,1791376157436,legacy_historical,,,,,,,,,
1782035100000,746.43576229,1782035999999,1791376157436,legacy_historical,,,,,,,,,
1782036000000,746.55278332,1782036899999,1791376157436,legacy_historical,,,,,,,,,
1782036900000,746.7433839,1782037799999,1791376157436,legacy_historical,,,,,,,,,
1782037800000,746.70108169,1782038699999,1791376157436,legacy_historical,,,,,,,,,
1782038700000,746.69174177,1782039599999,1791376157436,legacy_historical,,,,,,,,,
1782039600000,746.69478215,1782040499999,1791376157436,legacy_historical,,,,,,,,,
1782040500000,746.68261332,1782041399999,1791376157436,legacy_historical,,,,,,,,,
1782041400000,746.69879521,1782042299999,1791376157436,legacy_historical,,,,,,,,,
1782042300000,746.74594133,1782043199999,1791376157436,legacy_historical,,,,,,,,,
1782043200000,746.88961889,1782044099999,1791376157436,legacy_historical,,,,,,,,,
1782044100000,747.03194507,1782044999999,1791376157436,legacy_historical,,,,,,,,,
1782045000000,747.08682948,1782045899999,1791376157436,legacy_historical,,,,,,,,,
1782045900000,747.18865639,1782046799999,1791376157436,legacy_historical,,,,,,,,,
1782046800000,747.20930766,1782047699999,1791376157436,legacy_historical,,,,,,,,,
1782047700000,747.14397531,1782048599999,1791376157436,legacy_historical,,,,,,,,,
1782048600000,747.14364365,1782049499999,1791376157436,legacy_historical,,,,,,,,,
1782049500000,747.10507316,1782050399999,1791376157436,legacy_historical,,,,,,,,,
1782050400000,747.11793225,1782051299999,1791376157436,legacy_historical,,,,,,,,,
1782051300000,747.09959591,1782052199999,1791376157436,legacy_historical,,,,,,,,,
1782052200000,746.97942156,1782053099999,1791376157436,legacy_historical,,,,,,,,,
1782053100000,746.85164958,1782053999999,1791376157436,legacy_historical,,,,,,,,,
1782054000000,746.88296896,1782054899999,1791376157436,legacy_historical,,,,,,,,,
1782054900000,746.95644275,1782055799999,1791376157436,legacy_historical,,,,,,,,,
1782055800000,746.97716174,1782056699999,1791376157436,legacy_historical,,,,,,,,,
1782056700000,746.91315062,1782057599999,1791376157436,legacy_historical,,,,,,,,,
1782057600000,746.77627749,1782058499999,1791376157436,legacy_historical,,,,,,,,,
1782058500000,746.68759443,1782059399999,1791376157436,legacy_historical,,,,,,,,,
1782059400000,746.59348848,1782060299999,1791376157436,legacy_historical,,,,,,,,,
1782060300000,746.55675196,1782061199999,1791376157436,legacy_historical,,,,,,,,,
1782061200000,746.49014636,1782062099999,1791376157436,legacy_historical,,,,,,,,,
1782062100000,746.14143939,1782062999999,1791376157436,legacy_historical,,,,,,,,,
1782063000000,745.94780264,1782063899999,1791376157436,legacy_historical,,,,,,,,,
1782063900000,745.84702533,1782064799999,1791376157436,legacy_historical,,,,,,,,,
1782064800000,745.68129338,1782065699999,1791376157436,legacy_historical,,,,,,,,,
1782065700000,745.53558031,1782066599999,1791376157436,legacy_historical,,,,,,,,,
1782066600000,745.46036239,1782067499999,1791376157436,legacy_historical,,,,,,,,,
1782067500000,745.42681387,1782068399999,1791376157436,legacy_historical,,,,,,,,,
1782068400000,745.39324646,1782069299999,1791376157436,legacy_historical,,,,,,,,,
1782069300000,745.42784522,1782070199999,1791376157436,legacy_historical,,,,,,,,,
1782070200000,745.59242121,1782071099999,1791376157436,legacy_historical,,,,,,,,,
1782071100000,745.68703266,1782071999999,1791376157436,legacy_historical,,,,,,,,,
1782072000000,745.75375237,1782072899999,1791376157436,legacy_historical,,,,,,,,,
1782072900000,745.81413027,1782073799999,1791376157436,legacy_historical,,,,,,,,,
1782073800000,745.76833009,1782074699999,1791376157436,legacy_historical,,,,,,,,,
1782074700000,745.62507157,1782075599999,1791376157436,legacy_historical,,,,,,,,,
1782075600000,745.52149612,1782076499999,1791376157436,legacy_historical,,,,,,,,,
1782076500000,745.50446751,1782077399999,1791376157436,legacy_historical,,,,,,,,,
1782077400000,745.41970808,1782078299999,1791376157436,legacy_historical,,,,,,,,,
1782078300000,745.14579996,1782079199999,1791376157436,legacy_historical,,,,,,,,,
1782079200000,745.36518724,1782080099999,1791376157436,legacy_historical,,,,,,,,,
1782080100000,745.44578885,1782080999999,1791376157436,legacy_historical,,,,,,,,,
1782081000000,745.53844874,1782081899999,1791376157436,legacy_historical,,,,,,,,,
1782081900000,745.73731868,1782082799999,1791376157436,legacy_historical,,,,,,,,,
1782082800000,745.29866346,1782083699999,1791376157436,legacy_historical,,,,,,,,,
1782083700000,744.90770749,1782084599999,1791376157436,legacy_historical,,,,,,,,,
1782084600000,744.41692954,1782085499999,1791376157436,legacy_historical,,,,,,,,,
1782085500000,743.82124521,1782086399999,1791376157436,legacy_historical,,,,,,,,,
1782086400000,743.62007735,1782087299999,1791376157436,legacy_historical,,,,,,,,,
1782087300000,744.650807,1782088199999,1791376157436,legacy_historical,,,,,,,,,
1782088200000,744.59431253,1782089099999,1791376157436,legacy_historical,,,,,,,,,
1782089100000,745.2042614,1782089999999,1791376157436,legacy_historical,,,,,,,,,
1782090000000,745.69960633,1782090899999,1791376157436,legacy_historical,,,,,,,,,
1782090900000,745.79928047,1782091799999,1791376157436,legacy_historical,,,,,,,,,
1782091800000,745.71037909,1782092699999,1791376157436,legacy_historical,,,,,,,,,
1782092700000,745.27340898,1782093599999,1791376157436,legacy_historical,,,,,,,,,
1782093600000,744.79525716,1782094499999,1791376157436,legacy_historical,,,,,,,,,
1782094500000,744.5834301,1782095399999,1791376157436,legacy_historical,,,,,,,,,
1782095400000,744.37394974,1782096299999,1791376157436,legacy_historical,,,,,,,,,
1782096300000,744.22219601,1782097199999,1791376157436,legacy_historical,,,,,,,,,
1782097200000,743.90285531,1782098099999,1791376157436,legacy_historical,,,,,,,,,
1782098100000,744.31641213,1782098999999,1791376157436,legacy_historical,,,,,,,,,
1782099000000,744.31232043,1782099899999,1791376157436,legacy_historical,,,,,,,,,
1782099900000,743.80011081,1782100799999,1791376157436,legacy_historical,,,,,,,,,
1782100800000,743.67234499,1782101699999,1791376157436,legacy_historical,,,,,,,,,
1782101700000,743.44003505,1782102599999,1791376157436,legacy_historical,,,,,,,,,
1782102600000,743.2584004,1782103499999,1791376157436,legacy_historical,,,,,,,,,
1782103500000,743.79101271,1782104399999,1791376157436,legacy_historical,,,,,,,,,
1782104400000,744.85336623,1782105299999,1791376157436,legacy_historical,,,,,,,,,
1782105300000,744.83510983,1782106199999,1791376157436,legacy_historical,,,,,,,,,
1782106200000,744.80435379,1782107099999,1791376157436,legacy_historical,,,,,,,,,
1782107100000,744.9326326,1782107999999,1791376157436,legacy_historical,,,,,,,,,
1782108000000,745.57460568,1782108899999,1791376157436,legacy_historical,,,,,,,,,
1782108900000,746.151408,1782109799999,1791376157436,legacy_historical,,,,,,,,,
1782109800000,746.36843652,1782110699999,1791376157436,legacy_historical,,,,,,,,,
1782110700000,746.47934204,1782111599999,1791376157436,legacy_historical,,,,,,,,,
1782111600000,746.67582395,1782112499999,1791376157436,legacy_historical,,,,,,,,,
1782112500000,746.91414647,1782113399999,1791376157436,legacy_historical,,,,,,,,,
1782113400000,746.52018039,1782114299999,1791376157436,legacy_historical,,,,,,,,,
1782114300000,746.5468291,1782115199999,1791376157436,legacy_historical,,,,,,,,,
1782115200000,745.94592836,1782116099999,1791376157436,legacy_historical,,,,,,,,,
1782116100000,745.85420601,1782116999999,1791376157436,legacy_historical,,,,,,,,,
1782117000000,746.13573719,1782117899999,1791376157436,legacy_historical,,,,,,,,,
1782117900000,746.13245778,1782118799999,1791376157436,legacy_historical,,,,,,,,,
1782118800000,746.5733,1782119699999,1791376157436,legacy_historical,,,,,,,,,
1782119700000,746.376457,1782120599999,1791376157436,legacy_historical,,,,,,,,,
1782120600000,745.996228,1782121499999,1791376157436,legacy_historical,,,,,,,,,
1782121500000,745.90953846,1782122399999,1791376157436,legacy_historical,,,,,,,,,
1782122400000,746.63730231,1782123299999,1791376157436,legacy_historical,,,,,,,,,
1782123300000,746.61627462,1782124199999,1791376157436,legacy_historical,,,,,,,,,
1782124200000,746.31769231,1782125099999,1791376157436,legacy_historical,,,,,,,,,
1782125100000,746.29172462,1782125999999,1791376157436,legacy_historical,,,,,,,,,
1782126000000,746.73976923,1782126899999,1791376157436,legacy_historical,,,,,,,,,
1782126900000,746.72895538,1782127799999,1791376157436,legacy_historical,,,,,,,,,
1782127800000,746.769,1782128699999,1791376157436,legacy_historical,,,,,,,,,
1782128700000,746.73685462,1782129599999,1791376157436,legacy_historical,,,,,,,,,
1782129600000,747.18430769,1782130499999,1791376157436,legacy_historical,,,,,,,,,
1782130500000,747.75559385,1782131399999,1791376157436,legacy_historical,,,,,,,,,
1782131400000,747.508,1782132299999,1791376157436,legacy_historical,,,,,,,,,
1782132300000,747.20307692,1782133199999,1791376157436,legacy_historical,,,,,,,,,
1782133200000,747.81734615,1782134099999,1791376157436,legacy_historical,,,,,,,,,
1782134100000,747.69394615,1782134999999,1791376157436,legacy_historical,,,,,,,,,
1782135000000,748.49207692,1782135899999,1791376157436,legacy_historical,,,,,,,,,
1782135900000,749.87830769,1782136799999,1791376157436,legacy_historical,,,,,,,,,
1782136800000,749.46930769,1782137699999,1791376157436,legacy_historical,,,,,,,,,
1782137700000,746.54369231,1782138599999,1791376157436,legacy_historical,,,,,,,,,
1782138600000,744.77281308,1782139499999,1791376157436,legacy_historical,,,,,,,,,
1782139500000,744.70468522,1782140399999,1791376157436,legacy_historical,,,,,,,,,
1782140400000,744.41864384,1782141299999,1791376157436,legacy_historical,,,,,,,,,
1782141300000,744.37507847,1782142199999,1791376157436,legacy_historical,,,,,,,,,
1782142200000,745.81190958,1782143099999,1791376157436,legacy_historical,,,,,,,,,
1782143100000,744.63166934,1782143999999,1791376157436,legacy_historical,,,,,,,,,
1782144000000,744.86878054,1782144899999,1791376157436,legacy_historical,,,,,,,,,
1782144900000,744.78796467,1782145799999,1791376157436,legacy_historical,,,,,,,,,
1782145800000,744.3520727,1782146699999,1791376157436,legacy_historical,,,,,,,,,
1782146700000,744.94124383,1782147599999,1791376157436,legacy_historical,,,,,,,,,
1782147600000,744.52859731,1782148499999,1791376157436,legacy_historical,,,,,,,,,
1782148500000,744.75262221,1782149399999,1791376157436,legacy_historical,,,,,,,,,
1782149400000,744.37012139,1782150299999,1791376157436,legacy_historical,,,,,,,,,
1782150300000,744.72973195,1782151199999,1791376157436,legacy_historical,,,,,,,,,
1782151200000,744.97388567,1782152099999,1791376157436,legacy_historical,,,,,,,,,
1782152100000,745.13066892,1782152999999,1791376157436,legacy_historical,,,,,,,,,
1782153000000,744.60527081,1782153899999,1791376157436,legacy_historical,,,,,,,,,
1782153900000,743.70571881,1782154799999,1791376157436,legacy_historical,,,,,,,,,
1782154800000,743.87333366,1782155699999,1791376157436,legacy_historical,,,,,,,,,
1782155700000,743.46282046,1782156599999,1791376157436,legacy_historical,,,,,,,,,
1782156600000,743.25529015,1782157499999,1791376157436,legacy_historical,,,,,,,,,
1782157500000,744.411559,1782158399999,1791376157436,legacy_historical,,,,,,,,,
1782158400000,744.8634835,1782159299999,1791376157436,legacy_historical,,,,,,,,,
1782159300000,744.5914956,1782160199999,1791376157436,legacy_historical,,,,,,,,,
1782160200000,744.6345418,1782161099999,1791376157436,legacy_historical,,,,,,,,,
1782161100000,744.52202773,1782161999999,1791376157436,legacy_historical,,,,,,,,,
1782162000000,744.49146944,1782162899999,1791376157436,legacy_historical,,,,,,,,,
1782162900000,744.5297605,1782163799999,1791376157436,legacy_historical,,,,,,,,,
1782163800000,744.53174176,1782164699999,1791376157436,legacy_historical,,,,,,,,,
1782164700000,744.58270588,1782165599999,1791376157436,legacy_historical,,,,,,,,,
1782165600000,744.55661495,1782166499999,1791376157436,legacy_historical,,,,,,,,,
1782166500000,744.46132128,1782167399999,1791376157436,legacy_historical,,,,,,,,,
1782167400000,743.51837176,1782168299999,1791376157436,legacy_historical,,,,,,,,,
1782168300000,743.74728005,1782169199999,1791376157436,legacy_historical,,,,,,,,,
1782169200000,743.41214169,1782170099999,1791376157436,legacy_historical,,,,,,,,,
1782170100000,743.63892441,1782170999999,1791376157436,legacy_historical,,,,,,,,,
1782171000000,743.62713144,1782171899999,1791376157436,legacy_historical,,,,,,,,,
1782171900000,743.70801235,1782172799999,1791376157436,legacy_historical,,,,,,,,,
1782172800000,743.14393614,1782173699999,1791376157436,legacy_historical,,,,,,,,,
1782173700000,743.15923448,1782174599999,1791376157436,legacy_historical,,,,,,,,,
1782174600000,744.40769848,1782175499999,1791376157436,legacy_historical,,,,,,,,,
1782175500000,744.53688554,1782176399999,1791376157436,legacy_historical,,,,,,,,,
1782176400000,744.20541586,1782177299999,1791376157436,legacy_historical,,,,,,,,,
1782177300000,744.12900167,1782178199999,1791376157436,legacy_historical,,,,,,,,,
1782178200000,742.75355637,1782179099999,1791376157436,legacy_historical,,,,,,,,,
1782179100000,742.77680097,1782179999999,1791376157436,legacy_historical,,,,,,,,,
1782180000000,742.42882546,1782180899999,1791376157436,legacy_historical,,,,,,,,,
1782180900000,742.51863822,1782181799999,1791376157436,legacy_historical,,,,,,,,,
1782181800000,742.29857908,1782182699999,1791376157436,legacy_historical,,,,,,,,,
1782182700000,741.81364357,1782183599999,1791376157436,legacy_historical,,,,,,,,,
1782183600000,741.23658448,1782184499999,1791376157436,legacy_historical,,,,,,,,,
1782184500000,741.33816624,1782185399999,1791376157436,legacy_historical,,,,,,,,,
1782185400000,740.63703348,1782186299999,1791376157436,legacy_historical,,,,,,,,,
1782186300000,741.45640105,1782187199999,1791376157436,legacy_historical,,,,,,,,,
1782187200000,740.77109187,1782188099999,1791376157436,legacy_historical,,,,,,,,,
1782188100000,740.26127633,1782188999999,1791376157436,legacy_historical,,,,,,,,,
1782189000000,739.7880997,1782189899999,1791376157436,legacy_historical,,,,,,,,,
1782189900000,738.92140919,1782190799999,1791376157436,legacy_historical,,,,,,,,,
1782190800000,738.95795464,1782191699999,1791376157436,legacy_historical,,,,,,,,,
1782191700000,738.29572114,1782192599999,1791376157436,legacy_historical,,,,,,,,,
1782192600000,737.95303318,1782193499999,1791376157436,legacy_historical,,,,,,,,,
1782193500000,737.43873049,1782194399999,1791376157436,legacy_historical,,,,,,,,,
1782194400000,737.20565884,1782195299999,1791376157436,legacy_historical,,,,,,,,,
1782195300000,736.09391667,1782196199999,1791376157436,legacy_historical,,,,,,,,,
1782196200000,735.706745,1782197099999,1791376157436,legacy_historical,,,,,,,,,
1782197100000,735.37512636,1782197999999,1791376157436,legacy_historical,,,,,,,,,
1782198000000,735.91622669,1782198899999,1791376157436,legacy_historical,,,,,,,,,
1782198900000,735.33357653,1782199799999,1791376157436,legacy_historical,,,,,,,,,
1782199800000,734.62427116,1782200699999,1791376157436,legacy_historical,,,,,,,,,
1782200700000,734.08855054,1782201599999,1791376157436,legacy_historical,,,,,,,,,
1782201600000,733.69108932,1782202499999,1791376157436,legacy_historical,,,,,,,,,
1782202500000,733.1746738,1782203399999,1791376157436,legacy_historical,,,,,,,,,
1782203400000,734.11314647,1782204299999,1791376157436,legacy_historical,,,,,,,,,
1782204300000,733.59591194,1782205199999,1791376157436,legacy_historical,,,,,,,,,
1782205200000,734.45620283,1782206099999,1791376157436,legacy_historical,,,,,,,,,
1782206100000,735.13013106,1782206999999,1791376157436,legacy_historical,,,,,,,,,
1782207000000,734.78786233,1782207899999,1791376157436,legacy_historical,,,,,,,,,
1782207900000,735.06689021,1782208799999,1791376157436,legacy_historical,,,,,,,,,
1782208800000,734.95523025,1782209699999,1791376157436,legacy_historical,,,,,,,,,
1782209700000,734.73041198,1782210599999,1791376157436,legacy_historical,,,,,,,,,
1782210600000,734.03704282,1782211499999,1791376157436,legacy_historical,,,,,,,,,
1782211500000,734.38198488,1782212399999,1791376157436,legacy_historical,,,,,,,,,
1782212400000,734.83243289,1782213299999,1791376157436,legacy_historical,,,,,,,,,
1782213300000,734.7440407,1782214199999,1791376157436,legacy_historical,,,,,,,,,
1782214200000,735.53020297,1782215099999,1791376157436,legacy_historical,,,,,,,,,
1782215100000,735.90435845,1782215999999,1791376157436,legacy_historical,,,,,,,,,
1782216000000,735.5469121,1782216899999,1791376157436,legacy_historical,,,,,,,,,
1782216900000,734.59251647,1782217799999,1791376157436,legacy_historical,,,,,,,,,
1782217800000,734.27771936,1782218699999,1791376157436,legacy_historical,,,,,,,,,
1782218700000,734.05614973,1782219599999,1791376157436,legacy_historical,,,,,,,,,
1782219600000,734.20225983,1782220499999,1791376157436,legacy_historical,,,,,,,,,
1782220500000,733.71579837,1782221399999,1791376157436,legacy_historical,,,,,,,,,
1782221400000,734.90361401,1782222299999,1791376157436,legacy_historical,,,,,,,,,
1782222300000,737.08365556,1782223199999,1791376157436,legacy_historical,,,,,,,,,
1782223200000,738.91789562,1782224099999,1791376157436,legacy_historical,,,,,,,,,
1782224100000,738.74721026,1782224999999,1791376157436,legacy_historical,,,,,,,,,
1782225000000,737.43438125,1782225899999,1791376157436,legacy_historical,,,,,,,,,
1782225900000,736.90250149,1782226799999,1791376157436,legacy_historical,,,,,,,,,
1782226800000,736.07081958,1782227699999,1791376157436,legacy_historical,,,,,,,,,
1782227700000,734.54533401,1782228599999,1791376157436,legacy_historical,,,,,,,,,
1782228600000,734.9904973,1782229499999,1791376157436,legacy_historical,,,,,,,,,
1782229500000,735.94411995,1782230399999,1791376157436,legacy_historical,,,,,,,,,
1782230400000,737.48281452,1782231299999,1791376157436,legacy_historical,,,,,,,,,
1782231300000,737.43205213,1782232199999,1791376157436,legacy_historical,,,,,,,,,
1782232200000,737.84150458,1782233099999,1791376157436,legacy_historical,,,,,,,,,
1782233100000,737.4504655,1782233999999,1791376157436,legacy_historical,,,,,,,,,
1782234000000,737.39513421,1782234899999,1791376157436,legacy_historical,,,,,,,,,
1782234900000,737.6154994,1782235799999,1791376157436,legacy_historical,,,,,,,,,
1782235800000,737.20152299,1782236699999,1791376157436,legacy_historical,,,,,,,,,
1782236700000,735.82672952,1782237599999,1791376157436,legacy_historical,,,,,,,,,
1782237600000,735.8142652,1782238499999,1791376157436,legacy_historical,,,,,,,,,
1782238500000,735.41684711,1782239399999,1791376157436,legacy_historical,,,,,,,,,
1782239400000,733.82865904,1782240299999,1791376157436,legacy_historical,,,,,,,,,
1782240300000,734.03018996,1782241199999,1791376157436,legacy_historical,,,,,,,,,
1782241200000,734.43350098,1782242099999,1791376157436,legacy_historical,,,,,,,,,
1782242100000,735.03540686,1782242999999,1791376157436,legacy_historical,,,,,,,,,
1782243000000,734.46602787,1782243899999,1791376157436,legacy_historical,,,,,,,,,
1782243900000,734.53581853,1782244799999,1791376157436,legacy_historical,,,,,,,,,
1782244800000,734.24690741,1782245699999,1791376157436,legacy_historical,,,,,,,,,
1782245700000,734.38617044,1782246599999,1791376157436,legacy_historical,,,,,,,,,
1782246600000,734.3866141,1782247499999,1791376157436,legacy_historical,,,,,,,,,
1782247500000,734.75064227,1782248399999,1791376157436,legacy_historical,,,,,,,,,
1782248400000,734.36975083,1782249299999,1791376157436,legacy_historical,,,,,,,,,
1782249300000,734.64950385,1782250199999,1791376157436,legacy_historical,,,,,,,,,
1782250200000,734.71341359,1782251099999,1791376157436,legacy_historical,,,,,,,,,
1782251100000,734.95110399,1782251999999,1791376157436,legacy_historical,,,,,,,,,
1782252000000,735.19896425,1782252899999,1791376157436,legacy_historical,,,,,,,,,
1782252900000,733.97771647,1782253799999,1791376157436,legacy_historical,,,,,,,,,
1782253800000,733.38433023,1782254699999,1791376157436,legacy_historical,,,,,,,,,
1782254700000,733.85374031,1782255599999,1791376157436,legacy_historical,,,,,,,,,
1782255600000,733.60247697,1782256499999,1791376157436,legacy_historical,,,,,,,,,
1782256500000,733.80963396,1782257399999,1791376157436,legacy_historical,,,,,,,,,
1782257400000,733.60166119,1782258299999,1791376157436,legacy_historical,,,,,,,,,
1782258300000,735.01606456,1782259199999,1791376157436,legacy_historical,,,,,,,,,
1782259200000,735.63836601,1782260099999,1791376157436,legacy_historical,,,,,,,,,
1782260100000,735.67423724,1782260999999,1791376157436,legacy_historical,,,,,,,,,
1782261000000,735.80250427,1782261899999,1791376157436,legacy_historical,,,,,,,,,
1782261900000,735.65996694,1782262799999,1791376157436,legacy_historical,,,,,,,,,
1782262800000,735.64290174,1782263699999,1791376157436,legacy_historical,,,,,,,,,
1782263700000,735.52210044,1782264599999,1791376157436,legacy_historical,,,,,,,,,
1782264600000,735.61973063,1782265499999,1791376157436,legacy_historical,,,,,,,,,
1782265500000,735.58464982,1782266399999,1791376157436,legacy_historical,,,,,,,,,
1782266400000,735.58416975,1782267299999,1791376157436,legacy_historical,,,,,,,,,
1782267300000,735.26968875,1782268199999,1791376157436,legacy_historical,,,,,,,,,
1782268200000,734.4688186,1782269099999,1791376157436,legacy_historical,,,,,,,,,
1782269100000,733.50182446,1782269999999,1791376157436,legacy_historical,,,,,,,,,
1782270000000,734.98635066,1782270899999,1791376157436,legacy_historical,,,,,,,,,
1782270900000,735.22229728,1782271799999,1791376157436,legacy_historical,,,,,,,,,
1782271800000,735.24307976,1782272699999,1791376157436,legacy_historical,,,,,,,,,
1782272700000,735.24389009,1782273599999,1791376157436,legacy_historical,,,,,,,,,
1782273600000,734.40139905,1782274499999,1791376157436,legacy_historical,,,,,,,,,
1782274500000,734.16382601,1782275399999,1791376157436,legacy_historical,,,,,,,,,
1782275400000,735.3196958,1782276299999,1791376157436,legacy_historical,,,,,,,,,
1782276300000,735.39650235,1782277199999,1791376157436,legacy_historical,,,,,,,,,
1782277200000,735.58655783,1782278099999,1791376157436,legacy_historical,,,,,,,,,
1782278100000,735.87373178,1782278999999,1791376157436,legacy_historical,,,,,,,,,
1782279000000,735.88091193,1782279899999,1791376157436,legacy_historical,,,,,,,,,
1782279900000,735.50319073,1782280799999,1791376157436,legacy_historical,,,,,,,,,
1782280800000,735.69670985,1782281699999,1791376157436,legacy_historical,,,,,,,,,
1782281700000,735.1380378,1782282599999,1791376157436,legacy_historical,,,,,,,,,
1782282600000,735.46683326,1782283499999,1791376157436,legacy_historical,,,,,,,,,
1782283500000,735.39401691,1782284399999,1791376157436,legacy_historical,,,,,,,,,
1782284400000,735.28460085,1782285299999,1791376157436,legacy_historical,,,,,,,,,
1782285300000,734.931159,1782286199999,1791376157436,legacy_historical,,,,,,,,,
1782286200000,735.48220918,1782287099999,1791376157436,legacy_historical,,,,,,,,,
1782287100000,734.76547986,1782287999999,1791376157436,legacy_historical,,,,,,,,,
1782288000000,735.61138147,1782288899999,1791376157436,legacy_historical,,,,,,,,,
1782288900000,735.41718719,1782289799999,1791376157436,legacy_historical,,,,,,,,,
1782289800000,735.47977185,1782290699999,1791376157436,legacy_historical,,,,,,,,,
1782290700000,735.28345394,1782291599999,1791376157436,legacy_historical,,,,,,,,,
1782291600000,735.60389439,1782292499999,1791376157436,legacy_historical,,,,,,,,,
1782292500000,735.12200674,1782293399999,1791376157436,legacy_historical,,,,,,,,,
1782293400000,734.63534128,1782294299999,1791376157436,legacy_historical,,,,,,,,,
1782294300000,735.24469171,1782295199999,1791376157436,legacy_historical,,,,,,,,,
1782295200000,735.21605961,1782296099999,1791376157436,legacy_historical,,,,,,,,,
1782296100000,735.41072961,1782296999999,1791376157436,legacy_historical,,,,,,,,,
1782297000000,735.99122643,1782297899999,1791376157436,legacy_historical,,,,,,,,,
1782297900000,735.31327195,1782298799999,1791376157436,legacy_historical,,,,,,,,,
1782298800000,735.30065132,1782299699999,1791376157436,legacy_historical,,,,,,,,,
1782299700000,735.21580273,1782300599999,1791376157436,legacy_historical,,,,,,,,,
1782300600000,735.9682034,1782301499999,1791376157436,legacy_historical,,,,,,,,,
1782301500000,736.74701654,1782302399999,1791376157436,legacy_historical,,,,,,,,,
1782302400000,736.49762816,1782303299999,1791376157436,legacy_historical,,,,,,,,,
1782303300000,736.92336917,1782304199999,1791376157436,legacy_historical,,,,,,,,,
1782304200000,735.89466049,1782305099999,1791376157436,legacy_historical,,,,,,,,,
1782305100000,735.48244695,1782305999999,1791376157436,legacy_historical,,,,,,,,,
1782306000000,734.86141939,1782306899999,1791376157436,legacy_historical,,,,,,,,,
1782306900000,735.09139149,1782307799999,1791376157436,legacy_historical,,,,,,,,,
1782307800000,735.74219026,1782308699999,1791376157436,legacy_historical,,,,,,,,,
1782308700000,735.99973683,1782309599999,1791376157436,legacy_historical,,,,,,,,,
1782309600000,735.52606986,1782310499999,1791376157436,legacy_historical,,,,,,,,,
1782310500000,736.43990644,1782311399999,1791376157436,legacy_historical,,,,,,,,,
1782311400000,737.60030833,1782312299999,1791376157436,legacy_historical,,,,,,,,,
1782312300000,739.59313597,1782313199999,1791376157436,legacy_historical,,,,,,,,,
1782313200000,738.55707004,1782314099999,1791376157436,legacy_historical,,,,,,,,,
1782314100000,739.50930872,1782314999999,1791376157436,legacy_historical,,,,,,,,,
1782315000000,738.36828135,1782315899999,1791376157436,legacy_historical,,,,,,,,,
1782315900000,738.31182163,1782316799999,1791376157436,legacy_historical,,,,,,,,,
1782316800000,738.45893507,1782317699999,1791376157436,legacy_historical,,,,,,,,,
1782317700000,738.10169057,1782318599999,1791376157436,legacy_historical,,,,,,,,,
1782318600000,736.32380966,1782319499999,1791376157436,legacy_historical,,,,,,,,,
1782319500000,735.70133284,1782320399999,1791376157436,legacy_historical,,,,,,,,,
1782320400000,734.78975094,1782321299999,1791376157436,legacy_historical,,,,,,,,,
1782321300000,732.16481984,1782322199999,1791376157436,legacy_historical,,,,,,,,,
1782322200000,731.94488141,1782323099999,1791376157436,legacy_historical,,,,,,,,,
1782323100000,731.858136,1782323999999,1791376157436,legacy_historical,,,,,,,,,
1782324000000,732.87925623,1782324899999,1791376157436,legacy_historical,,,,,,,,,
1782324900000,734.39541935,1782325799999,1791376157436,legacy_historical,,,,,,,,,
1782325800000,733.17727324,1782326699999,1791376157436,legacy_historical,,,,,,,,,
1782326700000,731.81766659,1782327599999,1791376157436,legacy_historical,,,,,,,,,
1782327600000,731.63468339,1782328499999,1791376157436,legacy_historical,,,,,,,,,
1782328500000,731.9552457,1782329399999,1791376157436,legacy_historical,,,,,,,,,
1782329400000,731.50309664,1782330299999,1791376157436,legacy_historical,,,,,,,,,
1782330300000,732.57050676,1782331199999,1791376157436,legacy_historical,,,,,,,,,
1782331200000,736.55397708,1782332099999,1791376157436,legacy_historical,,,,,,,,,
1782332100000,737.27719397,1782332999999,1791376157436,legacy_historical,,,,,,,,,
1782333000000,738.0777566,1782333899999,1791376157436,legacy_historical,,,,,,,,,
1782333900000,737.84971282,1782334799999,1791376157436,legacy_historical,,,,,,,,,
1782334800000,737.35528971,1782335699999,1791376157436,legacy_historical,,,,,,,,,
1782335700000,737.95254901,1782336599999,1791376157436,legacy_historical,,,,,,,,,
1782336600000,737.68924459,1782337499999,1791376157436,legacy_historical,,,,,,,,,
1782337500000,737.78834241,1782338399999,1791376157436,legacy_historical,,,,,,,,,
1782338400000,737.52564599,1782339299999,1791376157436,legacy_historical,,,,,,,,,
1782339300000,737.08091483,1782340199999,1791376157436,legacy_historical,,,,,,,,,
1782340200000,737.19980039,1782341099999,1791376157436,legacy_historical,,,,,,,,,
1782341100000,736.71261628,1782341999999,1791376157436,legacy_historical,,,,,,,,,
1782342000000,736.53430748,1782342899999,1791376157436,legacy_historical,,,,,,,,,
1782342900000,736.84293443,1782343799999,1791376157436,legacy_historical,,,,,,,,,
1782343800000,737.40573564,1782344699999,1791376157436,legacy_historical,,,,,,,,,
1782344700000,737.18191937,1782345599999,1791376157436,legacy_historical,,,,,,,,,
1782345600000,737.36262491,1782346499999,1791376157436,legacy_historical,,,,,,,,,
1782346500000,737.01454415,1782347399999,1791376157436,legacy_historical,,,,,,,,,
1782347400000,736.26060111,1782348299999,1791376157436,legacy_historical,,,,,,,,,
1782348300000,735.81444431,1782349199999,1791376157436,legacy_historical,,,,,,,,,
1782349200000,735.89098998,1782350099999,1791376157436,legacy_historical,,,,,,,,,
1782350100000,736.01744288,1782350999999,1791376157436,legacy_historical,,,,,,,,,
1782351000000,736.44093821,1782351899999,1791376157436,legacy_historical,,,,,,,,,
1782351900000,736.398844,1782352799999,1791376157436,legacy_historical,,,,,,,,,
1782352800000,735.92806115,1782353699999,1791376157436,legacy_historical,,,,,,,,,
1782353700000,736.51434151,1782354599999,1791376157436,legacy_historical,,,,,,,,,
1782354600000,736.37670151,1782355499999,1791376157436,legacy_historical,,,,,,,,,
1782355500000,736.71718059,1782356399999,1791376157436,legacy_historical,,,,,,,,,
1782356400000,736.74920264,1782357299999,1791376157436,legacy_historical,,,,,,,,,
1782357300000,736.99493634,1782358199999,1791376157436,legacy_historical,,,,,,,,,
1782358200000,736.84464151,1782359099999,1791376157436,legacy_historical,,,,,,,,,
1782359100000,737.26095796,1782359999999,1791376157436,legacy_historical,,,,,,,,,
1782360000000,736.97291131,1782360899999,1791376157436,legacy_historical,,,,,,,,,
1782360900000,736.75044952,1782361799999,1791376157436,legacy_historical,,,,,,,,,
1782361800000,737.00385806,1782362699999,1791376157436,legacy_historical,,,,,,,,,
1782362700000,736.8101286,1782363599999,1791376157436,legacy_historical,,,,,,,,,
1782363600000,737.32693388,1782364499999,1791376157436,legacy_historical,,,,,,,,,
1782364500000,737.72873635,1782365399999,1791376157436,legacy_historical,,,,,,,,,
1782365400000,737.85936292,1782366299999,1791376157436,legacy_historical,,,,,,,,,
1782366300000,737.5817994,1782367199999,1791376157436,legacy_historical,,,,,,,,,
1782367200000,738.14255374,1782368099999,1791376157436,legacy_historical,,,,,,,,,
1782368100000,738.34403443,1782368999999,1791376157436,legacy_historical,,,,,,,,,
1782369000000,738.28769424,1782369899999,1791376157436,legacy_historical,,,,,,,,,
1782369900000,738.14199394,1782370799999,1791376157436,legacy_historical,,,,,,,,,
1782370800000,738.54375817,1782371699999,1791376157436,legacy_historical,,,,,,,,,
1782371700000,738.98960247,1782372599999,1791376157436,legacy_historical,,,,,,,,,
1782372600000,739.09128445,1782373499999,1791376157436,legacy_historical,,,,,,,,,
1782373500000,739.14422289,1782374399999,1791376157436,legacy_historical,,,,,,,,,
1782374400000,738.77694322,1782375299999,1791376157436,legacy_historical,,,,,,,,,
1782375300000,738.7287775,1782376199999,1791376157436,legacy_historical,,,,,,,,,
1782376200000,738.50150442,1782377099999,1791376157436,legacy_historical,,,,,,,,,
1782377100000,738.08454565,1782377999999,1791376157436,legacy_historical,,,,,,,,,
1782378000000,738.39474659,1782378899999,1791376157436,legacy_historical,,,,,,,,,
1782378900000,738.26956483,1782379799999,1791376157436,legacy_historical,,,,,,,,,
1782379800000,738.47486014,1782380699999,1791376157436,legacy_historical,,,,,,,,,
1782380700000,738.40092954,1782381599999,1791376157436,legacy_historical,,,,,,,,,
1782381600000,738.88684994,1782382499999,1791376157436,legacy_historical,,,,,,,,,
1782382500000,738.88993108,1782383399999,1791376157436,legacy_historical,,,,,,,,,
1782383400000,738.57536397,1782384299999,1791376157436,legacy_historical,,,,,,,,,
1782384300000,738.65252902,1782385199999,1791376157436,legacy_historical,,,,,,,,,
1782385200000,738.39232816,1782386099999,1791376157436,legacy_historical,,,,,,,,,
1782386100000,737.76996848,1782386999999,1791376157436,legacy_historical,,,,,,,,,
1782387000000,738.10707393,1782387899999,1791376157436,legacy_historical,,,,,,,,,
1782387900000,737.96326931,1782388799999,1791376157436,legacy_historical,,,,,,,,,
1782388800000,738.04221533,1782389699999,1791376157436,legacy_historical,,,,,,,,,
1782389700000,737.87950165,1782390599999,1791376157436,legacy_historical,,,,,,,,,
1782390600000,738.89316651,1782391499999,1791376157436,legacy_historical,,,,,,,,,
1782391500000,739.00916979,1782392399999,1791376157436,legacy_historical,,,,,,,,,
1782392400000,738.66245969,1782393299999,1791376157436,legacy_historical,,,,,,,,,
1782393300000,738.95781562,1782394199999,1791376157436,legacy_historical,,,,,,,,,
1782394200000,734.3440667,1782395099999,1791376157436,legacy_historical,,,,,,,,,
1782395100000,729.86151224,1782395999999,1791376157436,legacy_historical,,,,,,,,,
1782396000000,734.19814575,1782396899999,1791376157436,legacy_historical,,,,,,,,,
1782396900000,735.49173762,1782397799999,1791376157436,legacy_historical,,,,,,,,,
1782397800000,735.22555661,1782398699999,1791376157436,legacy_historical,,,,,,,,,
1782398700000,735.38030145,1782399599999,1791376157436,legacy_historical,,,,,,,,,
1782399600000,732.96758746,1782400499999,1791376157436,legacy_historical,,,,,,,,,
1782400500000,734.16438789,1782401399999,1791376157436,legacy_historical,,,,,,,,,
1782401400000,734.76910189,1782402299999,1791376157436,legacy_historical,,,,,,,,,
1782402300000,734.16067691,1782403199999,1791376157436,legacy_historical,,,,,,,,,
1782403200000,735.70088872,1782404099999,1791376157436,legacy_historical,,,,,,,,,
1782404100000,734.2102917,1782404999999,1791376157436,legacy_historical,,,,,,,,,
1782405000000,732.22191725,1782405899999,1791376157436,legacy_historical,,,,,,,,,
1782405900000,732.51595626,1782406799999,1791376157436,legacy_historical,,,,,,,,,
1782406800000,733.29278745,1782407699999,1791376157436,legacy_historical,,,,,,,,,
1782407700000,733.25677802,1782408599999,1791376157436,legacy_historical,,,,,,,,,
1782408600000,732.73054692,1782409499999,1791376157436,legacy_historical,,,,,,,,,
1782409500000,733.43650767,1782410399999,1791376157436,legacy_historical,,,,,,,,,
1782410400000,733.23574582,1782411299999,1791376157436,legacy_historical,,,,,,,,,
1782411300000,735.79806876,1782412199999,1791376157436,legacy_historical,,,,,,,,,
1782412200000,733.97916392,1782413099999,1791376157436,legacy_historical,,,,,,,,,
1782413100000,733.83913688,1782413999999,1791376157436,legacy_historical,,,,,,,,,
1782414000000,732.46164356,1782414899999,1791376157436,legacy_historical,,,,,,,,,
1782414900000,732.48063646,1782415799999,1791376157436,legacy_historical,,,,,,,,,
1782415800000,732.03134644,1782416699999,1791376157436,legacy_historical,,,,,,,,,
1782416700000,732.38866045,1782417599999,1791376157436,legacy_historical,,,,,,,,,
1782417600000,734.29659127,1782418499999,1791376157436,legacy_historical,,,,,,,,,
1782418500000,735.18801391,1782419399999,1791376157436,legacy_historical,,,,,,,,,
1782419400000,734.5765547,1782420299999,1791376157436,legacy_historical,,,,,,,,,
1782420300000,733.91908339,1782421199999,1791376157436,legacy_historical,,,,,,,,,
1782421200000,733.98309406,1782422099999,1791376157436,legacy_historical,,,,,,,,,
1782422100000,733.97251607,1782422999999,1791376157436,legacy_historical,,,,,,,,,
1782423000000,733.66946337,1782423899999,1791376157436,legacy_historical,,,,,,,,,
1782423900000,733.4914028,1782424799999,1791376157436,legacy_historical,,,,,,,,,
1782424800000,732.59505457,1782425699999,1791376157436,legacy_historical,,,,,,,,,
1782425700000,732.26499375,1782426599999,1791376157436,legacy_historical,,,,,,,,,
1782426600000,732.76388833,1782427499999,1791376157436,legacy_historical,,,,,,,,,
1782427500000,733.09443798,1782428399999,1791376157436,legacy_historical,,,,,,,,,
1782428400000,733.81942207,1782429299999,1791376157436,legacy_historical,,,,,,,,,
1782429300000,735.50344474,1782430199999,1791376157436,legacy_historical,,,,,,,,,
1782430200000,733.61026667,1782431099999,1791376157436,legacy_historical,,,,,,,,,
1782431100000,732.76604587,1782431999999,1791376157436,legacy_historical,,,,,,,,,
1782432000000,733.51806873,1782432899999,1791376157436,legacy_historical,,,,,,,,,
1782432900000,733.27594686,1782433799999,1791376157436,legacy_historical,,,,,,,,,
1782433800000,733.10564029,1782434699999,1791376157436,legacy_historical,,,,,,,,,
1782434700000,732.96547205,1782435599999,1791376157436,legacy_historical,,,,,,,,,
1782435600000,732.88987014,1782436499999,1791376157436,legacy_historical,,,,,,,,,
1782436500000,732.4978142,1782437399999,1791376157436,legacy_historical,,,,,,,,,
1782437400000,731.07448067,1782438299999,1791376157436,legacy_historical,,,,,,,,,
1782438300000,730.7291675,1782439199999,1791376157436,legacy_historical,,,,,,,,,
1782439200000,730.23626571,1782440099999,1791376157436,legacy_historical,,,,,,,,,
1782440100000,729.77119136,1782440999999,1791376157436,legacy_historical,,,,,,,,,
1782441000000,729.01995376,1782441899999,1791376157436,legacy_historical,,,,,,,,,
1782441900000,728.00237453,1782442799999,1791376157436,legacy_historical,,,,,,,,,
1782442800000,727.86794807,1782443699999,1791376157436,legacy_historical,,,,,,,,,
1782443700000,727.72584776,1782444599999,1791376157436,legacy_historical,,,,,,,,,
1782444600000,727.83470612,1782445499999,1791376157436,legacy_historical,,,,,,,,,
1782445500000,729.18882776,1782446399999,1791376157436,legacy_historical,,,,,,,,,
1782446400000,728.98442287,1782447299999,1791376157436,legacy_historical,,,,,,,,,
1782447300000,728.5435448,1782448199999,1791376157436,legacy_historical,,,,,,,,,
1782448200000,728.15939083,1782449099999,1791376157436,legacy_historical,,,,,,,,,
1782449100000,727.60709139,1782449999999,1791376157436,legacy_historical,,,,,,,,,
1782450000000,728.51492219,1782450899999,1791376157436,legacy_historical,,,,,,,,,
1782450900000,728.78907118,1782451799999,1791376157436,legacy_historical,,,,,,,,,
1782451800000,727.73182601,1782452699999,1791376157436,legacy_historical,,,,,,,,,
1782452700000,728.17484625,1782453599999,1791376157436,legacy_historical,,,,,,,,,
1782453600000,728.45101959,1782454499999,1791376157436,legacy_historical,,,,,,,,,
1782454500000,729.4629722,1782455399999,1791376157436,legacy_historical,,,,,,,,,
1782455400000,730.37705148,1782456299999,1791376157436,legacy_historical,,,,,,,,,
1782456300000,731.2379213,1782457199999,1791376157436,legacy_historical,,,,,,,,,
1782457200000,731.0817617,1782458099999,1791376157436,legacy_historical,,,,,,,,,
1782458100000,731.74810871,1782458999999,1791376157436,legacy_historical,,,,,,,,,
1782459000000,731.52080711,1782459899999,1791376157436,legacy_historical,,,,,,,,,
1782459900000,731.93742139,1782460799999,1791376157436,legacy_historical,,,,,,,,,
1782460800000,731.1250473,1782461699999,1791376157436,legacy_historical,,,,,,,,,
1782461700000,731.59093368,1782462599999,1791376157436,legacy_historical,,,,,,,,,
1782462600000,730.78285344,1782463499999,1791376157436,legacy_historical,,,,,,,,,
1782463500000,729.95441131,1782464399999,1791376157436,legacy_historical,,,,,,,,,
1782464400000,729.63000977,1782465299999,1791376157436,legacy_historical,,,,,,,,,
1782465300000,729.20137693,1782466199999,1791376157436,legacy_historical,,,,,,,,,
1782466200000,730.1315014,1782467099999,1791376157436,legacy_historical,,,,,,,,,
1782467100000,729.48649486,1782467999999,1791376157436,legacy_historical,,,,,,,,,
1782468000000,729.42966199,1782468899999,1791376157436,legacy_historical,,,,,,,,,
1782468900000,729.36341657,1782469799999,1791376157436,legacy_historical,,,,,,,,,
1782469800000,729.25762655,1782470699999,1791376157436,legacy_historical,,,,,,,,,
1782470700000,729.3619675,1782471599999,1791376157436,legacy_historical,,,,,,,,,
1782471600000,729.88557096,1782472499999,1791376157436,legacy_historical,,,,,,,,,
1782472500000,729.45607862,1782473399999,1791376157436,legacy_historical,,,,,,,,,
1782473400000,729.43240078,1782474299999,1791376157436,legacy_historical,,,,,,,,,
1782474300000,729.2206724,1782475199999,1791376157436,legacy_historical,,,,,,,,,
1782475200000,730.4435697,1782476099999,1791376157436,legacy_historical,,,,,,,,,
1782476100000,730.08073958,1782476999999,1791376157436,legacy_historical,,,,,,,,,
1782477000000,729.28548749,1782477899999,1791376157436,legacy_historical,,,,,,,,,
1782477900000,729.24547046,1782478799999,1791376157436,legacy_historical,,,,,,,,,
1782478800000,728.57489061,1782479699999,1791376157436,legacy_historical,,,,,,,,,
1782479700000,728.86753008,1782480599999,1791376157436,legacy_historical,,,,,,,,,
1782480600000,729.28923042,1782481499999,1791376157436,legacy_historical,,,,,,,,,
1782481500000,730.6574935,1782482399999,1791376157436,legacy_historical,,,,,,,,,
1782482400000,733.15388098,1782483299999,1791376157436,legacy_historical,,,,,,,,,
1782483300000,733.41743651,1782484199999,1791376157436,legacy_historical,,,,,,,,,
1782484200000,732.19287486,1782485099999,1791376157436,legacy_historical,,,,,,,,,
1782485100000,732.54009351,1782485999999,1791376157436,legacy_historical,,,,,,,,,
1782486000000,732.07063154,1782486899999,1791376157436,legacy_historical,,,,,,,,,
1782486900000,734.58910851,1782487799999,1791376157436,legacy_historical,,,,,,,,,
1782487800000,736.22309274,1782488699999,1791376157436,legacy_historical,,,,,,,,,
1782488700000,735.41088692,1782489599999,1791376157436,legacy_historical,,,,,,,,,
1782489600000,734.10983058,1782490499999,1791376157436,legacy_historical,,,,,,,,,
1782490500000,733.37828231,1782491399999,1791376157436,legacy_historical,,,,,,,,,
1782491400000,734.05576481,1782492299999,1791376157436,legacy_historical,,,,,,,,,
1782492300000,734.47218922,1782493199999,1791376157436,legacy_historical,,,,,,,,,
1782493200000,735.07050077,1782494099999,1791376157436,legacy_historical,,,,,,,,,
1782494100000,734.76709798,1782494999999,1791376157436,legacy_historical,,,,,,,,,
1782495000000,734.28506261,1782495899999,1791376157436,legacy_historical,,,,,,,,,
1782495900000,733.69676552,1782496799999,1791376157436,legacy_historical,,,,,,,,,
1782496800000,734.00854092,1782497699999,1791376157436,legacy_historical,,,,,,,,,
1782497700000,732.86675061,1782498599999,1791376157436,legacy_historical,,,,,,,,,
1782498600000,732.9045401,1782499499999,1791376157436,legacy_historical,,,,,,,,,
1782499500000,731.64195347,1782500399999,1791376157436,legacy_historical,,,,,,,,,
1782500400000,732.76026529,1782501299999,1791376157436,legacy_historical,,,,,,,,,
1782501300000,732.17934874,1782502199999,1791376157436,legacy_historical,,,,,,,,,
1782502200000,733.25430264,1782503099999,1791376157436,legacy_historical,,,,,,,,,
1782503100000,732.1517396,1782503999999,1791376157436,legacy_historical,,,,,,,,,
1782504000000,732.13938434,1782504899999,1791376157436,legacy_historical,,,,,,,,,
1782504900000,732.48950608,1782505799999,1791376157436,legacy_historical,,,,,,,,,
1782505800000,731.03694397,1782506699999,1791376157436,legacy_historical,,,,,,,,,
1782506700000,730.90224872,1782507599999,1791376157436,legacy_historical,,,,,,,,,
1782507600000,730.90241329,1782508499999,1791376157436,legacy_historical,,,,,,,,,
1782508500000,730.92646516,1782509399999,1791376157436,legacy_historical,,,,,,,,,
1782509400000,730.63244404,1782510299999,1791376157436,legacy_historical,,,,,,,,,
1782510300000,731.2627907,1782511199999,1791376157436,legacy_historical,,,,,,,,,
1782511200000,731.66474093,1782512099999,1791376157436,legacy_historical,,,,,,,,,
1782512100000,731.39534893,1782512999999,1791376157436,legacy_historical,,,,,,,,,
1782513000000,731.33338266,1782513899999,1791376157436,legacy_historical,,,,,,,,,
1782513900000,731.21426578,1782514799999,1791376157436,legacy_historical,,,,,,,,,
1782514800000,731.18030756,1782515699999,1791376157436,legacy_historical,,,,,,,,,
1782515700000,731.16470629,1782516599999,1791376157436,legacy_historical,,,,,,,,,
1782516600000,731.34354651,1782517499999,1791376157436,legacy_historical,,,,,,,,,
1782517500000,731.23035436,1782518399999,1791376157436,legacy_historical,,,,,,,,,
1782518400000,731.79580092,1782519299999,1791376157436,legacy_historical,,,,,,,,,
1782519300000,732.22858772,1782520199999,1791376157436,legacy_historical,,,,,,,,,
1782520200000,732.49854302,1782521099999,1791376157436,legacy_historical,,,,,,,,,
1782521100000,732.62580351,1782521999999,1791376157436,legacy_historical,,,,,,,,,
1782522000000,732.53434783,1782522899999,1791376157436,legacy_historical,,,,,,,,,
1782522900000,732.63583202,1782523799999,1791376157436,legacy_historical,,,,,,,,,
1782523800000,732.48252715,1782524699999,1791376157436,legacy_historical,,,,,,,,,
1782524700000,732.38536724,1782525599999,1791376157436,legacy_historical,,,,,,,,,
1782525600000,732.6017886,1782526499999,1791376157436,legacy_historical,,,,,,,,,
1782526500000,733.01637232,1782527399999,1791376157436,legacy_historical,,,,,,,,,
1782527400000,733.15233713,1782528299999,1791376157436,legacy_historical,,,,,,,,,
1782528300000,732.81334824,1782529199999,1791376157436,legacy_historical,,,,,,,,,
1782529200000,732.63119883,1782530099999,1791376157436,legacy_historical,,,,,,,,,
1782530100000,732.59280137,1782530999999,1791376157436,legacy_historical,,,,,,,,,
1782531000000,732.22302152,1782531899999,1791376157436,legacy_historical,,,,,,,,,
1782531900000,731.83832525,1782532799999,1791376157436,legacy_historical,,,,,,,,,
1782532800000,732.10014165,1782533699999,1791376157436,legacy_historical,,,,,,,,,
1782533700000,732.31678135,1782534599999,1791376157436,legacy_historical,,,,,,,,,
1782534600000,732.20884383,1782535499999,1791376157436,legacy_historical,,,,,,,,,
1782535500000,731.73117357,1782536399999,1791376157436,legacy_historical,,,,,,,,,
1782536400000,731.5358066,1782537299999,1791376157436,legacy_historical,,,,,,,,,
1782537300000,731.46458205,1782538199999,1791376157436,legacy_historical,,,,,,,,,
1782538200000,731.68035089,1782539099999,1791376157436,legacy_historical,,,,,,,,,
1782539100000,731.60693495,1782539999999,1791376157436,legacy_historical,,,,,,,,,
1782540000000,731.66203042,1782540899999,1791376157436,legacy_historical,,,,,,,,,
1782540900000,731.92794309,1782541799999,1791376157436,legacy_historical,,,,,,,,,
1782541800000,732.27633853,1782542699999,1791376157436,legacy_historical,,,,,,,,,
1782542700000,732.50657679,1782543599999,1791376157436,legacy_historical,,,,,,,,,
1782543600000,732.42388363,1782544499999,1791376157436,legacy_historical,,,,,,,,,
1782544500000,732.19926048,1782545399999,1791376157436,legacy_historical,,,,,,,,,
1782545400000,732.08741295,1782546299999,1791376157436,legacy_historical,,,,,,,,,
1782546300000,732.00431556,1782547199999,1791376157436,legacy_historical,,,,,,,,,
1782547200000,731.96745648,1782548099999,1791376157436,legacy_historical,,,,,,,,,
1782548100000,732.02946565,1782548999999,1791376157436,legacy_historical,,,,,,,,,
1782549000000,732.01201952,1782549899999,1791376157436,legacy_historical,,,,,,,,,
1782549900000,732.0469104,1782550799999,1791376157436,legacy_historical,,,,,,,,,
1782550800000,732.05393927,1782551699999,1791376157436,legacy_historical,,,,,,,,,
1782551700000,731.98916645,1782552599999,1791376157436,legacy_historical,,,,,,,,,
1782552600000,731.90814022,1782553499999,1791376157436,legacy_historical,,,,,,,,,
1782553500000,731.75660889,1782554399999,1791376157436,legacy_historical,,,,,,,,,
1782554400000,731.65925238,1782555299999,1791376157436,legacy_historical,,,,,,,,,
1782555300000,731.5944047,1782556199999,1791376157436,legacy_historical,,,,,,,,,
1782556200000,731.5961628,1782557099999,1791376157436,legacy_historical,,,,,,,,,
1782557100000,731.52333726,1782557999999,1791376157436,legacy_historical,,,,,,,,,
1782558000000,731.57660324,1782558899999,1791376157436,legacy_historical,,,,,,,,,
1782558900000,731.59931134,1782559799999,1791376157436,legacy_historical,,,,,,,,,
1782559800000,731.55729677,1782560699999,1791376157436,legacy_historical,,,,,,,,,
1782560700000,731.52261944,1782561599999,1791376157436,legacy_historical,,,,,,,,,
1782561600000,731.49970568,1782562499999,1791376157436,legacy_historical,,,,,,,,,
1782562500000,731.48995622,1782563399999,1791376157436,legacy_historical,,,,,,,,,
1782563400000,731.46190902,1782564299999,1791376157436,legacy_historical,,,,,,,,,
1782564300000,731.42456525,1782565199999,1791376157436,legacy_historical,,,,,,,,,
1782565200000,731.49330598,1782566099999,1791376157436,legacy_historical,,,,,,,,,
1782566100000,731.65620386,1782566999999,1791376157436,legacy_historical,,,,,,,,,
1782567000000,731.81537383,1782567899999,1791376157436,legacy_historical,,,,,,,,,
1782567900000,732.06898733,1782568799999,1791376157436,legacy_historical,,,,,,,,,
1782568800000,732.23006609,1782569699999,1791376157436,legacy_historical,,,,,,,,,
1782569700000,732.24545941,1782570599999,1791376157436,legacy_historical,,,,,,,,,
1782570600000,732.12801158,1782571499999,1791376157436,legacy_historical,,,,,,,,,
1782571500000,732.16620049,1782572399999,1791376157436,legacy_historical,,,,,,,,,
1782572400000,732.08813177,1782573299999,1791376157436,legacy_historical,,,,,,,,,
1782573300000,732.03314176,1782574199999,1791376157436,legacy_historical,,,,,,,,,
1782574200000,732.03550959,1782575099999,1791376157436,legacy_historical,,,,,,,,,
1782575100000,732.05020992,1782575999999,1791376157436,legacy_historical,,,,,,,,,
1782576000000,732.24890586,1782576899999,1791376157436,legacy_historical,,,,,,,,,
1782576900000,732.26628214,1782577799999,1791376157436,legacy_historical,,,,,,,,,
1782577800000,732.24207921,1782578699999,1791376157436,legacy_historical,,,,,,,,,
1782578700000,732.2332888,1782579599999,1791376157436,legacy_historical,,,,,,,,,
1782579600000,732.22250326,1782580499999,1791376157436,legacy_historical,,,,,,,,,
1782580500000,732.26104554,1782581399999,1791376157436,legacy_historical,,,,,,,,,
1782581400000,732.31719015,1782582299999,1791376157436,legacy_historical,,,,,,,,,
1782582300000,732.41159023,1782583199999,1791376157436,legacy_historical,,,,,,,,,
1782583200000,732.56506842,1782584099999,1791376157436,legacy_historical,,,,,,,,,
1782584100000,732.44769631,1782584999999,1791376157436,legacy_historical,,,,,,,,,
1782585000000,732.38306064,1782585899999,1791376157436,legacy_historical,,,,,,,,,
1782585900000,732.46337579,1782586799999,1791376157436,legacy_historical,,,,,,,,,
1782586800000,732.51237378,1782587699999,1791376157436,legacy_historical,,,,,,,,,
1782587700000,732.3636116,1782588599999,1791376157436,legacy_historical,,,,,,,,,
1782588600000,732.15453102,1782589499999,1791376157436,legacy_historical,,,,,,,,,
1782589500000,732.04257866,1782590399999,1791376157436,legacy_historical,,,,,,,,,
1782590400000,731.91264148,1782591299999,1791376157436,legacy_historical,,,,,,,,,
1782591300000,732.03657149,1782592199999,1791376157436,legacy_historical,,,,,,,,,
1782592200000,732.17926814,1782593099999,1791376157436,legacy_historical,,,,,,,,,
1782593100000,732.28319695,1782593999999,1791376157436,legacy_historical,,,,,,,,,
1782594000000,732.36567207,1782594899999,1791376157436,legacy_historical,,,,,,,,,
1782594900000,732.43399956,1782595799999,1791376157436,legacy_historical,,,,,,,,,
1782595800000,732.44591878,1782596699999,1791376157436,legacy_historical,,,,,,,,,
1782596700000,732.18475693,1782597599999,1791376157436,legacy_historical,,,,,,,,,
1782597600000,731.85555973,1782598499999,1791376157436,legacy_historical,,,,,,,,,
1782598500000,731.66290504,1782599399999,1791376157436,legacy_historical,,,,,,,,,
1782599400000,731.43748571,1782600299999,1791376157436,legacy_historical,,,,,,,,,
1782600300000,731.27762883,1782601199999,1791376157436,legacy_historical,,,,,,,,,
1782601200000,731.60382758,1782602099999,1791376157436,legacy_historical,,,,,,,,,
1782602100000,731.74891471,1782602999999,1791376157436,legacy_historical,,,,,,,,,
1782603000000,731.68922603,1782603899999,1791376157436,legacy_historical,,,,,,,,,
1782603900000,731.58041029,1782604799999,1791376157436,legacy_historical,,,,,,,,,
1782604800000,731.54132659,1782605699999,1791376157436,legacy_historical,,,,,,,,,
1782605700000,731.5495912,1782606599999,1791376157436,legacy_historical,,,,,,,,,
1782606600000,731.57308531,1782607499999,1791376157436,legacy_historical,,,,,,,,,
1782607500000,731.50769436,1782608399999,1791376157436,legacy_historical,,,,,,,,,
1782608400000,731.43216857,1782609299999,1791376157436,legacy_historical,,,,,,,,,
1782609300000,731.29460524,1782610199999,1791376157436,legacy_historical,,,,,,,,,
1782610200000,731.18889255,1782611099999,1791376157436,legacy_historical,,,,,,,,,
1782611100000,731.01999554,1782611999999,1791376157436,legacy_historical,,,,,,,,,
1782612000000,730.92046143,1782612899999,1791376157436,legacy_historical,,,,,,,,,
1782612900000,730.87735783,1782613799999,1791376157436,legacy_historical,,,,,,,,,
1782613800000,730.91427241,1782614699999,1791376157436,legacy_historical,,,,,,,,,
1782614700000,730.83776623,1782615599999,1791376157436,legacy_historical,,,,,,,,,
1782615600000,730.7849876,1782616499999,1791376157436,legacy_historical,,,,,,,,,
1782616500000,730.92346045,1782617399999,1791376157436,legacy_historical,,,,,,,,,
1782617400000,731.14393281,1782618299999,1791376157436,legacy_historical,,,,,,,,,
1782618300000,731.00653788,1782619199999,1791376157436,legacy_historical,,,,,,,,,
1782619200000,731.06352402,1782620099999,1791376157436,legacy_historical,,,,,,,,,
1782620100000,731.24807273,1782620999999,1791376157436,legacy_historical,,,,,,,,,
1782621000000,731.39077449,1782621899999,1791376157436,legacy_historical,,,,,,,,,
1782621900000,731.59605207,1782622799999,1791376157436,legacy_historical,,,,,,,,,
1782622800000,731.62441838,1782623699999,1791376157436,legacy_historical,,,,,,,,,
1782623700000,731.62113545,1782624599999,1791376157436,legacy_historical,,,,,,,,,
1782624600000,731.59205647,1782625499999,1791376157436,legacy_historical,,,,,,,,,
1782625500000,731.46064734,1782626399999,1791376157436,legacy_historical,,,,,,,,,
1782626400000,731.4128822,1782627299999,1791376157436,legacy_historical,,,,,,,,,
1782627300000,731.38213293,1782628199999,1791376157436,legacy_historical,,,,,,,,,
1782628200000,731.39854564,1782629099999,1791376157436,legacy_historical,,,,,,,,,
1782629100000,731.51829263,1782629999999,1791376157436,legacy_historical,,,,,,,,,
1782630000000,731.47546425,1782630899999,1791376157436,legacy_historical,,,,,,,,,
1782630900000,731.39603925,1782631799999,1791376157436,legacy_historical,,,,,,,,,
1782631800000,731.34703408,1782632699999,1791376157436,legacy_historical,,,,,,,,,
1782632700000,731.34572928,1782633599999,1791376157436,legacy_historical,,,,,,,,,
1782633600000,731.35693614,1782634499999,1791376157436,legacy_historical,,,,,,,,,
1782634500000,731.44106522,1782635399999,1791376157436,legacy_historical,,,,,,,,,
1782635400000,731.68793899,1782636299999,1791376157436,legacy_historical,,,,,,,,,
1782636300000,731.7947224,1782637199999,1791376157436,legacy_historical,,,,,,,,,
1782637200000,731.82611801,1782638099999,1791376157436,legacy_historical,,,,,,,,,
1782638100000,731.94640599,1782638999999,1791376157436,legacy_historical,,,,,,,,,
1782639000000,731.9979201,1782639899999,1791376157436,legacy_historical,,,,,,,,,
1782639900000,731.98600098,1782640799999,1791376157436,legacy_historical,,,,,,,,,
1782640800000,731.86746314,1782641699999,1791376157436,legacy_historical,,,,,,,,,
1782641700000,731.67868594,1782642599999,1791376157436,legacy_historical,,,,,,,,,
1782642600000,731.59249139,1782643499999,1791376157436,legacy_historical,,,,,,,,,
1782643500000,731.5306165,1782644399999,1791376157436,legacy_historical,,,,,,,,,
1782644400000,731.61386569,1782645299999,1791376157436,legacy_historical,,,,,,,,,
1782645300000,731.68215572,1782646199999,1791376157436,legacy_historical,,,,,,,,,
1782646200000,731.74465715,1782647099999,1791376157436,legacy_historical,,,,,,,,,
1782647100000,731.69971171,1782647999999,1791376157436,legacy_historical,,,,,,,,,
1782648000000,731.60274721,1782648899999,1791376157436,legacy_historical,,,,,,,,,
1782648900000,731.47197952,1782649799999,1791376157436,legacy_historical,,,,,,,,,
1782649800000,731.5874114,1782650699999,1791376157436,legacy_historical,,,,,,,,,
1782650700000,731.8553096,1782651599999,1791376157436,legacy_historical,,,,,,,,,
1782651600000,731.92610975,1782652499999,1791376157436,legacy_historical,,,,,,,,,
1782652500000,732.01130398,1782653399999,1791376157436,legacy_historical,,,,,,,,,
1782653400000,732.16340677,1782654299999,1791376157436,legacy_historical,,,,,,,,,
1782654300000,732.23315263,1782655199999,1791376157436,legacy_historical,,,,,,,,,
1782655200000,732.28778847,1782656099999,1791376157436,legacy_historical,,,,,,,,,
1782656100000,732.36663538,1782656999999,1791376157436,legacy_historical,,,,,,,,,
1782657000000,732.2740514,1782657899999,1791376157436,legacy_historical,,,,,,,,,
1782657900000,732.17857075,1782658799999,1791376157436,legacy_historical,,,,,,,,,
1782658800000,732.07274004,1782659699999,1791376157436,legacy_historical,,,,,,,,,
1782659700000,731.99788561,1782660599999,1791376157436,legacy_historical,,,,,,,,,
1782660600000,731.91571892,1782661499999,1791376157436,legacy_historical,,,,,,,,,
1782661500000,731.81079624,1782662399999,1791376157436,legacy_historical,,,,,,,,,
1782662400000,731.81462298,1782663299999,1791376157436,legacy_historical,,,,,,,,,
1782663300000,731.7593416,1782664199999,1791376157436,legacy_historical,,,,,,,,,
1782664200000,731.74958401,1782665099999,1791376157436,legacy_historical,,,,,,,,,
1782665100000,731.70578096,1782665999999,1791376157436,legacy_historical,,,,,,,,,
1782666000000,731.65709325,1782666899999,1791376157436,legacy_historical,,,,,,,,,
1782666900000,731.59154644,1782667799999,1791376157436,legacy_historical,,,,,,,,,
1782667800000,731.50810514,1782668699999,1791376157436,legacy_historical,,,,,,,,,
1782668700000,731.49056867,1782669599999,1791376157436,legacy_historical,,,,,,,,,
1782669600000,731.58850967,1782670499999,1791376157436,legacy_historical,,,,,,,,,
1782670500000,731.60220808,1782671399999,1791376157436,legacy_historical,,,,,,,,,
1782671400000,731.54538305,1782672299999,1791376157436,legacy_historical,,,,,,,,,
1782672300000,731.3973256,1782673199999,1791376157436,legacy_historical,,,,,,,,,
1782673200000,731.38217692,1782674099999,1791376157436,legacy_historical,,,,,,,,,
1782674100000,731.51754853,1782674999999,1791376157436,legacy_historical,,,,,,,,,
1782675000000,731.5266338,1782675899999,1791376157436,legacy_historical,,,,,,,,,
1782675900000,731.30776092,1782676799999,1791376157436,legacy_historical,,,,,,,,,
1782676800000,731.16264034,1782677699999,1791376157436,legacy_historical,,,,,,,,,
1782677700000,731.48343245,1782678599999,1791376157436,legacy_historical,,,,,,,,,
1782678600000,732.47964556,1782679499999,1791376157436,legacy_historical,,,,,,,,,
1782679500000,733.16285171,1782680399999,1791376157436,legacy_historical,,,,,,,,,
1782680400000,733.52902725,1782681299999,1791376157436,legacy_historical,,,,,,,,,
1782681300000,733.71877635,1782682199999,1791376157436,legacy_historical,,,,,,,,,
1782682200000,733.81935842,1782683099999,1791376157436,legacy_historical,,,,,,,,,
1782683100000,733.4570313,1782683999999,1791376157436,legacy_historical,,,,,,,,,
1782684000000,733.82439584,1782684899999,1791376157436,legacy_historical,,,,,,,,,
1782684900000,734.19925546,1782685799999,1791376157436,legacy_historical,,,,,,,,,
1782685800000,734.46506871,1782686699999,1791376157436,legacy_historical,,,,,,,,,
1782686700000,734.6311314,1782687599999,1791376157436,legacy_historical,,,,,,,,,
1782687600000,734.96494679,1782688499999,1791376157436,legacy_historical,,,,,,,,,
1782688500000,735.37843018,1782689399999,1791376157436,legacy_historical,,,,,,,,,
1782689400000,735.78328888,1782690299999,1791376157436,legacy_historical,,,,,,,,,
1782690300000,735.95553504,1782691199999,1791376157436,legacy_historical,,,,,,,,,
1782777600000,741.10299279,1782778499999,1791376157436,legacy_historical,,,,,,,,,
1782778500000,740.36426291,1782779399999,1791376157436,legacy_historical,,,,,,,,,
1782779400000,739.93433666,1782780299999,1791376157436,legacy_historical,,,,,,,,,
1782780300000,740.52830146,1782781199999,1791376157436,legacy_historical,,,,,,,,,
1782781200000,739.9112693,1782782099999,1791376157436,legacy_historical,,,,,,,,,
1782782100000,741.10626117,1782782999999,1791376157436,legacy_historical,,,,,,,,,
1782783000000,741.04573615,1782783899999,1791376157436,legacy_historical,,,,,,,,,
1782783900000,741.11539657,1782784799999,1791376157436,legacy_historical,,,,,,,,,
1782784800000,740.53125081,1782785699999,1791376157436,legacy_historical,,,,,,,,,
1782785700000,740.7210355,1782786599999,1791376157436,legacy_historical,,,,,,,,,
1782786600000,740.56697798,1782787499999,1791376157436,legacy_historical,,,,,,,,,
1782787500000,740.45960376,1782788399999,1791376157436,legacy_historical,,,,,,,,,
1782788400000,740.6848192,1782789299999,1791376157436,legacy_historical,,,,,,,,,
1782789300000,740.9757591,1782790199999,1791376157436,legacy_historical,,,,,,,,,
1782790200000,741.70849282,1782791099999,1791376157436,legacy_historical,,,,,,,,,
1782791100000,741.4960578,1782791999999,1791376157436,legacy_historical,,,,,,,,,
1782792000000,741.9896313,1782792899999,1791376157436,legacy_historical,,,,,,,,,
1782792900000,742.18770141,1782793799999,1791376157436,legacy_historical,,,,,,,,,
1782793800000,742.61362515,1782794699999,1791376157436,legacy_historical,,,,,,,,,
1782794700000,742.43070636,1782795599999,1791376157436,legacy_historical,,,,,,,,,
1782795600000,742.63737781,1782796499999,1791376157436,legacy_historical,,,,,,,,,
1782796500000,742.20581174,1782797399999,1791376157436,legacy_historical,,,,,,,,,
1782797400000,742.01506477,1782798299999,1791376157436,legacy_historical,,,,,,,,,
1782798300000,742.37378522,1782799199999,1791376157436,legacy_historical,,,,,,,,,
1782799200000,742.19207223,1782800099999,1791376157436,legacy_historical,,,,,,,,,
1782800100000,742.18123569,1782800999999,1791376157436,legacy_historical,,,,,,,,,
1782801000000,741.66683198,1782801899999,1791376157436,legacy_historical,,,,,,,,,
1782801900000,742.21276881,1782802799999,1791376157436,legacy_historical,,,,,,,,,
1782802800000,741.94582164,1782803699999,1791376157436,legacy_historical,,,,,,,,,
1782803700000,742.13786147,1782804599999,1791376157436,legacy_historical,,,,,,,,,
1782804600000,742.06099477,1782805499999,1791376157436,legacy_historical,,,,,,,,,
1782805500000,741.581502,1782806399999,1791376157436,legacy_historical,,,,,,,,,
1782806400000,741.68446487,1782807299999,1791376157436,legacy_historical,,,,,,,,,
1782807300000,742.13124766,1782808199999,1791376157436,legacy_historical,,,,,,,,,
1782808200000,741.2038155,1782809099999,1791376157436,legacy_historical,,,,,,,,,
1782809100000,741.51470531,1782809999999,1791376157436,legacy_historical,,,,,,,,,
1782810000000,741.65237048,1782810899999,1791376157436,legacy_historical,,,,,,,,,
1782810900000,741.58244028,1782811799999,1791376157436,legacy_historical,,,,,,,,,
1782811800000,741.74240196,1782812699999,1791376157436,legacy_historical,,,,,,,,,
1782812700000,741.84526832,1782813599999,1791376157436,legacy_historical,,,,,,,,,
1782813600000,741.95521886,1782814499999,1791376157436,legacy_historical,,,,,,,,,
1782814500000,742.04304485,1782815399999,1791376157436,legacy_historical,,,,,,,,,
1782815400000,741.95706155,1782816299999,1791376157436,legacy_historical,,,,,,,,,
1782816300000,742.5000591,1782817199999,1791376157436,legacy_historical,,,,,,,,,
1782817200000,742.78957755,1782818099999,1791376157436,legacy_historical,,,,,,,,,
1782818100000,742.37773158,1782818999999,1791376157436,legacy_historical,,,,,,,,,
1782819000000,742.67812825,1782819899999,1791376157436,legacy_historical,,,,,,,,,
1782819900000,742.38401769,1782820799999,1791376157436,legacy_historical,,,,,,,,,
1782820800000,741.53424904,1782821699999,1791376157436,legacy_historical,,,,,,,,,
1782821700000,741.00332026,1782822599999,1791376157436,legacy_historical,,,,,,,,,
1782822600000,741.27114863,1782823499999,1791376157436,legacy_historical,,,,,,,,,
1782823500000,741.04058408,1782824399999,1791376157436,legacy_historical,,,,,,,,,
1782824400000,740.97742,1782825299999,1791376157436,legacy_historical,,,,,,,,,
1782825300000,741.21364719,1782826199999,1791376157436,legacy_historical,,,,,,,,,
1782826200000,741.90045539,1782827099999,1791376157436,legacy_historical,,,,,,,,,
1782827100000,743.815126,1782827999999,1791376157436,legacy_historical,,,,,,,,,
1782828000000,743.62043835,1782828899999,1791376157436,legacy_historical,,,,,,,,,
1782828900000,744.43551209,1782829799999,1791376157436,legacy_historical,,,,,,,,,
1782829800000,744.79428948,1782830699999,1791376157436,legacy_historical,,,,,,,,,
1782830700000,743.36043495,1782831599999,1791376157436,legacy_historical,,,,,,,,,
1782831600000,744.82134788,1782832499999,1791376157436,legacy_historical,,,,,,,,,
1782832500000,745.25973254,1782833399999,1791376157436,legacy_historical,,,,,,,,,
1782833400000,745.04194248,1782834299999,1791376157436,legacy_historical,,,,,,,,,
1782834300000,745.78770621,1782835199999,1791376157436,legacy_historical,,,,,,,,,
1782835200000,746.27047835,1782836099999,1791376157436,legacy_historical,,,,,,,,,
1782836100000,746.29180411,1782836999999,1791376157436,legacy_historical,,,,,,,,,
1782837000000,746.50229167,1782837899999,1791376157436,legacy_historical,,,,,,,,,
1782837900000,746.77425989,1782838799999,1791376157436,legacy_historical,,,,,,,,,
1782838800000,746.63478472,1782839699999,1791376157436,legacy_historical,,,,,,,,,
1782839700000,746.51813479,1782840599999,1791376157436,legacy_historical,,,,,,,,,
1782840600000,746.5952522,1782841499999,1791376157436,legacy_historical,,,,,,,,,
1782841500000,746.47695949,1782842399999,1791376157436,legacy_historical,,,,,,,,,
1782842400000,746.77768536,1782843299999,1791376157436,legacy_historical,,,,,,,,,
1782843300000,746.7900999,1782844199999,1791376157436,legacy_historical,,,,,,,,,
1782844200000,747.00861014,1782845099999,1791376157436,legacy_historical,,,,,,,,,
1782845100000,747.14400238,1782845999999,1791376157436,legacy_historical,,,,,,,,,
1782846000000,747.73048173,1782846899999,1791376157436,legacy_historical,,,,,,,,,
1782846900000,747.43804884,1782847799999,1791376157436,legacy_historical,,,,,,,,,
1782847800000,747.09579549,1782848699999,1791376157436,legacy_historical,,,,,,,,,
1782848700000,746.89492034,1782849599999,1791376157436,legacy_historical,,,,,,,,,
1782849600000,746.17288377,1782850499999,1791376157436,legacy_historical,,,,,,,,,
1782850500000,745.90204163,1782851399999,1791376157436,legacy_historical,,,,,,,,,
1782851400000,745.76250098,1782852299999,1791376157436,legacy_historical,,,,,,,,,
1782852300000,745.8783364,1782853199999,1791376157436,legacy_historical,,,,,,,,,
1782853200000,745.90092492,1782854099999,1791376157436,legacy_historical,,,,,,,,,
1782854100000,745.94972169,1782854999999,1791376157436,legacy_historical,,,,,,,,,
1782855000000,745.82358252,1782855899999,1791376157436,legacy_historical,,,,,,,,,
1782855900000,745.93301653,1782856799999,1791376157436,legacy_historical,,,,,,,,,
1782856800000,746.28865,1782857699999,1791376157436,legacy_historical,,,,,,,,,
1782857700000,746.66598082,1782858599999,1791376157436,legacy_historical,,,,,,,,,
1782858600000,746.40769118,1782859499999,1791376157436,legacy_historical,,,,,,,,,
1782859500000,746.04667999,1782860399999,1791376157436,legacy_historical,,,,,,,,,
1782860400000,746.10643137,1782861299999,1791376157436,legacy_historical,,,,,,,,,
1782861300000,746.14159034,1782862199999,1791376157436,legacy_historical,,,,,,,,,
1782862200000,746.20681148,1782863099999,1791376157436,legacy_historical,,,,,,,,,
1782863100000,746.2291741,1782863999999,1791376157436,legacy_historical,,,,,,,,,
1782864000000,746.06609868,1782864899999,1791376157436,legacy_historical,,,,,,,,,
1782864900000,746.20784394,1782865799999,1791376157436,legacy_historical,,,,,,,,,
1782865800000,746.36075077,1782866699999,1791376157436,legacy_historical,,,,,,,,,
1782866700000,746.18433324,1782867599999,1791376157436,legacy_historical,,,,,,,,,
1782867600000,745.58528414,1782868499999,1791376157436,legacy_historical,,,,,,,,,
1782868500000,745.35833318,1782869399999,1791376157436,legacy_historical,,,,,,,,,
1782869400000,745.23246335,1782870299999,1791376157436,legacy_historical,,,,,,,,,
1782870300000,744.99313153,1782871199999,1791376157436,legacy_historical,,,,,,,,,
1782871200000,744.12622356,1782872099999,1791376157436,legacy_historical,,,,,,,,,
1782872100000,744.55851177,1782872999999,1791376157436,legacy_historical,,,,,,,,,
1782873000000,744.77835117,1782873899999,1791376157436,legacy_historical,,,,,,,,,
1782873900000,744.68318453,1782874799999,1791376157436,legacy_historical,,,,,,,,,
1782874800000,745.02389951,1782875699999,1791376157436,legacy_historical,,,,,,,,,
1782875700000,744.52345114,1782876599999,1791376157436,legacy_historical,,,,,,,,,
1782876600000,744.7303198,1782877499999,1791376157436,legacy_historical,,,,,,,,,
1782877500000,745.03172011,1782878399999,1791376157436,legacy_historical,,,,,,,,,
1782878400000,744.60800026,1782879299999,1791376157436,legacy_historical,,,,,,,,,
1782879300000,744.81163337,1782880199999,1791376157436,legacy_historical,,,,,,,,,
1782880200000,744.89490355,1782881099999,1791376157436,legacy_historical,,,,,,,,,
1782881100000,744.85146851,1782881999999,1791376157436,legacy_historical,,,,,,,,,
1782882000000,744.85070685,1782882899999,1791376157436,legacy_historical,,,,,,,,,
1782882900000,744.66992745,1782883799999,1791376157436,legacy_historical,,,,,,,,,
1782883800000,744.65294663,1782884699999,1791376157436,legacy_historical,,,,,,,,,
1782884700000,744.58073457,1782885599999,1791376157436,legacy_historical,,,,,,,,,
1782885600000,744.49949261,1782886499999,1791376157436,legacy_historical,,,,,,,,,
1782886500000,744.41274685,1782887399999,1791376157436,legacy_historical,,,,,,,,,
1782887400000,744.4952599,1782888299999,1791376157436,legacy_historical,,,,,,,,,
1782888300000,744.29363221,1782889199999,1791376157436,legacy_historical,,,,,,,,,
1782889200000,743.44155109,1782890099999,1791376157436,legacy_historical,,,,,,,,,
1782890100000,743.7202266,1782890999999,1791376157436,legacy_historical,,,,,,,,,
1782891000000,743.81876543,1782891899999,1791376157436,legacy_historical,,,,,,,,,
1782891900000,744.10084932,1782892799999,1791376157436,legacy_historical,,,,,,,,,
1782892800000,744.21297837,1782893699999,1791376157436,legacy_historical,,,,,,,,,
1782893700000,744.15499152,1782894599999,1791376157436,legacy_historical,,,,,,,,,
1782894600000,744.51481144,1782895499999,1791376157436,legacy_historical,,,,,,,,,
1782895500000,744.61188113,1782896399999,1791376157436,legacy_historical,,,,,,,,,
1782896400000,744.34194786,1782897299999,1791376157436,legacy_historical,,,,,,,,,
1782897300000,744.38353864,1782898199999,1791376157436,legacy_historical,,,,,,,,,
1782898200000,744.48444007,1782899099999,1791376157436,legacy_historical,,,,,,,,,
1782899100000,744.8220155,1782899999999,1791376157436,legacy_historical,,,,,,,,,
1782900000000,744.56636846,1782900899999,1791376157436,legacy_historical,,,,,,,,,
1782900900000,745.24349862,1782901799999,1791376157436,legacy_historical,,,,,,,,,
1782901800000,745.17164746,1782902699999,1791376157436,legacy_historical,,,,,,,,,
1782902700000,745.3159435,1782903599999,1791376157436,legacy_historical,,,,,,,,,
1782903600000,745.42297941,1782904499999,1791376157436,legacy_historical,,,,,,,,,
1782904500000,745.3520638,1782905399999,1791376157436,legacy_historical,,,,,,,,,
1782905400000,745.3074472,1782906299999,1791376157436,legacy_historical,,,,,,,,,
1782906300000,744.90589093,1782907199999,1791376157436,legacy_historical,,,,,,,,,
1782907200000,745.70362306,1782908099999,1791376157436,legacy_historical,,,,,,,,,
1782908100000,745.36192572,1782908999999,1791376157436,legacy_historical,,,,,,,,,
1782909000000,744.49841346,1782909899999,1791376157436,legacy_historical,,,,,,,,,
1782909900000,744.65851751,1782910799999,1791376157436,legacy_historical,,,,,,,,,
1782910800000,744.45629043,1782911699999,1791376157436,legacy_historical,,,,,,,,,
1782911700000,744.86159662,1782912599999,1791376157436,legacy_historical,,,,,,,,,
1782912600000,743.32754763,1782913499999,1791376157436,legacy_historical,,,,,,,,,
1782913500000,745.23396168,1782914399999,1791376157436,legacy_historical,,,,,,,,,
1782914400000,746.62623702,1782915299999,1791376157436,legacy_historical,,,,,,,,,
1782915300000,746.83227344,1782916199999,1791376157436,legacy_historical,,,,,,,,,
1782916200000,746.66756349,1782917099999,1791376157436,legacy_historical,,,,,,,,,
1782917100000,746.88246244,1782917999999,1791376157436,legacy_historical,,,,,,,,,
1782918000000,748.04940756,1782918899999,1791376157436,legacy_historical,,,,,,,,,
1782918900000,749.24601241,1782919799999,1791376157436,legacy_historical,,,,,,,,,
1782919800000,748.80257531,1782920699999,1791376157436,legacy_historical,,,,,,,,,
1782920700000,748.77655512,1782921599999,1791376157436,legacy_historical,,,,,,,,,
1782921600000,749.09671305,1782922499999,1791376157436,legacy_historical,,,,,,,,,
1782922500000,749.02323897,1782923399999,1791376157436,legacy_historical,,,,,,,,,
1782923400000,748.58157544,1782924299999,1791376157436,legacy_historical,,,,,,,,,
1782924300000,747.59709009,1782925199999,1791376157436,legacy_historical,,,,,,,,,
1782925200000,747.82961053,1782926099999,1791376157436,legacy_historical,,,,,,,,,
1782926100000,748.00176239,1782926999999,1791376157436,legacy_historical,,,,,,,,,
1782927000000,747.51573432,1782927899999,1791376157436,legacy_historical,,,,,,,,,
1782927900000,747.23597328,1782928799999,1791376157436,legacy_historical,,,,,,,,,
1782928800000,747.11929907,1782929699999,1791376157436,legacy_historical,,,,,,,,,
1782929700000,747.17003427,1782930599999,1791376157436,legacy_historical,,,,,,,,,
1782930600000,747.16081754,1782931499999,1791376157436,legacy_historical,,,,,,,,,
1782931500000,746.81467317,1782932399999,1791376157436,legacy_historical,,,,,,,,,
1782932400000,747.34243803,1782933299999,1791376157436,legacy_historical,,,,,,,,,
1782933300000,747.01013888,1782934199999,1791376157436,legacy_historical,,,,,,,,,
1782934200000,746.65588797,1782935099999,1791376157436,legacy_historical,,,,,,,,,
1782935100000,745.92323561,1782935999999,1791376157436,legacy_historical,,,,,,,,,
1782936000000,745.21466405,1782936899999,1791376157436,legacy_historical,,,,,,,,,
1782936900000,744.84204194,1782937799999,1791376157436,legacy_historical,,,,,,,,,
1782937800000,744.60391093,1782938699999,1791376157436,legacy_historical,,,,,,,,,
1782938700000,745.21077598,1782939599999,1791376157436,legacy_historical,,,,,,,,,
1782939600000,745.19278444,1782940499999,1791376157436,legacy_historical,,,,,,,,,
1782940500000,745.35096201,1782941399999,1791376157436,legacy_historical,,,,,,,,,
1782941400000,745.66988007,1782942299999,1791376157436,legacy_historical,,,,,,,,,
1782942300000,745.70337066,1782943199999,1791376157436,legacy_historical,,,,,,,,,
1782943200000,744.81977306,1782944099999,1791376157436,legacy_historical,,,,,,,,,
1782944100000,745.37491701,1782944999999,1791376157436,legacy_historical,,,,,,,,,
1782945000000,745.44309002,1782945899999,1791376157436,legacy_historical,,,,,,,,,
1782945900000,745.57071808,1782946799999,1791376157436,legacy_historical,,,,,,,,,
1782946800000,745.19586088,1782947699999,1791376157436,legacy_historical,,,,,,,,,
1782947700000,745.28635033,1782948599999,1791376157436,legacy_historical,,,,,,,,,
1782948600000,745.31343092,1782949499999,1791376157436,legacy_historical,,,,,,,,,
1782949500000,745.02289137,1782950399999,1791376157436,legacy_historical,,,,,,,,,
1782950400000,744.83569769,1782951299999,1791376157436,legacy_historical,,,,,,,,,
1782951300000,745.51373636,1782952199999,1791376157436,legacy_historical,,,,,,,,,
1782952200000,744.99022756,1782953099999,1791376157436,legacy_historical,,,,,,,,,
1782953100000,746.0235638,1782953999999,1791376157436,legacy_historical,,,,,,,,,
1782954000000,746.80665443,1782954899999,1791376157436,legacy_historical,,,,,,,,,
1782954900000,746.79297623,1782955799999,1791376157436,legacy_historical,,,,,,,,,
1782955800000,747.2149477,1782956699999,1791376157436,legacy_historical,,,,,,,,,
1782956700000,747.13695531,1782957599999,1791376157436,legacy_historical,,,,,,,,,
1782957600000,747.50724057,1782958499999,1791376157436,legacy_historical,,,,,,,,,
1782958500000,747.29283081,1782959399999,1791376157436,legacy_historical,,,,,,,,,
1782959400000,747.47030061,1782960299999,1791376157436,legacy_historical,,,,,,,,,
1782960300000,747.53236036,1782961199999,1791376157436,legacy_historical,,,,,,,,,
1782961200000,747.27962909,1782962099999,1791376157436,legacy_historical,,,,,,,,,
1782962100000,747.09563285,1782962999999,1791376157436,legacy_historical,,,,,,,,,
1782963000000,747.22114959,1782963899999,1791376157436,legacy_historical,,,,,,,,,
1782963900000,747.36265704,1782964799999,1791376157436,legacy_historical,,,,,,,,,
1782964800000,746.8409258,1782965699999,1791376157436,legacy_historical,,,,,,,,,
1782965700000,746.89144642,1782966599999,1791376157436,legacy_historical,,,,,,,,,
1782966600000,746.18166068,1782967499999,1791376157436,legacy_historical,,,,,,,,,
1782967500000,746.78268586,1782968399999,1791376157436,legacy_historical,,,,,,,,,
1782968400000,747.1605216,1782969299999,1791376157436,legacy_historical,,,,,,,,,
1782969300000,746.89555729,1782970199999,1791376157436,legacy_historical,,,,,,,,,
1782970200000,746.21948015,1782971099999,1791376157436,legacy_historical,,,,,,,,,
1782971100000,746.19012905,1782971999999,1791376157436,legacy_historical,,,,,,,,,
1782972000000,745.28542988,1782972899999,1791376157436,legacy_historical,,,,,,,,,
1782972900000,745.29296093,1782973799999,1791376157436,legacy_historical,,,,,,,,,
1782973800000,745.47198393,1782974699999,1791376157436,legacy_historical,,,,,,,,,
1782974700000,745.04556048,1782975599999,1791376157436,legacy_historical,,,,,,,,,
1782975600000,744.12359279,1782976499999,1791376157436,legacy_historical,,,,,,,,,
1782976500000,744.50197034,1782977399999,1791376157436,legacy_historical,,,,,,,,,
1782977400000,745.57309827,1782978299999,1791376157436,legacy_historical,,,,,,,,,
1782978300000,745.09773364,1782979199999,1791376157436,legacy_historical,,,,,,,,,
1782979200000,744.40553365,1782980099999,1791376157436,legacy_historical,,,,,,,,,
1782980100000,745.56511496,1782980999999,1791376157436,legacy_historical,,,,,,,,,
1782981000000,745.89961068,1782981899999,1791376157436,legacy_historical,,,,,,,,,
1782981900000,746.17294741,1782982799999,1791376157436,legacy_historical,,,,,,,,,
1782982800000,745.68644665,1782983699999,1791376157436,legacy_historical,,,,,,,,,
1782983700000,745.70579158,1782984599999,1791376157436,legacy_historical,,,,,,,,,
1782984600000,745.97593546,1782985499999,1791376157436,legacy_historical,,,,,,,,,
1782985500000,745.63617062,1782986399999,1791376157436,legacy_historical,,,,,,,,,
1782986400000,745.33685712,1782987299999,1791376157436,legacy_historical,,,,,,,,,
1782987300000,745.67827815,1782988199999,1791376157436,legacy_historical,,,,,,,,,
1782988200000,746.10108539,1782989099999,1791376157436,legacy_historical,,,,,,,,,
1782989100000,746.21569611,1782989999999,1791376157436,legacy_historical,,,,,,,,,
1782990000000,746.21687109,1782990899999,1791376157436,legacy_historical,,,,,,,,,
1782990900000,746.17106015,1782991799999,1791376157436,legacy_historical,,,,,,,,,
1782991800000,746.63890675,1782992699999,1791376157436,legacy_historical,,,,,,,,,
1782992700000,746.30591455,1782993599999,1791376157436,legacy_historical,,,,,,,,,
1782993600000,746.97276042,1782994499999,1791376157436,legacy_historical,,,,,,,,,
1782994500000,747.1002643,1782995399999,1791376157436,legacy_historical,,,,,,,,,
1782995400000,748.91818538,1782996299999,1791376157436,legacy_historical,,,,,,,,,
1782996300000,748.05949472,1782997199999,1791376157436,legacy_historical,,,,,,,,,
1782997200000,747.37068421,1782998099999,1791376157436,legacy_historical,,,,,,,,,
1782998100000,747.41497036,1782998999999,1791376157436,legacy_historical,,,,,,,,,
1782999000000,749.77694477,1782999899999,1791376157436,legacy_historical,,,,,,,,,
1782999900000,750.68048339,1783000799999,1791376157436,legacy_historical,,,,,,,,,
1783000800000,750.98182836,1783001699999,1791376157436,legacy_historical,,,,,,,,,
1783001700000,748.00644802,1783002599999,1791376157436,legacy_historical,,,,,,,,,
1783002600000,746.78813739,1783003499999,1791376157436,legacy_historical,,,,,,,,,
1783003500000,747.61035914,1783004399999,1791376157436,legacy_historical,,,,,,,,,
1783004400000,746.11781543,1783005299999,1791376157436,legacy_historical,,,,,,,,,
1783005300000,744.92905245,1783006199999,1791376157436,legacy_historical,,,,,,,,,
1783006200000,745.45165304,1783007099999,1791376157436,legacy_historical,,,,,,,,,
1783007100000,744.63905603,1783007999999,1791376157436,legacy_historical,,,,,,,,,
1783008000000,744.43005459,1783008899999,1791376157436,legacy_historical,,,,,,,,,
1783008900000,743.54506667,1783009799999,1791376157436,legacy_historical,,,,,,,,,
1783009800000,743.23501203,1783010699999,1791376157436,legacy_historical,,,,,,,,,
1783010700000,742.16689944,1783011599999,1791376157436,legacy_historical,,,,,,,,,
1783011600000,741.71287165,1783012499999,1791376157436,legacy_historical,,,,,,,,,
1783012500000,741.53636389,1783013399999,1791376157436,legacy_historical,,,,,,,,,
1783013400000,741.0601299,1783014299999,1791376157436,legacy_historical,,,,,,,,,
1783014300000,740.22393109,1783015199999,1791376157436,legacy_historical,,,,,,,,,
1783015200000,742.26163648,1783016099999,1791376157436,legacy_historical,,,,,,,,,
1783016100000,742.70467842,1783016999999,1791376157436,legacy_historical,,,,,,,,,
1783017000000,743.11082592,1783017899999,1791376157436,legacy_historical,,,,,,,,,
1783017900000,742.93884096,1783018799999,1791376157436,legacy_historical,,,,,,,,,
1783018800000,742.06017909,1783019699999,1791376157436,legacy_historical,,,,,,,,,
1783019700000,742.32741921,1783020599999,1791376157436,legacy_historical,,,,,,,,,
1783020600000,743.22758147,1783021499999,1791376157436,legacy_historical,,,,,,,,,
1783021500000,745.10778846,1783022399999,1791376157436,legacy_historical,,,,,,,,,
1783022400000,744.55965375,1783023299999,1791376157436,legacy_historical,,,,,,,,,
1783023300000,744.22224657,1783024199999,1791376157436,legacy_historical,,,,,,,,,
1783024200000,744.14782324,1783025099999,1791376157436,legacy_historical,,,,,,,,,
1783025100000,744.40518009,1783025999999,1791376157436,legacy_historical,,,,,,,,,
1783026000000,744.26751295,1783026899999,1791376157436,legacy_historical,,,,,,,,,
1783026900000,744.36226507,1783027799999,1791376157436,legacy_historical,,,,,,,,,
1783027800000,744.57431465,1783028699999,1791376157436,legacy_historical,,,,,,,,,
1783028700000,744.62807679,1783029599999,1791376157436,legacy_historical,,,,,,,,,
1783029600000,744.97690083,1783030499999,1791376157436,legacy_historical,,,,,,,,,
1783030500000,745.02346488,1783031399999,1791376157436,legacy_historical,,,,,,,,,
1783031400000,745.63470789,1783032299999,1791376157436,legacy_historical,,,,,,,,,
1783032300000,745.66273815,1783033199999,1791376157436,legacy_historical,,,,,,,,,
1783033200000,745.09056474,1783034099999,1791376157436,legacy_historical,,,,,,,,,
1783034100000,745.70122969,1783034999999,1791376157436,legacy_historical,,,,,,,,,
1783035000000,745.45100014,1783035899999,1791376157436,legacy_historical,,,,,,,,,
1783035900000,745.71568309,1783036799999,1791376157436,legacy_historical,,,,,,,,,
1783036800000,745.59658839,1783037699999,1791376157436,legacy_historical,,,,,,,,,
1783037700000,745.54276838,1783038599999,1791376157436,legacy_historical,,,,,,,,,
1783038600000,745.44615944,1783039499999,1791376157436,legacy_historical,,,,,,,,,
1783039500000,745.36103185,1783040399999,1791376157436,legacy_historical,,,,,,,,,
1783040400000,745.82141589,1783041299999,1791376157436,legacy_historical,,,,,,,,,
1783041300000,746.27322913,1783042199999,1791376157436,legacy_historical,,,,,,,,,
1783042200000,746.55152289,1783043099999,1791376157436,legacy_historical,,,,,,,,,
1783043100000,746.74752107,1783043999999,1791376157436,legacy_historical,,,,,,,,,
1783044000000,746.88020133,1783044899999,1791376157436,legacy_historical,,,,,,,,,
1783044900000,746.972353,1783045799999,1791376157436,legacy_historical,,,,,,,,,
1783045800000,747.00209069,1783046699999,1791376157436,legacy_historical,,,,,,,,,
1783046700000,747.10260078,1783047599999,1791376157436,legacy_historical,,,,,,,,,
1783047600000,747.11289177,1783048499999,1791376157436,legacy_historical,,,,,,,,,
1783048500000,747.18074638,1783049399999,1791376157436,legacy_historical,,,,,,,,,
1783049400000,747.1635775,1783050299999,1791376157436,legacy_historical,,,,,,,,,
1783050300000,747.19041987,1783051199999,1791376157436,legacy_historical,,,,,,,,,
1783051200000,747.28741516,1783052099999,1791376157436,legacy_historical,,,,,,,,,
1783052100000,747.38692534,1783052999999,1791376157436,legacy_historical,,,,,,,,,
1783053000000,747.46925036,1783053899999,1791376157436,legacy_historical,,,,,,,,,
1783053900000,747.50776107,1783054799999,1791376157436,legacy_historical,,,,,,,,,
1783054800000,747.43412454,1783055699999,1791376157436,legacy_historical,,,,,,,,,
1783055700000,747.33698579,1783056599999,1791376157436,legacy_historical,,,,,,,,,
1783056600000,747.34131516,1783057499999,1791376157436,legacy_historical,,,,,,,,,
1783057500000,747.3170483,1783058399999,1791376157436,legacy_historical,,,,,,,,,
1783058400000,747.55190256,1783059299999,1791376157436,legacy_historical,,,,,,,,,
1783059300000,747.65470188,1783060199999,1791376157436,legacy_historical,,,,,,,,,
1783060200000,747.87011857,1783061099999,1791376157436,legacy_historical,,,,,,,,,
1783061100000,747.91558154,1783061999999,1791376157436,legacy_historical,,,,,,,,,
1783062000000,747.90941576,1783062899999,1791376157436,legacy_historical,,,,,,,,,
1783062900000,747.85367941,1783063799999,1791376157436,legacy_historical,,,,,,,,,
1783063800000,747.77292947,1783064699999,1791376157436,legacy_historical,,,,,,,,,
1783064700000,747.59689319,1783065599999,1791376157436,legacy_historical,,,,,,,,,
1783065600000,747.44676794,1783066499999,1791376157436,legacy_historical,,,,,,,,,
1783066500000,747.3413857,1783067399999,1791376157436,legacy_historical,,,,,,,,,
1783067400000,747.27696864,1783068299999,1791376157436,legacy_historical,,,,,,,,,
1783068300000,747.10895882,1783069199999,1791376157436,legacy_historical,,,,,,,,,
1783069200000,746.9891034,1783070099999,1791376157436,legacy_historical,,,,,,,,,
1783070100000,747.05738411,1783070999999,1791376157436,legacy_historical,,,,,,,,,
1783071000000,747.05064881,1783071899999,1791376157436,legacy_historical,,,,,,,,,
1783071900000,747.02247012,1783072799999,1791376157436,legacy_historical,,,,,,,,,
1783072800000,746.93838633,1783073699999,1791376157436,legacy_historical,,,,,,,,,
1783073700000,746.95501309,1783074599999,1791376157436,legacy_historical,,,,,,,,,
1783074600000,747.0143281,1783075499999,1791376157436,legacy_historical,,,,,,,,,
1783075500000,747.09092028,1783076399999,1791376157436,legacy_historical,,,,,,,,,
1783076400000,747.0226844,1783077299999,1791376157436,legacy_historical,,,,,,,,,
1783077300000,746.95783541,1783078199999,1791376157436,legacy_historical,,,,,,,,,
1783078200000,746.90861986,1783079099999,1791376157436,legacy_historical,,,,,,,,,
1783079100000,746.962162,1783079999999,1791376157436,legacy_historical,,,,,,,,,
1783080000000,747.13064835,1783080899999,1791376157436,legacy_historical,,,,,,,,,
1783080900000,747.091421,1783081799999,1791376157436,legacy_historical,,,,,,,,,
1783081800000,747.12502843,1783082699999,1791376157436,legacy_historical,,,,,,,,,
1783082700000,747.20934854,1783083599999,1791376157436,legacy_historical,,,,,,,,,
1783083600000,747.27086839,1783084499999,1791376157436,legacy_historical,,,,,,,,,
1783084500000,747.36762997,1783085399999,1791376157436,legacy_historical,,,,,,,,,
1783085400000,747.47894264,1783086299999,1791376157436,legacy_historical,,,,,,,,,
1783086300000,747.43278064,1783087199999,1791376157436,legacy_historical,,,,,,,,,
1783087200000,747.40071298,1783088099999,1791376157436,legacy_historical,,,,,,,,,
1783088100000,747.48388024,1783088999999,1791376157436,legacy_historical,,,,,,,,,
1783089000000,747.6132182,1783089899999,1791376157436,legacy_historical,,,,,,,,,
1783089900000,747.76905283,1783090799999,1791376157436,legacy_historical,,,,,,,,,
1783090800000,747.87669573,1783091699999,1791376157436,legacy_historical,,,,,,,,,
1783091700000,747.92551415,1783092599999,1791376157436,legacy_historical,,,,,,,,,
1783092600000,747.90723305,1783093499999,1791376157436,legacy_historical,,,,,,,,,
1783093500000,748.02057041,1783094399999,1791376157436,legacy_historical,,,,,,,,,
1783094400000,748.10843756,1783095299999,1791376157436,legacy_historical,,,,,,,,,
1783095300000,748.10800204,1783096199999,1791376157436,legacy_historical,,,,,,,,,
1783096200000,748.06581512,1783097099999,1791376157436,legacy_historical,,,,,,,,,
1783097100000,748.04727935,1783097999999,1791376157436,legacy_historical,,,,,,,,,
1783098000000,748.05880355,1783098899999,1791376157436,legacy_historical,,,,,,,,,
1783098900000,747.73802279,1783099799999,1791376157436,legacy_historical,,,,,,,,,
1783099800000,747.83611311,1783100699999,1791376157436,legacy_historical,,,,,,,,,
1783100700000,747.93337769,1783101599999,1791376157436,legacy_historical,,,,,,,,,
1783101600000,748.03145405,1783102499999,1791376157436,legacy_historical,,,,,,,,,
1783102500000,748.03802593,1783103399999,1791376157436,legacy_historical,,,,,,,,,
1783103400000,748.03644284,1783104299999,1791376157436,legacy_historical,,,,,,,,,
1783104300000,747.98237971,1783105199999,1791376157436,legacy_historical,,,,,,,,,
1783105200000,747.96757237,1783106099999,1791376157436,legacy_historical,,,,,,,,,
1783106100000,748.11639279,1783106999999,1791376157436,legacy_historical,,,,,,,,,
1783107000000,748.12637238,1783107899999,1791376157436,legacy_historical,,,,,,,,,
1783107900000,747.61226147,1783108799999,1791376157436,legacy_historical,,,,,,,,,
1783108800000,747.13146918,1783109699999,1791376157436,legacy_historical,,,,,,,,,
1783109700000,746.47134293,1783110599999,1791376157436,legacy_historical,,,,,,,,,
1783110600000,746.16353053,1783111499999,1791376157436,legacy_historical,,,,,,,,,
1783111500000,746.17374851,1783112399999,1791376157436,legacy_historical,,,,,,,,,
1783112400000,746.40678532,1783113299999,1791376157436,legacy_historical,,,,,,,,,
1783113300000,746.68724418,1783114199999,1791376157436,legacy_historical,,,,,,,,,
1783114200000,746.83315253,1783115099999,1791376157436,legacy_historical,,,,,,,,,
1783115100000,746.86839862,1783115999999,1791376157436,legacy_historical,,,,,,,,,
1783116000000,746.99238685,1783116899999,1791376157436,legacy_historical,,,,,,,,,
1783116900000,746.97770571,1783117799999,1791376157436,legacy_historical,,,,,,,,,
1783117800000,746.56069814,1783118699999,1791376157436,legacy_historical,,,,,,,,,
1783118700000,746.24260037,1783119599999,1791376157436,legacy_historical,,,,,,,,,
1783119600000,746.08183819,1783120499999,1791376157436,legacy_historical,,,,,,,,,
1783120500000,746.00894015,1783121399999,1791376157436,legacy_historical,,,,,,,,,
1783121400000,745.98515094,1783122299999,1791376157436,legacy_historical,,,,,,,,,
1783122300000,746.03417666,1783123199999,1791376157436,legacy_historical,,,,,,,,,
1783123200000,746.03902761,1783124099999,1791376157436,legacy_historical,,,,,,,,,
1783124100000,745.93872728,1783124999999,1791376157436,legacy_historical,,,,,,,,,
1783125000000,745.93155193,1783125899999,1791376157436,legacy_historical,,,,,,,,,
1783125900000,745.88968684,1783126799999,1791376157436,legacy_historical,,,,,,,,,
1783126800000,745.81534407,1783127699999,1791376157436,legacy_historical,,,,,,,,,
1783127700000,745.74289078,1783128599999,1791376157436,legacy_historical,,,,,,,,,
1783128600000,745.54603079,1783129499999,1791376157436,legacy_historical,,,,,,,,,
1783129500000,745.53243056,1783130399999,1791376157436,legacy_historical,,,,,,,,,
1783130400000,745.62183114,1783131299999,1791376157436,legacy_historical,,,,,,,,,
1783131300000,745.62328212,1783132199999,1791376157436,legacy_historical,,,,,,,,,
1783132200000,745.58340391,1783133099999,1791376157436,legacy_historical,,,,,,,,,
1783133100000,745.62418686,1783133999999,1791376157436,legacy_historical,,,,,,,,,
1783134000000,745.66958802,1783134899999,1791376157436,legacy_historical,,,,,,,,,
1783134900000,745.66649065,1783135799999,1791376157436,legacy_historical,,,,,,,,,
1783135800000,745.69683728,1783136699999,1791376157436,legacy_historical,,,,,,,,,
1783136700000,745.77265665,1783137599999,1791376157436,legacy_historical,,,,,,,,,
1783137600000,745.83957295,1783138499999,1791376157436,legacy_historical,,,,,,,,,
1783138500000,745.7987417,1783139399999,1791376157436,legacy_historical,,,,,,,,,
1783139400000,745.83638032,1783140299999,1791376157436,legacy_historical,,,,,,,,,
1783140300000,746.11936447,1783141199999,1791376157436,legacy_historical,,,,,,,,,
1783141200000,746.10642009,1783142099999,1791376157436,legacy_historical,,,,,,,,,
1783142100000,746.07104533,1783142999999,1791376157436,legacy_historical,,,,,,,,,
1783143000000,746.11818964,1783143899999,1791376157436,legacy_historical,,,,,,,,,
1783143900000,746.03667048,1783144799999,1791376157436,legacy_historical,,,,,,,,,
1783144800000,745.98578665,1783145699999,1791376157436,legacy_historical,,,,,,,,,
1783145700000,745.9695997,1783146599999,1791376157436,legacy_historical,,,,,,,,,
1783146600000,745.94619258,1783147499999,1791376157436,legacy_historical,,,,,,,,,
1783147500000,745.82607144,1783148399999,1791376157436,legacy_historical,,,,,,,,,
1783148400000,745.8444623,1783149299999,1791376157436,legacy_historical,,,,,,,,,
1783149300000,745.90786864,1783150199999,1791376157436,legacy_historical,,,,,,,,,
1783150200000,745.8311647,1783151099999,1791376157436,legacy_historical,,,,,,,,,
1783151100000,745.80969779,1783151999999,1791376157436,legacy_historical,,,,,,,,,
1783152000000,745.88890353,1783152899999,1791376157436,legacy_historical,,,,,,,,,
1783152900000,746.38911245,1783153799999,1791376157436,legacy_historical,,,,,,,,,
1783153800000,746.37572599,1783154699999,1791376157436,legacy_historical,,,,,,,,,
1783154700000,746.51520567,1783155599999,1791376157436,legacy_historical,,,,,,,,,
1783155600000,746.54978467,1783156499999,1791376157436,legacy_historical,,,,,,,,,
1783156500000,746.75543521,1783157399999,1791376157436,legacy_historical,,,,,,,,,
1783157400000,746.87217124,1783158299999,1791376157436,legacy_historical,,,,,,,,,
1783158300000,746.93468759,1783159199999,1791376157436,legacy_historical,,,,,,,,,
1783159200000,746.97980176,1783160099999,1791376157436,legacy_historical,,,,,,,,,
1783160100000,747.01533022,1783160999999,1791376157436,legacy_historical,,,,,,,,,
1783161000000,747.02809459,1783161899999,1791376157436,legacy_historical,,,,,,,,,
1783161900000,747.1663075,1783162799999,1791376157436,legacy_historical,,,,,,,,,
1783162800000,747.30814624,1783163699999,1791376157436,legacy_historical,,,,,,,,,
1783163700000,747.38875994,1783164599999,1791376157436,legacy_historical,,,,,,,,,
1783164600000,747.61154329,1783165499999,1791376157436,legacy_historical,,,,,,,,,
1783165500000,747.73909444,1783166399999,1791376157436,legacy_historical,,,,,,,,,
1783166400000,747.52985752,1783167299999,1791376157436,legacy_historical,,,,,,,,,
1783167300000,747.39594879,1783168199999,1791376157436,legacy_historical,,,,,,,,,
1783168200000,747.33683944,1783169099999,1791376157436,legacy_historical,,,,,,,,,
1783169100000,747.41145684,1783169999999,1791376157436,legacy_historical,,,,,,,,,
1783170000000,747.47178395,1783170899999,1791376157436,legacy_historical,,,,,,,,,
1783170900000,747.55215035,1783171799999,1791376157436,legacy_historical,,,,,,,,,
1783171800000,747.57455654,1783172699999,1791376157436,legacy_historical,,,,,,,,,
1783172700000,747.5302926,1783173599999,1791376157436,legacy_historical,,,,,,,,,
1783173600000,747.37683584,1783174499999,1791376157436,legacy_historical,,,,,,,,,
1783174500000,747.32477318,1783175399999,1791376157436,legacy_historical,,,,,,,,,
1783175400000,747.2761838,1783176299999,1791376157436,legacy_historical,,,,,,,,,
1783176300000,747.21027098,1783177199999,1791376157436,legacy_historical,,,,,,,,,
1783177200000,747.24401848,1783178099999,1791376157436,legacy_historical,,,,,,,,,
1783178100000,747.28053856,1783178999999,1791376157436,legacy_historical,,,,,,,,,
1783179000000,747.2016213,1783179899999,1791376157436,legacy_historical,,,,,,,,,
1783179900000,747.19433659,1783180799999,1791376157436,legacy_historical,,,,,,,,,
1783180800000,747.1820632,1783181699999,1791376157436,legacy_historical,,,,,,,,,
1783181700000,747.04743656,1783182599999,1791376157436,legacy_historical,,,,,,,,,
1783182600000,746.95087738,1783183499999,1791376157436,legacy_historical,,,,,,,,,
1783183500000,746.86317609,1783184399999,1791376157436,legacy_historical,,,,,,,,,
1783184400000,746.5652481,1783185299999,1791376157436,legacy_historical,,,,,,,,,
1783185300000,746.40120006,1783186199999,1791376157436,legacy_historical,,,,,,,,,
1783186200000,746.31978608,1783187099999,1791376157436,legacy_historical,,,,,,,,,
1783187100000,746.44682921,1783187999999,1791376157436,legacy_historical,,,,,,,,,
1783188000000,746.56280276,1783188899999,1791376157436,legacy_historical,,,,,,,,,
1783188900000,746.55689211,1783189799999,1791376157436,legacy_historical,,,,,,,,,
1783189800000,746.5400256,1783190699999,1791376157436,legacy_historical,,,,,,,,,
1783190700000,746.63537368,1783191599999,1791376157436,legacy_historical,,,,,,,,,
1783191600000,746.84372077,1783192499999,1791376157436,legacy_historical,,,,,,,,,
1783192500000,746.99669944,1783193399999,1791376157436,legacy_historical,,,,,,,,,
1783193400000,747.10529083,1783194299999,1791376157436,legacy_historical,,,,,,,,,
1783194300000,747.22907865,1783195199999,1791376157436,legacy_historical,,,,,,,,,
1783195200000,747.24936269,1783196099999,1791376157436,legacy_historical,,,,,,,,,
1783196100000,747.40113809,1783196999999,1791376157436,legacy_historical,,,,,,,,,
1783197000000,747.24379018,1783197899999,1791376157436,legacy_historical,,,,,,,,,
1783197900000,747.1614159,1783198799999,1791376157436,legacy_historical,,,,,,,,,
1783198800000,747.03006206,1783199699999,1791376157436,legacy_historical,,,,,,,,,
1783199700000,746.95890653,1783200599999,1791376157436,legacy_historical,,,,,,,,,
1783200600000,747.10265633,1783201499999,1791376157436,legacy_historical,,,,,,,,,
1783201500000,747.19152862,1783202399999,1791376157436,legacy_historical,,,,,,,,,
1783202400000,747.22203621,1783203299999,1791376157436,legacy_historical,,,,,,,,,
1783203300000,747.28987831,1783204199999,1791376157436,legacy_historical,,,,,,,,,
1783204200000,747.53026004,1783205099999,1791376157436,legacy_historical,,,,,,,,,
1783205100000,747.62984729,1783205999999,1791376157436,legacy_historical,,,,,,,,,
1783206000000,747.55623143,1783206899999,1791376157436,legacy_historical,,,,,,,,,
1783206900000,747.66098703,1783207799999,1791376157436,legacy_historical,,,,,,,,,
1783207800000,747.84895835,1783208699999,1791376157436,legacy_historical,,,,,,,,,
1783208700000,747.92652826,1783209599999,1791376157436,legacy_historical,,,,,,,,,
1783209600000,747.61071051,1783210499999,1791376157436,legacy_historical,,,,,,,,,
1783210500000,747.47700132,1783211399999,1791376157436,legacy_historical,,,,,,,,,
1783211400000,747.42993239,1783212299999,1791376157436,legacy_historical,,,,,,,,,
1783212300000,747.42871231,1783213199999,1791376157436,legacy_historical,,,,,,,,,
1783213200000,747.44565318,1783214099999,1791376157436,legacy_historical,,,,,,,,,
1783214100000,747.44522744,1783214999999,1791376157436,legacy_historical,,,,,,,,,
1783215000000,747.49223731,1783215899999,1791376157436,legacy_historical,,,,,,,,,
1783215900000,747.53090607,1783216799999,1791376157436,legacy_historical,,,,,,,,,
1783216800000,747.56421017,1783217699999,1791376157436,legacy_historical,,,,,,,,,
1783217700000,747.57093584,1783218599999,1791376157436,legacy_historical,,,,,,,,,
1783218600000,747.58635617,1783219499999,1791376157436,legacy_historical,,,,,,,,,
1783219500000,747.47896295,1783220399999,1791376157436,legacy_historical,,,,,,,,,
1783220400000,747.39164487,1783221299999,1791376157436,legacy_historical,,,,,,,,,
1783221300000,747.46382383,1783222199999,1791376157436,legacy_historical,,,,,,,,,
1783222200000,747.46398738,1783223099999,1791376157436,legacy_historical,,,,,,,,,
1783223100000,747.53662625,1783223999999,1791376157436,legacy_historical,,,,,,,,,
1783224000000,747.5913511,1783224899999,1791376157436,legacy_historical,,,,,,,,,
1783224900000,747.65978376,1783225799999,1791376157436,legacy_historical,,,,,,,,,
1783225800000,747.67003931,1783226699999,1791376157436,legacy_historical,,,,,,,,,
1783226700000,747.68620646,1783227599999,1791376157436,legacy_historical,,,,,,,,,
1783227600000,747.70897766,1783228499999,1791376157436,legacy_historical,,,,,,,,,
1783228500000,747.71088568,1783229399999,1791376157436,legacy_historical,,,,,,,,,
1783229400000,747.65854744,1783230299999,1791376157436,legacy_historical,,,,,,,,,
1783230300000,747.66363844,1783231199999,1791376157436,legacy_historical,,,,,,,,,
1783231200000,747.59423488,1783232099999,1791376157436,legacy_historical,,,,,,,,,
1783232100000,747.56023331,1783232999999,1791376157436,legacy_historical,,,,,,,,,
1783233000000,747.5698243,1783233899999,1791376157436,legacy_historical,,,,,,,,,
1783233900000,747.46295837,1783234799999,1791376157436,legacy_historical,,,,,,,,,
1783234800000,747.46200187,1783235699999,1791376157436,legacy_historical,,,,,,,,,
1783235700000,747.41553163,1783236599999,1791376157436,legacy_historical,,,,,,,,,
1783236600000,747.37736127,1783237499999,1791376157436,legacy_historical,,,,,,,,,
1783237500000,747.40506782,1783238399999,1791376157436,legacy_historical,,,,,,,,,
1783238400000,747.34041517,1783239299999,1791376157436,legacy_historical,,,,,,,,,
1783239300000,747.32115239,1783240199999,1791376157436,legacy_historical,,,,,,,,,
1783240200000,747.34115767,1783241099999,1791376157436,legacy_historical,,,,,,,,,
1783241100000,747.3294944,1783241999999,1791376157436,legacy_historical,,,,,,,,,
1783242000000,747.32603344,1783242899999,1791376157436,legacy_historical,,,,,,,,,
1783242900000,747.23112426,1783243799999,1791376157436,legacy_historical,,,,,,,,,
1783243800000,746.94570702,1783244699999,1791376157436,legacy_historical,,,,,,,,,
1783244700000,746.85547246,1783245599999,1791376157436,legacy_historical,,,,,,,,,
1783245600000,746.84362139,1783246499999,1791376157436,legacy_historical,,,,,,,,,
1783246500000,747.0113554,1783247399999,1791376157436,legacy_historical,,,,,,,,,
1783247400000,747.16418164,1783248299999,1791376157436,legacy_historical,,,,,,,,,
1783248300000,747.15009639,1783249199999,1791376157436,legacy_historical,,,,,,,,,
1783249200000,747.13418278,1783250099999,1791376157436,legacy_historical,,,,,,,,,
1783250100000,747.16526414,1783250999999,1791376157436,legacy_historical,,,,,,,,,
1783251000000,747.19759602,1783251899999,1791376157436,legacy_historical,,,,,,,,,
1783251900000,747.38589486,1783252799999,1791376157436,legacy_historical,,,,,,,,,
1783252800000,747.58283539,1783253699999,1791376157436,legacy_historical,,,,,,,,,
1783253700000,747.7458596,1783254599999,1791376157436,legacy_historical,,,,,,,,,
1783254600000,747.87177009,1783255499999,1791376157436,legacy_historical,,,,,,,,,
1783255500000,747.94423185,1783256399999,1791376157436,legacy_historical,,,,,,,,,
1783256400000,747.89531304,1783257299999,1791376157436,legacy_historical,,,,,,,,,
1783257300000,747.82822213,1783258199999,1791376157436,legacy_historical,,,,,,,,,
1783258200000,748.0225602,1783259099999,1791376157436,legacy_historical,,,,,,,,,
1783259100000,748.0698529,1783259999999,1791376157436,legacy_historical,,,,,,,,,
1783260000000,748.07787261,1783260899999,1791376157436,legacy_historical,,,,,,,,,
1783260900000,748.22615953,1783261799999,1791376157436,legacy_historical,,,,,,,,,
1783261800000,748.27444342,1783262699999,1791376157436,legacy_historical,,,,,,,,,
1783262700000,748.23800196,1783263599999,1791376157436,legacy_historical,,,,,,,,,
1783263600000,748.29419142,1783264499999,1791376157436,legacy_historical,,,,,,,,,
1783264500000,748.22360369,1783265399999,1791376157436,legacy_historical,,,,,,,,,
1783265400000,748.19504334,1783266299999,1791376157436,legacy_historical,,,,,,,,,
1783266300000,748.13946673,1783267199999,1791376157436,legacy_historical,,,,,,,,,
1783267200000,748.11191524,1783268099999,1791376157436,legacy_historical,,,,,,,,,
1783268100000,748.08226847,1783268999999,1791376157436,legacy_historical,,,,,,,,,
1783269000000,748.07876878,1783269899999,1791376157436,legacy_historical,,,,,,,,,
1783269900000,748.05975356,1783270799999,1791376157436,legacy_historical,,,,,,,,,
1783270800000,748.05737812,1783271699999,1791376157436,legacy_historical,,,,,,,,,
1783271700000,748.0935461,1783272599999,1791376157436,legacy_historical,,,,,,,,,
1783272600000,748.10902751,1783273499999,1791376157436,legacy_historical,,,,,,,,,
1783273500000,748.05904337,1783274399999,1791376157436,legacy_historical,,,,,,,,,
1783274400000,748.09520503,1783275299999,1791376157436,legacy_historical,,,,,,,,,
1783275300000,748.12941341,1783276199999,1791376157436,legacy_historical,,,,,,,,,
1783276200000,748.10279207,1783277099999,1791376157436,legacy_historical,,,,,,,,,
1783277100000,748.14163249,1783277999999,1791376157436,legacy_historical,,,,,,,,,
1783278000000,748.20905691,1783278899999,1791376157436,legacy_historical,,,,,,,,,
1783278900000,748.1064343,1783279799999,1791376157436,legacy_historical,,,,,,,,,
1783279800000,748.09579755,1783280699999,1791376157436,legacy_historical,,,,,,,,,
1783280700000,748.20202135,1783281599999,1791376157436,legacy_historical,,,,,,,,,
1783281600000,748.32548573,1783282499999,1791376157436,legacy_historical,,,,,,,,,
1783282500000,748.31209467,1783283399999,1791376157436,legacy_historical,,,,,,,,,
1783283400000,748.38457531,1783284299999,1791376157436,legacy_historical,,,,,,,,,
1783284300000,748.40003504,1783285199999,1791376157436,legacy_historical,,,,,,,,,
1783285200000,748.32563041,1783286099999,1791376157436,legacy_historical,,,,,,,,,
1783286100000,748.28779784,1783286999999,1791376157436,legacy_historical,,,,,,,,,
1783287000000,748.32964372,1783287899999,1791376157436,legacy_historical,,,,,,,,,
1783287900000,748.15000455,1783288799999,1791376157436,legacy_historical,,,,,,,,,
1783288800000,748.0180245,1783289699999,1791376157436,legacy_historical,,,,,,,,,
1783289700000,748.07364422,1783290599999,1791376157436,legacy_historical,,,,,,,,,
1783290600000,748.31368466,1783291499999,1791376157436,legacy_historical,,,,,,,,,
1783291500000,748.46127557,1783292399999,1791376157436,legacy_historical,,,,,,,,,
1783292400000,748.53108831,1783293299999,1791376157436,legacy_historical,,,,,,,,,
1783293300000,748.68821038,1783294199999,1791376157436,legacy_historical,,,,,,,,,
1783294200000,748.7472857,1783295099999,1791376157436,legacy_historical,,,,,,,,,
1783295100000,748.83142902,1783295999999,1791376157436,legacy_historical,,,,,,,,,
1783296000000,749.12004785,1783296899999,1791376157436,legacy_historical,,,,,,,,,
1783296900000,748.24328889,1783297799999,1791376157436,legacy_historical,,,,,,,,,
1783297800000,748.8222874,1783298699999,1791376157436,legacy_historical,,,,,,,,,
1783298700000,748.77859371,1783299599999,1791376157436,legacy_historical,,,,,,,,,
1783299600000,748.4846266,1783300499999,1791376157436,legacy_historical,,,,,,,,,
1783300500000,747.78714811,1783301399999,1791376157436,legacy_historical,,,,,,,,,
1783301400000,747.92452253,1783302299999,1791376157436,legacy_historical,,,,,,,,,
1783302300000,747.49200861,1783303199999,1791376157436,legacy_historical,,,,,,,,,
1783303200000,747.14668044,1783304099999,1791376157436,legacy_historical,,,,,,,,,
1783304100000,746.96239532,1783304999999,1791376157436,legacy_historical,,,,,,,,,
1783305000000,746.36818001,1783305899999,1791376157436,legacy_historical,,,,,,,,,
1783305900000,746.56227671,1783306799999,1791376157436,legacy_historical,,,,,,,,,
1783306800000,746.5653513,1783307699999,1791376157436,legacy_historical,,,,,,,,,
1783307700000,746.77844654,1783308599999,1791376157436,legacy_historical,,,,,,,,,
1783308600000,746.47075008,1783309499999,1791376157436,legacy_historical,,,,,,,,,
1783309500000,746.43306785,1783310399999,1791376157436,legacy_historical,,,,,,,,,
1783310400000,746.82535658,1783311299999,1791376157436,legacy_historical,,,,,,,,,
1783311300000,746.98775378,1783312199999,1791376157436,legacy_historical,,,,,,,,,
1783312200000,747.26862622,1783313099999,1791376157436,legacy_historical,,,,,,,,,
1783313100000,747.41951665,1783313999999,1791376157436,legacy_historical,,,,,,,,,
1783314000000,747.46308363,1783314899999,1791376157436,legacy_historical,,,,,,,,,
1783314900000,747.0971937,1783315799999,1791376157436,legacy_historical,,,,,,,,,
1783315800000,747.25320839,1783316699999,1791376157436,legacy_historical,,,,,,,,,
1783316700000,747.19543874,1783317599999,1791376157436,legacy_historical,,,,,,,,,
1783317600000,746.88061012,1783318499999,1791376157436,legacy_historical,,,,,,,,,
1783318500000,747.31877466,1783319399999,1791376157436,legacy_historical,,,,,,,,,
1783319400000,747.66425794,1783320299999,1791376157436,legacy_historical,,,,,,,,,
1783320300000,747.65299601,1783321199999,1791376157436,legacy_historical,,,,,,,,,
1783321200000,747.81510927,1783322099999,1791376157436,legacy_historical,,,,,,,,,
1783322100000,747.7244519,1783322999999,1791376157436,legacy_historical,,,,,,,,,
1783323000000,748.43871986,1783323899999,1791376157436,legacy_historical,,,,,,,,,
1783323900000,748.46862058,1783324799999,1791376157436,legacy_historical,,,,,,,,,
1783324800000,748.2971001,1783325699999,1791376157436,legacy_historical,,,,,,,,,
1783325700000,748.4534855,1783326599999,1791376157436,legacy_historical,,,,,,,,,
1783326600000,748.42486965,1783327499999,1791376157436,legacy_historical,,,,,,,,,
1783327500000,748.63918301,1783328399999,1791376157436,legacy_historical,,,,,,,,,
1783328400000,748.21691281,1783329299999,1791376157436,legacy_historical,,,,,,,,,
1783329300000,748.57791623,1783330199999,1791376157436,legacy_historical,,,,,,,,,
1783330200000,748.2915625,1783331099999,1791376157436,legacy_historical,,,,,,,,,
1783331100000,748.69197763,1783331999999,1791376157436,legacy_historical,,,,,,,,,
1783332000000,748.75235315,1783332899999,1791376157436,legacy_historical,,,,,,,,,
1783332900000,748.63484244,1783333799999,1791376157436,legacy_historical,,,,,,,,,
1783333800000,748.37977397,1783334699999,1791376157436,legacy_historical,,,,,,,,,
1783334700000,748.53077757,1783335599999,1791376157436,legacy_historical,,,,,,,,,
1783335600000,748.23386029,1783336499999,1791376157436,legacy_historical,,,,,,,,,
1783336500000,748.1820765,1783337399999,1791376157436,legacy_historical,,,,,,,,,
1783337400000,748.21471977,1783338299999,1791376157436,legacy_historical,,,,,,,,,
1783338300000,747.80461219,1783339199999,1791376157436,legacy_historical,,,,,,,,,
1783339200000,748.43917352,1783340099999,1791376157436,legacy_historical,,,,,,,,,
1783340100000,747.99703329,1783340999999,1791376157436,legacy_historical,,,,,,,,,
1783341000000,748.12454779,1783341899999,1791376157436,legacy_historical,,,,,,,,,
1783341900000,748.38241671,1783342799999,1791376157436,legacy_historical,,,,,,,,,
1783342800000,747.77222349,1783343699999,1791376157436,legacy_historical,,,,,,,,,
1783343700000,748.51417792,1783344599999,1791376157436,legacy_historical,,,,,,,,,
1783344600000,748.51456495,1783345499999,1791376157436,legacy_historical,,,,,,,,,
1783345500000,748.48635081,1783346399999,1791376157436,legacy_historical,,,,,,,,,
1783346400000,749.3148537,1783347299999,1791376157436,legacy_historical,,,,,,,,,
1783347300000,749.9165172,1783348199999,1791376157436,legacy_historical,,,,,,,,,
1783348200000,749.68297233,1783349099999,1791376157436,legacy_historical,,,,,,,,,
1783349100000,750.23886746,1783349999999,1791376157436,legacy_historical,,,,,,,,,
1783350000000,750.10400988,1783350899999,1791376157436,legacy_historical,,,,,,,,,
1783350900000,750.75433539,1783351799999,1791376157436,legacy_historical,,,,,,,,,
1783351800000,750.79165459,1783352699999,1791376157436,legacy_historical,,,,,,,,,
1783352700000,750.83929208,1783353599999,1791376157436,legacy_historical,,,,,,,,,
1783353600000,751.00731706,1783354499999,1791376157436,legacy_historical,,,,,,,,,
1783354500000,750.64239596,1783355399999,1791376157436,legacy_historical,,,,,,,,,
1783355400000,750.71871559,1783356299999,1791376157436,legacy_historical,,,,,,,,,
1783356300000,750.46354416,1783357199999,1791376157436,legacy_historical,,,,,,,,,
1783357200000,751.31886113,1783358099999,1791376157436,legacy_historical,,,,,,,,,
1783358100000,750.68718994,1783358999999,1791376157436,legacy_historical,,,,,,,,,
1783359000000,750.1153873,1783359899999,1791376157436,legacy_historical,,,,,,,,,
1783359900000,750.10151805,1783360799999,1791376157436,legacy_historical,,,,,,,,,
1783360800000,751.01347555,1783361699999,1791376157436,legacy_historical,,,,,,,,,
1783361700000,751.34160415,1783362599999,1791376157436,legacy_historical,,,,,,,,,
1783362600000,751.23351417,1783363499999,1791376157436,legacy_historical,,,,,,,,,
1783363500000,751.91522306,1783364399999,1791376157436,legacy_historical,,,,,,,,,
1783364400000,751.79895892,1783365299999,1791376157436,legacy_historical,,,,,,,,,
1783365300000,752.27503229,1783366199999,1791376157436,legacy_historical,,,,,,,,,
1783366200000,751.99833098,1783367099999,1791376157436,legacy_historical,,,,,,,,,
1783367100000,751.12287727,1783367999999,1791376157436,legacy_historical,,,,,,,,,
1783368000000,751.69607182,1783368899999,1791376157436,legacy_historical,,,,,,,,,
1783368900000,751.60759623,1783369799999,1791376157436,legacy_historical,,,,,,,,,
1783369800000,751.68936275,1783370699999,1791376157436,legacy_historical,,,,,,,,,
1783370700000,751.58956701,1783371599999,1791376157436,legacy_historical,,,,,,,,,
1783371600000,751.64718814,1783372499999,1791376157436,legacy_historical,,,,,,,,,
1783372500000,751.63239383,1783373399999,1791376157436,legacy_historical,,,,,,,,,
1783373400000,751.63129202,1783374299999,1791376157436,legacy_historical,,,,,,,,,
1783374300000,751.66600807,1783375199999,1791376157436,legacy_historical,,,,,,,,,
1783375200000,751.96154442,1783376099999,1791376157436,legacy_historical,,,,,,,,,
1783376100000,751.91271809,1783376999999,1791376157436,legacy_historical,,,,,,,,,
1783377000000,751.92328221,1783377899999,1791376157436,legacy_historical,,,,,,,,,
1783377900000,751.45276224,1783378799999,1791376157436,legacy_historical,,,,,,,,,
1783378800000,751.63705959,1783379699999,1791376157436,legacy_historical,,,,,,,,,
1783379700000,751.37492562,1783380599999,1791376157436,legacy_historical,,,,,,,,,
1783380600000,751.09668843,1783381499999,1791376157436,legacy_historical,,,,,,,,,
1783381500000,750.64214532,1783382399999,1791376157436,legacy_historical,,,,,,,,,
1783382400000,750.77972188,1783383299999,1791376157436,legacy_historical,,,,,,,,,
1783383300000,751.09183059,1783384199999,1791376157436,legacy_historical,,,,,,,,,
1783384200000,750.85083478,1783385099999,1791376157436,legacy_historical,,,,,,,,,
1783385100000,750.69691701,1783385999999,1791376157436,legacy_historical,,,,,,,,,
1783386000000,750.70533932,1783386899999,1791376157436,legacy_historical,,,,,,,,,
1783386900000,750.35843217,1783387799999,1791376157436,legacy_historical,,,,,,,,,
1783387800000,750.72787905,1783388699999,1791376157436,legacy_historical,,,,,,,,,
1783388700000,750.5258555,1783389599999,1791376157436,legacy_historical,,,,,,,,,
1783389600000,750.79550058,1783390499999,1791376157436,legacy_historical,,,,,,,,,
1783390500000,750.46197172,1783391399999,1791376157436,legacy_historical,,,,,,,,,
1783391400000,750.39080525,1783392299999,1791376157436,legacy_historical,,,,,,,,,
1783392300000,750.10089376,1783393199999,1791376157436,legacy_historical,,,,,,,,,
1783393200000,750.17487343,1783394099999,1791376157436,legacy_historical,,,,,,,,,
1783394100000,749.71477632,1783394999999,1791376157436,legacy_historical,,,,,,,,,
1783395000000,749.67291757,1783395899999,1791376157436,legacy_historical,,,,,,,,,
1783395900000,749.59469227,1783396799999,1791376157436,legacy_historical,,,,,,,,,
1783396800000,749.39202851,1783397699999,1791376157436,legacy_historical,,,,,,,,,
1783397700000,749.31711471,1783398599999,1791376157436,legacy_historical,,,,,,,,,
1783398600000,749.10624769,1783399499999,1791376157436,legacy_historical,,,,,,,,,
1783399500000,749.06584354,1783400399999,1791376157436,legacy_historical,,,,,,,,,
1783400400000,748.72854399,1783401299999,1791376157436,legacy_historical,,,,,,,,,
1783401300000,748.73228073,1783402199999,1791376157436,legacy_historical,,,,,,,,,
1783402200000,749.2876114,1783403099999,1791376157436,legacy_historical,,,,,,,,,
1783403100000,749.54492044,1783403999999,1791376157436,legacy_historical,,,,,,,,,
1783404000000,748.96873905,1783404899999,1791376157436,legacy_historical,,,,,,,,,
1783404900000,749.27889,1783405799999,1791376157436,legacy_historical,,,,,,,,,
1783405800000,749.50944526,1783406699999,1791376157436,legacy_historical,,,,,,,,,
1783406700000,749.56540006,1783407599999,1791376157436,legacy_historical,,,,,,,,,
1783407600000,749.85240662,1783408499999,1791376157436,legacy_historical,,,,,,,,,
1783408500000,750.11682773,1783409399999,1791376157436,legacy_historical,,,,,,,,,
1783409400000,749.94255406,1783410299999,1791376157436,legacy_historical,,,,,,,,,
1783410300000,749.41622361,1783411199999,1791376157436,legacy_historical,,,,,,,,,
1783411200000,749.9401047,1783412099999,1791376157436,legacy_historical,,,,,,,,,
1783412100000,750.23614622,1783412999999,1791376157436,legacy_historical,,,,,,,,,
1783413000000,750.28631683,1783413899999,1791376157436,legacy_historical,,,,,,,,,
1783413900000,750.02673096,1783414799999,1791376157436,legacy_historical,,,,,,,,,
1783414800000,750.34116618,1783415699999,1791376157436,legacy_historical,,,,,,,,,
1783415700000,750.19204972,1783416599999,1791376157436,legacy_historical,,,,,,,,,
1783416600000,750.29441232,1783417499999,1791376157436,legacy_historical,,,,,,,,,
1783417500000,750.30966613,1783418399999,1791376157436,legacy_historical,,,,,,,,,
1783418400000,750.07678087,1783419299999,1791376157436,legacy_historical,,,,,,,,,
1783419300000,750.32400193,1783420199999,1791376157436,legacy_historical,,,,,,,,,
1783420200000,750.08951641,1783421099999,1791376157436,legacy_historical,,,,,,,,,
1783421100000,749.97226716,1783421999999,1791376157436,legacy_historical,,,,,,,,,
1783422000000,749.62011322,1783422899999,1791376157436,legacy_historical,,,,,,,,,
1783422900000,749.79707147,1783423799999,1791376157436,legacy_historical,,,,,,,,,
1783423800000,749.73179937,1783424699999,1791376157436,legacy_historical,,,,,,,,,
1783424700000,750.06299346,1783425599999,1791376157436,legacy_historical,,,,,,,,,
1783425600000,750.50283343,1783426499999,1791376157436,legacy_historical,,,,,,,,,
1783426500000,750.53866353,1783427399999,1791376157436,legacy_historical,,,,,,,,,
1783427400000,750.72691986,1783428299999,1791376157436,legacy_historical,,,,,,,,,
1783428300000,750.27064088,1783429199999,1791376157436,legacy_historical,,,,,,,,,
1783429200000,750.27107223,1783430099999,1791376157436,legacy_historical,,,,,,,,,
1783430100000,750.28010376,1783430999999,1791376157436,legacy_historical,,,,,,,,,
1783431000000,750.07991912,1783431899999,1791376157436,legacy_historical,,,,,,,,,
1783431900000,748.7778178,1783432799999,1791376157436,legacy_historical,,,,,,,,,
1783432800000,747.19352286,1783433699999,1791376157436,legacy_historical,,,,,,,,,
1783433700000,746.66043422,1783434599999,1791376157436,legacy_historical,,,,,,,,,
1783434600000,745.72790534,1783435499999,1791376157436,legacy_historical,,,,,,,,,
1783435500000,746.54805833,1783436399999,1791376157436,legacy_historical,,,,,,,,,
1783436400000,746.1633576,1783437299999,1791376157436,legacy_historical,,,,,,,,,
1783437300000,746.28538777,1783438199999,1791376157436,legacy_historical,,,,,,,,,
1783438200000,746.27566933,1783439099999,1791376157436,legacy_historical,,,,,,,,,
1783439100000,747.35527016,1783439999999,1791376157436,legacy_historical,,,,,,,,,
1783440000000,747.99634681,1783440899999,1791376157436,legacy_historical,,,,,,,,,
1783440900000,748.81032802,1783441799999,1791376157436,legacy_historical,,,,,,,,,
1783441800000,748.84509321,1783442699999,1791376157436,legacy_historical,,,,,,,,,
1783442700000,748.91750125,1783443599999,1791376157436,legacy_historical,,,,,,,,,
1783443600000,748.81314062,1783444499999,1791376157436,legacy_historical,,,,,,,,,
1783444500000,748.8477326,1783445399999,1791376157436,legacy_historical,,,,,,,,,
1783445400000,749.08677306,1783446299999,1791376157436,legacy_historical,,,,,,,,,
1783446300000,749.15120316,1783447199999,1791376157436,legacy_historical,,,,,,,,,
1783447200000,748.99672571,1783448099999,1791376157436,legacy_historical,,,,,,,,,
1783448100000,748.98731907,1783448999999,1791376157436,legacy_historical,,,,,,,,,
1783449000000,748.70414306,1783449899999,1791376157436,legacy_historical,,,,,,,,,
1783449900000,747.50737638,1783450799999,1791376157436,legacy_historical,,,,,,,,,
1783450800000,746.81396419,1783451699999,1791376157436,legacy_historical,,,,,,,,,
1783451700000,746.68564743,1783452599999,1791376157436,legacy_historical,,,,,,,,,
1783452600000,746.53575952,1783453499999,1791376157436,legacy_historical,,,,,,,,,
1783453500000,747.54506295,1783454399999,1791376157436,legacy_historical,,,,,,,,,
1783454400000,747.53544562,1783455299999,1791376157436,legacy_historical,,,,,,,,,
1783455300000,747.3549006,1783456199999,1791376157436,legacy_historical,,,,,,,,,
1783456200000,747.48596073,1783457099999,1791376157436,legacy_historical,,,,,,,,,
1783457100000,747.46174783,1783457999999,1791376157436,legacy_historical,,,,,,,,,
1783458000000,747.4176685,1783458899999,1791376157436,legacy_historical,,,,,,,,,
1783458900000,746.69869869,1783459799999,1791376157436,legacy_historical,,,,,,,,,
1783459800000,746.75840882,1783460699999,1791376157436,legacy_historical,,,,,,,,,
1783460700000,746.7862477,1783461599999,1791376157436,legacy_historical,,,,,,,,,
1783461600000,746.78840854,1783462499999,1791376157436,legacy_historical,,,,,,,,,
1783462500000,746.869452,1783463399999,1791376157436,legacy_historical,,,,,,,,,
1783463400000,746.79507142,1783464299999,1791376157436,legacy_historical,,,,,,,,,
1783464300000,747.00093664,1783465199999,1791376157436,legacy_historical,,,,,,,,,
1783465200000,746.96420177,1783466099999,1791376157436,legacy_historical,,,,,,,,,
1783466100000,747.3828938,1783466999999,1791376157436,legacy_historical,,,,,,,,,
1783467000000,746.67395219,1783467899999,1791376157436,legacy_historical,,,,,,,,,
1783467900000,746.19107531,1783468799999,1791376157436,legacy_historical,,,,,,,,,
1783468800000,747.01022777,1783469699999,1791376157436,legacy_historical,,,,,,,,,
1783469700000,747.4234607,1783470599999,1791376157436,legacy_historical,,,,,,,,,
1783470600000,748.01058433,1783471499999,1791376157436,legacy_historical,,,,,,,,,
1783471500000,748.50823845,1783472399999,1791376157436,legacy_historical,,,,,,,,,
1783472400000,748.56992936,1783473299999,1791376157436,legacy_historical,,,,,,,,,
1783473300000,747.98210476,1783474199999,1791376157436,legacy_historical,,,,,,,,,
1783474200000,747.80292415,1783475099999,1791376157436,legacy_historical,,,,,,,,,
1783475100000,747.71339715,1783475999999,1791376157436,legacy_historical,,,,,,,,,
1783476000000,747.16982315,1783476899999,1791376157436,legacy_historical,,,,,,,,,
1783476900000,747.27535836,1783477799999,1791376157436,legacy_historical,,,,,,,,,
1783477800000,747.55290399,1783478699999,1791376157436,legacy_historical,,,,,,,,,
1783478700000,747.6647314,1783479599999,1791376157436,legacy_historical,,,,,,,,,
1783479600000,748.02442271,1783480499999,1791376157436,legacy_historical,,,,,,,,,
1783480500000,748.31979716,1783481399999,1791376157436,legacy_historical,,,,,,,,,
1783481400000,747.90697603,1783482299999,1791376157436,legacy_historical,,,,,,,,,
1783482300000,747.83169767,1783483199999,1791376157436,legacy_historical,,,,,,,,,
1783483200000,747.58782228,1783484099999,1791376157436,legacy_historical,,,,,,,,,
1783484100000,747.77554359,1783484999999,1791376157436,legacy_historical,,,,,,,,,
1783485000000,747.49240739,1783485899999,1791376157436,legacy_historical,,,,,,,,,
1783485900000,747.52090616,1783486799999,1791376157436,legacy_historical,,,,,,,,,
1783486800000,747.4687684,1783487699999,1791376157436,legacy_historical,,,,,,,,,
1783487700000,747.18814504,1783488599999,1791376157436,legacy_historical,,,,,,,,,
1783488600000,746.7891658,1783489499999,1791376157436,legacy_historical,,,,,,,,,
1783489500000,746.73892892,1783490399999,1791376157436,legacy_historical,,,,,,,,,
1783490400000,746.54111449,1783491299999,1791376157436,legacy_historical,,,,,,,,,
1783491300000,746.44414348,1783492199999,1791376157436,legacy_historical,,,,,,,,,
1783492200000,745.84639454,1783493099999,1791376157436,legacy_historical,,,,,,,,,
1783493100000,746.29817305,1783493999999,1791376157436,legacy_historical,,,,,,,,,
1783494000000,745.9926765,1783494899999,1791376157436,legacy_historical,,,,,,,,,
1783494900000,746.55028284,1783495799999,1791376157436,legacy_historical,,,,,,,,,
1783495800000,746.82703019,1783496699999,1791376157436,legacy_historical,,,,,,,,,
1783496700000,746.57564019,1783497599999,1791376157436,legacy_historical,,,,,,,,,
1783497600000,746.90331064,1783498499999,1791376157436,legacy_historical,,,,,,,,,
1783498500000,742.56120892,1783499399999,1791376157436,legacy_historical,,,,,,,,,
1783499400000,741.15107183,1783500299999,1791376157436,legacy_historical,,,,,,,,,
1783500300000,740.62030144,1783501199999,1791376157436,legacy_historical,,,,,,,,,
1783501200000,739.52103878,1783502099999,1791376157436,legacy_historical,,,,,,,,,
1783502100000,739.45712759,1783502999999,1791376157436,legacy_historical,,,,,,,,,
1783503000000,740.84222844,1783503899999,1791376157436,legacy_historical,,,,,,,,,
1783503900000,739.95062794,1783504799999,1791376157436,legacy_historical,,,,,,,,,
1783504800000,740.40395178,1783505699999,1791376157436,legacy_historical,,,,,,,,,
1783505700000,741.31870507,1783506599999,1791376157436,legacy_historical,,,,,,,,,
1783506600000,741.89199922,1783507499999,1791376157436,legacy_historical,,,,,,,,,
1783507500000,741.06368137,1783508399999,1791376157436,legacy_historical,,,,,,,,,
1783508400000,741.00004926,1783509299999,1791376157436,legacy_historical,,,,,,,,,
1783509300000,740.73008158,1783510199999,1791376157436,legacy_historical,,,,,,,,,
1783510200000,742.22833057,1783511099999,1791376157436,legacy_historical,,,,,,,,,
1783511100000,742.36785803,1783511999999,1791376157436,legacy_historical,,,,,,,,,
1783512000000,743.30824891,1783512899999,1791376157436,legacy_historical,,,,,,,,,
1783512900000,743.58544397,1783513799999,1791376157436,legacy_historical,,,,,,,,,
1783513800000,743.64329119,1783514699999,1791376157436,legacy_historical,,,,,,,,,
1783514700000,742.98075632,1783515599999,1791376157436,legacy_historical,,,,,,,,,
1783515600000,743.75675113,1783516499999,1791376157436,legacy_historical,,,,,,,,,
1783516500000,743.10140293,1783517399999,1791376157436,legacy_historical,,,,,,,,,
1783517400000,744.36582337,1783518299999,1791376157436,legacy_historical,,,,,,,,,
1783518300000,744.08216723,1783519199999,1791376157436,legacy_historical,,,,,,,,,
1783519200000,743.31445951,1783520099999,1791376157436,legacy_historical,,,,,,,,,
1783520100000,743.18166217,1783520999999,1791376157436,legacy_historical,,,,,,,,,
1783521000000,742.48148378,1783521899999,1791376157436,legacy_historical,,,,,,,,,
1783521900000,741.81880905,1783522799999,1791376157436,legacy_historical,,,,,,,,,
1783522800000,741.22313773,1783523699999,1791376157436,legacy_historical,,,,,,,,,
1783523700000,740.00583173,1783524599999,1791376157436,legacy_historical,,,,,,,,,
1783524600000,740.76253653,1783525499999,1791376157436,legacy_historical,,,,,,,,,
1783525500000,740.65531057,1783526399999,1791376157436,legacy_historical,,,,,,,,,
1783526400000,742.22851102,1783527299999,1791376157436,legacy_historical,,,,,,,,,
1783527300000,743.1380718,1783528199999,1791376157436,legacy_historical,,,,,,,,,
1783528200000,743.95913392,1783529099999,1791376157436,legacy_historical,,,,,,,,,
1783529100000,744.68777751,1783529999999,1791376157436,legacy_historical,,,,,,,,,
1783530000000,744.28840952,1783530899999,1791376157436,legacy_historical,,,,,,,,,
1783530900000,745.60937316,1783531799999,1791376157436,legacy_historical,,,,,,,,,
1783531800000,744.98623576,1783532699999,1791376157436,legacy_historical,,,,,,,,,
1783532700000,744.39656417,1783533599999,1791376157436,legacy_historical,,,,,,,,,
1783533600000,745.29427643,1783534499999,1791376157436,legacy_historical,,,,,,,,,
1783534500000,744.71721638,1783535399999,1791376157436,legacy_historical,,,,,,,,,
1783535400000,745.05493566,1783536299999,1791376157436,legacy_historical,,,,,,,,,
1783536300000,745.29416637,1783537199999,1791376157436,legacy_historical,,,,,,,,,
1783537200000,744.93344888,1783538099999,1791376157436,legacy_historical,,,,,,,,,
1783538100000,745.18799554,1783538999999,1791376157436,legacy_historical,,,,,,,,,
1783539000000,745.28007284,1783539899999,1791376157436,legacy_historical,,,,,,,,,
1783539900000,745.42952206,1783540799999,1791376157436,legacy_historical,,,,,,,,,
1783540800000,745.00730116,1783541699999,1791376157436,legacy_historical,,,,,,,,,
1783541700000,744.35375966,1783542599999,1791376157436,legacy_historical,,,,,,,,,
1783542600000,744.07923517,1783543499999,1791376157436,legacy_historical,,,,,,,,,
1783543500000,744.1396354,1783544399999,1791376157436,legacy_historical,,,,,,,,,
1783544400000,744.01762868,1783545299999,1791376157436,legacy_historical,,,,,,,,,
1783545300000,743.94041934,1783546199999,1791376157436,legacy_historical,,,,,,,,,
1783546200000,744.1907285,1783547099999,1791376157436,legacy_historical,,,,,,,,,
1783547100000,744.18544468,1783547999999,1791376157436,legacy_historical,,,,,,,,,
1783548000000,744.57506505,1783548899999,1791376157436,legacy_historical,,,,,,,,,
1783548900000,744.45368102,1783549799999,1791376157436,legacy_historical,,,,,,,,,
1783549800000,744.30098159,1783550699999,1791376157436,legacy_historical,,,,,,,,,
1783550700000,744.46896047,1783551599999,1791376157436,legacy_historical,,,,,,,,,
1783551600000,744.80020221,1783552499999,1791376157436,legacy_historical,,,,,,,,,
1783552500000,744.5651634,1783553399999,1791376157436,legacy_historical,,,,,,,,,
1783553400000,744.91202442,1783554299999,1791376157436,legacy_historical,,,,,,,,,
1783554300000,745.19084957,1783555199999,1791376157436,legacy_historical,,,,,,,,,
1783555200000,745.69207571,1783556099999,1791376157436,legacy_historical,,,,,,,,,
1783556100000,745.8677628,1783556999999,1791376157436,legacy_historical,,,,,,,,,
1783557000000,745.73181376,1783557899999,1791376157436,legacy_historical,,,,,,,,,
1783557900000,745.80396197,1783558799999,1791376157436,legacy_historical,,,,,,,,,
1783558800000,745.91081501,1783559699999,1791376157436,legacy_historical,,,,,,,,,
1783559700000,745.984583,1783560599999,1791376157436,legacy_historical,,,,,,,,,
1783560600000,746.20312535,1783561499999,1791376157436,legacy_historical,,,,,,,,,
1783561500000,745.6337441,1783562399999,1791376157436,legacy_historical,,,,,,,,,
1783562400000,746.44248407,1783563299999,1791376157436,legacy_historical,,,,,,,,,
1783563300000,746.54204907,1783564199999,1791376157436,legacy_historical,,,,,,,,,
1783564200000,745.80786422,1783565099999,1791376157436,legacy_historical,,,,,,,,,
1783565100000,745.48410037,1783565999999,1791376157436,legacy_historical,,,,,,,,,
1783566000000,745.37408872,1783566899999,1791376157436,legacy_historical,,,,,,,,,
1783566900000,746.08162127,1783567799999,1791376157436,legacy_historical,,,,,,,,,
1783567800000,746.51698283,1783568699999,1791376157436,legacy_historical,,,,,,,,,
1783568700000,746.51985116,1783569599999,1791376157436,legacy_historical,,,,,,,,,
1783569600000,746.43035554,1783570499999,1791376157436,legacy_historical,,,,,,,,,
1783570500000,746.23043929,1783571399999,1791376157436,legacy_historical,,,,,,,,,
1783571400000,746.9522416,1783572299999,1791376157436,legacy_historical,,,,,,,,,
1783572300000,747.21582672,1783573199999,1791376157436,legacy_historical,,,,,,,,,
1783573200000,747.4780389,1783574099999,1791376157436,legacy_historical,,,,,,,,,
1783574100000,746.72633042,1783574999999,1791376157436,legacy_historical,,,,,,,,,
1783575000000,747.06539257,1783575899999,1791376157436,legacy_historical,,,,,,,,,
1783575900000,747.83710013,1783576799999,1791376157436,legacy_historical,,,,,,,,,
1783576800000,747.62059247,1783577699999,1791376157436,legacy_historical,,,,,,,,,
1783577700000,747.70579566,1783578599999,1791376157436,legacy_historical,,,,,,,,,
1783578600000,747.7627189,1783579499999,1791376157436,legacy_historical,,,,,,,,,
1783579500000,747.55385431,1783580399999,1791376157436,legacy_historical,,,,,,,,,
1783580400000,747.87699115,1783581299999,1791376157436,legacy_historical,,,,,,,,,
1783581300000,747.78358581,1783582199999,1791376157436,legacy_historical,,,,,,,,,
1783582200000,748.22914205,1783583099999,1791376157436,legacy_historical,,,,,,,,,
1783583100000,747.97400348,1783583999999,1791376157436,legacy_historical,,,,,,,,,
1783584000000,747.93531432,1783584899999,1791376157436,legacy_historical,,,,,,,,,
1783584900000,747.94436444,1783585799999,1791376157436,legacy_historical,,,,,,,,,
1783585800000,747.37010257,1783586699999,1791376157436,legacy_historical,,,,,,,,,
1783586700000,747.20391923,1783587599999,1791376157436,legacy_historical,,,,,,,,,
1783587600000,746.87853028,1783588499999,1791376157436,legacy_historical,,,,,,,,,
1783588500000,746.85303758,1783589399999,1791376157436,legacy_historical,,,,,,,,,
1783589400000,746.29273438,1783590299999,1791376157436,legacy_historical,,,,,,,,,
1783590300000,746.78816007,1783591199999,1791376157436,legacy_historical,,,,,,,,,
1783591200000,746.81561,1783592099999,1791376157436,legacy_historical,,,,,,,,,
1783592100000,746.71595609,1783592999999,1791376157436,legacy_historical,,,,,,,,,
1783593000000,746.65007352,1783593899999,1791376157436,legacy_historical,,,,,,,,,
1783593900000,746.07439547,1783594799999,1791376157436,legacy_historical,,,,,,,,,
1783594800000,746.33288387,1783595699999,1791376157436,legacy_historical,,,,,,,,,
1783595700000,746.48695259,1783596599999,1791376157436,legacy_historical,,,,,,,,,
1783596600000,746.75585628,1783597499999,1791376157436,legacy_historical,,,,,,,,,
1783597500000,746.99671569,1783598399999,1791376157436,legacy_historical,,,,,,,,,
1783598400000,747.28844417,1783599299999,1791376157436,legacy_historical,,,,,,,,,
1783599300000,747.41971,1783600199999,1791376157436,legacy_historical,,,,,,,,,
1783600200000,747.48193406,1783601099999,1791376157436,legacy_historical,,,,,,,,,
1783601100000,747.14437855,1783601999999,1791376157436,legacy_historical,,,,,,,,,
1783602000000,747.38423902,1783602899999,1791376157436,legacy_historical,,,,,,,,,
1783602900000,747.33663294,1783603799999,1791376157436,legacy_historical,,,,,,,,,
1783603800000,748.29490531,1783604699999,1791376157436,legacy_historical,,,,,,,,,
1783604700000,748.63502687,1783605599999,1791376157436,legacy_historical,,,,,,,,,
1783605600000,747.59359069,1783606499999,1791376157436,legacy_historical,,,,,,,,,
1783606500000,747.88090665,1783607399999,1791376157436,legacy_historical,,,,,,,,,
1783607400000,747.94768505,1783608299999,1791376157436,legacy_historical,,,,,,,,,
1783608300000,748.71869149,1783609199999,1791376157436,legacy_historical,,,,,,,,,
1783609200000,749.2325228,1783610099999,1791376157436,legacy_historical,,,,,,,,,
1783610100000,749.77690751,1783610999999,1791376157436,legacy_historical,,,,,,,,,
1783611000000,750.10385018,1783611899999,1791376157436,legacy_historical,,,,,,,,,
1783611900000,749.84561733,1783612799999,1791376157436,legacy_historical,,,,,,,,,
1783612800000,750.5072429,1783613699999,1791376157436,legacy_historical,,,,,,,,,
1783613700000,750.6401201,1783614599999,1791376157436,legacy_historical,,,,,,,,,
1783614600000,750.68224821,1783615499999,1791376157436,legacy_historical,,,,,,,,,
1783615500000,750.43739733,1783616399999,1791376157436,legacy_historical,,,,,,,,,
1783616400000,751.24291,1783617299999,1791376157436,legacy_historical,,,,,,,,,
1783617300000,751.75523566,1783618199999,1791376157436,legacy_historical,,,,,,,,,
1783618200000,751.6925413,1783619099999,1791376157436,legacy_historical,,,,,,,,,
1783619100000,751.59882196,1783619999999,1791376157436,legacy_historical,,,,,,,,,
1783620000000,751.75253426,1783620899999,1791376157436,legacy_historical,,,,,,,,,
1783620900000,751.42298169,1783621799999,1791376157436,legacy_historical,,,,,,,,,
1783621800000,751.296,1783622699999,1791376157436,legacy_historical,,,,,,,,,
1783622700000,751.04228793,1783623599999,1791376157436,legacy_historical,,,,,,,,,
1783623600000,750.88772789,1783624499999,1791376157436,legacy_historical,,,,,,,,,
1783624500000,751.10485753,1783625399999,1791376157436,legacy_historical,,,,,,,,,
1783625400000,751.39322594,1783626299999,1791376157436,legacy_historical,,,,,,,,,
1783626300000,751.50671287,1783627199999,1791376157436,legacy_historical,,,,,,,,,
1783627200000,751.63804835,1783628099999,1791376157436,legacy_historical,,,,,,,,,
1783628100000,751.30231957,1783628999999,1791376157436,legacy_historical,,,,,,,,,
1783629000000,751.35418269,1783629899999,1791376157436,legacy_historical,,,,,,,,,
1783629900000,751.21178546,1783630799999,1791376157436,legacy_historical,,,,,,,,,
1783630800000,751.21522059,1783631699999,1791376157436,legacy_historical,,,,,,,,,
1783631700000,751.08984429,1783632599999,1791376157436,legacy_historical,,,,,,,,,
1783632600000,751.21556296,1783633499999,1791376157436,legacy_historical,,,,,,,,,
1783633500000,751.18022039,1783634399999,1791376157436,legacy_historical,,,,,,,,,
1783634400000,751.08850683,1783635299999,1791376157436,legacy_historical,,,,,,,,,
1783635300000,750.98641577,1783636199999,1791376157436,legacy_historical,,,,,,,,,
1783636200000,751.14405594,1783637099999,1791376157436,legacy_historical,,,,,,,,,
1783637100000,751.21733059,1783637999999,1791376157436,legacy_historical,,,,,,,,,
1783638000000,751.46896694,1783638899999,1791376157436,legacy_historical,,,,,,,,,
1783638900000,751.67679063,1783639799999,1791376157436,legacy_historical,,,,,,,,,
1783639800000,751.5227314,1783640699999,1791376157436,legacy_historical,,,,,,,,,
1783640700000,751.43485706,1783641599999,1791376157436,legacy_historical,,,,,,,,,
1783641600000,751.22303366,1783642499999,1791376157436,legacy_historical,,,,,,,,,
1783642500000,750.8610356,1783643399999,1791376157436,legacy_historical,,,,,,,,,
1783643400000,750.64524601,1783644299999,1791376157436,legacy_historical,,,,,,,,,
1783644300000,750.8749701,1783645199999,1791376157436,legacy_historical,,,,,,,,,
1783645200000,750.59735387,1783646099999,1791376157436,legacy_historical,,,,,,,,,
1783646100000,750.75345212,1783646999999,1791376157436,legacy_historical,,,,,,,,,
1783647000000,750.81285248,1783647899999,1791376157436,legacy_historical,,,,,,,,,
1783647900000,750.85540939,1783648799999,1791376157436,legacy_historical,,,,,,,,,
1783648800000,750.80674923,1783649699999,1791376157436,legacy_historical,,,,,,,,,
1783649700000,750.74812574,1783650599999,1791376157436,legacy_historical,,,,,,,,,
1783650600000,750.9626649,1783651499999,1791376157436,legacy_historical,,,,,,,,,
1783651500000,751.40490729,1783652399999,1791376157436,legacy_historical,,,,,,,,,
1783652400000,751.4927291,1783653299999,1791376157436,legacy_historical,,,,,,,,,
1783653300000,751.22939512,1783654199999,1791376157436,legacy_historical,,,,,,,,,
1783654200000,751.15154394,1783655099999,1791376157436,legacy_historical,,,,,,,,,
1783655100000,751.19500041,1783655999999,1791376157436,legacy_historical,,,,,,,,,
1783656000000,751.22149243,1783656899999,1791376157436,legacy_historical,,,,,,,,,
1783656900000,750.95389091,1783657799999,1791376157436,legacy_historical,,,,,,,,,
1783657800000,750.90959342,1783658699999,1791376157436,legacy_historical,,,,,,,,,
1783658700000,750.63046586,1783659599999,1791376157436,legacy_historical,,,,,,,,,
1783659600000,750.66949349,1783660499999,1791376157436,legacy_historical,,,,,,,,,
1783660500000,750.6609954,1783661399999,1791376157436,legacy_historical,,,,,,,,,
1783661400000,750.6946471,1783662299999,1791376157436,legacy_historical,,,,,,,,,
1783662300000,750.49308235,1783663199999,1791376157436,legacy_historical,,,,,,,,,
1783663200000,750.49140158,1783664099999,1791376157436,legacy_historical,,,,,,,,,
1783664100000,750.18003358,1783664999999,1791376157436,legacy_historical,,,,,,,,,
1783665000000,750.2415232,1783665899999,1791376157436,legacy_historical,,,,,,,,,
1783665900000,750.31618075,1783666799999,1791376157436,legacy_historical,,,,,,,,,
1783666800000,750.55399113,1783667699999,1791376157436,legacy_historical,,,,,,,,,
1783667700000,750.69992887,1783668599999,1791376157436,legacy_historical,,,,,,,,,
1783668600000,750.41103944,1783669499999,1791376157436,legacy_historical,,,,,,,,,
1783669500000,750.06232394,1783670399999,1791376157436,legacy_historical,,,,,,,,,
1783670400000,750.62451733,1783671299999,1791376157436,legacy_historical,,,,,,,,,
1783671300000,750.40141089,1783672199999,1791376157436,legacy_historical,,,,,,,,,
1783672200000,750.39560644,1783673099999,1791376157436,legacy_historical,,,,,,,,,
1783673100000,750.31610149,1783673999999,1791376157436,legacy_historical,,,,,,,,,
1783674000000,750.84174419,1783674899999,1791376157436,legacy_historical,,,,,,,,,
1783674900000,750.96796512,1783675799999,1791376157436,legacy_historical,,,,,,,,,
1783675800000,750.91780523,1783676699999,1791376157436,legacy_historical,,,,,,,,,
1783676700000,750.97606395,1783677599999,1791376157436,legacy_historical,,,,,,,,,
1783677600000,751.35752475,1783678499999,1791376157436,legacy_historical,,,,,,,,,
1783678500000,751.44203663,1783679399999,1791376157436,legacy_historical,,,,,,,,,
1783679400000,751.84713218,1783680299999,1791376157436,legacy_historical,,,,,,,,,
1783680300000,751.8620297,1783681199999,1791376157436,legacy_historical,,,,,,,,,
1783681200000,751.8415,1783682099999,1791376157436,legacy_historical,,,,,,,,,
1783682100000,751.56480198,1783682999999,1791376157436,legacy_historical,,,,,,,,,
1783683000000,751.26014851,1783683899999,1791376157436,legacy_historical,,,,,,,,,
1783683900000,751.16412964,1783684799999,1791376157436,legacy_historical,,,,,,,,,
1783684800000,751.64947705,1783685699999,1791376157436,legacy_historical,,,,,,,,,
1783685700000,751.52846201,1783686599999,1791376157436,legacy_historical,,,,,,,,,
1783686600000,751.75728992,1783687499999,1791376157436,legacy_historical,,,,,,,,,
1783687500000,751.68395328,1783688399999,1791376157436,legacy_historical,,,,,,,,,
1783688400000,751.87255337,1783689299999,1791376157436,legacy_historical,,,,,,,,,
1783689300000,751.98587426,1783690199999,1791376157436,legacy_historical,,,,,,,,,
1783690200000,752.2246777,1783691099999,1791376157436,legacy_historical,,,,,,,,,
1783691100000,752.94298048,1783691999999,1791376157436,legacy_historical,,,,,,,,,
1783692000000,752.70852288,1783692899999,1791376157436,legacy_historical,,,,,,,,,
1783692900000,752.67184026,1783693799999,1791376157436,legacy_historical,,,,,,,,,
1783693800000,752.05338904,1783694699999,1791376157436,legacy_historical,,,,,,,,,
1783694700000,751.20960434,1783695599999,1791376157436,legacy_historical,,,,,,,,,
1783695600000,751.90916695,1783696499999,1791376157436,legacy_historical,,,,,,,,,
1783696500000,753.22158075,1783697399999,1791376157436,legacy_historical,,,,,,,,,
1783697400000,752.01797268,1783698299999,1791376157436,legacy_historical,,,,,,,,,
1783698300000,752.81787674,1783699199999,1791376157436,legacy_historical,,,,,,,,,
1783699200000,753.1951344,1783700099999,1791376157436,legacy_historical,,,,,,,,,
1783700100000,753.20975978,1783700999999,1791376157436,legacy_historical,,,,,,,,,
1783701000000,753.59204582,1783701899999,1791376157436,legacy_historical,,,,,,,,,
1783701900000,754.02360795,1783702799999,1791376157436,legacy_historical,,,,,,,,,
1783702800000,753.76852826,1783703699999,1791376157436,legacy_historical,,,,,,,,,
1783703700000,754.01789761,1783704599999,1791376157436,legacy_historical,,,,,,,,,
1783704600000,754.13223982,1783705499999,1791376157436,legacy_historical,,,,,,,,,
1783705500000,753.98093868,1783706399999,1791376157436,legacy_historical,,,,,,,,,
1783706400000,754.29783324,1783707299999,1791376157436,legacy_historical,,,,,,,,,
1783707300000,754.41584566,1783708199999,1791376157436,legacy_historical,,,,,,,,,
1783708200000,754.49726449,1783709099999,1791376157436,legacy_historical,,,,,,,,,
1783709100000,754.494773,1783709999999,1791376157436,legacy_historical,,,,,,,,,
1783710000000,755.10623471,1783710899999,1791376157436,legacy_historical,,,,,,,,,
1783710900000,754.98007397,1783711799999,1791376157436,legacy_historical,,,,,,,,,
1783711800000,755.06044049,1783712699999,1791376157436,legacy_historical,,,,,,,,,
1783712700000,754.83082122,1783713599999,1791376157436,legacy_historical,,,,,,,,,
1783713600000,755.0633843,1783714499999,1791376157436,legacy_historical,,,,,,,,,
1783714500000,755.30982551,1783715399999,1791376157436,legacy_historical,,,,,,,,,
1783715400000,755.37651287,1783716299999,1791376157436,legacy_historical,,,,,,,,,
1783716300000,755.44795178,1783717199999,1791376157436,legacy_historical,,,,,,,,,
1783717200000,755.09288503,1783718099999,1791376157436,legacy_historical,,,,,,,,,
1783718100000,755.22781728,1783718999999,1791376157436,legacy_historical,,,,,,,,,
1783719000000,755.24194853,1783719899999,1791376157436,legacy_historical,,,,,,,,,
1783719900000,754.95785124,1783720799999,1791376157436,legacy_historical,,,,,,,,,
1783720800000,754.83908773,1783721699999,1791376157436,legacy_historical,,,,,,,,,
1783721700000,754.95405277,1783722599999,1791376157436,legacy_historical,,,,,,,,,
1783722600000,754.925427,1783723499999,1791376157436,legacy_historical,,,,,,,,,
1783723500000,754.99199215,1783724399999,1791376157436,legacy_historical,,,,,,,,,
1783724400000,754.9470219,1783725299999,1791376157436,legacy_historical,,,,,,,,,
1783725300000,754.99502107,1783726199999,1791376157436,legacy_historical,,,,,,,,,
1783726200000,755.24881543,1783727099999,1791376157436,legacy_historical,,,,,,,,,
1783727100000,755.1409135,1783727999999,1791376157436,legacy_historical,,,,,,,,,
1783728000000,755.53182049,1783728899999,1791376157436,legacy_historical,,,,,,,,,
1783728900000,755.65297573,1783729799999,1791376157436,legacy_historical,,,,,,,,,
1783729800000,755.81451365,1783730699999,1791376157436,legacy_historical,,,,,,,,,
1783730700000,755.88938558,1783731599999,1791376157436,legacy_historical,,,,,,,,,
1783731600000,756.00648228,1783732499999,1791376157436,legacy_historical,,,,,,,,,
1783732500000,756.08252822,1783733399999,1791376157436,legacy_historical,,,,,,,,,
1783733400000,756.00238216,1783734299999,1791376157436,legacy_historical,,,,,,,,,
1783734300000,755.85669112,1783735199999,1791376157436,legacy_historical,,,,,,,,,
1783735200000,755.83922164,1783736099999,1791376157436,legacy_historical,,,,,,,,,
1783736100000,755.86824629,1783736999999,1791376157436,legacy_historical,,,,,,,,,
1783737000000,755.89188384,1783737899999,1791376157436,legacy_historical,,,,,,,,,
1783737900000,755.93261294,1783738799999,1791376157436,legacy_historical,,,,,,,,,
1783738800000,756.01866634,1783739699999,1791376157436,legacy_historical,,,,,,,,,
1783739700000,756.07214251,1783740599999,1791376157436,legacy_historical,,,,,,,,,
1783740600000,756.10295903,1783741499999,1791376157436,legacy_historical,,,,,,,,,
1783741500000,756.06212265,1783742399999,1791376157436,legacy_historical,,,,,,,,,
1783742400000,755.97467965,1783743299999,1791376157436,legacy_historical,,,,,,,,,
1783743300000,755.93517443,1783744199999,1791376157436,legacy_historical,,,,,,,,,
1783744200000,755.98995828,1783745099999,1791376157436,legacy_historical,,,,,,,,,
1783745100000,756.0203327,1783745999999,1791376157436,legacy_historical,,,,,,,,,
1783746000000,756.08269359,1783746899999,1791376157436,legacy_historical,,,,,,,,,
1783746900000,756.24360847,1783747799999,1791376157436,legacy_historical,,,,,,,,,
1783747800000,756.27869132,1783748699999,1791376157436,legacy_historical,,,,,,,,,
1783748700000,756.07967171,1783749599999,1791376157436,legacy_historical,,,,,,,,,
1783749600000,756.04457525,1783750499999,1791376157436,legacy_historical,,,,,,,,,
1783750500000,756.06037024,1783751399999,1791376157436,legacy_historical,,,,,,,,,
1783751400000,756.19370473,1783752299999,1791376157436,legacy_historical,,,,,,,,,
1783752300000,756.32002491,1783753199999,1791376157436,legacy_historical,,,,,,,,,
1783753200000,756.52115678,1783754099999,1791376157436,legacy_historical,,,,,,,,,
1783754100000,756.66941168,1783754999999,1791376157436,legacy_historical,,,,,,,,,
1783755000000,756.68897738,1783755899999,1791376157436,legacy_historical,,,,,,,,,
1783755900000,756.67293795,1783756799999,1791376157436,legacy_historical,,,,,,,,,
1783756800000,756.65205161,1783757699999,1791376157436,legacy_historical,,,,,,,,,
1783757700000,756.68610917,1783758599999,1791376157436,legacy_historical,,,,,,,,,
1783758600000,756.66820555,1783759499999,1791376157436,legacy_historical,,,,,,,,,
1783759500000,756.60425258,1783760399999,1791376157436,legacy_historical,,,,,,,,,
1783760400000,756.47986588,1783761299999,1791376157436,legacy_historical,,,,,,,,,
1783761300000,756.38260429,1783762199999,1791376157436,legacy_historical,,,,,,,,,
1783762200000,756.39573854,1783763099999,1791376157436,legacy_historical,,,,,,,,,
1783763100000,756.43022205,1783763999999,1791376157436,legacy_historical,,,,,,,,,
1783764000000,756.45946342,1783764899999,1791376157436,legacy_historical,,,,,,,,,
1783764900000,756.49962413,1783765799999,1791376157436,legacy_historical,,,,,,,,,
1783765800000,756.60422768,1783766699999,1791376157436,legacy_historical,,,,,,,,,
1783766700000,756.66002395,1783767599999,1791376157436,legacy_historical,,,,,,,,,
1783767600000,756.67095033,1783768499999,1791376157436,legacy_historical,,,,,,,,,
1783768500000,756.64340333,1783769399999,1791376157436,legacy_historical,,,,,,,,,
1783769400000,756.62374122,1783770299999,1791376157436,legacy_historical,,,,,,,,,
1783770300000,756.65554268,1783771199999,1791376157436,legacy_historical,,,,,,,,,
1783771200000,756.63175127,1783772099999,1791376157436,legacy_historical,,,,,,,,,
1783772100000,756.60489972,1783772999999,1791376157436,legacy_historical,,,,,,,,,
1783773000000,756.60753652,1783773899999,1791376157436,legacy_historical,,,,,,,,,
1783773900000,756.57286496,1783774799999,1791376157436,legacy_historical,,,,,,,,,
1783774800000,756.51307689,1783775699999,1791376157436,legacy_historical,,,,,,,,,
1783775700000,756.44373212,1783776599999,1791376157436,legacy_historical,,,,,,,,,
1783776600000,756.41804798,1783777499999,1791376157436,legacy_historical,,,,,,,,,
1783777500000,756.37281086,1783778399999,1791376157436,legacy_historical,,,,,,,,,
1783778400000,756.45979275,1783779299999,1791376157436,legacy_historical,,,,,,,,,
1783779300000,756.52037151,1783780199999,1791376157436,legacy_historical,,,,,,,,,
1783780200000,756.67177339,1783781099999,1791376157436,legacy_historical,,,,,,,,,
1783781100000,756.82785342,1783781999999,1791376157436,legacy_historical,,,,,,,,,
1783782000000,756.9602963,1783782899999,1791376157436,legacy_historical,,,,,,,,,
1783782900000,757.09147959,1783783799999,1791376157436,legacy_historical,,,,,,,,,
1783783800000,757.10565198,1783784699999,1791376157436,legacy_historical,,,,,,,,,
1783784700000,757.1141837,1783785599999,1791376157436,legacy_historical,,,,,,,,,
1783785600000,757.18768527,1783786499999,1791376157436,legacy_historical,,,,,,,,,
1783786500000,757.21627964,1783787399999,1791376157436,legacy_historical,,,,,,,,,
1783787400000,757.16315115,1783788299999,1791376157436,legacy_historical,,,,,,,,,
1783788300000,757.05746755,1783789199999,1791376157436,legacy_historical,,,,,,,,,
1783789200000,757.03534975,1783790099999,1791376157436,legacy_historical,,,,,,,,,
1783790100000,757.18563924,1783790999999,1791376157436,legacy_historical,,,,,,,,,
1783791000000,757.31714734,1783791899999,1791376157436,legacy_historical,,,,,,,,,
1783791900000,757.47330171,1783792799999,1791376157436,legacy_historical,,,,,,,,,
1783792800000,757.4510034,1783793699999,1791376157436,legacy_historical,,,,,,,,,
1783793700000,757.36609546,1783794599999,1791376157436,legacy_historical,,,,,,,,,
1783794600000,757.34819307,1783795499999,1791376157436,legacy_historical,,,,,,,,,
1783795500000,757.32396613,1783796399999,1791376157436,legacy_historical,,,,,,,,,
1783796400000,757.2605901,1783797299999,1791376157436,legacy_historical,,,,,,,,,
1783797300000,757.28827375,1783798199999,1791376157436,legacy_historical,,,,,,,,,
1783798200000,757.33516876,1783799099999,1791376157436,legacy_historical,,,,,,,,,
1783799100000,757.49825073,1783799999999,1791376157436,legacy_historical,,,,,,,,,
1783800000000,757.51281677,1783800899999,1791376157436,legacy_historical,,,,,,,,,
1783800900000,757.50868854,1783801799999,1791376157436,legacy_historical,,,,,,,,,
1783801800000,757.48514151,1783802699999,1791376157436,legacy_historical,,,,,,,,,
1783802700000,757.46824492,1783803599999,1791376157436,legacy_historical,,,,,,,,,
1783803600000,757.42296887,1783804499999,1791376157436,legacy_historical,,,,,,,,,
1783804500000,757.31240926,1783805399999,1791376157436,legacy_historical,,,,,,,,,
1783805400000,757.32405969,1783806299999,1791376157436,legacy_historical,,,,,,,,,
1783806300000,757.34910905,1783807199999,1791376157436,legacy_historical,,,,,,,,,
1783807200000,757.34155809,1783808099999,1791376157436,legacy_historical,,,,,,,,,
1783808100000,757.33390673,1783808999999,1791376157436,legacy_historical,,,,,,,,,
1783809000000,757.10173194,1783809899999,1791376157436,legacy_historical,,,,,,,,,
1783809900000,756.81983644,1783810799999,1791376157436,legacy_historical,,,,,,,,,
1783810800000,756.59558919,1783811699999,1791376157436,legacy_historical,,,,,,,,,
1783811700000,756.1056446,1783812599999,1791376157436,legacy_historical,,,,,,,,,
1783812600000,755.82185984,1783813499999,1791376157436,legacy_historical,,,,,,,,,
1783813500000,755.80706292,1783814399999,1791376157436,legacy_historical,,,,,,,,,
1783814400000,755.81554814,1783815299999,1791376157436,legacy_historical,,,,,,,,,
1783815300000,755.74706222,1783816199999,1791376157436,legacy_historical,,,,,,,,,
1783816200000,755.58169736,1783817099999,1791376157436,legacy_historical,,,,,,,,,
1783817100000,755.41940142,1783817999999,1791376157436,legacy_historical,,,,,,,,,
1783818000000,755.22480345,1783818899999,1791376157436,legacy_historical,,,,,,,,,
1783818900000,755.35188222,1783819799999,1791376157436,legacy_historical,,,,,,,,,
1783819800000,755.18383874,1783820699999,1791376157436,legacy_historical,,,,,,,,,
1783820700000,755.23353031,1783821599999,1791376157436,legacy_historical,,,,,,,,,
1783821600000,755.13929372,1783822499999,1791376157436,legacy_historical,,,,,,,,,
1783822500000,755.0219798,1783823399999,1791376157436,legacy_historical,,,,,,,,,
1783823400000,754.972996,1783824299999,1791376157436,legacy_historical,,,,,,,,,
1783824300000,754.97053598,1783825199999,1791376157436,legacy_historical,,,,,,,,,
1783825200000,754.97705598,1783826099999,1791376157436,legacy_historical,,,,,,,,,
1783826100000,754.78471845,1783826999999,1791376157436,legacy_historical,,,,,,,,,
1783827000000,754.72142766,1783827899999,1791376157436,legacy_historical,,,,,,,,,
1783827900000,754.72312082,1783828799999,1791376157436,legacy_historical,,,,,,,,,
1783828800000,754.82480009,1783829699999,1791376157436,legacy_historical,,,,,,,,,
1783829700000,754.97066205,1783830599999,1791376157436,legacy_historical,,,,,,,,,
1783830600000,755.06379686,1783831499999,1791376157436,legacy_historical,,,,,,,,,
1783831500000,755.1373578,1783832399999,1791376157436,legacy_historical,,,,,,,,,
1783832400000,755.09974358,1783833299999,1791376157436,legacy_historical,,,,,,,,,
1783833300000,755.04356884,1783834199999,1791376157436,legacy_historical,,,,,,,,,
1783834200000,755.02614171,1783835099999,1791376157436,legacy_historical,,,,,,,,,
1783835100000,754.85139652,1783835999999,1791376157436,legacy_historical,,,,,,,,,
1783836000000,754.65244113,1783836899999,1791376157436,legacy_historical,,,,,,,,,
1783836900000,754.46847727,1783837799999,1791376157436,legacy_historical,,,,,,,,,
1783837800000,754.30928919,1783838699999,1791376157436,legacy_historical,,,,,,,,,
1783838700000,754.3533531,1783839599999,1791376157436,legacy_historical,,,,,,,,,
1783839600000,754.31077043,1783840499999,1791376157436,legacy_historical,,,,,,,,,
1783840500000,754.25362099,1783841399999,1791376157436,legacy_historical,,,,,,,,,
1783841400000,754.18844357,1783842299999,1791376157436,legacy_historical,,,,,,,,,
1783842300000,754.1491392,1783843199999,1791376157436,legacy_historical,,,,,,,,,
1783843200000,754.25537106,1783844099999,1791376157436,legacy_historical,,,,,,,,,
1783844100000,754.33453155,1783844999999,1791376157436,legacy_historical,,,,,,,,,
1783845000000,754.46600343,1783845899999,1791376157436,legacy_historical,,,,,,,,,
1783845900000,754.56795139,1783846799999,1791376157436,legacy_historical,,,,,,,,,
1783846800000,754.56085506,1783847699999,1791376157436,legacy_historical,,,,,,,,,
1783847700000,754.59042878,1783848599999,1791376157436,legacy_historical,,,,,,,,,
1783848600000,754.55377687,1783849499999,1791376157436,legacy_historical,,,,,,,,,
1783849500000,754.55353297,1783850399999,1791376157436,legacy_historical,,,,,,,,,
1783850400000,754.55777564,1783851299999,1791376157436,legacy_historical,,,,,,,,,
1783851300000,754.55623959,1783852199999,1791376157436,legacy_historical,,,,,,,,,
1783852200000,754.56398831,1783853099999,1791376157436,legacy_historical,,,,,,,,,
1783853100000,754.53717978,1783853999999,1791376157436,legacy_historical,,,,,,,,,
1783854000000,754.69398991,1783854899999,1791376157436,legacy_historical,,,,,,,,,
1783854900000,754.77425664,1783855799999,1791376157436,legacy_historical,,,,,,,,,
1783855800000,754.78808413,1783856699999,1791376157436,legacy_historical,,,,,,,,,
1783856700000,754.9126886,1783857599999,1791376157436,legacy_historical,,,,,,,,,
1783857600000,755.13369644,1783858499999,1791376157436,legacy_historical,,,,,,,,,
1783858500000,755.21543583,1783859399999,1791376157436,legacy_historical,,,,,,,,,
1783859400000,755.11655068,1783860299999,1791376157436,legacy_historical,,,,,,,,,
1783860300000,755.06405574,1783861199999,1791376157436,legacy_historical,,,,,,,,,
1783861200000,755.14566471,1783862099999,1791376157436,legacy_historical,,,,,,,,,
1783862100000,755.15699943,1783862999999,1791376157436,legacy_historical,,,,,,,,,
1783863000000,755.18523842,1783863899999,1791376157436,legacy_historical,,,,,,,,,
1783863900000,754.96067442,1783864799999,1791376157436,legacy_historical,,,,,,,,,
1783864800000,754.80993204,1783865699999,1791376157436,legacy_historical,,,,,,,,,
1783865700000,754.75062395,1783866599999,1791376157436,legacy_historical,,,,,,,,,
1783866600000,754.71457824,1783867499999,1791376157436,legacy_historical,,,,,,,,,
1783867500000,754.74185674,1783868399999,1791376157436,legacy_historical,,,,,,,,,
1783868400000,754.78380757,1783869299999,1791376157436,legacy_historical,,,,,,,,,
1783869300000,754.9091873,1783870199999,1791376157436,legacy_historical,,,,,,,,,
1783870200000,755.02256294,1783871099999,1791376157436,legacy_historical,,,,,,,,,
1783871100000,755.16991096,1783871999999,1791376157436,legacy_historical,,,,,,,,,
1783872000000,755.09229593,1783872899999,1791376157436,legacy_historical,,,,,,,,,
1783872900000,755.07883457,1783873799999,1791376157436,legacy_historical,,,,,,,,,
1783873800000,755.11709077,1783874699999,1791376157436,legacy_historical,,,,,,,,,
1783874700000,754.99614929,1783875599999,1791376157436,legacy_historical,,,,,,,,,
1783875600000,754.91225774,1783876499999,1791376157436,legacy_historical,,,,,,,,,
1783876500000,754.84018131,1783877399999,1791376157436,legacy_historical,,,,,,,,,
1783877400000,754.7819426,1783878299999,1791376157436,legacy_historical,,,,,,,,,
1783878300000,754.7585126,1783879199999,1791376157436,legacy_historical,,,,,,,,,
1783879200000,754.71211904,1783880099999,1791376157436,legacy_historical,,,,,,,,,
1783880100000,754.64566628,1783880999999,1791376157436,legacy_historical,,,,,,,,,
1783881000000,754.61493361,1783881899999,1791376157436,legacy_historical,,,,,,,,,
1783881900000,754.56861676,1783882799999,1791376157436,legacy_historical,,,,,,,,,
1783882800000,754.66321991,1783883699999,1791376157436,legacy_historical,,,,,,,,,
1783883700000,754.74766892,1783884599999,1791376157436,legacy_historical,,,,,,,,,
1783884600000,754.70487007,1783885499999,1791376157436,legacy_historical,,,,,,,,,
1783885500000,754.72501931,1783886399999,1791376157436,legacy_historical,,,,,,,,,
1783886400000,754.84293398,1783887299999,1791376157436,legacy_historical,,,,,,,,,
1783887300000,754.86694534,1783888199999,1791376157436,legacy_historical,,,,,,,,,
1783888200000,754.75888049,1783889099999,1791376157436,legacy_historical,,,,,,,,,
1783889100000,754.83036888,1783889999999,1791376157436,legacy_historical,,,,,,,,,
1783890000000,754.92965866,1783890899999,1791376157436,legacy_historical,,,,,,,,,
1783890900000,754.70849933,1783891799999,1791376157436,legacy_historical,,,,,,,,,
1783891800000,754.68484602,1783892699999,1791376157436,legacy_historical,,,,,,,,,
1783892700000,754.68537163,1783893599999,1791376157436,legacy_historical,,,,,,,,,
1783893600000,754.04615892,1783894499999,1791376157436,legacy_historical,,,,,,,,,
1783894500000,753.49265588,1783895399999,1791376157436,legacy_historical,,,,,,,,,
1783895400000,753.32532165,1783896299999,1791376157436,legacy_historical,,,,,,,,,
1783896300000,753.28842174,1783897199999,1791376157436,legacy_historical,,,,,,,,,
1783897200000,753.24539682,1783898099999,1791376157436,legacy_historical,,,,,,,,,
1783898100000,753.16597764,1783898999999,1791376157436,legacy_historical,,,,,,,,,
1783899000000,753.11914158,1783899899999,1791376157436,legacy_historical,,,,,,,,,
1783899900000,753.07773357,1783900799999,1791376157436,legacy_historical,,,,,,,,,
1783900800000,753.98167984,1783901699999,1791376157436,legacy_historical,,,,,,,,,
1783901700000,753.65309494,1783902599999,1791376157436,legacy_historical,,,,,,,,,
1783902600000,753.20804776,1783903499999,1791376157436,legacy_historical,,,,,,,,,
1783903500000,752.76690939,1783904399999,1791376157436,legacy_historical,,,,,,,,,
1783904400000,752.27783019,1783905299999,1791376157436,legacy_historical,,,,,,,,,
1783905300000,752.31985849,1783906199999,1791376157436,legacy_historical,,,,,,,,,
1783906200000,752.30537736,1783907099999,1791376157436,legacy_historical,,,,,,,,,
1783907100000,752.05637483,1783907999999,1791376157436,legacy_historical,,,,,,,,,
1783908000000,751.9486581,1783908899999,1791376157436,legacy_historical,,,,,,,,,
1783908900000,752.20299772,1783909799999,1791376157436,legacy_historical,,,,,,,,,
1783909800000,751.906259,1783910699999,1791376157436,legacy_historical,,,,,,,,,
1783910700000,751.52638617,1783911599999,1791376157436,legacy_historical,,,,,,,,,
1783911600000,751.3795685,1783912499999,1791376157436,legacy_historical,,,,,,,,,
1783912500000,751.5584501,1783913399999,1791376157436,legacy_historical,,,,,,,,,
1783913400000,751.38713786,1783914299999,1791376157436,legacy_historical,,,,,,,,,
1783914300000,751.28232598,1783915199999,1791376157436,legacy_historical,,,,,,,,,
1783915200000,750.96911784,1783916099999,1791376157436,legacy_historical,,,,,,,,,
1783916100000,751.0218306,1783916999999,1791376157436,legacy_historical,,,,,,,,,
1783917000000,750.61958108,1783917899999,1791376157436,legacy_historical,,,,,,,,,
1783917900000,750.73645571,1783918799999,1791376157436,legacy_historical,,,,,,,,,
1783918800000,751.30614371,1783919699999,1791376157436,legacy_historical,,,,,,,,,
1783919700000,750.1202507,1783920599999,1791376157436,legacy_historical,,,,,,,,,
1783920600000,750.52248473,1783921499999,1791376157436,legacy_historical,,,,,,,,,
1783921500000,750.75773462,1783922399999,1791376157436,legacy_historical,,,,,,,,,
1783922400000,750.4852976,1783923299999,1791376157436,legacy_historical,,,,,,,,,
1783923300000,751.23768799,1783924199999,1791376157436,legacy_historical,,,,,,,,,
1783924200000,751.21494631,1783925099999,1791376157436,legacy_historical,,,,,,,,,
1783925100000,751.34772273,1783925999999,1791376157436,legacy_historical,,,,,,,,,
1783926000000,752.01491408,1783926899999,1791376157436,legacy_historical,,,,,,,,,
1783926900000,751.63022683,1783927799999,1791376157436,legacy_historical,,,,,,,,,
1783927800000,751.6725351,1783928699999,1791376157436,legacy_historical,,,,,,,,,
1783928700000,751.69272774,1783929599999,1791376157436,legacy_historical,,,,,,,,,
1783929600000,752.45134411,1783930499999,1791376157436,legacy_historical,,,,,,,,,
1783930500000,752.46346909,1783931399999,1791376157436,legacy_historical,,,,,,,,,
1783931400000,752.52755973,1783932299999,1791376157436,legacy_historical,,,,,,,,,
1783932300000,752.71010287,1783933199999,1791376157436,legacy_historical,,,,,,,,,
1783933200000,752.59330478,1783934099999,1791376157436,legacy_historical,,,,,,,,,
1783934100000,753.09824338,1783934999999,1791376157436,legacy_historical,,,,,,,,,
1783935000000,753.17683945,1783935899999,1791376157436,legacy_historical,,,,,,,,,
1783935900000,753.08580533,1783936799999,1791376157436,legacy_historical,,,,,,,,,
1783936800000,752.85484513,1783937699999,1791376157436,legacy_historical,,,,,,,,,
1783937700000,752.74980423,1783938599999,1791376157436,legacy_historical,,,,,,,,,
1783938600000,752.63874723,1783939499999,1791376157436,legacy_historical,,,,,,,,,
1783939500000,752.66705841,1783940399999,1791376157436,legacy_historical,,,,,,,,,
1783940400000,752.72932042,1783941299999,1791376157436,legacy_historical,,,,,,,,,
1783941300000,752.8936923,1783942199999,1791376157436,legacy_historical,,,,,,,,,
1783942200000,752.74090871,1783943099999,1791376157436,legacy_historical,,,,,,,,,
1783943100000,752.33390135,1783943999999,1791376157436,legacy_historical,,,,,,,,,
1783944000000,752.15600668,1783944899999,1791376157436,legacy_historical,,,,,,,,,
1783944900000,751.9225077,1783945799999,1791376157436,legacy_historical,,,,,,,,,
1783945800000,752.00758292,1783946699999,1791376157436,legacy_historical,,,,,,,,,
1783946700000,752.59814119,1783947599999,1791376157436,legacy_historical,,,,,,,,,
1783947600000,752.54754338,1783948499999,1791376157436,legacy_historical,,,,,,,,,
1783948500000,752.43951906,1783949399999,1791376157436,legacy_historical,,,,,,,,,
1783949400000,752.97018187,1783950299999,1791376157436,legacy_historical,,,,,,,,,
1783950300000,753.61796396,1783951199999,1791376157436,legacy_historical,,,,,,,,,
1783951200000,753.20536712,1783952099999,1791376157436,legacy_historical,,,,,,,,,
1783952100000,753.07993949,1783952999999,1791376157436,legacy_historical,,,,,,,,,
1783953000000,751.53254981,1783953899999,1791376157436,legacy_historical,,,,,,,,,
1783953900000,752.74532086,1783954799999,1791376157436,legacy_historical,,,,,,,,,
1783954800000,752.11426727,1783955699999,1791376157436,legacy_historical,,,,,,,,,
1783955700000,752.38617095,1783956599999,1791376157436,legacy_historical,,,,,,,,,
1783956600000,751.76747672,1783957499999,1791376157436,legacy_historical,,,,,,,,,
1783957500000,751.23298165,1783958399999,1791376157436,legacy_historical,,,,,,,,,
1783958400000,751.46200536,1783959299999,1791376157436,legacy_historical,,,,,,,,,
1783959300000,750.32986029,1783960199999,1791376157436,legacy_historical,,,,,,,,,
1783960200000,750.29241565,1783961099999,1791376157436,legacy_historical,,,,,,,,,
1783961100000,749.88964432,1783961999999,1791376157436,legacy_historical,,,,,,,,,
1783962000000,750.13278305,1783962899999,1791376157436,legacy_historical,,,,,,,,,
1783962900000,749.8103491,1783963799999,1791376157436,legacy_historical,,,,,,,,,
1783963800000,749.93750992,1783964699999,1791376157436,legacy_historical,,,,,,,,,
1783964700000,749.23836142,1783965599999,1791376157436,legacy_historical,,,,,,,,,
1783965600000,749.72825132,1783966499999,1791376157436,legacy_historical,,,,,,,,,
1783966500000,749.23198875,1783967399999,1791376157436,legacy_historical,,,,,,,,,
1783967400000,749.80679835,1783968299999,1791376157436,legacy_historical,,,,,,,,,
1783968300000,749.56197503,1783969199999,1791376157436,legacy_historical,,,,,,,,,
1783969200000,749.2916409,1783970099999,1791376157436,legacy_historical,,,,,,,,,
1783970100000,748.38903921,1783970999999,1791376157436,legacy_historical,,,,,,,,,
1783971000000,748.85764052,1783971899999,1791376157436,legacy_historical,,,,,,,,,
1783971900000,749.14789216,1783972799999,1791376157436,legacy_historical,,,,,,,,,
1783972800000,748.81334611,1783973699999,1791376157436,legacy_historical,,,,,,,,,
1783973700000,748.46948594,1783974599999,1791376157436,legacy_historical,,,,,,,,,
1783974600000,748.31530324,1783975499999,1791376157436,legacy_historical,,,,,,,,,
1783975500000,748.97179408,1783976399999,1791376157436,legacy_historical,,,,,,,,,
1783976400000,748.43676471,1783977299999,1791376157436,legacy_historical,,,,,,,,,
1783977300000,748.42797096,1783978199999,1791376157436,legacy_historical,,,,,,,,,
1783978200000,748.42942757,1783979099999,1791376157436,legacy_historical,,,,,,,,,
1783979100000,748.53246529,1783979999999,1791376157436,legacy_historical,,,,,,,,,
1783980000000,748.54190728,1783980899999,1791376157436,legacy_historical,,,,,,,,,
1783980900000,748.34493064,1783981799999,1791376157436,legacy_historical,,,,,,,,,
1783981800000,748.48943843,1783982699999,1791376157436,legacy_historical,,,,,,,,,
1783982700000,748.02932018,1783983599999,1791376157436,legacy_historical,,,,,,,,,
1783983600000,747.63406507,1783984499999,1791376157436,legacy_historical,,,,,,,,,
1783984500000,747.64072167,1783985399999,1791376157436,legacy_historical,,,,,,,,,
1783985400000,747.19444385,1783986299999,1791376157436,legacy_historical,,,,,,,,,
1783986300000,748.13535592,1783987199999,1791376157436,legacy_historical,,,,,,,,,
1783987200000,748.41599375,1783988099999,1791376157436,legacy_historical,,,,,,,,,
1783988100000,747.54449434,1783988999999,1791376157436,legacy_historical,,,,,,,,,
1783989000000,747.48315837,1783989899999,1791376157436,legacy_historical,,,,,,,,,
1783989900000,748.71206669,1783990799999,1791376157436,legacy_historical,,,,,,,,,
1783990800000,748.44238827,1783991699999,1791376157436,legacy_historical,,,,,,,,,
1783991700000,748.60612447,1783992599999,1791376157436,legacy_historical,,,,,,,,,
1783992600000,748.13875803,1783993499999,1791376157436,legacy_historical,,,,,,,,,
1783993500000,747.74767838,1783994399999,1791376157436,legacy_historical,,,,,,,,,
1783994400000,747.60864947,1783995299999,1791376157436,legacy_historical,,,,,,,,,
1783995300000,747.29732826,1783996199999,1791376157436,legacy_historical,,,,,,,,,
1783996200000,747.80333608,1783997099999,1791376157436,legacy_historical,,,,,,,,,
1783997100000,747.07199087,1783997999999,1791376157436,legacy_historical,,,,,,,,,
1783998000000,746.53579268,1783998899999,1791376157436,legacy_historical,,,,,,,,,
1783998900000,747.04731405,1783999799999,1791376157436,legacy_historical,,,,,,,,,
1783999800000,746.60966178,1784000699999,1791376157436,legacy_historical,,,,,,,,,
1784000700000,747.42865655,1784001599999,1791376157436,legacy_historical,,,,,,,,,
1784001600000,747.15988623,1784002499999,1791376157436,legacy_historical,,,,,,,,,
1784002500000,747.8969475,1784003399999,1791376157436,legacy_historical,,,,,,,,,
1784003400000,748.5814767,1784004299999,1791376157436,legacy_historical,,,,,,,,,
1784004300000,749.03703902,1784005199999,1791376157436,legacy_historical,,,,,,,,,
1784005200000,749.20605117,1784006099999,1791376157436,legacy_historical,,,,,,,,,
1784006100000,749.87977388,1784006999999,1791376157436,legacy_historical,,,,,,,,,
1784007000000,749.82978533,1784007899999,1791376157436,legacy_historical,,,,,,,,,
1784007900000,749.78744415,1784008799999,1791376157436,legacy_historical,,,,,,,,,
1784008800000,750.28981547,1784009699999,1791376157436,legacy_historical,,,,,,,,,
1784009700000,749.71311159,1784010599999,1791376157436,legacy_historical,,,,,,,,,
1784010600000,749.3762411,1784011499999,1791376157436,legacy_historical,,,,,,,,,
1784011500000,748.90610104,1784012399999,1791376157436,legacy_historical,,,,,,,,,
1784012400000,749.2846533,1784013299999,1791376157436,legacy_historical,,,,,,,,,
1784013300000,749.05545849,1784014199999,1791376157436,legacy_historical,,,,,,,,,
1784014200000,748.57233726,1784015099999,1791376157436,legacy_historical,,,,,,,,,
1784015100000,748.874921,1784015999999,1791376157436,legacy_historical,,,,,,,,,
1784016000000,748.70579412,1784016899999,1791376157436,legacy_historical,,,,,,,,,
1784016900000,749.25379982,1784017799999,1791376157436,legacy_historical,,,,,,,,,
1784017800000,748.96683656,1784018699999,1791376157436,legacy_historical,,,,,,,,,
1784018700000,748.45615347,1784019599999,1791376157436,legacy_historical,,,,,,,,,
1784019600000,749.20290489,1784020499999,1791376157436,legacy_historical,,,,,,,,,
1784020500000,748.45630858,1784021399999,1791376157436,legacy_historical,,,,,,,,,
1784021400000,748.74453209,1784022299999,1791376157436,legacy_historical,,,,,,,,,
1784022300000,748.72202461,1784023199999,1791376157436,legacy_historical,,,,,,,,,
1784023200000,748.71065484,1784024099999,1791376157436,legacy_historical,,,,,,,,,
1784024100000,748.43086202,1784024999999,1791376157436,legacy_historical,,,,,,,,,
1784025000000,748.75666771,1784025899999,1791376157436,legacy_historical,,,,,,,,,
1784025900000,748.74448576,1784026799999,1791376157436,legacy_historical,,,,,,,,,
1784026800000,748.1593235,1784027699999,1791376157436,legacy_historical,,,,,,,,,
1784027700000,748.70888939,1784028599999,1791376157436,legacy_historical,,,,,,,,,
1784028600000,748.40214306,1784029499999,1791376157436,legacy_historical,,,,,,,,,
1784029500000,748.55157414,1784030399999,1791376157436,legacy_historical,,,,,,,,,
1784030400000,747.86546721,1784031299999,1791376157436,legacy_historical,,,,,,,,,
1784031300000,748.98602496,1784032199999,1791376157436,legacy_historical,,,,,,,,,
1784032200000,751.75392733,1784033099999,1791376157436,legacy_historical,,,,,,,,,
1784033100000,750.98663498,1784033999999,1791376157436,legacy_historical,,,,,,,,,
1784034000000,750.92202398,1784034899999,1791376157436,legacy_historical,,,,,,,,,
1784034900000,750.93316461,1784035799999,1791376157436,legacy_historical,,,,,,,,,
1784035800000,751.26634635,1784036699999,1791376157436,legacy_historical,,,,,,,,,
1784036700000,751.34131061,1784037599999,1791376157436,legacy_historical,,,,,,,,,
1784037600000,750.32215972,1784038499999,1791376157436,legacy_historical,,,,,,,,,
1784038500000,750.67657874,1784039399999,1791376157436,legacy_historical,,,,,,,,,
1784039400000,751.20782129,1784040299999,1791376157436,legacy_historical,,,,,,,,,
1784040300000,751.71342426,1784041199999,1791376157436,legacy_historical,,,,,,,,,
1784041200000,752.5594022,1784042099999,1791376157436,legacy_historical,,,,,,,,,
1784042100000,752.64556632,1784042999999,1791376157436,legacy_historical,,,,,,,,,
1784043000000,751.50934096,1784043899999,1791376157436,legacy_historical,,,,,,,,,
1784043900000,750.955527,1784044799999,1791376157436,legacy_historical,,,,,,,,,
1784044800000,750.52330484,1784045699999,1791376157436,legacy_historical,,,,,,,,,
1784045700000,750.79189505,1784046599999,1791376157436,legacy_historical,,,,,,,,,
1784046600000,751.46426198,1784047499999,1791376157436,legacy_historical,,,,,,,,,
1784047500000,751.8190533,1784048399999,1791376157436,legacy_historical,,,,,,,,,
1784048400000,751.86196162,1784049299999,1791376157436,legacy_historical,,,,,,,,,
1784049300000,752.31195074,1784050199999,1791376157436,legacy_historical,,,,,,,,,
1784050200000,752.0647777,1784051099999,1791376157436,legacy_historical,,,,,,,,,
1784051100000,752.27279216,1784051999999,1791376157436,legacy_historical,,,,,,,,,
1784052000000,752.56799486,1784052899999,1791376157436,legacy_historical,,,,,,,,,
1784052900000,752.48953834,1784053799999,1791376157436,legacy_historical,,,,,,,,,
1784053800000,752.036285,1784054699999,1791376157436,legacy_historical,,,,,,,,,
1784054700000,752.1862464,1784055599999,1791376157436,legacy_historical,,,,,,,,,
1784055600000,752.03978385,1784056499999,1791376157436,legacy_historical,,,,,,,,,
1784056500000,752.15704264,1784057399999,1791376157436,legacy_historical,,,,,,,,,
1784057400000,752.26240131,1784058299999,1791376157436,legacy_historical,,,,,,,,,
1784058300000,751.98676254,1784059199999,1791376157436,legacy_historical,,,,,,,,,
1784059200000,751.89799049,1784060099999,1791376157436,legacy_historical,,,,,,,,,
1784060100000,751.58840537,1784060999999,1791376157436,legacy_historical,,,,,,,,,
1784061000000,751.82493464,1784061899999,1791376157436,legacy_historical,,,,,,,,,
1784061900000,751.95920907,1784062799999,1791376157436,legacy_historical,,,,,,,,,
1784062800000,751.88073812,1784063699999,1791376157436,legacy_historical,,,,,,,,,
1784063700000,751.93387255,1784064599999,1791376157436,legacy_historical,,,,,,,,,
1784064600000,751.90243873,1784065499999,1791376157436,legacy_historical,,,,,,,,,
1784065500000,751.97421777,1784066399999,1791376157436,legacy_historical,,,,,,,,,
1784066400000,751.3411993,1784067299999,1791376157436,legacy_historical,,,,,,,,,
1784067300000,752.00275482,1784068199999,1791376157436,legacy_historical,,,,,,,,,
1784068200000,752.01043267,1784069099999,1791376157436,legacy_historical,,,,,,,,,
1784069100000,751.85217101,1784069999999,1791376157436,legacy_historical,,,,,,,,,
1784070000000,752.14400826,1784070899999,1791376157436,legacy_historical,,,,,,,,,
1784070900000,752.85230453,1784071799999,1791376157436,legacy_historical,,,,,,,,,
1784071800000,753.02035659,1784072699999,1791376157436,legacy_historical,,,,,,,,,
1784072700000,753.12541435,1784073599999,1791376157436,legacy_historical,,,,,,,,,
1784073600000,753.30891283,1784074499999,1791376157436,legacy_historical,,,,,,,,,
1784074500000,753.23581114,1784075399999,1791376157436,legacy_historical,,,,,,,,,
1784075400000,752.49408542,1784076299999,1791376157436,legacy_historical,,,,,,,,,
1784076300000,753.22088922,1784077199999,1791376157436,legacy_historical,,,,,,,,,
1784077200000,752.90080656,1784078099999,1791376157436,legacy_historical,,,,,,,,,
1784078100000,753.20668681,1784078999999,1791376157436,legacy_historical,,,,,,,,,
1784079000000,752.82452038,1784079899999,1791376157436,legacy_historical,,,,,,,,,
1784079900000,753.43702566,1784080799999,1791376157436,legacy_historical,,,,,,,,,
1784080800000,753.38368343,1784081699999,1791376157436,legacy_historical,,,,,,,,,
1784081700000,753.48137578,1784082599999,1791376157436,legacy_historical,,,,,,,,,
1784082600000,753.68693033,1784083499999,1791376157436,legacy_historical,,,,,,,,,
1784083500000,753.40061759,1784084399999,1791376157436,legacy_historical,,,,,,,,,
1784084400000,753.29555899,1784085299999,1791376157436,legacy_historical,,,,,,,,,
1784085300000,753.50305538,1784086199999,1791376157436,legacy_historical,,,,,,,,,
1784086200000,753.55807816,1784087099999,1791376157436,legacy_historical,,,,,,,,,
1784087100000,753.7811427,1784087999999,1791376157436,legacy_historical,,,,,,,,,
1784088000000,753.72031213,1784088899999,1791376157436,legacy_historical,,,,,,,,,
1784088900000,753.73266602,1784089799999,1791376157436,legacy_historical,,,,,,,,,
1784089800000,753.69083231,1784090699999,1791376157436,legacy_historical,,,,,,,,,
1784090700000,753.82949507,1784091599999,1791376157436,legacy_historical,,,,,,,,,
1784091600000,753.50736278,1784092499999,1791376157436,legacy_historical,,,,,,,,,
1784092500000,753.39284487,1784093399999,1791376157436,legacy_historical,,,,,,,,,
1784093400000,753.61921025,1784094299999,1791376157436,legacy_historical,,,,,,,,,
1784094300000,753.9502302,1784095199999,1791376157436,legacy_historical,,,,,,,,,
1784095200000,753.86756053,1784096099999,1791376157436,legacy_historical,,,,,,,,,
1784096100000,754.03555657,1784096999999,1791376157436,legacy_historical,,,,,,,,,
1784097000000,753.74659132,1784097899999,1791376157436,legacy_historical,,,,,,,,,
1784097900000,753.7958171,1784098799999,1791376157436,legacy_historical,,,,,,,,,
1784098800000,753.74664993,1784099699999,1791376157436,legacy_historical,,,,,,,,,
1784099700000,752.92923351,1784100599999,1791376157436,legacy_historical,,,,,,,,,
1784100600000,753.20024517,1784101499999,1791376157436,legacy_historical,,,,,,,,,
1784101500000,753.45597146,1784102399999,1791376157436,legacy_historical,,,,,,,,,
1784102400000,753.03889256,1784103299999,1791376157436,legacy_historical,,,,,,,,,
1784103300000,753.14793332,1784104199999,1791376157436,legacy_historical,,,,,,,,,
1784104200000,753.44314397,1784105099999,1791376157436,legacy_historical,,,,,,,,,
1784105100000,753.67768689,1784105999999,1791376157436,legacy_historical,,,,,,,,,
1784106000000,753.96825751,1784106899999,1791376157436,legacy_historical,,,,,,,,,
1784106900000,753.84306906,1784107799999,1791376157436,legacy_historical,,,,,,,,,
1784107800000,753.97020172,1784108699999,1791376157436,legacy_historical,,,,,,,,,
1784108700000,753.46334302,1784109599999,1791376157436,legacy_historical,,,,,,,,,
1784109600000,753.58803922,1784110499999,1791376157436,legacy_historical,,,,,,,,,
1784110500000,752.89320765,1784111399999,1791376157436,legacy_historical,,,,,,,,,
1784111400000,752.9640994,1784112299999,1791376157436,legacy_historical,,,,,,,,,
1784112300000,752.16651934,1784113199999,1791376157436,legacy_historical,,,,,,,,,
1784113200000,753.05488117,1784114099999,1791376157436,legacy_historical,,,,,,,,,
1784114100000,753.06269131,1784114999999,1791376157436,legacy_historical,,,,,,,,,
1784115000000,753.18575417,1784115899999,1791376157436,legacy_historical,,,,,,,,,
1784115900000,753.03974205,1784116799999,1791376157436,legacy_historical,,,,,,,,,
1784116800000,752.68724653,1784117699999,1791376157436,legacy_historical,,,,,,,,,
1784117700000,752.35208208,1784118599999,1791376157436,legacy_historical,,,,,,,,,
1784118600000,753.97668627,1784119499999,1791376157436,legacy_historical,,,,,,,,,
1784119500000,754.12486189,1784120399999,1791376157436,legacy_historical,,,,,,,,,
1784120400000,753.71829873,1784121299999,1791376157436,legacy_historical,,,,,,,,,
1784121300000,754.17441584,1784122199999,1791376157436,legacy_historical,,,,,,,,,
1784122200000,754.42592737,1784123099999,1791376157436,legacy_historical,,,,,,,,,
1784123100000,754.41668227,1784123999999,1791376157436,legacy_historical,,,,,,,,,
1784124000000,754.82225381,1784124899999,1791376157436,legacy_historical,,,,,,,,,
1784124900000,754.62228034,1784125799999,1791376157436,legacy_historical,,,,,,,,,
1784125800000,753.52906072,1784126699999,1791376157436,legacy_historical,,,,,,,,,
1784126700000,753.45294294,1784127599999,1791376157436,legacy_historical,,,,,,,,,
1784127600000,753.21757223,1784128499999,1791376157436,legacy_historical,,,,,,,,,
1784128500000,753.5929328,1784129399999,1791376157436,legacy_historical,,,,,,,,,
1784129400000,753.18330717,1784130299999,1791376157436,legacy_historical,,,,,,,,,
1784130300000,752.68418446,1784131199999,1791376157436,legacy_historical,,,,,,,,,
1784131200000,751.29710301,1784132099999,1791376157436,legacy_historical,,,,,,,,,
1784132100000,750.83672451,1784132999999,1791376157436,legacy_historical,,,,,,,,,
1784133000000,750.79428828,1784133899999,1791376157436,legacy_historical,,,,,,,,,
1784133900000,751.64811525,1784134799999,1791376157436,legacy_historical,,,,,,,,,
1784134800000,751.85187669,1784135699999,1791376157436,legacy_historical,,,,,,,,,
1784135700000,752.80878694,1784136599999,1791376157436,legacy_historical,,,,,,,,,
1784136600000,753.32355594,1784137499999,1791376157436,legacy_historical,,,,,,,,,
1784137500000,754.19117412,1784138399999,1791376157436,legacy_historical,,,,,,,,,
1784138400000,754.56370051,1784139299999,1791376157436,legacy_historical,,,,,,,,,
1784139300000,754.63624512,1784140199999,1791376157436,legacy_historical,,,,,,,,,
1784140200000,754.08889341,1784141099999,1791376157436,legacy_historical,,,,,,,,,
1784141100000,753.18459382,1784141999999,1791376157436,legacy_historical,,,,,,,,,
1784142000000,753.76284598,1784142899999,1791376157436,legacy_historical,,,,,,,,,
1784142900000,753.59096225,1784143799999,1791376157436,legacy_historical,,,,,,,,,
1784143800000,754.09376804,1784144699999,1791376157436,legacy_historical,,,,,,,,,
1784144700000,754.67792618,1784145599999,1791376157436,legacy_historical,,,,,,,,,
1784145600000,754.51064973,1784146499999,1791376157436,legacy_historical,,,,,,,,,
1784146500000,754.71404126,1784147399999,1791376157436,legacy_historical,,,,,,,,,
1784147400000,754.6753363,1784148299999,1791376157436,legacy_historical,,,,,,,,,
1784148300000,754.41715292,1784149199999,1791376157436,legacy_historical,,,,,,,,,
1784149200000,754.84419853,1784150099999,1791376157436,legacy_historical,,,,,,,,,
1784150100000,754.41978476,1784150999999,1791376157436,legacy_historical,,,,,,,,,
1784151000000,754.67616799,1784151899999,1791376157436,legacy_historical,,,,,,,,,
1784151900000,754.6755134,1784152799999,1791376157436,legacy_historical,,,,,,,,,
1784152800000,754.90650718,1784153699999,1791376157436,legacy_historical,,,,,,,,,
1784153700000,754.69173478,1784154599999,1791376157436,legacy_historical,,,,,,,,,
1784154600000,754.59840529,1784155499999,1791376157436,legacy_historical,,,,,,,,,
1784155500000,754.85151785,1784156399999,1791376157436,legacy_historical,,,,,,,,,
1784156400000,754.87739619,1784157299999,1791376157436,legacy_historical,,,,,,,,,
1784157300000,754.99726189,1784158199999,1791376157436,legacy_historical,,,,,,,,,
1784158200000,755.01682128,1784159099999,1791376157436,legacy_historical,,,,,,,,,
1784159100000,754.65063926,1784159999999,1791376157436,legacy_historical,,,,,,,,,
1784160000000,755.57881887,1784160899999,1791376157436,legacy_historical,,,,,,,,,
1784160900000,754.96840053,1784161799999,1791376157436,legacy_historical,,,,,,,,,
1784161800000,754.64604273,1784162699999,1791376157436,legacy_historical,,,,,,,,,
1784162700000,754.7150775,1784163599999,1791376157436,legacy_historical,,,,,,,,,
1784163600000,754.58225981,1784164499999,1791376157436,legacy_historical,,,,,,,,,
1784164500000,754.26146628,1784165399999,1791376157436,legacy_historical,,,,,,,,,
1784165400000,754.33735588,1784166299999,1791376157436,legacy_historical,,,,,,,,,
1784166300000,754.56420328,1784167199999,1791376157436,legacy_historical,,,,,,,,,
1784167200000,754.38275346,1784168099999,1791376157436,legacy_historical,,,,,,,,,
1784168100000,755.01311744,1784168999999,1791376157436,legacy_historical,,,,,,,,,
1784169000000,754.93466105,1784169899999,1791376157436,legacy_historical,,,,,,,,,
1784169900000,755.37312073,1784170799999,1791376157436,legacy_historical,,,,,,,,,
1784170800000,755.37816394,1784171699999,1791376157436,legacy_historical,,,,,,,,,
1784171700000,755.26387034,1784172599999,1791376157436,legacy_historical,,,,,,,,,
1784172600000,755.3613083,1784173499999,1791376157436,legacy_historical,,,,,,,,,
1784173500000,755.57332596,1784174399999,1791376157436,legacy_historical,,,,,,,,,
1784174400000,755.66948085,1784175299999,1791376157436,legacy_historical,,,,,,,,,
1784175300000,755.34366022,1784176199999,1791376157436,legacy_historical,,,,,,,,,
1784176200000,755.28563651,1784177099999,1791376157436,legacy_historical,,,,,,,,,
1784177100000,755.27282302,1784177999999,1791376157436,legacy_historical,,,,,,,,,
1784178000000,755.69623167,1784178899999,1791376157436,legacy_historical,,,,,,,,,
1784178900000,755.85471768,1784179799999,1791376157436,legacy_historical,,,,,,,,,
1784179800000,755.06516928,1784180699999,1791376157436,legacy_historical,,,,,,,,,
1784180700000,754.81070306,1784181599999,1791376157436,legacy_historical,,,,,,,,,
1784181600000,755.23243711,1784182499999,1791376157436,legacy_historical,,,,,,,,,
1784182500000,754.89601667,1784183399999,1791376157436,legacy_historical,,,,,,,,,
1784183400000,754.62553684,1784184299999,1791376157436,legacy_historical,,,,,,,,,
1784184300000,754.92747313,1784185199999,1791376157436,legacy_historical,,,,,,,,,
1784185200000,754.15470705,1784186099999,1791376157436,legacy_historical,,,,,,,,,
1784186100000,754.15923593,1784186999999,1791376157436,legacy_historical,,,,,,,,,
1784187000000,753.73207731,1784187899999,1791376157436,legacy_historical,,,,,,,,,
1784187900000,753.33315511,1784188799999,1791376157436,legacy_historical,,,,,,,,,
1784188800000,752.56063012,1784189699999,1791376157436,legacy_historical,,,,,,,,,
1784189700000,753.22836639,1784190599999,1791376157436,legacy_historical,,,,,,,,,
1784190600000,753.50758509,1784191499999,1791376157436,legacy_historical,,,,,,,,,
1784191500000,754.08735334,1784192399999,1791376157436,legacy_historical,,,,,,,,,
1784192400000,754.42420219,1784193299999,1791376157436,legacy_historical,,,,,,,,,
1784193300000,754.19419172,1784194199999,1791376157436,legacy_historical,,,,,,,,,
1784194200000,754.0376679,1784195099999,1791376157436,legacy_historical,,,,,,,,,
1784195100000,753.67842717,1784195999999,1791376157436,legacy_historical,,,,,,,,,
1784196000000,753.72719873,1784196899999,1791376157436,legacy_historical,,,,,,,,,
1784196900000,753.51520729,1784197799999,1791376157436,legacy_historical,,,,,,,,,
1784197800000,753.48052706,1784198699999,1791376157436,legacy_historical,,,,,,,,,
1784198700000,753.423781,1784199599999,1791376157436,legacy_historical,,,,,,,,,
1784199600000,753.17569444,1784200499999,1791376157436,legacy_historical,,,,,,,,,
1784200500000,753.14219723,1784201399999,1791376157436,legacy_historical,,,,,,,,,
1784201400000,752.8089362,1784202299999,1791376157436,legacy_historical,,,,,,,,,
1784202300000,752.82953512,1784203199999,1791376157436,legacy_historical,,,,,,,,,
1784203200000,752.27547389,1784204099999,1791376157436,legacy_historical,,,,,,,,,
1784204100000,752.00923529,1784204999999,1791376157436,legacy_historical,,,,,,,,,
1784205000000,751.41847244,1784205899999,1791376157436,legacy_historical,,,,,,,,,
1784205900000,751.74806684,1784206799999,1791376157436,legacy_historical,,,,,,,,,
1784206800000,752.63127887,1784207699999,1791376157436,legacy_historical,,,,,,,,,
1784207700000,752.7548413,1784208599999,1791376157436,legacy_historical,,,,,,,,,
1784208600000,751.94140353,1784209499999,1791376157436,legacy_historical,,,,,,,,,
1784209500000,752.42727735,1784210399999,1791376157436,legacy_historical,,,,,,,,,
1784210400000,753.99326943,1784211299999,1791376157436,legacy_historical,,,,,,,,,
1784211300000,754.85099151,1784212199999,1791376157436,legacy_historical,,,,,,,,,
1784212200000,754.95995712,1784213099999,1791376157436,legacy_historical,,,,,,,,,
1784213100000,754.69356242,1784213999999,1791376157436,legacy_historical,,,,,,,,,
1784214000000,753.96637356,1784214899999,1791376157436,legacy_historical,,,,,,,,,
1784214900000,754.43122131,1784215799999,1791376157436,legacy_historical,,,,,,,,,
1784215800000,754.26323986,1784216699999,1791376157436,legacy_historical,,,,,,,,,
1784216700000,754.16170917,1784217599999,1791376157436,legacy_historical,,,,,,,,,
1784217600000,752.67061291,1784218499999,1791376157436,legacy_historical,,,,,,,,,
1784218500000,752.4635584,1784219399999,1791376157436,legacy_historical,,,,,,,,,
1784219400000,752.51360188,1784220299999,1791376157436,legacy_historical,,,,,,,,,
1784220300000,753.37386073,1784221199999,1791376157436,legacy_historical,,,,,,,,,
1784221200000,752.69395758,1784222099999,1791376157436,legacy_historical,,,,,,,,,
1784222100000,753.22588701,1784222999999,1791376157436,legacy_historical,,,,,,,,,
1784223000000,751.92725817,1784223899999,1791376157436,legacy_historical,,,,,,,,,
1784223900000,751.86515553,1784224799999,1791376157436,legacy_historical,,,,,,,,,
1784224800000,751.2620654,1784225699999,1791376157436,legacy_historical,,,,,,,,,
1784225700000,751.49267961,1784226599999,1791376157436,legacy_historical,,,,,,,,,
1784226600000,751.08984163,1784227499999,1791376157436,legacy_historical,,,,,,,,,
1784227500000,750.8225044,1784228399999,1791376157436,legacy_historical,,,,,,,,,
1784228400000,750.22379691,1784229299999,1791376157436,legacy_historical,,,,,,,,,
1784229300000,749.69399654,1784230199999,1791376157436,legacy_historical,,,,,,,,,
1784230200000,749.08101316,1784231099999,1791376157436,legacy_historical,,,,,,,,,
1784231100000,751.40472633,1784231999999,1791376157436,legacy_historical,,,,,,,,,
1784232000000,749.86068913,1784232899999,1791376157436,legacy_historical,,,,,,,,,
1784232900000,749.9773076,1784233799999,1791376157436,legacy_historical,,,,,,,,,
1784233800000,749.99321659,1784234699999,1791376157436,legacy_historical,,,,,,,,,
1784234700000,750.08288044,1784235599999,1791376157436,legacy_historical,,,,,,,,,
1784235600000,750.01132202,1784236499999,1791376157436,legacy_historical,,,,,,,,,
1784236500000,750.04357843,1784237399999,1791376157436,legacy_historical,,,,,,,,,
1784237400000,750.11570391,1784238299999,1791376157436,legacy_historical,,,,,,,,,
1784238300000,750.30556644,1784239199999,1791376157436,legacy_historical,,,,,,,,,
1784239200000,750.11922583,1784240099999,1791376157436,legacy_historical,,,,,,,,,
1784240100000,749.81308125,1784240999999,1791376157436,legacy_historical,,,,,,,,,
1784241000000,749.82500662,1784241899999,1791376157436,legacy_historical,,,,,,,,,
1784241900000,749.71609759,1784242799999,1791376157436,legacy_historical,,,,,,,,,
1784242800000,749.56420873,1784243699999,1791376157436,legacy_historical,,,,,,,,,
1784243700000,749.18515578,1784244599999,1791376157436,legacy_historical,,,,,,,,,
1784244600000,749.32810713,1784245499999,1791376157436,legacy_historical,,,,,,,,,
1784245500000,749.15629648,1784246399999,1791376157436,legacy_historical,,,,,,,,,
1784246400000,748.82528969,1784247299999,1791376157436,legacy_historical,,,,,,,,,
1784247300000,748.59210547,1784248199999,1791376157436,legacy_historical,,,,,,,,,
1784248200000,748.35327963,1784249099999,1791376157436,legacy_historical,,,,,,,,,
1784249100000,748.62784729,1784249999999,1791376157436,legacy_historical,,,,,,,,,
1784250000000,748.00084401,1784250899999,1791376157436,legacy_historical,,,,,,,,,
1784250900000,748.21371641,1784251799999,1791376157436,legacy_historical,,,,,,,,,
1784251800000,747.35830437,1784252699999,1791376157436,legacy_historical,,,,,,,,,
1784252700000,747.21561273,1784253599999,1791376157436,legacy_historical,,,,,,,,,
1784253600000,746.9292373,1784254499999,1791376157436,legacy_historical,,,,,,,,,
1784254500000,746.58759017,1784255399999,1791376157436,legacy_historical,,,,,,,,,
1784255400000,746.66098879,1784256299999,1791376157436,legacy_historical,,,,,,,,,
1784256300000,746.40525614,1784257199999,1791376157436,legacy_historical,,,,,,,,,
1784257200000,746.85767778,1784258099999,1791376157436,legacy_historical,,,,,,,,,
1784258100000,747.35215895,1784258999999,1791376157436,legacy_historical,,,,,,,,,
1784259000000,746.45508175,1784259899999,1791376157436,legacy_historical,,,,,,,,,
1784259900000,745.88956648,1784260799999,1791376157436,legacy_historical,,,,,,,,,
1784260800000,745.3123595,1784261699999,1791376157436,legacy_historical,,,,,,,,,
1784261700000,744.882408,1784262599999,1791376157436,legacy_historical,,,,,,,,,
1784262600000,744.84589744,1784263499999,1791376157436,legacy_historical,,,,,,,,,
1784263500000,744.85414164,1784264399999,1791376157436,legacy_historical,,,,,,,,,
1784264400000,744.61333597,1784265299999,1791376157436,legacy_historical,,,,,,,,,
1784265300000,744.60074608,1784266199999,1791376157436,legacy_historical,,,,,,,,,
1784266200000,744.22265462,1784267099999,1791376157436,legacy_historical,,,,,,,,,
1784267100000,744.53929752,1784267999999,1791376157436,legacy_historical,,,,,,,,,
1784268000000,744.83013144,1784268899999,1791376157436,legacy_historical,,,,,,,,,
1784268900000,745.63383224,1784269799999,1791376157436,legacy_historical,,,,,,,,,
1784269800000,744.96644925,1784270699999,1791376157436,legacy_historical,,,,,,,,,
1784270700000,744.62008209,1784271599999,1791376157436,legacy_historical,,,,,,,,,
1784271600000,744.87878521,1784272499999,1791376157436,legacy_historical,,,,,,,,,
1784272500000,745.06626289,1784273399999,1791376157436,legacy_historical,,,,,,,,,
1784273400000,744.93169836,1784274299999,1791376157436,legacy_historical,,,,,,,,,
1784274300000,744.58510472,1784275199999,1791376157436,legacy_historical,,,,,,,,,
1784275200000,744.20070801,1784276099999,1791376157436,legacy_historical,,,,,,,,,
1784276100000,743.49565462,1784276999999,1791376157436,legacy_historical,,,,,,,,,
1784277000000,742.97960095,1784277899999,1791376157436,legacy_historical,,,,,,,,,
1784277900000,743.39521986,1784278799999,1791376157436,legacy_historical,,,,,,,,,
1784278800000,743.93956023,1784279699999,1791376157436,legacy_historical,,,,,,,,,
1784279700000,744.48431207,1784280599999,1791376157436,legacy_historical,,,,,,,,,
1784280600000,743.86643326,1784281499999,1791376157436,legacy_historical,,,,,,,,,
1784281500000,744.48487083,1784282399999,1791376157436,legacy_historical,,,,,,,,,
1784282400000,745.06927513,1784283299999,1791376157436,legacy_historical,,,,,,,,,
1784283300000,745.03639509,1784284199999,1791376157436,legacy_historical,,,,,,,,,
1784284200000,745.35414205,1784285099999,1791376157436,legacy_historical,,,,,,,,,
1784285100000,745.25949598,1784285999999,1791376157436,legacy_historical,,,,,,,,,
1784286000000,744.82440223,1784286899999,1791376157436,legacy_historical,,,,,,,,,
1784286900000,745.10337253,1784287799999,1791376157436,legacy_historical,,,,,,,,,
1784287800000,744.88834416,1784288699999,1791376157436,legacy_historical,,,,,,,,,
1784288700000,745.31569374,1784289599999,1791376157436,legacy_historical,,,,,,,,,
1784289600000,744.51046121,1784290499999,1791376157436,legacy_historical,,,,,,,,,
1784290500000,744.45199489,1784291399999,1791376157436,legacy_historical,,,,,,,,,
1784291400000,744.31050471,1784292299999,1791376157436,legacy_historical,,,,,,,,,
1784292300000,743.96155952,1784293199999,1791376157436,legacy_historical,,,,,,,,,
1784293200000,743.00432247,1784294099999,1791376157436,legacy_historical,,,,,,,,,
1784294100000,742.13500335,1784294999999,1791376157436,legacy_historical,,,,,,,,,
1784295000000,741.79360726,1784295899999,1791376157436,legacy_historical,,,,,,,,,
1784295900000,745.4642812,1784296799999,1791376157436,legacy_historical,,,,,,,,,
1784296800000,746.9447031,1784297699999,1791376157436,legacy_historical,,,,,,,,,
1784297700000,747.0657607,1784298599999,1791376157436,legacy_historical,,,,,,,,,
1784298600000,746.59439517,1784299499999,1791376157436,legacy_historical,,,,,,,,,
1784299500000,745.72299963,1784300399999,1791376157436,legacy_historical,,,,,,,,,
1784300400000,744.94553222,1784301299999,1791376157436,legacy_historical,,,,,,,,,
1784301300000,746.08894949,1784302199999,1791376157436,legacy_historical,,,,,,,,,
1784302200000,746.07440963,1784303099999,1791376157436,legacy_historical,,,,,,,,,
1784303100000,747.45949826,1784303999999,1791376157436,legacy_historical,,,,,,,,,
1784304000000,746.73941938,1784304899999,1791376157436,legacy_historical,,,,,,,,,
1784304900000,746.6269961,1784305799999,1791376157436,legacy_historical,,,,,,,,,
1784305800000,746.95471122,1784306699999,1791376157436,legacy_historical,,,,,,,,,
1784306700000,746.85545579,1784307599999,1791376157436,legacy_historical,,,,,,,,,
1784307600000,746.87424488,1784308499999,1791376157436,legacy_historical,,,,,,,,,
1784308500000,747.41020512,1784309399999,1791376157436,legacy_historical,,,,,,,,,
1784309400000,746.10775759,1784310299999,1791376157436,legacy_historical,,,,,,,,,
1784310300000,745.06506273,1784311199999,1791376157436,legacy_historical,,,,,,,,,
1784311200000,744.62491729,1784312099999,1791376157436,legacy_historical,,,,,,,,,
1784312100000,744.15853956,1784312999999,1791376157436,legacy_historical,,,,,,,,,
1784313000000,743.74548797,1784313899999,1791376157436,legacy_historical,,,,,,,,,
1784313900000,744.88279508,1784314799999,1791376157436,legacy_historical,,,,,,,,,
1784314800000,743.25101629,1784315699999,1791376157436,legacy_historical,,,,,,,,,
1784315700000,743.57883564,1784316599999,1791376157436,legacy_historical,,,,,,,,,
1784316600000,743.94140316,1784317499999,1791376157436,legacy_historical,,,,,,,,,
1784317500000,744.18028047,1784318399999,1791376157436,legacy_historical,,,,,,,,,
1784318400000,742.39083524,1784319299999,1791376157436,legacy_historical,,,,,,,,,
1784319300000,742.76162628,1784320199999,1791376157436,legacy_historical,,,,,,,,,
1784320200000,743.08979068,1784321099999,1791376157436,legacy_historical,,,,,,,,,
1784321100000,743.09169361,1784321999999,1791376157436,legacy_historical,,,,,,,,,
1784322000000,742.96807127,1784322899999,1791376157436,legacy_historical,,,,,,,,,
1784322900000,743.11502756,1784323799999,1791376157436,legacy_historical,,,,,,,,,
1784323800000,743.22318627,1784324699999,1791376157436,legacy_historical,,,,,,,,,
1784324700000,743.16161157,1784325599999,1791376157436,legacy_historical,,,,,,,,,
1784325600000,743.50146653,1784326499999,1791376157436,legacy_historical,,,,,,,,,
1784326500000,742.96673554,1784327399999,1791376157436,legacy_historical,,,,,,,,,
1784327400000,743.45801322,1784328299999,1791376157436,legacy_historical,,,,,,,,,
1784328300000,743.34453348,1784329199999,1791376157436,legacy_historical,,,,,,,,,
1784329200000,742.91028875,1784330099999,1791376157436,legacy_historical,,,,,,,,,
1784330100000,742.86409091,1784330999999,1791376157436,legacy_historical,,,,,,,,,
1784331000000,742.54016928,1784331899999,1791376157436,legacy_historical,,,,,,,,,
1784331900000,742.42004583,1784332799999,1791376157436,legacy_historical,,,,,,,,,
1784332800000,742.28315413,1784333699999,1791376157436,legacy_historical,,,,,,,,,
1784333700000,742.50876758,1784334599999,1791376157436,legacy_historical,,,,,,,,,
1784334600000,742.81810694,1784335499999,1791376157436,legacy_historical,,,,,,,,,
1784335500000,742.95894277,1784336399999,1791376157436,legacy_historical,,,,,,,,,
1784336400000,743.05733997,1784337299999,1791376157436,legacy_historical,,,,,,,,,
1784337300000,743.14220701,1784338199999,1791376157436,legacy_historical,,,,,,,,,
1784338200000,743.24642331,1784339099999,1791376157436,legacy_historical,,,,,,,,,
1784339100000,743.41525255,1784339999999,1791376157436,legacy_historical,,,,,,,,,
1784340000000,743.33720299,1784340899999,1791376157436,legacy_historical,,,,,,,,,
1784340900000,743.30556901,1784341799999,1791376157436,legacy_historical,,,,,,,,,
1784341800000,743.2178627,1784342699999,1791376157436,legacy_historical,,,,,,,,,
1784342700000,743.29348597,1784343599999,1791376157436,legacy_historical,,,,,,,,,
1784343600000,743.33404621,1784344499999,1791376157436,legacy_historical,,,,,,,,,
1784344500000,743.46782657,1784345399999,1791376157436,legacy_historical,,,,,,,,,
1784345400000,743.62712026,1784346299999,1791376157436,legacy_historical,,,,,,,,,
1784346300000,743.68946088,1784347199999,1791376157436,legacy_historical,,,,,,,,,
1784347200000,743.54682107,1784348099999,1791376157436,legacy_historical,,,,,,,,,
1784348100000,743.76957707,1784348999999,1791376157436,legacy_historical,,,,,,,,,
1784349000000,743.81112915,1784349899999,1791376157436,legacy_historical,,,,,,,,,
1784349900000,743.94667675,1784350799999,1791376157436,legacy_historical,,,,,,,,,
1784350800000,744.09954118,1784351699999,1791376157436,legacy_historical,,,,,,,,,
1784351700000,744.25361585,1784352599999,1791376157436,legacy_historical,,,,,,,,,
1784352600000,744.25840788,1784353499999,1791376157436,legacy_historical,,,,,,,,,
1784353500000,744.31929839,1784354399999,1791376157436,legacy_historical,,,,,,,,,
1784354400000,744.11164284,1784355299999,1791376157436,legacy_historical,,,,,,,,,
1784355300000,743.96834451,1784356199999,1791376157436,legacy_historical,,,,,,,,,
1784356200000,743.88796411,1784357099999,1791376157436,legacy_historical,,,,,,,,,
1784357100000,743.79628726,1784357999999,1791376157436,legacy_historical,,,,,,,,,
1784358000000,743.57336846,1784358899999,1791376157436,legacy_historical,,,,,,,,,
1784358900000,743.65571989,1784359799999,1791376157436,legacy_historical,,,,,,,,,
1784359800000,743.80339907,1784360699999,1791376157436,legacy_historical,,,,,,,,,
1784360700000,743.76033826,1784361599999,1791376157436,legacy_historical,,,,,,,,,
1784361600000,743.72766677,1784362499999,1791376157436,legacy_historical,,,,,,,,,
1784362500000,743.60619902,1784363399999,1791376157436,legacy_historical,,,,,,,,,
1784363400000,743.57767205,1784364299999,1791376157436,legacy_historical,,,,,,,,,
1784364300000,743.55419004,1784365199999,1791376157436,legacy_historical,,,,,,,,,
1784365200000,743.49763404,1784366099999,1791376157436,legacy_historical,,,,,,,,,
1784366100000,743.30253726,1784366999999,1791376157436,legacy_historical,,,,,,,,,
1784367000000,743.21361831,1784367899999,1791376157436,legacy_historical,,,,,,,,,
1784367900000,743.14769044,1784368799999,1791376157436,legacy_historical,,,,,,,,,
1784368800000,743.20203169,1784369699999,1791376157436,legacy_historical,,,,,,,,,
1784369700000,743.25374699,1784370599999,1791376157436,legacy_historical,,,,,,,,,
1784370600000,743.25723099,1784371499999,1791376157436,legacy_historical,,,,,,,,,
1784371500000,743.10286738,1784372399999,1791376157436,legacy_historical,,,,,,,,,
1784372400000,743.1093904,1784373299999,1791376157436,legacy_historical,,,,,,,,,
1784373300000,743.07177601,1784374199999,1791376157436,legacy_historical,,,,,,,,,
1784374200000,742.93411791,1784375099999,1791376157436,legacy_historical,,,,,,,,,
1784375100000,742.98597714,1784375999999,1791376157436,legacy_historical,,,,,,,,,
1784376000000,743.25290167,1784376899999,1791376157436,legacy_historical,,,,,,,,,
1784376900000,743.26343143,1784377799999,1791376157436,legacy_historical,,,,,,,,,
1784377800000,743.11910593,1784378699999,1791376157436,legacy_historical,,,,,,,,,
1784378700000,743.2162718,1784379599999,1791376157436,legacy_historical,,,,,,,,,
1784379600000,743.3585146,1784380499999,1791376157436,legacy_historical,,,,,,,,,
1784380500000,743.35930166,1784381399999,1791376157436,legacy_historical,,,,,,,,,
1784381400000,743.40327625,1784382299999,1791376157436,legacy_historical,,,,,,,,,
1784382300000,743.34819632,1784383199999,1791376157436,legacy_historical,,,,,,,,,
1784383200000,743.3063376,1784384099999,1791376157436,legacy_historical,,,,,,,,,
1784384100000,743.31325396,1784384999999,1791376157436,legacy_historical,,,,,,,,,
1784385000000,743.3167092,1784385899999,1791376157436,legacy_historical,,,,,,,,,
1784385900000,743.32152864,1784386799999,1791376157436,legacy_historical,,,,,,,,,
1784386800000,743.37177372,1784387699999,1791376157436,legacy_historical,,,,,,,,,
1784387700000,743.4037353,1784388599999,1791376157436,legacy_historical,,,,,,,,,
1784388600000,743.42548927,1784389499999,1791376157436,legacy_historical,,,,,,,,,
1784389500000,743.42890284,1784390399999,1791376157436,legacy_historical,,,,,,,,,
1784390400000,743.17792742,1784391299999,1791376157436,legacy_historical,,,,,,,,,
1784391300000,742.98837942,1784392199999,1791376157436,legacy_historical,,,,,,,,,
1784392200000,742.79014399,1784393099999,1791376157436,legacy_historical,,,,,,,,,
1784393100000,742.70888795,1784393999999,1791376157436,legacy_historical,,,,,,,,,
1784394000000,742.76053987,1784394899999,1791376157436,legacy_historical,,,,,,,,,
1784394900000,742.91874546,1784395799999,1791376157436,legacy_historical,,,,,,,,,
1784395800000,743.04796581,1784396699999,1791376157436,legacy_historical,,,,,,,,,
1784396700000,743.22630637,1784397599999,1791376157436,legacy_historical,,,,,,,,,
1784397600000,743.28523624,1784398499999,1791376157436,legacy_historical,,,,,,,,,
1784398500000,743.34083518,1784399399999,1791376157436,legacy_historical,,,,,,,,,
1784399400000,743.28478115,1784400299999,1791376157436,legacy_historical,,,,,,,,,
1784400300000,743.21155708,1784401199999,1791376157436,legacy_historical,,,,,,,,,
1784401200000,743.13824835,1784402099999,1791376157436,legacy_historical,,,,,,,,,
1784402100000,743.09101329,1784402999999,1791376157436,legacy_historical,,,,,,,,,
1784403000000,742.97686731,1784403899999,1791376157436,legacy_historical,,,,,,,,,
1784403900000,742.88706718,1784404799999,1791376157436,legacy_historical,,,,,,,,,
1784404800000,742.83710954,1784405699999,1791376157436,legacy_historical,,,,,,,,,
1784405700000,742.67476821,1784406599999,1791376157436,legacy_historical,,,,,,,,,
1784406600000,742.68728793,1784407499999,1791376157436,legacy_historical,,,,,,,,,
1784407500000,742.79192551,1784408399999,1791376157436,legacy_historical,,,,,,,,,
1784408400000,742.83260047,1784409299999,1791376157436,legacy_historical,,,,,,,,,
1784409300000,742.78551956,1784410199999,1791376157436,legacy_historical,,,,,,,,,
1784410200000,742.6095326,1784411099999,1791376157436,legacy_historical,,,,,,,,,
1784411100000,742.55430621,1784411999999,1791376157436,legacy_historical,,,,,,,,,
1784412000000,742.39926092,1784412899999,1791376157436,legacy_historical,,,,,,,,,
1784412900000,742.32526445,1784413799999,1791376157436,legacy_historical,,,,,,,,,
1784413800000,742.39061357,1784414699999,1791376157436,legacy_historical,,,,,,,,,
1784414700000,742.42061007,1784415599999,1791376157436,legacy_historical,,,,,,,,,
1784415600000,742.41181179,1784416499999,1791376157436,legacy_historical,,,,,,,,,
1784416500000,742.54732622,1784417399999,1791376157436,legacy_historical,,,,,,,,,
1784417400000,742.69657598,1784418299999,1791376157436,legacy_historical,,,,,,,,,
1784418300000,742.78019365,1784419199999,1791376157436,legacy_historical,,,,,,,,,
1784419200000,742.85122691,1784420099999,1791376157436,legacy_historical,,,,,,,,,
1784420100000,742.65408943,1784420999999,1791376157436,legacy_historical,,,,,,,,,
1784421000000,742.47870482,1784421899999,1791376157436,legacy_historical,,,,,,,,,
1784421900000,742.67923229,1784422799999,1791376157436,legacy_historical,,,,,,,,,
1784422800000,742.92644541,1784423699999,1791376157436,legacy_historical,,,,,,,,,
1784423700000,742.88296418,1784424599999,1791376157436,legacy_historical,,,,,,,,,
1784424600000,742.85797648,1784425499999,1791376157436,legacy_historical,,,,,,,,,
1784425500000,742.83037845,1784426399999,1791376157436,legacy_historical,,,,,,,,,
1784426400000,742.8288697,1784427299999,1791376157436,legacy_historical,,,,,,,,,
1784427300000,742.86947578,1784428199999,1791376157436,legacy_historical,,,,,,,,,
1784428200000,743.05465315,1784429099999,1791376157436,legacy_historical,,,,,,,,,
1784429100000,743.22606065,1784429999999,1791376157436,legacy_historical,,,,,,,,,
1784430000000,743.35303001,1784430899999,1791376157436,legacy_historical,,,,,,,,,
1784430900000,743.33219981,1784431799999,1791376157436,legacy_historical,,,,,,,,,
1784431800000,743.22513571,1784432699999,1791376157436,legacy_historical,,,,,,,,,
1784432700000,743.12901006,1784433599999,1791376157436,legacy_historical,,,,,,,,,
1784433600000,743.10736621,1784434499999,1791376157436,legacy_historical,,,,,,,,,
1784434500000,743.09444233,1784435399999,1791376157436,legacy_historical,,,,,,,,,
1784435400000,743.00875545,1784436299999,1791376157436,legacy_historical,,,,,,,,,
1784436300000,742.97093458,1784437199999,1791376157436,legacy_historical,,,,,,,,,
1784437200000,742.96571946,1784438099999,1791376157436,legacy_historical,,,,,,,,,
1784438100000,742.90003262,1784438999999,1791376157436,legacy_historical,,,,,,,,,
1784439000000,742.84881109,1784439899999,1791376157436,legacy_historical,,,,,,,,,
1784439900000,742.95159916,1784440799999,1791376157436,legacy_historical,,,,,,,,,
1784440800000,743.05154273,1784441699999,1791376157436,legacy_historical,,,,,,,,,
1784441700000,743.11422245,1784442599999,1791376157436,legacy_historical,,,,,,,,,
1784442600000,743.20185004,1784443499999,1791376157436,legacy_historical,,,,,,,,,
1784443500000,743.25322139,1784444399999,1791376157436,legacy_historical,,,,,,,,,
1784444400000,743.19861812,1784445299999,1791376157436,legacy_historical,,,,,,,,,
1784445300000,743.16374385,1784446199999,1791376157436,legacy_historical,,,,,,,,,
1784446200000,743.21163127,1784447099999,1791376157436,legacy_historical,,,,,,,,,
1784447100000,743.29834559,1784447999999,1791376157436,legacy_historical,,,,,,,,,
1784448000000,743.31665581,1784448899999,1791376157436,legacy_historical,,,,,,,,,
1784448900000,743.48000332,1784449799999,1791376157436,legacy_historical,,,,,,,,,
1784449800000,743.63831664,1784450699999,1791376157436,legacy_historical,,,,,,,,,
1784450700000,743.67386555,1784451599999,1791376157436,legacy_historical,,,,,,,,,
1784451600000,743.62330636,1784452499999,1791376157436,legacy_historical,,,,,,,,,
1784452500000,743.56317999,1784453399999,1791376157436,legacy_historical,,,,,,,,,
1784453400000,743.47884113,1784454299999,1791376157436,legacy_historical,,,,,,,,,
1784454300000,743.50496695,1784455199999,1791376157436,legacy_historical,,,,,,,,,
1784455200000,743.52057076,1784456099999,1791376157436,legacy_historical,,,,,,,,,
1784456100000,743.55666265,1784456999999,1791376157436,legacy_historical,,,,,,,,,
1784457000000,743.63398364,1784457899999,1791376157436,legacy_historical,,,,,,,,,
1784457900000,743.64279492,1784458799999,1791376157436,legacy_historical,,,,,,,,,
1784458800000,743.66823562,1784459699999,1791376157436,legacy_historical,,,,,,,,,
1784459700000,743.79026175,1784460599999,1791376157436,legacy_historical,,,,,,,,,
1784460600000,743.83874346,1784461499999,1791376157436,legacy_historical,,,,,,,,,
1784461500000,743.86168152,1784462399999,1791376157436,legacy_historical,,,,,,,,,
1784462400000,743.68037631,1784463299999,1791376157436,legacy_historical,,,,,,,,,
1784463300000,743.63800836,1784464199999,1791376157436,legacy_historical,,,,,,,,,
1784464200000,743.62776714,1784465099999,1791376157436,legacy_historical,,,,,,,,,
1784465100000,743.52255426,1784465999999,1791376157436,legacy_historical,,,,,,,,,
1784466000000,743.43746212,1784466899999,1791376157436,legacy_historical,,,,,,,,,
1784466900000,743.40815488,1784467799999,1791376157436,legacy_historical,,,,,,,,,
1784467800000,743.32572633,1784468699999,1791376157436,legacy_historical,,,,,,,,,
1784468700000,743.27282681,1784469599999,1791376157436,legacy_historical,,,,,,,,,
1784469600000,743.25980449,1784470499999,1791376157436,legacy_historical,,,,,,,,,
1784470500000,743.27052689,1784471399999,1791376157436,legacy_historical,,,,,,,,,
1784471400000,743.28484393,1784472299999,1791376157436,legacy_historical,,,,,,,,,
1784472300000,743.29933246,1784473199999,1791376157436,legacy_historical,,,,,,,,,
1784473200000,743.22395145,1784474099999,1791376157436,legacy_historical,,,,,,,,,
1784474100000,743.22512412,1784474999999,1791376157436,legacy_historical,,,,,,,,,
1784475000000,743.22248143,1784475899999,1791376157436,legacy_historical,,,,,,,,,
1784475900000,743.21991783,1784476799999,1791376157436,legacy_historical,,,,,,,,,
1784476800000,743.06989256,1784477699999,1791376157436,legacy_historical,,,,,,,,,
1784477700000,742.95514857,1784478599999,1791376157436,legacy_historical,,,,,,,,,
1784478600000,742.80747788,1784479499999,1791376157436,legacy_historical,,,,,,,,,
1784479500000,742.66995648,1784480399999,1791376157436,legacy_historical,,,,,,,,,
1784480400000,742.59427116,1784481299999,1791376157436,legacy_historical,,,,,,,,,
1784481300000,742.62922904,1784482199999,1791376157436,legacy_historical,,,,,,,,,
1784482200000,742.67904278,1784483099999,1791376157436,legacy_historical,,,,,,,,,
1784483100000,742.68944646,1784483999999,1791376157436,legacy_historical,,,,,,,,,
1784484000000,742.68979393,1784484899999,1791376157436,legacy_historical,,,,,,,,,
1784484900000,742.68458258,1784485799999,1791376157436,legacy_historical,,,,,,,,,
1784485800000,742.64112462,1784486699999,1791376157436,legacy_historical,,,,,,,,,
1784486700000,742.61749841,1784487599999,1791376157436,legacy_historical,,,,,,,,,
1784487600000,742.62247344,1784488499999,1791376157436,legacy_historical,,,,,,,,,
1784488500000,742.62813942,1784489399999,1791376157436,legacy_historical,,,,,,,,,
1784489400000,742.6141442,1784490299999,1791376157436,legacy_historical,,,,,,,,,
1784490300000,742.61278175,1784491199999,1791376157436,legacy_historical,,,,,,,,,
1784491200000,742.61502828,1784492099999,1791376157436,legacy_historical,,,,,,,,,
1784492100000,742.62347254,1784492999999,1791376157436,legacy_historical,,,,,,,,,
1784493000000,742.59454794,1784493899999,1791376157436,legacy_historical,,,,,,,,,
1784493900000,742.55733512,1784494799999,1791376157436,legacy_historical,,,,,,,,,
1784494800000,742.54966527,1784495699999,1791376157436,legacy_historical,,,,,,,,,
1784495700000,742.55608646,1784496599999,1791376157436,legacy_historical,,,,,,,,,
1784496600000,742.54495781,1784497499999,1791376157436,legacy_historical,,,,,,,,,
1784497500000,742.71077992,1784498399999,1791376157436,legacy_historical,,,,,,,,,
1784498400000,742.68826783,1784499299999,1791376157436,legacy_historical,,,,,,,,,
1784499300000,742.8954365,1784500199999,1791376157436,legacy_historical,,,,,,,,,
1784500200000,743.1889717,1784501099999,1791376157436,legacy_historical,,,,,,,,,
1784501100000,743.34994532,1784501999999,1791376157436,legacy_historical,,,,,,,,,
1784502000000,743.4007153,1784502899999,1791376157436,legacy_historical,,,,,,,,,
1784502900000,743.43788037,1784503799999,1791376157436,legacy_historical,,,,,,,,,
1784503800000,743.56434729,1784504699999,1791376157436,legacy_historical,,,,,,,,,
1784504700000,743.75425591,1784505599999,1791376157436,legacy_historical,,,,,,,,,
1784505600000,745.01574655,1784506499999,1791376157436,legacy_historical,,,,,,,,,
1784506500000,744.74379203,1784507399999,1791376157436,legacy_historical,,,,,,,,,
1784507400000,744.07072013,1784508299999,1791376157436,legacy_historical,,,,,,,,,
1784508300000,743.88572416,1784509199999,1791376157436,legacy_historical,,,,,,,,,
1784509200000,743.95154746,1784510099999,1791376157436,legacy_historical,,,,,,,,,
1784510100000,743.51767948,1784510999999,1791376157436,legacy_historical,,,,,,,,,
1784511000000,743.13860916,1784511899999,1791376157436,legacy_historical,,,,,,,,,
1784511900000,743.06729802,1784512799999,1791376157436,legacy_historical,,,,,,,,,
1784512800000,743.57941689,1784513699999,1791376157436,legacy_historical,,,,,,,,,
1784513700000,743.22855005,1784514599999,1791376157436,legacy_historical,,,,,,,,,
1784514600000,744.24915765,1784515499999,1791376157436,legacy_historical,,,,,,,,,
1784515500000,744.15853436,1784516399999,1791376157436,legacy_historical,,,,,,,,,
1784516400000,743.92845858,1784517299999,1791376157436,legacy_historical,,,,,,,,,
1784517300000,743.99053191,1784518199999,1791376157436,legacy_historical,,,,,,,,,
1784518200000,744.31933947,1784519099999,1791376157436,legacy_historical,,,,,,,,,
1784519100000,744.17239475,1784519999999,1791376157436,legacy_historical,,,,,,,,,
1784520000000,743.80396023,1784520899999,1791376157436,legacy_historical,,,,,,,,,
1784520900000,744.34851663,1784521799999,1791376157436,legacy_historical,,,,,,,,,
1784521800000,744.78398516,1784522699999,1791376157436,legacy_historical,,,,,,,,,
1784522700000,744.4986086,1784523599999,1791376157436,legacy_historical,,,,,,,,,
1784523600000,743.87889672,1784524499999,1791376157436,legacy_historical,,,,,,,,,
1784524500000,743.61788522,1784525399999,1791376157436,legacy_historical,,,,,,,,,
1784525400000,743.36501468,1784526299999,1791376157436,legacy_historical,,,,,,,,,
1784526300000,743.21410432,1784527199999,1791376157436,legacy_historical,,,,,,,,,
1784527200000,743.14599638,1784528099999,1791376157436,legacy_historical,,,,,,,,,
1784528100000,743.13198652,1784528999999,1791376157436,legacy_historical,,,,,,,,,
1784529000000,743.23006495,1784529899999,1791376157436,legacy_historical,,,,,,,,,
1784529900000,743.28996653,1784530799999,1791376157436,legacy_historical,,,,,,,,,
1784530800000,743.50113128,1784531699999,1791376157436,legacy_historical,,,,,,,,,
1784531700000,744.31750191,1784532599999,1791376157436,legacy_historical,,,,,,,,,
1784532600000,744.92603034,1784533499999,1791376157436,legacy_historical,,,,,,,,,
1784533500000,744.77642496,1784534399999,1791376157436,legacy_historical,,,,,,,,,
1784534400000,745.37476872,1784535299999,1791376157436,legacy_historical,,,,,,,,,
1784535300000,745.24390401,1784536199999,1791376157436,legacy_historical,,,,,,,,,
1784536200000,744.91098379,1784537099999,1791376157436,legacy_historical,,,,,,,,,
1784537100000,744.99947475,1784537999999,1791376157436,legacy_historical,,,,,,,,,
1784538000000,744.87668317,1784538899999,1791376157436,legacy_historical,,,,,,,,,
1784538900000,745.22447673,1784539799999,1791376157436,legacy_historical,,,,,,,,,
1784539800000,745.53403812,1784540699999,1791376157436,legacy_historical,,,,,,,,,
1784540700000,745.7745703,1784541599999,1791376157436,legacy_historical,,,,,,,,,
1784541600000,745.39602723,1784542499999,1791376157436,legacy_historical,,,,,,,,,
1784542500000,745.51286436,1784543399999,1791376157436,legacy_historical,,,,,,,,,
1784543400000,745.49683168,1784544299999,1791376157436,legacy_historical,,,,,,,,,
1784544300000,745.6729703,1784545199999,1791376157436,legacy_historical,,,,,,,,,
1784545200000,746.2465703,1784546099999,1791376157436,legacy_historical,,,,,,,,,
1784546100000,745.90853614,1784546999999,1791376157436,legacy_historical,,,,,,,,,
1784547000000,747.47264896,1784547899999,1791376157436,legacy_historical,,,,,,,,,
1784547900000,747.08319737,1784548799999,1791376157436,legacy_historical,,,,,,,,,
1784548800000,746.12013799,1784549699999,1791376157436,legacy_historical,,,,,,,,,
1784549700000,746.49549658,1784550599999,1791376157436,legacy_historical,,,,,,,,,
1784550600000,746.07759427,1784551499999,1791376157436,legacy_historical,,,,,,,,,
1784551500000,746.25339715,1784552399999,1791376157436,legacy_historical,,,,,,,,,
1784552400000,746.30611371,1784553299999,1791376157436,legacy_historical,,,,,,,,,
1784553300000,746.79860832,1784554199999,1791376157436,legacy_historical,,,,,,,,,
1784554200000,749.29614954,1784555099999,1791376157436,legacy_historical,,,,,,,,,
1784555100000,746.52416575,1784555999999,1791376157436,legacy_historical,,,,,,,,,
1784556000000,745.79160096,1784556899999,1791376157436,legacy_historical,,,,,,,,,
1784556900000,746.38982946,1784557799999,1791376157436,legacy_historical,,,,,,,,,
1784557800000,745.70130554,1784558699999,1791376157436,legacy_historical,,,,,,,,,
1784558700000,744.82951656,1784559599999,1791376157436,legacy_historical,,,,,,,,,
1784559600000,745.513723,1784560499999,1791376157436,legacy_historical,,,,,,,,,
1784560500000,746.41700361,1784561399999,1791376157436,legacy_historical,,,,,,,,,
1784561400000,746.47645802,1784562299999,1791376157436,legacy_historical,,,,,,,,,
1784562300000,746.63019083,1784563199999,1791376157436,legacy_historical,,,,,,,,,
1784563200000,747.38162303,1784564099999,1791376157436,legacy_historical,,,,,,,,,
1784564100000,747.12658523,1784564999999,1791376157436,legacy_historical,,,,,,,,,
1784565000000,746.01600941,1784565899999,1791376157436,legacy_historical,,,,,,,,,
1784565900000,745.65936466,1784566799999,1791376157436,legacy_historical,,,,,,,,,
1784566800000,744.63189164,1784567699999,1791376157436,legacy_historical,,,,,,,,,
1784567700000,744.7647542,1784568599999,1791376157436,legacy_historical,,,,,,,,,
1784568600000,744.44460072,1784569499999,1791376157436,legacy_historical,,,,,,,,,
1784569500000,745.17053712,1784570399999,1791376157436,legacy_historical,,,,,,,,,
1784570400000,745.64652236,1784571299999,1791376157436,legacy_historical,,,,,,,,,
1784571300000,745.06006584,1784572199999,1791376157436,legacy_historical,,,,,,,,,
1784572200000,743.1690172,1784573099999,1791376157436,legacy_historical,,,,,,,,,
1784573100000,743.39621084,1784573999999,1791376157436,legacy_historical,,,,,,,,,
1784574000000,742.38631973,1784574899999,1791376157436,legacy_historical,,,,,,,,,
1784574900000,743.17280065,1784575799999,1791376157436,legacy_historical,,,,,,,,,
1784575800000,743.53613103,1784576699999,1791376157436,legacy_historical,,,,,,,,,
1784576700000,742.53965165,1784577599999,1791376157436,legacy_historical,,,,,,,,,
1784577600000,741.82074769,1784578499999,1791376157436,legacy_historical,,,,,,,,,
1784578500000,741.5895385,1784579399999,1791376157436,legacy_historical,,,,,,,,,
1784579400000,741.82797626,1784580299999,1791376157436,legacy_historical,,,,,,,,,
1784580300000,742.23392418,1784581199999,1791376157436,legacy_historical,,,,,,,,,
1784581200000,742.16044609,1784582099999,1791376157436,legacy_historical,,,,,,,,,
1784582100000,742.21644467,1784582999999,1791376157436,legacy_historical,,,,,,,,,
1784583000000,742.17596755,1784583899999,1791376157436,legacy_historical,,,,,,,,,
1784583900000,742.29015509,1784584799999,1791376157436,legacy_historical,,,,,,,,,
1784584800000,741.26189959,1784585699999,1791376157436,legacy_historical,,,,,,,,,
1784585700000,741.23273214,1784586599999,1791376157436,legacy_historical,,,,,,,,,
1784586600000,741.23448989,1784587499999,1791376157436,legacy_historical,,,,,,,,,
1784587500000,741.19046777,1784588399999,1791376157436,legacy_historical,,,,,,,,,
1784588400000,741.90833562,1784589299999,1791376157436,legacy_historical,,,,,,,,,
1784589300000,742.57119394,1784590199999,1791376157436,legacy_historical,,,,,,,,,
1784590200000,742.50803367,1784591099999,1791376157436,legacy_historical,,,,,,,,,
1784591100000,742.15159614,1784591999999,1791376157436,legacy_historical,,,,,,,,,
1784592000000,741.58297593,1784592899999,1791376157436,legacy_historical,,,,,,,,,
1784592900000,742.32872419,1784593799999,1791376157436,legacy_historical,,,,,,,,,
1784593800000,742.86324935,1784594699999,1791376157436,legacy_historical,,,,,,,,,
1784594700000,742.90719876,1784595599999,1791376157436,legacy_historical,,,,,,,,,
1784595600000,743.47852148,1784596499999,1791376157436,legacy_historical,,,,,,,,,
1784596500000,743.28287816,1784597399999,1791376157436,legacy_historical,,,,,,,,,
1784597400000,742.97478628,1784598299999,1791376157436,legacy_historical,,,,,,,,,
1784598300000,743.03070992,1784599199999,1791376157436,legacy_historical,,,,,,,,,
1784599200000,743.05150537,1784600099999,1791376157436,legacy_historical,,,,,,,,,
1784600100000,743.21063818,1784600999999,1791376157436,legacy_historical,,,,,,,,,
1784601000000,743.69947037,1784601899999,1791376157436,legacy_historical,,,,,,,,,
1784601900000,743.75669252,1784602799999,1791376157436,legacy_historical,,,,,,,,,
1784602800000,743.94996348,1784603699999,1791376157436,legacy_historical,,,,,,,,,
1784603700000,744.27237767,1784604599999,1791376157436,legacy_historical,,,,,,,,,
1784604600000,744.41725864,1784605499999,1791376157436,legacy_historical,,,,,,,,,
1784605500000,744.95581812,1784606399999,1791376157436,legacy_historical,,,,,,,,,
1784606400000,745.10232744,1784607299999,1791376157436,legacy_historical,,,,,,,,,
1784607300000,745.06356541,1784608199999,1791376157436,legacy_historical,,,,,,,,,
1784608200000,745.13413817,1784609099999,1791376157436,legacy_historical,,,,,,,,,
1784609100000,745.09268338,1784609999999,1791376157436,legacy_historical,,,,,,,,,
1784610000000,744.87882075,1784610899999,1791376157436,legacy_historical,,,,,,,,,
1784610900000,745.31919956,1784611799999,1791376157436,legacy_historical,,,,,,,,,
1784611800000,745.7746744,1784612699999,1791376157436,legacy_historical,,,,,,,,,
1784612700000,745.75770523,1784613599999,1791376157436,legacy_historical,,,,,,,,,
1784613600000,745.80066999,1784614499999,1791376157436,legacy_historical,,,,,,,,,
1784614500000,745.65514084,1784615399999,1791376157436,legacy_historical,,,,,,,,,
1784615400000,746.18990198,1784616299999,1791376157436,legacy_historical,,,,,,,,,
1784616300000,746.02451931,1784617199999,1791376157436,legacy_historical,,,,,,,,,
1784617200000,745.95652394,1784618099999,1791376157436,legacy_historical,,,,,,,,,
1784618100000,745.37046442,1784618999999,1791376157436,legacy_historical,,,,,,,,,
1784619000000,745.41206853,1784619899999,1791376157436,legacy_historical,,,,,,,,,
1784619900000,745.44938289,1784620799999,1791376157436,legacy_historical,,,,,,,,,
1784620800000,745.93681325,1784621699999,1791376157436,legacy_historical,,,,,,,,,
1784621700000,746.01296388,1784622599999,1791376157436,legacy_historical,,,,,,,,,
1784622600000,746.16196647,1784623499999,1791376157436,legacy_historical,,,,,,,,,
1784623500000,746.03628719,1784624399999,1791376157436,legacy_historical,,,,,,,,,
1784624400000,746.21032767,1784625299999,1791376157436,legacy_historical,,,,,,,,,
1784625300000,746.04389788,1784626199999,1791376157436,legacy_historical,,,,,,,,,
1784626200000,746.01741609,1784627099999,1791376157436,legacy_historical,,,,,,,,,
1784627100000,745.97749234,1784627999999,1791376157436,legacy_historical,,,,,,,,,
1784628000000,746.02596777,1784628899999,1791376157436,legacy_historical,,,,,,,,,
1784628900000,746.09253214,1784629799999,1791376157436,legacy_historical,,,,,,,,,
1784629800000,746.08335395,1784630699999,1791376157436,legacy_historical,,,,,,,,,
1784630700000,745.95934009,1784631599999,1791376157436,legacy_historical,,,,,,,,,
1784631600000,745.63290294,1784632499999,1791376157436,legacy_historical,,,,,,,,,
1784632500000,745.19930298,1784633399999,1791376157436,legacy_historical,,,,,,,,,
1784633400000,745.4293565,1784634299999,1791376157436,legacy_historical,,,,,,,,,
1784634300000,745.21378574,1784635199999,1791376157436,legacy_historical,,,,,,,,,
1784635200000,745.58663713,1784636099999,1791376157436,legacy_historical,,,,,,,,,
1784636100000,744.93837157,1784636999999,1791376157436,legacy_historical,,,,,,,,,
1784637000000,744.61444485,1784637899999,1791376157436,legacy_historical,,,,,,,,,
1784637900000,745.23542702,1784638799999,1791376157436,legacy_historical,,,,,,,,,
1784638800000,745.11640738,1784639699999,1791376157436,legacy_historical,,,,,,,,,
1784639700000,746.11077878,1784640599999,1791376157436,legacy_historical,,,,,,,,,
1784640600000,745.08136687,1784641499999,1791376157436,legacy_historical,,,,,,,,,
1784641500000,745.84297407,1784642399999,1791376157436,legacy_historical,,,,,,,,,
1784642400000,746.11519445,1784643299999,1791376157436,legacy_historical,,,,,,,,,
1784643300000,747.31059895,1784644199999,1791376157436,legacy_historical,,,,,,,,,
1784644200000,746.96066805,1784645099999,1791376157436,legacy_historical,,,,,,,,,
1784645100000,747.22872722,1784645999999,1791376157436,legacy_historical,,,,,,,,,
1784646000000,747.64963996,1784646899999,1791376157436,legacy_historical,,,,,,,,,
1784646900000,748.32980488,1784647799999,1791376157436,legacy_historical,,,,,,,,,
1784647800000,748.09462061,1784648699999,1791376157436,legacy_historical,,,,,,,,,
1784648700000,747.91064827,1784649599999,1791376157436,legacy_historical,,,,,,,,,
1784649600000,748.65017337,1784650499999,1791376157436,legacy_historical,,,,,,,,,
1784650500000,749.06941703,1784651399999,1791376157436,legacy_historical,,,,,,,,,
1784651400000,749.02487298,1784652299999,1791376157436,legacy_historical,,,,,,,,,
1784652300000,749.16772052,1784653199999,1791376157436,legacy_historical,,,,,,,,,
1784653200000,749.07185392,1784654099999,1791376157436,legacy_historical,,,,,,,,,
1784654100000,748.81836293,1784654999999,1791376157436,legacy_historical,,,,,,,,,
1784655000000,749.17071857,1784655899999,1791376157436,legacy_historical,,,,,,,,,
1784655900000,749.01970977,1784656799999,1791376157436,legacy_historical,,,,,,,,,
1784656800000,748.67997316,1784657699999,1791376157436,legacy_historical,,,,,,,,,
1784657700000,748.7439282,1784658599999,1791376157436,legacy_historical,,,,,,,,,
1784658600000,749.04051969,1784659499999,1791376157436,legacy_historical,,,,,,,,,
1784659500000,748.86578113,1784660399999,1791376157436,legacy_historical,,,,,,,,,
1784660400000,748.67725105,1784661299999,1791376157436,legacy_historical,,,,,,,,,
1784661300000,748.69508495,1784662199999,1791376157436,legacy_historical,,,,,,,,,
1784662200000,748.88417251,1784663099999,1791376157436,legacy_historical,,,,,,,,,
1784663100000,748.72716147,1784663999999,1791376157436,legacy_historical,,,,,,,,,
1784664000000,748.60351553,1784664899999,1791376157436,legacy_historical,,,,,,,,,
1784664900000,748.33592695,1784665799999,1791376157436,legacy_historical,,,,,,,,,
1784665800000,748.42338876,1784666699999,1791376157436,legacy_historical,,,,,,,,,
1784666700000,748.55481049,1784667599999,1791376157436,legacy_historical,,,,,,,,,
1784667600000,748.54338364,1784668499999,1791376157436,legacy_historical,,,,,,,,,
1784668500000,748.62141062,1784669399999,1791376157436,legacy_historical,,,,,,,,,
1784669400000,748.65728596,1784670299999,1791376157436,legacy_historical,,,,,,,,,
1784670300000,748.65466064,1784671199999,1791376157436,legacy_historical,,,,,,,,,
1784671200000,748.62452177,1784672099999,1791376157436,legacy_historical,,,,,,,,,
1784672100000,748.36185071,1784672999999,1791376157436,legacy_historical,,,,,,,,,
1784673000000,748.27229626,1784673899999,1791376157436,legacy_historical,,,,,,,,,
1784673900000,748.30680942,1784674799999,1791376157436,legacy_historical,,,,,,,,,
1784674800000,748.37337911,1784675699999,1791376157436,legacy_historical,,,,,,,,,
1784675700000,748.51754394,1784676599999,1791376157436,legacy_historical,,,,,,,,,
1784676600000,748.32215787,1784677499999,1791376157436,legacy_historical,,,,,,,,,
1784677500000,748.53812913,1784678399999,1791376157436,legacy_historical,,,,,,,,,
1784678400000,748.69814831,1784679299999,1791376157436,legacy_historical,,,,,,,,,
1784679300000,748.44881588,1784680199999,1791376157436,legacy_historical,,,,,,,,,
1784680200000,748.37744225,1784681099999,1791376157436,legacy_historical,,,,,,,,,
1784681100000,748.47387149,1784681999999,1791376157436,legacy_historical,,,,,,,,,
1784682000000,748.10856345,1784682899999,1791376157436,legacy_historical,,,,,,,,,
1784682900000,747.97815931,1784683799999,1791376157436,legacy_historical,,,,,,,,,
1784683800000,748.13948079,1784684699999,1791376157436,legacy_historical,,,,,,,,,
1784684700000,748.44350022,1784685599999,1791376157436,legacy_historical,,,,,,,,,
1784685600000,748.28536992,1784686499999,1791376157436,legacy_historical,,,,,,,,,
1784686500000,748.45085555,1784687399999,1791376157436,legacy_historical,,,,,,,,,
1784687400000,748.4750152,1784688299999,1791376157436,legacy_historical,,,,,,,,,
1784688300000,748.49150664,1784689199999,1791376157436,legacy_historical,,,,,,,,,
1784689200000,748.21348307,1784690099999,1791376157436,legacy_historical,,,,,,,,,
1784690100000,748.74374156,1784690999999,1791376157436,legacy_historical,,,,,,,,,
1784691000000,748.32411414,1784691899999,1791376157436,legacy_historical,,,,,,,,,
1784691900000,747.93208787,1784692799999,1791376157436,legacy_historical,,,,,,,,,
1784692800000,748.16065122,1784693699999,1791376157436,legacy_historical,,,,,,,,,
1784693700000,748.19502689,1784694599999,1791376157436,legacy_historical,,,,,,,,,
1784694600000,748.11629194,1784695499999,1791376157436,legacy_historical,,,,,,,,,
1784695500000,748.17984447,1784696399999,1791376157436,legacy_historical,,,,,,,,,
1784696400000,747.90050089,1784697299999,1791376157436,legacy_historical,,,,,,,,,
1784697300000,747.79100282,1784698199999,1791376157436,legacy_historical,,,,,,,,,
1784698200000,747.67474407,1784699099999,1791376157436,legacy_historical,,,,,,,,,
1784699100000,747.96015929,1784699999999,1791376157436,legacy_historical,,,,,,,,,
1784700000000,747.68899665,1784700899999,1791376157436,legacy_historical,,,,,,,,,
1784700900000,746.85592101,1784701799999,1791376157436,legacy_historical,,,,,,,,,
1784701800000,746.96486204,1784702699999,1791376157436,legacy_historical,,,,,,,,,
1784702700000,746.68100396,1784703599999,1791376157436,legacy_historical,,,,,,,,,
1784703600000,746.71395456,1784704499999,1791376157436,legacy_historical,,,,,,,,,
1784704500000,746.96060372,1784705399999,1791376157436,legacy_historical,,,,,,,,,
1784705400000,746.07675959,1784706299999,1791376157436,legacy_historical,,,,,,,,,
1784706300000,746.01677632,1784707199999,1791376157436,legacy_historical,,,,,,,,,
1784707200000,746.04754835,1784708099999,1791376157436,legacy_historical,,,,,,,,,
1784708100000,746.76081352,1784708999999,1791376157436,legacy_historical,,,,,,,,,
1784709000000,746.58316794,1784709899999,1791376157436,legacy_historical,,,,,,,,,
1784709900000,746.94981928,1784710799999,1791376157436,legacy_historical,,,,,,,,,
1784710800000,747.23267249,1784711699999,1791376157436,legacy_historical,,,,,,,,,
1784711700000,747.14372593,1784712599999,1791376157436,legacy_historical,,,,,,,,,
1784712600000,746.96443886,1784713499999,1791376157436,legacy_historical,,,,,,,,,
1784713500000,747.07793416,1784714399999,1791376157436,legacy_historical,,,,,,,,,
1784714400000,747.05108897,1784715299999,1791376157436,legacy_historical,,,,,,,,,
1784715300000,747.62505083,1784716199999,1791376157436,legacy_historical,,,,,,,,,
1784716200000,747.09805141,1784717099999,1791376157436,legacy_historical,,,,,,,,,
1784717100000,747.35817923,1784717999999,1791376157436,legacy_historical,,,,,,,,,
1784718000000,747.04326275,1784718899999,1791376157436,legacy_historical,,,,,,,,,
1784718900000,746.80450488,1784719799999,1791376157436,legacy_historical,,,,,,,,,
1784719800000,746.11876356,1784720699999,1791376157436,legacy_historical,,,,,,,,,
1784720700000,746.13794441,1784721599999,1791376157436,legacy_historical,,,,,,,,,
1784721600000,746.25805253,1784722499999,1791376157436,legacy_historical,,,,,,,,,
1784722500000,746.0852874,1784723399999,1791376157436,legacy_historical,,,,,,,,,
1784723400000,746.53814607,1784724299999,1791376157436,legacy_historical,,,,,,,,,
1784724300000,746.01212042,1784725199999,1791376157436,legacy_historical,,,,,,,,,
1784725200000,746.33070668,1784726099999,1791376157436,legacy_historical,,,,,,,,,
1784726100000,747.21606548,1784726999999,1791376157436,legacy_historical,,,,,,,,,
1784727000000,748.14013169,1784727899999,1791376157436,legacy_historical,,,,,,,,,
1784727900000,749.28755265,1784728799999,1791376157436,legacy_historical,,,,,,,,,
1784728800000,748.80467346,1784729699999,1791376157436,legacy_historical,,,,,,,,,
1784729700000,747.84985128,1784730599999,1791376157436,legacy_historical,,,,,,,,,
1784730600000,747.38582887,1784731499999,1791376157436,legacy_historical,,,,,,,,,
1784731500000,748.43419203,1784732399999,1791376157436,legacy_historical,,,,,,,,,
1784732400000,749.3098694,1784733299999,1791376157436,legacy_historical,,,,,,,,,
1784733300000,749.90439505,1784734199999,1791376157436,legacy_historical,,,,,,,,,
1784734200000,749.46618273,1784735099999,1791376157436,legacy_historical,,,,,,,,,
1784735100000,750.20127106,1784735999999,1791376157436,legacy_historical,,,,,,,,,
1784736000000,750.1639394,1784736899999,1791376157436,legacy_historical,,,,,,,,,
1784736900000,750.31091572,1784737799999,1791376157436,legacy_historical,,,,,,,,,
1784737800000,750.13158129,1784738699999,1791376157436,legacy_historical,,,,,,,,,
1784738700000,750.20754734,1784739599999,1791376157436,legacy_historical,,,,,,,,,
1784739600000,749.74610107,1784740499999,1791376157436,legacy_historical,,,,,,,,,
1784740500000,749.53831673,1784741399999,1791376157436,legacy_historical,,,,,,,,,
1784741400000,749.56659536,1784742299999,1791376157436,legacy_historical,,,,,,,,,
1784742300000,748.95139362,1784743199999,1791376157436,legacy_historical,,,,,,,,,
1784743200000,748.53420021,1784744099999,1791376157436,legacy_historical,,,,,,,,,
1784744100000,748.92372305,1784744999999,1791376157436,legacy_historical,,,,,,,,,
1784745000000,748.77821106,1784745899999,1791376157436,legacy_historical,,,,,,,,,
1784745900000,748.87932161,1784746799999,1791376157436,legacy_historical,,,,,,,,,
1784746800000,748.28263795,1784747699999,1791376157436,legacy_historical,,,,,,,,,
1784747700000,748.4061967,1784748599999,1791376157436,legacy_historical,,,,,,,,,
1784748600000,748.26787831,1784749499999,1791376157436,legacy_historical,,,,,,,,,
1784749500000,748.17915637,1784750399999,1791376157436,legacy_historical,,,,,,,,,
1784750400000,749.08305742,1784751299999,1791376157436,legacy_historical,,,,,,,,,
1784751300000,749.00406441,1784752199999,1791376157436,legacy_historical,,,,,,,,,
1784752200000,748.5804474,1784753099999,1791376157436,legacy_historical,,,,,,,,,
1784753100000,748.34498673,1784753999999,1791376157436,legacy_historical,,,,,,,,,
1784754000000,747.89967247,1784754899999,1791376157436,legacy_historical,,,,,,,,,
1784754900000,747.93815953,1784755799999,1791376157436,legacy_historical,,,,,,,,,
1784755800000,747.31547817,1784756699999,1791376157436,legacy_historical,,,,,,,,,
1784756700000,747.29431772,1784757599999,1791376157436,legacy_historical,,,,,,,,,
1784757600000,746.60097061,1784758499999,1791376157436,legacy_historical,,,,,,,,,
1784758500000,746.34016985,1784759399999,1791376157436,legacy_historical,,,,,,,,,
1784759400000,745.87111312,1784760299999,1791376157436,legacy_historical,,,,,,,,,
1784760300000,746.3189317,1784761199999,1791376157436,legacy_historical,,,,,,,,,
1784761200000,746.23358906,1784762099999,1791376157436,legacy_historical,,,,,,,,,
1784762100000,746.1072136,1784762999999,1791376157436,legacy_historical,,,,,,,,,
1784763000000,746.4108638,1784763899999,1791376157436,legacy_historical,,,,,,,,,
1784763900000,746.98181722,1784764799999,1791376157436,legacy_historical,,,,,,,,,
1784764800000,747.3016694,1784765699999,1791376157436,legacy_historical,,,,,,,,,
1784765700000,748.13861472,1784766599999,1791376157436,legacy_historical,,,,,,,,,
1784766600000,748.42328605,1784767499999,1791376157436,legacy_historical,,,,,,,,,
1784767500000,748.61159683,1784768399999,1791376157436,legacy_historical,,,,,,,,,
1784768400000,748.89847843,1784769299999,1791376157436,legacy_historical,,,,,,,,,
1784769300000,748.55336568,1784770199999,1791376157436,legacy_historical,,,,,,,,,
1784770200000,748.12139376,1784771099999,1791376157436,legacy_historical,,,,,,,,,
1784771100000,748.07422268,1784771999999,1791376157436,legacy_historical,,,,,,,,,
1784772000000,747.82638227,1784772899999,1791376157436,legacy_historical,,,,,,,,,
1784772900000,747.26762842,1784773799999,1791376157436,legacy_historical,,,,,,,,,
1784773800000,747.03450761,1784774699999,1791376157436,legacy_historical,,,,,,,,,
1784774700000,747.33452362,1784775599999,1791376157436,legacy_historical,,,,,,,,,
1784775600000,746.63561086,1784776499999,1791376157436,legacy_historical,,,,,,,,,
1784776500000,746.75306706,1784777399999,1791376157436,legacy_historical,,,,,,,,,
1784777400000,746.96793456,1784778299999,1791376157436,legacy_historical,,,,,,,,,
1784778300000,746.96249101,1784779199999,1791376157436,legacy_historical,,,,,,,,,
1784779200000,747.16540726,1784780099999,1791376157436,legacy_historical,,,,,,,,,
1784780100000,747.55129412,1784780999999,1791376157436,legacy_historical,,,,,,,,,
1784781000000,747.2874875,1784781899999,1791376157436,legacy_historical,,,,,,,,,
1784781900000,747.05726735,1784782799999,1791376157436,legacy_historical,,,,,,,,,
1784782800000,746.95003224,1784783699999,1791376157436,legacy_historical,,,,,,,,,
1784783700000,747.55056686,1784784599999,1791376157436,legacy_historical,,,,,,,,,
1784784600000,747.22177406,1784785499999,1791376157436,legacy_historical,,,,,,,,,
1784785500000,746.50432119,1784786399999,1791376157436,legacy_historical,,,,,,,,,
1784786400000,746.70951529,1784787299999,1791376157436,legacy_historical,,,,,,,,,
1784787300000,746.78760591,1784788199999,1791376157436,legacy_historical,,,,,,,,,
1784788200000,746.3043213,1784789099999,1791376157436,legacy_historical,,,,,,,,,
1784789100000,746.25399686,1784789999999,1791376157436,legacy_historical,,,,,,,,,
1784790000000,744.84295493,1784790899999,1791376157436,legacy_historical,,,,,,,,,
1784790900000,745.2985028,1784791799999,1791376157436,legacy_historical,,,,,,,,,
1784791800000,744.21747093,1784792699999,1791376157436,legacy_historical,,,,,,,,,
1784792700000,744.78358392,1784793599999,1791376157436,legacy_historical,,,,,,,,,
1784793600000,746.17799229,1784794499999,1791376157436,legacy_historical,,,,,,,,,
1784794500000,745.63139277,1784795399999,1791376157436,legacy_historical,,,,,,,,,
1784795400000,745.18478045,1784796299999,1791376157436,legacy_historical,,,,,,,,,
1784796300000,746.17559223,1784797199999,1791376157436,legacy_historical,,,,,,,,,
1784797200000,745.88024304,1784798099999,1791376157436,legacy_historical,,,,,,,,,
1784798100000,745.63598146,1784798999999,1791376157436,legacy_historical,,,,,,,,,
1784799000000,745.60639612,1784799899999,1791376157436,legacy_historical,,,,,,,,,
1784799900000,745.4095465,1784800799999,1791376157436,legacy_historical,,,,,,,,,
1784800800000,745.24216976,1784801699999,1791376157436,legacy_historical,,,,,,,,,
1784801700000,745.46384988,1784802599999,1791376157436,legacy_historical,,,,,,,,,
1784802600000,746.19213749,1784803499999,1791376157436,legacy_historical,,,,,,,,,
1784803500000,746.15345144,1784804399999,1791376157436,legacy_historical,,,,,,,,,
1784804400000,745.64847802,1784805299999,1791376157436,legacy_historical,,,,,,,,,
1784805300000,744.76025466,1784806199999,1791376157436,legacy_historical,,,,,,,,,
1784806200000,743.49018839,1784807099999,1791376157436,legacy_historical,,,,,,,,,
1784807100000,744.26392983,1784807999999,1791376157436,legacy_historical,,,,,,,,,
1784808000000,744.00370603,1784808899999,1791376157436,legacy_historical,,,,,,,,,
1784808900000,742.86745114,1784809799999,1791376157436,legacy_historical,,,,,,,,,
1784809800000,741.5051279,1784810699999,1791376157436,legacy_historical,,,,,,,,,
1784810700000,740.99855986,1784811599999,1791376157436,legacy_historical,,,,,,,,,
1784811600000,740.28589197,1784812499999,1791376157436,legacy_historical,,,,,,,,,
1784812500000,739.80555766,1784813399999,1791376157436,legacy_historical,,,,,,,,,
1784813400000,742.43106274,1784814299999,1791376157436,legacy_historical,,,,,,,,,
1784814300000,740.11818888,1784815199999,1791376157436,legacy_historical,,,,,,,,,
1784815200000,740.21868307,1784816099999,1791376157436,legacy_historical,,,,,,,,,
1784816100000,740.1270569,1784816999999,1791376157436,legacy_historical,,,,,,,,,
1784817000000,739.42406846,1784817899999,1791376157436,legacy_historical,,,,,,,,,
1784817900000,738.89302933,1784818799999,1791376157436,legacy_historical,,,,,,,,,
1784818800000,737.1688974,1784819699999,1791376157436,legacy_historical,,,,,,,,,
1784819700000,736.51185712,1784820599999,1791376157436,legacy_historical,,,,,,,,,
1784820600000,737.24706219,1784821499999,1791376157436,legacy_historical,,,,,,,,,
1784821500000,738.36302431,1784822399999,1791376157436,legacy_historical,,,,,,,,,
1784822400000,739.19900628,1784823299999,1791376157436,legacy_historical,,,,,,,,,
1784823300000,740.01018412,1784824199999,1791376157436,legacy_historical,,,,,,,,,
1784824200000,739.61825543,1784825099999,1791376157436,legacy_historical,,,,,,,,,
1784825100000,739.17798614,1784825999999,1791376157436,legacy_historical,,,,,,,,,
1784826000000,739.25498061,1784826899999,1791376157436,legacy_historical,,,,,,,,,
1784826900000,739.44657486,1784827799999,1791376157436,legacy_historical,,,,,,,,,
1784827800000,738.35929125,1784828699999,1791376157436,legacy_historical,,,,,,,,,
1784828700000,737.94779049,1784829599999,1791376157436,legacy_historical,,,,,,,,,
1784829600000,737.73708662,1784830499999,1791376157436,legacy_historical,,,,,,,,,
1784830500000,738.09299749,1784831399999,1791376157436,legacy_historical,,,,,,,,,
1784831400000,737.49455488,1784832299999,1791376157436,legacy_historical,,,,,,,,,
1784832300000,737.60570051,1784833199999,1791376157436,legacy_historical,,,,,,,,,
1784833200000,737.32415027,1784834099999,1791376157436,legacy_historical,,,,,,,,,
1784834100000,738.20480961,1784834999999,1791376157436,legacy_historical,,,,,,,,,
1784835000000,737.04153565,1784835899999,1791376157436,legacy_historical,,,,,,,,,
1784835900000,738.94690688,1784836799999,1791376157436,legacy_historical,,,,,,,,,
1784836800000,739.8330767,1784837699999,1791376157436,legacy_historical,,,,,,,,,
1784837700000,739.94373013,1784838599999,1791376157436,legacy_historical,,,,,,,,,
1784838600000,739.75879691,1784839499999,1791376157436,legacy_historical,,,,,,,,,
1784839500000,739.91447141,1784840399999,1791376157436,legacy_historical,,,,,,,,,
1784840400000,739.8913094,1784841299999,1791376157436,legacy_historical,,,,,,,,,
1784841300000,739.48539015,1784842199999,1791376157436,legacy_historical,,,,,,,,,
1784842200000,739.33502647,1784843099999,1791376157436,legacy_historical,,,,,,,,,
1784843100000,739.36337311,1784843999999,1791376157436,legacy_historical,,,,,,,,,
1784844000000,738.93225277,1784844899999,1791376157436,legacy_historical,,,,,,,,,
1784844900000,739.16212748,1784845799999,1791376157436,legacy_historical,,,,,,,,,
1784845800000,739.3262395,1784846699999,1791376157436,legacy_historical,,,,,,,,,
1784846700000,739.77838155,1784847599999,1791376157436,legacy_historical,,,,,,,,,
1784847600000,739.4240836,1784848499999,1791376157436,legacy_historical,,,,,,,,,
1784848500000,739.46680108,1784849399999,1791376157436,legacy_historical,,,,,,,,,
1784849400000,739.32659542,1784850299999,1791376157436,legacy_historical,,,,,,,,,
1784850300000,739.35828765,1784851199999,1791376157436,legacy_historical,,,,,,,,,
1784851200000,739.53026755,1784852099999,1791376157436,legacy_historical,,,,,,,,,
1784852100000,739.7775095,1784852999999,1791376157436,legacy_historical,,,,,,,,,
1784853000000,740.10846255,1784853899999,1791376157436,legacy_historical,,,,,,,,,
1784853900000,740.16784074,1784854799999,1791376157436,legacy_historical,,,,,,,,,
1784854800000,740.01930552,1784855699999,1791376157436,legacy_historical,,,,,,,,,
1784855700000,739.96345544,1784856599999,1791376157436,legacy_historical,,,,,,,,,
1784856600000,740.39788084,1784857499999,1791376157436,legacy_historical,,,,,,,,,
1784857500000,739.84353459,1784858399999,1791376157436,legacy_historical,,,,,,,,,
1784858400000,739.88068999,1784859299999,1791376157436,legacy_historical,,,,,,,,,
1784859300000,739.80660061,1784860199999,1791376157436,legacy_historical,,,,,,,,,
1784860200000,739.0447395,1784861099999,1791376157436,legacy_historical,,,,,,,,,
1784861100000,738.71104193,1784861999999,1791376157436,legacy_historical,,,,,,,,,
1784862000000,738.95796621,1784862899999,1791376157436,legacy_historical,,,,,,,,,
1784862900000,738.96247664,1784863799999,1791376157436,legacy_historical,,,,,,,,,
1784863800000,738.67188611,1784864699999,1791376157436,legacy_historical,,,,,,,,,
1784864700000,738.42630623,1784865599999,1791376157436,legacy_historical,,,,,,,,,
1784865600000,738.41874383,1784866499999,1791376157436,legacy_historical,,,,,,,,,
1784866500000,739.13543535,1784867399999,1791376157436,legacy_historical,,,,,,,,,
1784867400000,738.68597619,1784868299999,1791376157436,legacy_historical,,,,,,,,,
1784868300000,739.02289305,1784869199999,1791376157436,legacy_historical,,,,,,,,,
1784869200000,739.24468242,1784870099999,1791376157436,legacy_historical,,,,,,,,,
1784870100000,739.4319945,1784870999999,1791376157436,legacy_historical,,,,,,,,,
1784871000000,739.5049755,1784871899999,1791376157436,legacy_historical,,,,,,,,,
1784871900000,738.97543194,1784872799999,1791376157436,legacy_historical,,,,,,,,,
1784872800000,738.46491861,1784873699999,1791376157436,legacy_historical,,,,,,,,,
1784873700000,738.95563423,1784874599999,1791376157436,legacy_historical,,,,,,,,,
1784874600000,738.54736252,1784875499999,1791376157436,legacy_historical,,,,,,,,,
1784875500000,739.04032699,1784876399999,1791376157436,legacy_historical,,,,,,,,,
1784876400000,740.3047906,1784877299999,1791376157436,legacy_historical,,,,,,,,,
1784877300000,740.83478299,1784878199999,1791376157436,legacy_historical,,,,,,,,,
1784878200000,740.36958809,1784879099999,1791376157436,legacy_historical,,,,,,,,,
1784879100000,740.35750722,1784879999999,1791376157436,legacy_historical,,,,,,,,,
1784880000000,739.84072646,1784880899999,1791376157436,legacy_historical,,,,,,,,,
1784880900000,740.49506397,1784881799999,1791376157436,legacy_historical,,,,,,,,,
1784881800000,740.59620938,1784882699999,1791376157436,legacy_historical,,,,,,,,,
1784882700000,740.37455852,1784883599999,1791376157436,legacy_historical,,,,,,,,,
1784883600000,740.58320395,1784884499999,1791376157436,legacy_historical,,,,,,,,,
1784884500000,741.10059868,1784885399999,1791376157436,legacy_historical,,,,,,,,,
1784885400000,741.32407938,1784886299999,1791376157436,legacy_historical,,,,,,,,,
1784886300000,741.30911023,1784887199999,1791376157436,legacy_historical,,,,,,,,,
1784887200000,740.80602918,1784888099999,1791376157436,legacy_historical,,,,,,,,,
1784888100000,740.81284066,1784888999999,1791376157436,legacy_historical,,,,,,,,,
1784889000000,740.77878601,1784889899999,1791376157436,legacy_historical,,,,,,,,,
1784889900000,740.57269037,1784890799999,1791376157436,legacy_historical,,,,,,,,,
1784890800000,740.79139527,1784891699999,1791376157436,legacy_historical,,,,,,,,,
1784891700000,740.64981424,1784892599999,1791376157436,legacy_historical,,,,,,,,,
1784892600000,740.27155595,1784893499999,1791376157436,legacy_historical,,,,,,,,,
1784893500000,741.19644187,1784894399999,1791376157436,legacy_historical,,,,,,,,,
1784894400000,741.3814933,1784895299999,1791376157436,legacy_historical,,,,,,,,,
1784895300000,741.33260226,1784896199999,1791376157436,legacy_historical,,,,,,,,,
1784896200000,740.32784235,1784897099999,1791376157436,legacy_historical,,,,,,,,,
1784897100000,739.83471409,1784897999999,1791376157436,legacy_historical,,,,,,,,,
1784898000000,739.81261482,1784898899999,1791376157436,legacy_historical,,,,,,,,,
1784898900000,739.32093404,1784899799999,1791376157436,legacy_historical,,,,,,,,,
1784899800000,739.48249634,1784900699999,1791376157436,legacy_historical,,,,,,,,,
1784900700000,738.24599404,1784901599999,1791376157436,legacy_historical,,,,,,,,,
1784901600000,740.24272441,1784902499999,1791376157436,legacy_historical,,,,,,,,,
1784902500000,740.03601613,1784903399999,1791376157436,legacy_historical,,,,,,,,,
1784903400000,738.74450066,1784904299999,1791376157436,legacy_historical,,,,,,,,,
1784904300000,741.18075902,1784905199999,1791376157436,legacy_historical,,,,,,,,,
1784905200000,742.65506681,1784906099999,1791376157436,legacy_historical,,,,,,,,,
1784906100000,743.32384495,1784906999999,1791376157436,legacy_historical,,,,,,,,,
1784907000000,743.06266169,1784907899999,1791376157436,legacy_historical,,,,,,,,,
1784907900000,743.71654575,1784908799999,1791376157436,legacy_historical,,,,,,,,,
1784908800000,743.61328858,1784909699999,1791376157436,legacy_historical,,,,,,,,,
1784909700000,743.95192535,1784910599999,1791376157436,legacy_historical,,,,,,,,,
1784910600000,742.42084706,1784911499999,1791376157436,legacy_historical,,,,,,,,,
1784911500000,742.17065432,1784912399999,1791376157436,legacy_historical,,,,,,,,,
1784912400000,741.65300699,1784913299999,1791376157436,legacy_historical,,,,,,,,,
1784913300000,742.30754467,1784914199999,1791376157436,legacy_historical,,,,,,,,,
1784914200000,741.77403353,1784915099999,1791376157436,legacy_historical,,,,,,,,,
1784915100000,741.79460085,1784915999999,1791376157436,legacy_historical,,,,,,,,,
1784916000000,741.2433813,1784916899999,1791376157436,legacy_historical,,,,,,,,,
1784916900000,739.73858861,1784917799999,1791376157436,legacy_historical,,,,,,,,,
1784917800000,738.54851094,1784918699999,1791376157436,legacy_historical,,,,,,,,,
1784918700000,739.08304547,1784919599999,1791376157436,legacy_historical,,,,,,,,,
1784919600000,738.314939,1784920499999,1791376157436,legacy_historical,,,,,,,,,
1784920500000,738.37858166,1784921399999,1791376157436,legacy_historical,,,,,,,,,
1784921400000,738.87134483,1784922299999,1791376157436,legacy_historical,,,,,,,,,
1784922300000,739.53546077,1784923199999,1791376157436,legacy_historical,,,,,,,,,
1784923200000,739.2833843,1784924099999,1791376157436,legacy_historical,,,,,,,,,
1784924100000,739.2349684,1784924999999,1791376157436,legacy_historical,,,,,,,,,
1784925000000,739.26046878,1784925899999,1791376157436,legacy_historical,,,,,,,,,
1784925900000,739.18596339,1784926799999,1791376157436,legacy_historical,,,,,,,,,
1784926800000,738.77348557,1784927699999,1791376157436,legacy_historical,,,,,,,,,
1784927700000,738.98648113,1784928599999,1791376157436,legacy_historical,,,,,,,,,
1784928600000,739.48266396,1784929499999,1791376157436,legacy_historical,,,,,,,,,
1784929500000,739.5301451,1784930399999,1791376157436,legacy_historical,,,,,,,,,
1784930400000,739.43574574,1784931299999,1791376157436,legacy_historical,,,,,,,,,
1784931300000,739.45966844,1784932199999,1791376157436,legacy_historical,,,,,,,,,
1784932200000,739.58263289,1784933099999,1791376157436,legacy_historical,,,,,,,,,
1784933100000,739.4164972,1784933999999,1791376157436,legacy_historical,,,,,,,,,
1784934000000,739.60359982,1784934899999,1791376157436,legacy_historical,,,,,,,,,
1784934900000,739.56369628,1784935799999,1791376157436,legacy_historical,,,,,,,,,
1784935800000,739.44688435,1784936699999,1791376157436,legacy_historical,,,,,,,,,
1784936700000,738.87034237,1784937599999,1791376157436,legacy_historical,,,,,,,,,
1784937600000,739.34881919,1784938499999,1791376157436,legacy_historical,,,,,,,,,
1784938500000,739.62354262,1784939399999,1791376157436,legacy_historical,,,,,,,,,
1784939400000,739.65615447,1784940299999,1791376157436,legacy_historical,,,,,,,,,
1784940300000,739.59625552,1784941199999,1791376157436,legacy_historical,,,,,,,,,
1784941200000,739.54444852,1784942099999,1791376157436,legacy_historical,,,,,,,,,
1784942100000,739.51621139,1784942999999,1791376157436,legacy_historical,,,,,,,,,
1784943000000,739.50444556,1784943899999,1791376157436,legacy_historical,,,,,,,,,
1784943900000,739.42793677,1784944799999,1791376157436,legacy_historical,,,,,,,,,
1784944800000,739.38196825,1784945699999,1791376157436,legacy_historical,,,,,,,,,
1784945700000,739.33862115,1784946599999,1791376157436,legacy_historical,,,,,,,,,
1784946600000,739.32854934,1784947499999,1791376157436,legacy_historical,,,,,,,,,
1784947500000,739.31805899,1784948399999,1791376157436,legacy_historical,,,,,,,,,
1784948400000,739.29542283,1784949299999,1791376157436,legacy_historical,,,,,,,,,
1784949300000,739.40407039,1784950199999,1791376157436,legacy_historical,,,,,,,,,
1784950200000,739.58457423,1784951099999,1791376157436,legacy_historical,,,,,,,,,
1784951100000,739.60993912,1784951999999,1791376157436,legacy_historical,,,,,,,,,
1784952000000,739.64199011,1784952899999,1791376157436,legacy_historical,,,,,,,,,
1784952900000,739.70526214,1784953799999,1791376157436,legacy_historical,,,,,,,,,
1784953800000,739.96871591,1784954699999,1791376157436,legacy_historical,,,,,,,,,
1784954700000,740.06604679,1784955599999,1791376157436,legacy_historical,,,,,,,,,
1784955600000,740.39777328,1784956499999,1791376157436,legacy_historical,,,,,,,,,
1784956500000,740.60375583,1784957399999,1791376157436,legacy_historical,,,,,,,,,
1784957400000,740.65494517,1784958299999,1791376157436,legacy_historical,,,,,,,,,
1784958300000,740.67200567,1784959199999,1791376157436,legacy_historical,,,,,,,,,
1784959200000,740.65910408,1784960099999,1791376157436,legacy_historical,,,,,,,,,
1784960100000,740.61849926,1784960999999,1791376157436,legacy_historical,,,,,,,,,
1784961000000,740.61033051,1784961899999,1791376157436,legacy_historical,,,,,,,,,
1784961900000,740.6016375,1784962799999,1791376157436,legacy_historical,,,,,,,,,
1784962800000,740.58377775,1784963699999,1791376157436,legacy_historical,,,,,,,,,
1784963700000,740.62364476,1784964599999,1791376157436,legacy_historical,,,,,,,,,
1784964600000,740.73554749,1784965499999,1791376157436,legacy_historical,,,,,,,,,
1784965500000,740.81572773,1784966399999,1791376157436,legacy_historical,,,,,,,,,
1784966400000,740.74965747,1784967299999,1791376157436,legacy_historical,,,,,,,,,
1784967300000,740.8021488,1784968199999,1791376157436,legacy_historical,,,,,,,,,
1784968200000,740.83139878,1784969099999,1791376157436,legacy_historical,,,,,,,,,
1784969100000,740.71533251,1784969999999,1791376157436,legacy_historical,,,,,,,,,
1784970000000,740.49790905,1784970899999,1791376157436,legacy_historical,,,,,,,,,
1784970900000,740.47077585,1784971799999,1791376157436,legacy_historical,,,,,,,,,
1784971800000,740.58785545,1784972699999,1791376157436,legacy_historical,,,,,,,,,
1784972700000,740.63700322,1784973599999,1791376157436,legacy_historical,,,,,,,,,
1784973600000,740.57665282,1784974499999,1791376157436,legacy_historical,,,,,,,,,
1784974500000,740.37420025,1784975399999,1791376157436,legacy_historical,,,,,,,,,
1784975400000,740.230784,1784976299999,1791376157436,legacy_historical,,,,,,,,,
1784976300000,740.28234252,1784977199999,1791376157436,legacy_historical,,,,,,,,,
1784977200000,740.29010667,1784978099999,1791376157436,legacy_historical,,,,,,,,,
1784978100000,740.29998922,1784978999999,1791376157436,legacy_historical,,,,,,,,,
1784979000000,740.10889228,1784979899999,1791376157436,legacy_historical,,,,,,,,,
1784979900000,740.15481358,1784980799999,1791376157436,legacy_historical,,,,,,,,,
1784980800000,740.29148643,1784981699999,1791376157436,legacy_historical,,,,,,,,,
1784981700000,740.37878549,1784982599999,1791376157436,legacy_historical,,,,,,,,,
1784982600000,740.42123435,1784983499999,1791376157436,legacy_historical,,,,,,,,,
1784983500000,740.44407034,1784984399999,1791376157436,legacy_historical,,,,,,,,,
1784984400000,740.44084124,1784985299999,1791376157436,legacy_historical,,,,,,,,,
1784985300000,740.42593829,1784986199999,1791376157436,legacy_historical,,,,,,,,,
1784986200000,740.49391394,1784987099999,1791376157436,legacy_historical,,,,,,,,,
1784987100000,740.52298415,1784987999999,1791376157436,legacy_historical,,,,,,,,,
1784988000000,740.45388899,1784988899999,1791376157436,legacy_historical,,,,,,,,,
1784988900000,740.39070677,1784989799999,1791376157436,legacy_historical,,,,,,,,,
1784989800000,740.52682436,1784990699999,1791376157436,legacy_historical,,,,,,,,,
1784990700000,740.51249819,1784991599999,1791376157436,legacy_historical,,,,,,,,,
1784991600000,740.55809725,1784992499999,1791376157436,legacy_historical,,,,,,,,,
1784992500000,740.59630794,1784993399999,1791376157436,legacy_historical,,,,,,,,,
1784993400000,740.56971773,1784994299999,1791376157436,legacy_historical,,,,,,,,,
1784994300000,740.38484509,1784995199999,1791376157436,legacy_historical,,,,,,,,,
1784995200000,740.3821979,1784996099999,1791376157436,legacy_historical,,,,,,,,,
1784996100000,740.28825995,1784996999999,1791376157436,legacy_historical,,,,,,,,,
1784997000000,740.23687189,1784997899999,1791376157436,legacy_historical,,,,,,,,,
1784997900000,740.220707,1784998799999,1791376157436,legacy_historical,,,,,,,,,
1784998800000,740.44837385,1784999699999,1791376157436,legacy_historical,,,,,,,,,
1784999700000,740.59894226,1785000599999,1791376157436,legacy_historical,,,,,,,,,
1785000600000,741.00142002,1785001499999,1791376157436,legacy_historical,,,,,,,,,
1785001500000,741.4332166,1785002399999,1791376157436,legacy_historical,,,,,,,,,
1785002400000,741.6243171,1785003299999,1791376157436,legacy_historical,,,,,,,,,
1785003300000,741.57286313,1785004199999,1791376157436,legacy_historical,,,,,,,,,
1785004200000,741.48787907,1785005099999,1791376157436,legacy_historical,,,,,,,,,
1785005100000,741.49176634,1785005999999,1791376157436,legacy_historical,,,,,,,,,
1785006000000,741.46826196,1785006899999,1791376157436,legacy_historical,,,,,,,,,
1785006900000,741.4861796,1785007799999,1791376157436,legacy_historical,,,,,,,,,
1785007800000,741.4545315,1785008699999,1791376157436,legacy_historical,,,,,,,,,
1785008700000,741.45812637,1785009599999,1791376157436,legacy_historical,,,,,,,,,
1785009600000,741.37969306,1785010499999,1791376157436,legacy_historical,,,,,,,,,
1785010500000,741.32978648,1785011399999,1791376157436,legacy_historical,,,,,,,,,
1785011400000,741.46100051,1785012299999,1791376157436,legacy_historical,,,,,,,,,
1785012300000,741.60518324,1785013199999,1791376157436,legacy_historical,,,,,,,,,
1785013200000,741.62999329,1785014099999,1791376157436,legacy_historical,,,,,,,,,
1785014100000,741.66586609,1785014999999,1791376157436,legacy_historical,,,,,,,,,
1785015000000,741.72537355,1785015899999,1791376157436,legacy_historical,,,,,,,,,
1785015900000,741.65908979,1785016799999,1791376157436,legacy_historical,,,,,,,,,
1785016800000,741.58252673,1785017699999,1791376157436,legacy_historical,,,,,,,,,
1785017700000,741.65624764,1785018599999,1791376157436,legacy_historical,,,,,,,,,
1785018600000,741.76008801,1785019499999,1791376157436,legacy_historical,,,,,,,,,
1785019500000,741.89288635,1785020399999,1791376157436,legacy_historical,,,,,,,,,
1785020400000,741.96883808,1785021299999,1791376157436,legacy_historical,,,,,,,,,
1785021300000,742.00842215,1785022199999,1791376157436,legacy_historical,,,,,,,,,
1785022200000,741.99683033,1785023099999,1791376157436,legacy_historical,,,,,,,,,
1785023100000,741.9376004,1785023999999,1791376157436,legacy_historical,,,,,,,,,
1785024000000,742.01371733,1785024899999,1791376157436,legacy_historical,,,,,,,,,
1785024900000,742.10725705,1785025799999,1791376157436,legacy_historical,,,,,,,,,
1785025800000,742.15418216,1785026699999,1791376157436,legacy_historical,,,,,,,,,
1785026700000,742.17837274,1785027599999,1791376157436,legacy_historical,,,,,,,,,
1785027600000,742.28813438,1785028499999,1791376157436,legacy_historical,,,,,,,,,
1785028500000,742.31419238,1785029399999,1791376157436,legacy_historical,,,,,,,,,
1785029400000,742.42128675,1785030299999,1791376157436,legacy_historical,,,,,,,,,
1785030300000,742.50189518,1785031199999,1791376157436,legacy_historical,,,,,,,,,
1785031200000,742.47418314,1785032099999,1791376157436,legacy_historical,,,,,,,,,
1785032100000,742.48773246,1785032999999,1791376157436,legacy_historical,,,,,,,,,
1785033000000,742.4254218,1785033899999,1791376157436,legacy_historical,,,,,,,,,
1785033900000,742.35387919,1785034799999,1791376157436,legacy_historical,,,,,,,,,
1785034800000,742.37829236,1785035699999,1791376157436,legacy_historical,,,,,,,,,
1785035700000,742.4463089,1785036599999,1791376157436,legacy_historical,,,,,,,,,
1785036600000,742.44454236,1785037499999,1791376157436,legacy_historical,,,,,,,,,
1785037500000,742.45380116,1785038399999,1791376157436,legacy_historical,,,,,,,,,
1785038400000,742.48614532,1785039299999,1791376157436,legacy_historical,,,,,,,,,
1785039300000,742.50617915,1785040199999,1791376157436,legacy_historical,,,,,,,,,
1785040200000,742.48053938,1785041099999,1791376157436,legacy_historical,,,,,,,,,
1785041100000,742.47312147,1785041999999,1791376157436,legacy_historical,,,,,,,,,
1785042000000,742.41645399,1785042899999,1791376157436,legacy_historical,,,,,,,,,
1785042900000,742.34114846,1785043799999,1791376157436,legacy_historical,,,,,,,,,
1785043800000,742.24530352,1785044699999,1791376157436,legacy_historical,,,,,,,,,
1785044700000,742.19260314,1785045599999,1791376157436,legacy_historical,,,,,,,,,
1785045600000,742.10209648,1785046499999,1791376157436,legacy_historical,,,,,,,,,
1785046500000,741.9321945,1785047399999,1791376157436,legacy_historical,,,,,,,,,
1785047400000,742.00264666,1785048299999,1791376157436,legacy_historical,,,,,,,,,
1785048300000,742.1527866,1785049199999,1791376157436,legacy_historical,,,,,,,,,
1785049200000,742.18587304,1785050099999,1791376157436,legacy_historical,,,,,,,,,
1785050100000,742.1866439,1785050999999,1791376157436,legacy_historical,,,,,,,,,
1785051000000,742.27869454,1785051899999,1791376157436,legacy_historical,,,,,,,,,
1785051900000,742.3093716,1785052799999,1791376157436,legacy_historical,,,,,,,,,
1785052800000,742.33063744,1785053699999,1791376157436,legacy_historical,,,,,,,,,
1785053700000,742.44805908,1785054599999,1791376157436,legacy_historical,,,,,,,,,
1785054600000,742.58735918,1785055499999,1791376157436,legacy_historical,,,,,,,,,
1785055500000,742.62920049,1785056399999,1791376157436,legacy_historical,,,,,,,,,
1785056400000,742.6594754,1785057299999,1791376157436,legacy_historical,,,,,,,,,
1785057300000,742.72037309,1785058199999,1791376157436,legacy_historical,,,,,,,,,
1785058200000,742.80099982,1785059099999,1791376157436,legacy_historical,,,,,,,,,
1785059100000,742.85292045,1785059999999,1791376157436,legacy_historical,,,,,,,,,
1785060000000,742.90154287,1785060899999,1791376157436,legacy_historical,,,,,,,,,
1785060900000,742.94230745,1785061799999,1791376157436,legacy_historical,,,,,,,,,
1785061800000,743.0827109,1785062699999,1791376157436,legacy_historical,,,,,,,,,
1785062700000,743.13105128,1785063599999,1791376157436,legacy_historical,,,,,,,,,
1785063600000,743.2163749,1785064499999,1791376157436,legacy_historical,,,,,,,,,
1785064500000,743.19638888,1785065399999,1791376157436,legacy_historical,,,,,,,,,
1785065400000,743.274919,1785066299999,1791376157436,legacy_historical,,,,,,,,,
1785066300000,743.28540326,1785067199999,1791376157436,legacy_historical,,,,,,,,,
1785067200000,743.28550351,1785068099999,1791376157436,legacy_historical,,,,,,,,,
1785068100000,743.27442287,1785068999999,1791376157436,legacy_historical,,,,,,,,,
1785069000000,743.50631124,1785069899999,1791376157436,legacy_historical,,,,,,,,,
1785069900000,743.5026463,1785070799999,1791376157436,legacy_historical,,,,,,,,,
1785070800000,743.43830053,1785071699999,1791376157436,legacy_historical,,,,,,,,,
1785071700000,743.41941516,1785072599999,1791376157436,legacy_historical,,,,,,,,,
1785072600000,743.44943889,1785073499999,1791376157436,legacy_historical,,,,,,,,,
1785073500000,743.48729035,1785074399999,1791376157436,legacy_historical,,,,,,,,,
1785074400000,743.67204883,1785075299999,1791376157436,legacy_historical,,,,,,,,,
1785075300000,743.55068536,1785076199999,1791376157436,legacy_historical,,,,,,,,,
1785076200000,743.44103357,1785077099999,1791376157436,legacy_historical,,,,,,,,,
1785077100000,743.48672275,1785077999999,1791376157436,legacy_historical,,,,,,,,,
1785078000000,743.48818849,1785078899999,1791376157436,legacy_historical,,,,,,,,,
1785078900000,743.64771038,1785079799999,1791376157436,legacy_historical,,,,,,,,,
1785079800000,743.64816067,1785080699999,1791376157436,legacy_historical,,,,,,,,,
1785080700000,743.56881865,1785081599999,1791376157436,legacy_historical,,,,,,,,,
1785081600000,743.69011768,1785082499999,1791376157436,legacy_historical,,,,,,,,,
1785082500000,743.73633657,1785083399999,1791376157436,legacy_historical,,,,,,,,,
1785083400000,743.88846514,1785084299999,1791376157436,legacy_historical,,,,,,,,,
1785084300000,743.91478621,1785085199999,1791376157436,legacy_historical,,,,,,,,,
1785085200000,743.85495622,1785086099999,1791376157436,legacy_historical,,,,,,,,,
1785086100000,743.84301385,1785086999999,1791376157436,legacy_historical,,,,,,,,,
1785087000000,743.84328313,1785087899999,1791376157436,legacy_historical,,,,,,,,,
1785087900000,743.84574828,1785088799999,1791376157436,legacy_historical,,,,,,,,,
1785088800000,743.76335737,1785089699999,1791376157436,legacy_historical,,,,,,,,,
1785089700000,743.69152444,1785090599999,1791376157436,legacy_historical,,,,,,,,,
1785090600000,743.58981026,1785091499999,1791376157436,legacy_historical,,,,,,,,,
1785091500000,743.47521925,1785092399999,1791376157436,legacy_historical,,,,,,,,,
1785092400000,743.27040145,1785093299999,1791376157436,legacy_historical,,,,,,,,,
1785093300000,743.04266224,1785094199999,1791376157436,legacy_historical,,,,,,,,,
1785094200000,742.91056622,1785095099999,1791376157436,legacy_historical,,,,,,,,,
1785095100000,742.79181657,1785095999999,1791376157436,legacy_historical,,,,,,,,,
1785096000000,742.66091597,1785096899999,1791376157436,legacy_historical,,,,,,,,,
1785096900000,742.53065014,1785097799999,1791376157436,legacy_historical,,,,,,,,,
1785097800000,742.44607698,1785098699999,1791376157436,legacy_historical,,,,,,,,,
1785098700000,742.43185138,1785099599999,1791376157436,legacy_historical,,,,,,,,,
1785099600000,742.43941101,1785100499999,1791376157436,legacy_historical,,,,,,,,,
1785100500000,742.386778,1785101399999,1791376157436,legacy_historical,,,,,,,,,
1785101400000,742.45443085,1785102299999,1791376157436,legacy_historical,,,,,,,,,
1785102300000,742.54096102,1785103199999,1791376157436,legacy_historical,,,,,,,,,
1785103200000,743.24069405,1785104099999,1791376157436,legacy_historical,,,,,,,,,
1785104100000,743.64796192,1785104999999,1791376157436,legacy_historical,,,,,,,,,
1785105000000,743.94511316,1785105899999,1791376157436,legacy_historical,,,,,,,,,
1785105900000,743.99093328,1785106799999,1791376157436,legacy_historical,,,,,,,,,
1785106800000,744.13666844,1785107699999,1791376157436,legacy_historical,,,,,,,,,
1785107700000,744.30846998,1785108599999,1791376157436,legacy_historical,,,,,,,,,
1785108600000,744.53847184,1785109499999,1791376157436,legacy_historical,,,,,,,,,
1785109500000,744.94389365,1785110399999,1791376157436,legacy_historical,,,,,,,,,
1785110400000,745.66690186,1785111299999,1791376157436,legacy_historical,,,,,,,,,
1785111300000,744.81886168,1785112199999,1791376157436,legacy_historical,,,,,,,,,
1785112200000,744.3360449,1785113099999,1791376157436,legacy_historical,,,,,,,,,
1785113100000,744.15327458,1785113999999,1791376157436,legacy_historical,,,,,,,,,
1785114000000,743.90745541,1785114899999,1791376157436,legacy_historical,,,,,,,,,
1785114900000,743.88201008,1785115799999,1791376157436,legacy_historical,,,,,,,,,
1785115800000,744.40525075,1785116699999,1791376157436,legacy_historical,,,,,,,,,
1785116700000,744.64076667,1785117599999,1791376157436,legacy_historical,,,,,,,,,
1785117600000,744.67410769,1785118499999,1791376157436,legacy_historical,,,,,,,,,
1785118500000,744.89480948,1785119399999,1791376157436,legacy_historical,,,,,,,,,
1785119400000,744.91603346,1785120299999,1791376157436,legacy_historical,,,,,,,,,
1785120300000,744.77058944,1785121199999,1791376157436,legacy_historical,,,,,,,,,
1785121200000,745.09419517,1785122099999,1791376157436,legacy_historical,,,,,,,,,
1785122100000,744.95385588,1785122999999,1791376157436,legacy_historical,,,,,,,,,
1785123000000,744.90857699,1785123899999,1791376157436,legacy_historical,,,,,,,,,
1785123900000,744.77688188,1785124799999,1791376157436,legacy_historical,,,,,,,,,
1785124800000,745.00012063,1785125699999,1791376157436,legacy_historical,,,,,,,,,
1785125700000,745.0083296,1785126599999,1791376157436,legacy_historical,,,,,,,,,
1785126600000,745.29231958,1785127499999,1791376157436,legacy_historical,,,,,,,,,
1785127500000,745.24681939,1785128399999,1791376157436,legacy_historical,,,,,,,,,
1785128400000,745.7332504,1785129299999,1791376157436,legacy_historical,,,,,,,,,
1785129300000,745.84616198,1785130199999,1791376157436,legacy_historical,,,,,,,,,
1785130200000,745.98837734,1785131099999,1791376157436,legacy_historical,,,,,,,,,
1785131100000,746.2433962,1785131999999,1791376157436,legacy_historical,,,,,,,,,
1785132000000,746.51414622,1785132899999,1791376157436,legacy_historical,,,,,,,,,
1785132900000,746.26606515,1785133799999,1791376157436,legacy_historical,,,,,,,,,
1785133800000,746.14474847,1785134699999,1791376157436,legacy_historical,,,,,,,,,
1785134700000,746.03113695,1785135599999,1791376157436,legacy_historical,,,,,,,,,
1785135600000,746.5076234,1785136499999,1791376157436,legacy_historical,,,,,,,,,
1785136500000,746.17064123,1785137399999,1791376157436,legacy_historical,,,,,,,,,
1785137400000,745.94537988,1785138299999,1791376157436,legacy_historical,,,,,,,,,
1785138300000,745.38570302,1785139199999,1791376157436,legacy_historical,,,,,,,,,
1785139200000,745.97877914,1785140099999,1791376157436,legacy_historical,,,,,,,,,
1785140100000,746.25152381,1785140999999,1791376157436,legacy_historical,,,,,,,,,
1785141000000,746.59192304,1785141899999,1791376157436,legacy_historical,,,,,,,,,
1785141900000,746.6812055,1785142799999,1791376157436,legacy_historical,,,,,,,,,
1785142800000,746.47419986,1785143699999,1791376157436,legacy_historical,,,,,,,,,
1785143700000,746.65063455,1785144599999,1791376157436,legacy_historical,,,,,,,,,
1785144600000,746.96370443,1785145499999,1791376157436,legacy_historical,,,,,,,,,
1785145500000,747.0346905,1785146399999,1791376157436,legacy_historical,,,,,,,,,
1785146400000,746.88929313,1785147299999,1791376157436,legacy_historical,,,,,,,,,
1785147300000,746.87408756,1785148199999,1791376157436,legacy_historical,,,,,,,,,
1785148200000,747.0168161,1785149099999,1791376157436,legacy_historical,,,,,,,,,
1785149100000,746.9675271,1785149999999,1791376157436,legacy_historical,,,,,,,,,
1785150000000,746.60638753,1785150899999,1791376157436,legacy_historical,,,,,,,,,
1785150900000,746.10637872,1785151799999,1791376157436,legacy_historical,,,,,,,,,
1785151800000,746.03620347,1785152699999,1791376157436,legacy_historical,,,,,,,,,
1785152700000,745.97564551,1785153599999,1791376157436,legacy_historical,,,,,,,,,
1785153600000,745.35215592,1785154499999,1791376157436,legacy_historical,,,,,,,,,
1785154500000,744.68299585,1785155399999,1791376157436,legacy_historical,,,,,,,,,
1785155400000,745.95829903,1785156299999,1791376157436,legacy_historical,,,,,,,,,
1785156300000,746.06654123,1785157199999,1791376157436,legacy_historical,,,,,,,,,
1785157200000,746.07342276,1785158099999,1791376157436,legacy_historical,,,,,,,,,
1785158100000,745.68226243,1785158999999,1791376157436,legacy_historical,,,,,,,,,
1785159000000,744.22727001,1785159899999,1791376157436,legacy_historical,,,,,,,,,
1785159900000,742.43846058,1785160799999,1791376157436,legacy_historical,,,,,,,,,
1785160800000,741.74177557,1785161699999,1791376157436,legacy_historical,,,,,,,,,
1785161700000,739.21145998,1785162599999,1791376157436,legacy_historical,,,,,,,,,
1785162600000,737.59982271,1785163499999,1791376157436,legacy_historical,,,,,,,,,
1785163500000,740.47790542,1785164399999,1791376157436,legacy_historical,,,,,,,,,
1785164400000,740.19536579,1785165299999,1791376157436,legacy_historical,,,,,,,,,
1785165300000,739.05049277,1785166199999,1791376157436,legacy_historical,,,,,,,,,
1785166200000,738.15589311,1785167099999,1791376157436,legacy_historical,,,,,,,,,
1785167100000,738.32309907,1785167999999,1791376157436,legacy_historical,,,,,,,,,
1785168000000,738.40134607,1785168899999,1791376157436,legacy_historical,,,,,,,,,
1785168900000,739.51731805,1785169799999,1791376157436,legacy_historical,,,,,,,,,
1785169800000,739.17308734,1785170699999,1791376157436,legacy_historical,,,,,,,,,
1785170700000,737.85770461,1785171599999,1791376157436,legacy_historical,,,,,,,,,
1785171600000,737.40777557,1785172499999,1791376157436,legacy_historical,,,,,,,,,
1785172500000,737.04516145,1785173399999,1791376157436,legacy_historical,,,,,,,,,
1785173400000,737.52298813,1785174299999,1791376157436,legacy_historical,,,,,,,,,
1785174300000,738.57677788,1785175199999,1791376157436,legacy_historical,,,,,,,,,
1785175200000,738.58988795,1785176099999,1791376157436,legacy_historical,,,,,,,,,
1785176100000,738.49040266,1785176999999,1791376157436,legacy_historical,,,,,,,,,
1785177000000,738.15553946,1785177899999,1791376157436,legacy_historical,,,,,,,,,
1785177900000,739.78844335,1785178799999,1791376157436,legacy_historical,,,,,,,,,
1785178800000,739.86689725,1785179699999,1791376157436,legacy_historical,,,,,,,,,
1785179700000,740.39699997,1785180599999,1791376157436,legacy_historical,,,,,,,,,
1785180600000,739.73136073,1785181499999,1791376157436,legacy_historical,,,,,,,,,
1785181500000,739.76018017,1785182399999,1791376157436,legacy_historical,,,,,,,,,
1785182400000,739.82834351,1785183299999,1791376157436,legacy_historical,,,,,,,,,
1785183300000,739.82902006,1785184199999,1791376157436,legacy_historical,,,,,,,,,
1785184200000,740.19952068,1785185099999,1791376157436,legacy_historical,,,,,,,,,
1785185100000,740.06320876,1785185999999,1791376157436,legacy_historical,,,,,,,,,
1785186000000,740.44730346,1785186899999,1791376157436,legacy_historical,,,,,,,,,
1785186900000,740.1085704,1785187799999,1791376157436,legacy_historical,,,,,,,,,
1785187800000,740.03596906,1785188699999,1791376157436,legacy_historical,,,,,,,,,
1785188700000,740.12722947,1785189599999,1791376157436,legacy_historical,,,,,,,,,
1785189600000,739.57936282,1785190499999,1791376157436,legacy_historical,,,,,,,,,
1785190500000,739.39044656,1785191399999,1791376157436,legacy_historical,,,,,,,,,
1785191400000,739.45001864,1785192299999,1791376157436,legacy_historical,,,,,,,,,
1785192300000,739.36101,1785193199999,1791376157436,legacy_historical,,,,,,,,,
1785193200000,739.26529418,1785194099999,1791376157436,legacy_historical,,,,,,,,,
1785194100000,739.65359248,1785194999999,1791376157436,legacy_historical,,,,,,,,,
1785195000000,739.33863015,1785195899999,1791376157436,legacy_historical,,,,,,,,,
1785195900000,739.58032495,1785196799999,1791376157436,legacy_historical,,,,,,,,,
1785196800000,739.14475424,1785197699999,1791376157436,legacy_historical,,,,,,,,,
1785197700000,739.10621183,1785198599999,1791376157436,legacy_historical,,,,,,,,,
1785198600000,739.30453023,1785199499999,1791376157436,legacy_historical,,,,,,,,,
1785199500000,738.84920014,1785200399999,1791376157436,legacy_historical,,,,,,,,,
1785200400000,737.6853657,1785201299999,1791376157436,legacy_historical,,,,,,,,,
1785201300000,738.8544296,1785202199999,1791376157436,legacy_historical,,,,,,,,,
1785202200000,739.04987046,1785203099999,1791376157436,legacy_historical,,,,,,,,,
1785203100000,738.40131863,1785203999999,1791376157436,legacy_historical,,,,,,,,,
1785204000000,738.05763965,1785204899999,1791376157436,legacy_historical,,,,,,,,,
1785204900000,738.05095781,1785205799999,1791376157436,legacy_historical,,,,,,,,,
1785205800000,737.80205573,1785206699999,1791376157436,legacy_historical,,,,,,,,,
1785206700000,738.04427985,1785207599999,1791376157436,legacy_historical,,,,,,,,,
1785207600000,737.90383604,1785208499999,1791376157436,legacy_historical,,,,,,,,,
1785208500000,738.05290971,1785209399999,1791376157436,legacy_historical,,,,,,,,,
1785209400000,739.08702928,1785210299999,1791376157436,legacy_historical,,,,,,,,,
1785210300000,739.04287915,1785211199999,1791376157436,legacy_historical,,,,,,,,,
1785211200000,738.16944575,1785212099999,1791376157436,legacy_historical,,,,,,,,,
1785212100000,738.13694313,1785212999999,1791376157436,legacy_historical,,,,,,,,,
1785213000000,738.10209253,1785213899999,1791376157436,legacy_historical,,,,,,,,,
1785213900000,737.76263077,1785214799999,1791376157436,legacy_historical,,,,,,,,,
1785214800000,737.74158737,1785215699999,1791376157436,legacy_historical,,,,,,,,,
1785215700000,737.59311291,1785216599999,1791376157436,legacy_historical,,,,,,,,,
1785216600000,737.25861186,1785217499999,1791376157436,legacy_historical,,,,,,,,,
1785217500000,737.095885,1785218399999,1791376157436,legacy_historical,,,,,,,,,
1785218400000,737.34148855,1785219299999,1791376157436,legacy_historical,,,,,,,,,
1785219300000,737.60865448,1785220199999,1791376157436,legacy_historical,,,,,,,,,
1785220200000,737.8050416,1785221099999,1791376157436,legacy_historical,,,,,,,,,
1785221100000,738.07929762,1785221999999,1791376157436,legacy_historical,,,,,,,,,
1785222000000,738.71788508,1785222899999,1791376157436,legacy_historical,,,,,,,,,
1785222900000,738.60379781,1785223799999,1791376157436,legacy_historical,,,,,,,,,
1785223800000,738.58813656,1785224699999,1791376157436,legacy_historical,,,,,,,,,
1785224700000,738.37462797,1785225599999,1791376157436,legacy_historical,,,,,,,,,
1785225600000,737.75868637,1785226499999,1791376157436,legacy_historical,,,,,,,,,
1785226500000,739.31823963,1785227399999,1791376157436,legacy_historical,,,,,,,,,
1785227400000,739.53570294,1785228299999,1791376157436,legacy_historical,,,,,,,,,
1785228300000,739.32547323,1785229199999,1791376157436,legacy_historical,,,,,,,,,
1785229200000,739.35211415,1785230099999,1791376157436,legacy_historical,,,,,,,,,
1785230100000,739.67683359,1785230999999,1791376157436,legacy_historical,,,,,,,,,
1785231000000,739.37303191,1785231899999,1791376157436,legacy_historical,,,,,,,,,
1785231900000,739.16768654,1785232799999,1791376157436,legacy_historical,,,,,,,,,
1785232800000,739.05060299,1785233699999,1791376157436,legacy_historical,,,,,,,,,
1785233700000,739.29380125,1785234599999,1791376157436,legacy_historical,,,,,,,,,
1785234600000,738.79093883,1785235499999,1791376157436,legacy_historical,,,,,,,,,
1785235500000,739.25000672,1785236399999,1791376157436,legacy_historical,,,,,,,,,
1785236400000,738.50878073,1785237299999,1791376157436,legacy_historical,,,,,,,,,
1785237300000,738.92226664,1785238199999,1791376157436,legacy_historical,,,,,,,,,
1785238200000,739.04125075,1785239099999,1791376157436,legacy_historical,,,,,,,,,
1785239100000,740.11371203,1785239999999,1791376157436,legacy_historical,,,,,,,,,
1785240000000,740.10585811,1785240899999,1791376157436,legacy_historical,,,,,,,,,
1785240900000,740.72567513,1785241799999,1791376157436,legacy_historical,,,,,,,,,
1785241800000,741.01040951,1785242699999,1791376157436,legacy_historical,,,,,,,,,
1785242700000,740.82128323,1785243599999,1791376157436,legacy_historical,,,,,,,,,
1785243600000,740.82456397,1785244499999,1791376157436,legacy_historical,,,,,,,,,
1785244500000,740.18673542,1785245399999,1791376157436,legacy_historical,,,,,,,,,
1785245400000,737.85822074,1785246299999,1791376157436,legacy_historical,,,,,,,,,
1785246300000,737.46502664,1785247199999,1791376157436,legacy_historical,,,,,,,,,
1785247200000,737.39589375,1785248099999,1791376157436,legacy_historical,,,,,,,,,
1785248100000,738.52780572,1785248999999,1791376157436,legacy_historical,,,,,,,,,
1785249000000,739.22246967,1785249899999,1791376157436,legacy_historical,,,,,,,,,
1785249900000,739.59143422,1785250799999,1791376157436,legacy_historical,,,,,,,,,
1785250800000,740.29199742,1785251699999,1791376157436,legacy_historical,,,,,,,,,
1785251700000,742.0640888,1785252599999,1791376157436,legacy_historical,,,,,,,,,
1785252600000,742.86648416,1785253499999,1791376157436,legacy_historical,,,,,,,,,
1785253500000,743.00081496,1785254399999,1791376157436,legacy_historical,,,,,,,,,
1785254400000,742.3847316,1785255299999,1791376157436,legacy_historical,,,,,,,,,
1785255300000,742.07649956,1785256199999,1791376157436,legacy_historical,,,,,,,,,
1785256200000,742.72061777,1785257099999,1791376157436,legacy_historical,,,,,,,,,
1785257100000,743.40278077,1785257999999,1791376157436,legacy_historical,,,,,,,,,
1785258000000,742.10133845,1785258899999,1791376157436,legacy_historical,,,,,,,,,
1785258900000,742.15583484,1785259799999,1791376157436,legacy_historical,,,,,,,,,
1785259800000,741.64938447,1785260699999,1791376157436,legacy_historical,,,,,,,,,
1785260700000,741.94062788,1785261599999,1791376157436,legacy_historical,,,,,,,,,
1785261600000,741.28043708,1785262499999,1791376157436,legacy_historical,,,,,,,,,
1785262500000,741.45251237,1785263399999,1791376157436,legacy_historical,,,,,,,,,
1785263400000,741.63061027,1785264299999,1791376157436,legacy_historical,,,,,,,,,
1785264300000,742.37663807,1785265199999,1791376157436,legacy_historical,,,,,,,,,
1785265200000,742.31397924,1785266099999,1791376157436,legacy_historical,,,,,,,,,
1785266100000,742.57261663,1785266999999,1791376157436,legacy_historical,,,,,,,,,
1785267000000,742.18207976,1785267899999,1791376157436,legacy_historical,,,,,,,,,
1785267900000,741.66667655,1785268799999,1791376157436,legacy_historical,,,,,,,,,
1785268800000,741.74356367,1785269699999,1791376157436,legacy_historical,,,,,,,,,
1785269700000,742.27780227,1785270599999,1791376157436,legacy_historical,,,,,,,,,
1785270600000,741.82683571,1785271499999,1791376157436,legacy_historical,,,,,,,,,
1785271500000,741.61009009,1785272399999,1791376157436,legacy_historical,,,,,,,,,
1785272400000,741.52952707,1785273299999,1791376157436,legacy_historical,,,,,,,,,
1785273300000,741.57333013,1785274199999,1791376157436,legacy_historical,,,,,,,,,
1785274200000,741.79332511,1785275099999,1791376157436,legacy_historical,,,,,,,,,
1785275100000,741.52472467,1785275999999,1791376157436,legacy_historical,,,,,,,,,
1785276000000,741.7822222,1785276899999,1791376157436,legacy_historical,,,,,,,,,
1785276900000,741.36357191,1785277799999,1791376157436,legacy_historical,,,,,,,,,
1785277800000,740.51979836,1785278699999,1791376157436,legacy_historical,,,,,,,,,
1785278700000,740.29287855,1785279599999,1791376157436,legacy_historical,,,,,,,,,
1785279600000,741.41695509,1785280499999,1791376157436,legacy_historical,,,,,,,,,
1785280500000,741.99278133,1785281399999,1791376157436,legacy_historical,,,,,,,,,
1785281400000,743.25976133,1785282299999,1791376157436,legacy_historical,,,,,,,,,
1785282300000,744.3222921,1785283199999,1791376157436,legacy_historical,,,,,,,,,
1785283200000,744.4771243,1785284099999,1791376157436,legacy_historical,,,,,,,,,
1785284100000,744.37483093,1785284999999,1791376157436,legacy_historical,,,,,,,,,
1785285000000,744.34171908,1785285899999,1791376157436,legacy_historical,,,,,,,,,
1785285900000,743.8540187,1785286799999,1791376157436,legacy_historical,,,,,,,,,
1785286800000,742.40481229,1785287699999,1791376157436,legacy_historical,,,,,,,,,
1785287700000,743.02286865,1785288599999,1791376157436,legacy_historical,,,,,,,,,
1785288600000,741.99175072,1785289499999,1791376157436,legacy_historical,,,,,,,,,
1785289500000,740.86956236,1785290399999,1791376157436,legacy_historical,,,,,,,,,
1785290400000,741.5230486,1785291299999,1791376157436,legacy_historical,,,,,,,,,
1785291300000,741.9462436,1785292199999,1791376157436,legacy_historical,,,,,,,,,
1785292200000,741.91383941,1785293099999,1791376157436,legacy_historical,,,,,,,,,
1785293100000,741.62887527,1785293999999,1791376157436,legacy_historical,,,,,,,,,
1785294000000,741.39302711,1785294899999,1791376157436,legacy_historical,,,,,,,,,
1785294900000,740.8776013,1785295799999,1791376157436,legacy_historical,,,,,,,,,
1785295800000,740.8165028,1785296699999,1791376157436,legacy_historical,,,,,,,,,
1785296700000,740.12517262,1785297599999,1791376157436,legacy_historical,,,,,,,,,
1785297600000,739.90988325,1785298499999,1791376157436,legacy_historical,,,,,,,,,
1785298500000,739.89620398,1785299399999,1791376157436,legacy_historical,,,,,,,,,
1785299400000,739.40046565,1785300299999,1791376157436,legacy_historical,,,,,,,,,
1785300300000,740.30230198,1785301199999,1791376157436,legacy_historical,,,,,,,,,
1785301200000,741.31522564,1785302099999,1791376157436,legacy_historical,,,,,,,,,
1785302100000,741.22685275,1785302999999,1791376157436,legacy_historical,,,,,,,,,
1785303000000,741.35202752,1785303899999,1791376157436,legacy_historical,,,,,,,,,
1785303900000,741.07950884,1785304799999,1791376157436,legacy_historical,,,,,,,,,
1785304800000,740.80635615,1785305699999,1791376157436,legacy_historical,,,,,,,,,
1785305700000,741.41726786,1785306599999,1791376157436,legacy_historical,,,,,,,,,
1785306600000,742.69111276,1785307499999,1791376157436,legacy_historical,,,,,,,,,
1785307500000,743.12887296,1785308399999,1791376157436,legacy_historical,,,,,,,,,
1785308400000,743.2221975,1785309299999,1791376157436,legacy_historical,,,,,,,,,
1785309300000,743.38040416,1785310199999,1791376157436,legacy_historical,,,,,,,,,
1785310200000,743.51636562,1785311099999,1791376157436,legacy_historical,,,,,,,,,
1785311100000,743.35143879,1785311999999,1791376157436,legacy_historical,,,,,,,,,
1785312000000,742.77536296,1785312899999,1791376157436,legacy_historical,,,,,,,,,
1785312900000,742.56156048,1785313799999,1791376157436,legacy_historical,,,,,,,,,
1785313800000,743.22934566,1785314699999,1791376157436,legacy_historical,,,,,,,,,
1785314700000,743.00717472,1785315599999,1791376157436,legacy_historical,,,,,,,,,
1785315600000,743.34591933,1785316499999,1791376157436,legacy_historical,,,,,,,,,
1785316500000,743.16699076,1785317399999,1791376157436,legacy_historical,,,,,,,,,
1785317400000,743.4241356,1785318299999,1791376157436,legacy_historical,,,,,,,,,
1785318300000,743.73765436,1785319199999,1791376157436,legacy_historical,,,,,,,,,
1785319200000,743.55067292,1785320099999,1791376157436,legacy_historical,,,,,,,,,
1785320100000,743.6125429,1785320999999,1791376157436,legacy_historical,,,,,,,,,
1785321000000,743.18303309,1785321899999,1791376157436,legacy_historical,,,,,,,,,
1785321900000,742.89518878,1785322799999,1791376157436,legacy_historical,,,,,,,,,
1785322800000,743.24386608,1785323699999,1791376157436,legacy_historical,,,,,,,,,
1785323700000,743.27592906,1785324599999,1791376157436,legacy_historical,,,,,,,,,
1785324600000,742.93567179,1785325499999,1791376157436,legacy_historical,,,,,,,,,
1785325500000,743.19316032,1785326399999,1791376157436,legacy_historical,,,,,,,,,
1785326400000,742.43762928,1785327299999,1791376157436,legacy_historical,,,,,,,,,
1785327300000,741.19608161,1785328199999,1791376157436,legacy_historical,,,,,,,,,
1785328200000,741.83740243,1785329099999,1791376157436,legacy_historical,,,,,,,,,
1785329100000,741.59320296,1785329999999,1791376157436,legacy_historical,,,,,,,,,
1785330000000,740.74311178,1785330899999,1791376157436,legacy_historical,,,,,,,,,
1785330900000,740.99837906,1785331799999,1791376157436,legacy_historical,,,,,,,,,
1785331800000,740.57565959,1785332699999,1791376157436,legacy_historical,,,,,,,,,
1785332700000,738.28391077,1785333599999,1791376157436,legacy_historical,,,,,,,,,
1785333600000,736.42509733,1785334499999,1791376157436,legacy_historical,,,,,,,,,
1785334500000,735.888032,1785335399999,1791376157436,legacy_historical,,,,,,,,,
1785335400000,735.20009307,1785336299999,1791376157436,legacy_historical,,,,,,,,,
1785336300000,735.8890985,1785337199999,1791376157436,legacy_historical,,,,,,,,,
1785337200000,735.75178394,1785338099999,1791376157436,legacy_historical,,,,,,,,,
1785338100000,735.44386201,1785338999999,1791376157436,legacy_historical,,,,,,,,,
1785339000000,735.10511334,1785339899999,1791376157436,legacy_historical,,,,,,,,,
1785339900000,734.79466567,1785340799999,1791376157436,legacy_historical,,,,,,,,,
1785340800000,733.16445357,1785341699999,1791376157436,legacy_historical,,,,,,,,,
1785341700000,734.82165312,1785342599999,1791376157436,legacy_historical,,,,,,,,,
1785342600000,734.27133549,1785343499999,1791376157436,legacy_historical,,,,,,,,,
1785343500000,735.85309801,1785344399999,1791376157436,legacy_historical,,,,,,,,,
1785344400000,737.5730628,1785345299999,1791376157436,legacy_historical,,,,,,,,,
1785345300000,736.80079968,1785346199999,1791376157436,legacy_historical,,,,,,,,,
1785346200000,736.76605332,1785347099999,1791376157436,legacy_historical,,,,,,,,,
1785347100000,737.34028762,1785347999999,1791376157436,legacy_historical,,,,,,,,,
1785348000000,738.42667923,1785348899999,1791376157436,legacy_historical,,,,,,,,,
1785348900000,738.25803835,1785349799999,1791376157436,legacy_historical,,,,,,,,,
1785349800000,741.48925907,1785350699999,1791376157436,legacy_historical,,,,,,,,,
1785350700000,742.83071519,1785351599999,1791376157436,legacy_historical,,,,,,,,,
1785351600000,739.70493281,1785352499999,1791376157436,legacy_historical,,,,,,,,,
1785352500000,736.00557445,1785353399999,1791376157436,legacy_historical,,,,,,,,,
1785353400000,732.21145135,1785354299999,1791376157436,legacy_historical,,,,,,,,,
1785354300000,730.32302545,1785355199999,1791376157436,legacy_historical,,,,,,,,,
1785355200000,729.04327317,1785356099999,1791376157436,legacy_historical,,,,,,,,,
1785356100000,728.62169196,1785356999999,1791376157436,legacy_historical,,,,,,,,,
1785357000000,729.4872028,1785357899999,1791376157436,legacy_historical,,,,,,,,,
1785357900000,729.21541246,1785358799999,1791376157436,legacy_historical,,,,,,,,,
1785358800000,728.84935904,1785359699999,1791376157436,legacy_historical,,,,,,,,,
1785359700000,728.9833521,1785360599999,1791376157436,legacy_historical,,,,,,,,,
1785360600000,728.26633921,1785361499999,1791376157436,legacy_historical,,,,,,,,,
1785361500000,728.49326905,1785362399999,1791376157436,legacy_historical,,,,,,,,,
1785362400000,732.37402978,1785363299999,1791376157436,legacy_historical,,,,,,,,,
1785363300000,732.62694534,1785364199999,1791376157436,legacy_historical,,,,,,,,,
1785364200000,732.68009153,1785365099999,1791376157436,legacy_historical,,,,,,,,,
1785365100000,732.46728852,1785365999999,1791376157436,legacy_historical,,,,,,,,,
1785366000000,732.6873654,1785366899999,1791376157436,legacy_historical,,,,,,,,,
1785366900000,733.1633391,1785367799999,1791376157436,legacy_historical,,,,,,,,,
1785367800000,733.31067646,1785368699999,1791376157436,legacy_historical,,,,,,,,,
1785368700000,733.36578612,1785369599999,1791376157436,legacy_historical,,,,,,,,,
1785369600000,733.92484661,1785370499999,1791376157436,legacy_historical,,,,,,,,,
1785370500000,733.50221144,1785371399999,1791376157436,legacy_historical,,,,,,,,,
1785371400000,732.69441611,1785372299999,1791376157436,legacy_historical,,,,,,,,,
1785372300000,733.19917534,1785373199999,1791376157436,legacy_historical,,,,,,,,,
1785373200000,733.4400953,1785374099999,1791376157436,legacy_historical,,,,,,,,,
1785374100000,734.26564097,1785374999999,1791376157436,legacy_historical,,,,,,,,,
1785375000000,734.62142051,1785375899999,1791376157436,legacy_historical,,,,,,,,,
1785375900000,734.48386101,1785376799999,1791376157436,legacy_historical,,,,,,,,,
1785376800000,734.25449361,1785377699999,1791376157436,legacy_historical,,,,,,,,,
1785377700000,734.14082452,1785378599999,1791376157436,legacy_historical,,,,,,,,,
1785378600000,734.28049835,1785379499999,1791376157436,legacy_historical,,,,,,,,,
1785379500000,733.4343356,1785380399999,1791376157436,legacy_historical,,,,,,,,,
1785380400000,733.05581218,1785381299999,1791376157436,legacy_historical,,,,,,,,,
1785381300000,733.01258288,1785382199999,1791376157436,legacy_historical,,,,,,,,,
1785382200000,733.07260658,1785383099999,1791376157436,legacy_historical,,,,,,,,,
1785383100000,733.03615671,1785383999999,1791376157436,legacy_historical,,,,,,,,,
1785384000000,732.73813439,1785384899999,1791376157436,legacy_historical,,,,,,,,,
1785384900000,733.3881759,1785385799999,1791376157436,legacy_historical,,,,,,,,,
1785385800000,732.7563179,1785386699999,1791376157436,legacy_historical,,,,,,,,,
1785386700000,732.38583234,1785387599999,1791376157436,legacy_historical,,,,,,,,,
1785387600000,732.04689358,1785388499999,1791376157436,legacy_historical,,,,,,,,,
1785388500000,732.47073919,1785389399999,1791376157436,legacy_historical,,,,,,,,,
1785389400000,732.8881064,1785390299999,1791376157436,legacy_historical,,,,,,,,,
1785390300000,732.47885406,1785391199999,1791376157436,legacy_historical,,,,,,,,,
1785391200000,732.01253216,1785392099999,1791376157436,legacy_historical,,,,,,,,,
1785392100000,732.12028463,1785392999999,1791376157436,legacy_historical,,,,,,,,,
1785393000000,731.540658,1785393899999,1791376157436,legacy_historical,,,,,,,,,
1785393900000,731.98853676,1785394799999,1791376157436,legacy_historical,,,,,,,,,
1785394800000,733.14690467,1785395699999,1791376157436,legacy_historical,,,,,,,,,
1785395700000,732.21159722,1785396599999,1791376157436,legacy_historical,,,,,,,,,
1785396600000,732.29657752,1785397499999,1791376157436,legacy_historical,,,,,,,,,
1785397500000,731.68939883,1785398399999,1791376157436,legacy_historical,,,,,,,,,
1785398400000,732.48926774,1785399299999,1791376157436,legacy_historical,,,,,,,,,
1785399300000,733.22076837,1785400199999,1791376157436,legacy_historical,,,,,,,,,
1785400200000,732.99893403,1785401099999,1791376157436,legacy_historical,,,,,,,,,
1785401100000,732.89564073,1785401999999,1791376157436,legacy_historical,,,,,,,,,
1785402000000,733.78139268,1785402899999,1791376157436,legacy_historical,,,,,,,,,
1785402900000,734.04832591,1785403799999,1791376157436,legacy_historical,,,,,,,,,
1785403800000,733.92902953,1785404699999,1791376157436,legacy_historical,,,,,,,,,
1785404700000,733.19527585,1785405599999,1791376157436,legacy_historical,,,,,,,,,
1785405600000,733.39684608,1785406499999,1791376157436,legacy_historical,,,,,,,,,
1785406500000,734.20446747,1785407399999,1791376157436,legacy_historical,,,,,,,,,
1785407400000,734.48807681,1785408299999,1791376157436,legacy_historical,,,,,,,,,
1785408300000,734.1429579,1785409199999,1791376157436,legacy_historical,,,,,,,,,
1785409200000,734.586744,1785410099999,1791376157436,legacy_historical,,,,,,,,,
1785410100000,735.22865811,1785410999999,1791376157436,legacy_historical,,,,,,,,,
1785411000000,735.08180095,1785411899999,1791376157436,legacy_historical,,,,,,,,,
1785411900000,735.52211022,1785412799999,1791376157436,legacy_historical,,,,,,,,,
1785412800000,735.97127566,1785413699999,1791376157436,legacy_historical,,,,,,,,,
1785413700000,735.21826748,1785414599999,1791376157436,legacy_historical,,,,,,,,,
1785414600000,735.00223129,1785415499999,1791376157436,legacy_historical,,,,,,,,,
1785415500000,735.33784321,1785416399999,1791376157436,legacy_historical,,,,,,,,,
1785416400000,735.75159563,1785417299999,1791376157436,legacy_historical,,,,,,,,,
1785417300000,736.81589291,1785418199999,1791376157436,legacy_historical,,,,,,,,,
1785418200000,737.38943826,1785419099999,1791376157436,legacy_historical,,,,,,,,,
1785419100000,739.516547,1785419999999,1791376157436,legacy_historical,,,,,,,,,
1785420000000,738.82238431,1785420899999,1791376157436,legacy_historical,,,,,,,,,
1785420900000,739.4775924,1785421799999,1791376157436,legacy_historical,,,,,,,,,
1785421800000,738.6408182,1785422699999,1791376157436,legacy_historical,,,,,,,,,
1785422700000,737.02952481,1785423599999,1791376157436,legacy_historical,,,,,,,,,
1785423600000,735.78162658,1785424499999,1791376157436,legacy_historical,,,,,,,,,
1785424500000,735.71550465,1785425399999,1791376157436,legacy_historical,,,,,,,,,
1785425400000,737.49013606,1785426299999,1791376157436,legacy_historical,,,,,,,,,
1785426300000,738.00900893,1785427199999,1791376157436,legacy_historical,,,,,,,,,
1785427200000,739.65103838,1785428099999,1791376157436,legacy_historical,,,,,,,,,
1785428100000,739.5276534,1785428999999,1791376157436,legacy_historical,,,,,,,,,
1785429000000,738.85555423,1785429899999,1791376157436,legacy_historical,,,,,,,,,
1785429900000,739.81305357,1785430799999,1791376157436,legacy_historical,,,,,,,,,
1785430800000,740.56353061,1785431699999,1791376157436,legacy_historical,,,,,,,,,
1785431700000,740.55423475,1785432599999,1791376157436,legacy_historical,,,,,,,,,
1785432600000,740.66190164,1785433499999,1791376157436,legacy_historical,,,,,,,,,
1785433500000,740.59904716,1785434399999,1791376157436,legacy_historical,,,,,,,,,
1785434400000,741.02497491,1785435299999,1791376157436,legacy_historical,,,,,,,,,
1785435300000,741.19578953,1785436199999,1791376157436,legacy_historical,,,,,,,,,
1785436200000,741.09898036,1785437099999,1791376157436,legacy_historical,,,,,,,,,
1785437100000,741.55104395,1785437999999,1791376157436,legacy_historical,,,,,,,,,
1785438000000,742.9074125,1785438899999,1791376157436,legacy_historical,,,,,,,,,
1785438900000,742.59151071,1785439799999,1791376157436,legacy_historical,,,,,,,,,
1785439800000,742.60603496,1785440699999,1791376157436,legacy_historical,,,,,,,,,
1785440700000,742.35110386,1785441599999,1791376157436,legacy_historical,,,,,,,,,
1785441600000,744.01539185,1785442499999,1791376157436,legacy_historical,,,,,,,,,
1785442500000,744.19424831,1785443399999,1791376157436,legacy_historical,,,,,,,,,
1785443400000,743.33734737,1785444299999,1791376157436,legacy_historical,,,,,,,,,
1785444300000,743.01412819,1785445199999,1791376157436,legacy_historical,,,,,,,,,
1785445200000,742.65942178,1785446099999,1791376157436,legacy_historical,,,,,,,,,
1785446100000,742.8285724,1785446999999,1791376157436,legacy_historical,,,,,,,,,
1785447000000,743.17226634,1785447899999,1791376157436,legacy_historical,,,,,,,,,
1785447900000,743.25933831,1785448799999,1791376157436,legacy_historical,,,,,,,,,
1785448800000,742.97452138,1785449699999,1791376157436,legacy_historical,,,,,,,,,
1785449700000,742.81104844,1785450599999,1791376157436,legacy_historical,,,,,,,,,
1785450600000,743.47404776,1785451499999,1791376157436,legacy_historical,,,,,,,,,
1785451500000,743.66545455,1785452399999,1791376157436,legacy_historical,,,,,,,,,
1785452400000,743.4919156,1785453299999,1791376157436,legacy_historical,,,,,,,,,
1785453300000,743.5625893,1785454199999,1791376157436,legacy_historical,,,,,,,,,
1785454200000,743.98757921,1785455099999,1791376157436,legacy_historical,,,,,,,,,
1785455100000,743.9849565,1785455999999,1791376157436,legacy_historical,,,,,,,,,
1785456000000,744.81857786,1785456899999,1791376157436,legacy_historical,,,,,,,,,
1785456900000,744.73953793,1785457799999,1791376157436,legacy_historical,,,,,,,,,
1785457800000,744.7994274,1785458699999,1791376157436,legacy_historical,,,,,,,,,
1785458700000,744.88817512,1785459599999,1791376157436,legacy_historical,,,,,,,,,
1785459600000,745.4963886,1785460499999,1791376157436,legacy_historical,,,,,,,,,
1785460500000,745.730536,1785461399999,1791376157436,legacy_historical,,,,,,,,,
1785461400000,745.18111932,1785462299999,1791376157436,legacy_historical,,,,,,,,,
1785462300000,745.30092539,1785463199999,1791376157436,legacy_historical,,,,,,,,,
1785463200000,744.96968795,1785464099999,1791376157436,legacy_historical,,,,,,,,,
1785464100000,744.08692681,1785464999999,1791376157436,legacy_historical,,,,,,,,,
1785465000000,743.97870741,1785465899999,1791376157436,legacy_historical,,,,,,,,,
1785465900000,744.84112704,1785466799999,1791376157436,legacy_historical,,,,,,,,,
1785466800000,744.67090007,1785467699999,1791376157436,legacy_historical,,,,,,,,,
1785467700000,745.1933879,1785468599999,1791376157436,legacy_historical,,,,,,,,,
1785468600000,745.2462874,1785469499999,1791376157436,legacy_historical,,,,,,,,,
1785469500000,745.27232555,1785470399999,1791376157436,legacy_historical,,,,,,,,,
1785470400000,745.35022961,1785471299999,1791376157436,legacy_historical,,,,,,,,,
1785471300000,745.86141745,1785472199999,1791376157436,legacy_historical,,,,,,,,,
1785472200000,746.25285081,1785473099999,1791376157436,legacy_historical,,,,,,,,,
1785473100000,746.38891091,1785473999999,1791376157436,legacy_historical,,,,,,,,,
1785474000000,746.37289354,1785474899999,1791376157436,legacy_historical,,,,,,,,,
1785474900000,746.50343881,1785475799999,1791376157436,legacy_historical,,,,,,,,,
1785475800000,746.247835,1785476699999,1791376157436,legacy_historical,,,,,,,,,
1785476700000,746.36531495,1785477599999,1791376157436,legacy_historical,,,,,,,,,
1785477600000,746.61266604,1785478499999,1791376157436,legacy_historical,,,,,,,,,
1785478500000,746.35991856,1785479399999,1791376157436,legacy_historical,,,,,,,,,
1785479400000,745.16192354,1785480299999,1791376157436,legacy_historical,,,,,,,,,
1785480300000,745.18655714,1785481199999,1791376157436,legacy_historical,,,,,,,,,
1785481200000,746.07630095,1785482099999,1791376157436,legacy_historical,,,,,,,,,
1785482100000,746.07995216,1785482999999,1791376157436,legacy_historical,,,,,,,,,
1785483000000,746.30243337,1785483899999,1791376157436,legacy_historical,,,,,,,,,
1785483900000,746.25234883,1785484799999,1791376157436,legacy_historical,,,,,,,,,
1785484800000,746.54770107,1785485699999,1791376157436,legacy_historical,,,,,,,,,
1785485700000,746.70886768,1785486599999,1791376157436,legacy_historical,,,,,,,,,
1785486600000,746.4143383,1785487499999,1791376157436,legacy_historical,,,,,,,,,
1785487500000,746.86336,1785488399999,1791376157436,legacy_historical,,,,,,,,,
1785488400000,747.20161506,1785489299999,1791376157436,legacy_historical,,,,,,,,,
1785489300000,746.77730117,1785490199999,1791376157436,legacy_historical,,,,,,,,,
1785490200000,746.15541019,1785491099999,1791376157436,legacy_historical,,,,,,,,,
1785491100000,745.96200936,1785491999999,1791376157436,legacy_historical,,,,,,,,,
1785492000000,746.26997238,1785492899999,1791376157436,legacy_historical,,,,,,,,,
1785492900000,746.51530036,1785493799999,1791376157436,legacy_historical,,,,,,,,,
1785493800000,746.37442804,1785494699999,1791376157436,legacy_historical,,,,,,,,,
1785494700000,746.19861226,1785495599999,1791376157436,legacy_historical,,,,,,,,,
1785495600000,746.20871631,1785496499999,1791376157436,legacy_historical,,,,,,,,,
1785496500000,745.6332504,1785497399999,1791376157436,legacy_historical,,,,,,,,,
1785497400000,745.19028016,1785498299999,1791376157436,legacy_historical,,,,,,,,,
1785498300000,745.47666143,1785499199999,1791376157436,legacy_historical,,,,,,,,,
1785499200000,744.5748114,1785500099999,1791376157436,legacy_historical,,,,,,,,,
1785500100000,744.70641523,1785500999999,1791376157436,legacy_historical,,,,,,,,,
1785501000000,743.93474619,1785501899999,1791376157436,legacy_historical,,,,,,,,,
1785501900000,743.96138025,1785502799999,1791376157436,legacy_historical,,,,,,,,,
1785502800000,744.62714767,1785503699999,1791376157436,legacy_historical,,,,,,,,,
1785503700000,745.37388661,1785504599999,1791376157436,legacy_historical,,,,,,,,,
1785504600000,743.92228336,1785505499999,1791376157436,legacy_historical,,,,,,,,,
1785505500000,742.89067933,1785506399999,1791376157436,legacy_historical,,,,,,,,,
1785506400000,739.48349453,1785507299999,1791376157436,legacy_historical,,,,,,,,,
1785507300000,741.34516264,1785508199999,1791376157436,legacy_historical,,,,,,,,,
1785508200000,742.55374769,1785509099999,1791376157436,legacy_historical,,,,,,,,,
1785509100000,743.38054438,1785509999999,1791376157436,legacy_historical,,,,,,,,,
1785510000000,743.20447658,1785510899999,1791376157436,legacy_historical,,,,,,,,,
1785510900000,741.35914562,1785511799999,1791376157436,legacy_historical,,,,,,,,,
1785511800000,742.80934335,1785512699999,1791376157436,legacy_historical,,,,,,,,,
1785512700000,743.99217619,1785513599999,1791376157436,legacy_historical,,,,,,,,,
1785513600000,744.36537985,1785514499999,1791376157436,legacy_historical,,,,,,,,,
1785514500000,745.10427585,1785515399999,1791376157436,legacy_historical,,,,,,,,,
1785515400000,745.00536215,1785516299999,1791376157436,legacy_historical,,,,,,,,,
1785516300000,745.55246538,1785517199999,1791376157436,legacy_historical,,,,,,,,,
1785517200000,746.06209547,1785518099999,1791376157436,legacy_historical,,,,,,,,,
1785518100000,747.09748341,1785518999999,1791376157436,legacy_historical,,,,,,,,,
1785519000000,746.62971837,1785519899999,1791376157436,legacy_historical,,,,,,,,,
1785519900000,746.27796234,1785520799999,1791376157436,legacy_historical,,,,,,,,,
1785520800000,746.52197299,1785521699999,1791376157436,legacy_historical,,,,,,,,,
1785521700000,746.87601453,1785522599999,1791376157436,legacy_historical,,,,,,,,,
1785522600000,746.84633338,1785523499999,1791376157436,legacy_historical,,,,,,,,,
1785523500000,746.96497773,1785524399999,1791376157436,legacy_historical,,,,,,,,,
1785524400000,747.13681286,1785525299999,1791376157436,legacy_historical,,,,,,,,,
1785525300000,748.2684994,1785526199999,1791376157436,legacy_historical,,,,,,,,,
1785526200000,748.89046716,1785527099999,1791376157436,legacy_historical,,,,,,,,,
1785527100000,747.85398158,1785527999999,1791376157436,legacy_historical,,,,,,,,,
1785528000000,747.78750247,1785528899999,1791376157436,legacy_historical,,,,,,,,,
1785528900000,747.53709389,1785529799999,1791376157436,legacy_historical,,,,,,,,,
1785529800000,747.41840414,1785530699999,1791376157436,legacy_historical,,,,,,,,,
1785530700000,746.16904439,1785531599999,1791376157436,legacy_historical,,,,,,,,,
1785531600000,745.91361759,1785532499999,1791376157436,legacy_historical,,,,,,,,,
1785532500000,745.54355171,1785533399999,1791376157436,legacy_historical,,,,,,,,,
1785533400000,745.42439604,1785534299999,1791376157436,legacy_historical,,,,,,,,,
1785534300000,745.40783848,1785535199999,1791376157436,legacy_historical,,,,,,,,,
1785535200000,745.183259,1785536099999,1791376157436,legacy_historical,,,,,,,,,
1785536100000,744.94264742,1785536999999,1791376157436,legacy_historical,,,,,,,,,
1785537000000,745.2562534,1785537899999,1791376157436,legacy_historical,,,,,,,,,
1785537900000,745.215869,1785538799999,1791376157436,legacy_historical,,,,,,,,,
1785538800000,745.17007585,1785539699999,1791376157436,legacy_historical,,,,,,,,,
1785539700000,745.27882445,1785540599999,1791376157436,legacy_historical,,,,,,,,,
1785540600000,745.24690345,1785541499999,1791376157436,legacy_historical,,,,,,,,,
1785541500000,744.97413662,1785542399999,1791376157436,legacy_historical,,,,,,,,,
1785542400000,745.4120909,1785543299999,1791376157436,legacy_historical,,,,,,,,,
1785543300000,745.70805488,1785544199999,1791376157436,legacy_historical,,,,,,,,,
1785544200000,745.85107845,1785545099999,1791376157436,legacy_historical,,,,,,,,,
1785545100000,745.92932966,1785545999999,1791376157436,legacy_historical,,,,,,,,,
1785546000000,745.99472698,1785546899999,1791376157436,legacy_historical,,,,,,,,,
1785546900000,746.10653085,1785547799999,1791376157436,legacy_historical,,,,,,,,,
1785547800000,746.14249131,1785548699999,1791376157436,legacy_historical,,,,,,,,,
1785548700000,746.14645379,1785549599999,1791376157436,legacy_historical,,,,,,,,,
1785549600000,746.1613934,1785550499999,1791376157436,legacy_historical,,,,,,,,,
1785550500000,746.16295368,1785551399999,1791376157436,legacy_historical,,,,,,,,,
1785551400000,746.1905596,1785552299999,1791376157436,legacy_historical,,,,,,,,,
1785552300000,746.21948544,1785553199999,1791376157436,legacy_historical,,,,,,,,,
1785553200000,746.16741233,1785554099999,1791376157436,legacy_historical,,,,,,,,,
1785554100000,746.12647929,1785554999999,1791376157436,legacy_historical,,,,,,,,,
1785555000000,746.09902169,1785555899999,1791376157436,legacy_historical,,,,,,,,,
1785555900000,746.11986892,1785556799999,1791376157436,legacy_historical,,,,,,,,,
1785556800000,746.13559449,1785557699999,1791376157436,legacy_historical,,,,,,,,,
1785557700000,746.07259266,1785558599999,1791376157436,legacy_historical,,,,,,,,,
1785558600000,745.96106267,1785559499999,1791376157436,legacy_historical,,,,,,,,,
1785559500000,745.91171852,1785560399999,1791376157436,legacy_historical,,,,,,,,,
1785560400000,745.89097816,1785561299999,1791376157436,legacy_historical,,,,,,,,,
1785561300000,745.94326941,1785562199999,1791376157436,legacy_historical,,,,,,,,,
1785562200000,745.95654353,1785563099999,1791376157436,legacy_historical,,,,,,,,,
1785563100000,745.8876543,1785563999999,1791376157436,legacy_historical,,,,,,,,,
1785564000000,745.88061012,1785564899999,1791376157436,legacy_historical,,,,,,,,,
1785564900000,745.935329,1785565799999,1791376157436,legacy_historical,,,,,,,,,
1785565800000,746.04473198,1785566699999,1791376157436,legacy_historical,,,,,,,,,
1785566700000,746.14555014,1785567599999,1791376157436,legacy_historical,,,,,,,,,
1785567600000,746.2060378,1785568499999,1791376157436,legacy_historical,,,,,,,,,
1785568500000,746.17968505,1785569399999,1791376157436,legacy_historical,,,,,,,,,
1785569400000,746.09054234,1785570299999,1791376157436,legacy_historical,,,,,,,,,
1785570300000,746.11423258,1785571199999,1791376157436,legacy_historical,,,,,,,,,
1785571200000,746.18290865,1785572099999,1791376157436,legacy_historical,,,,,,,,,
1785572100000,746.14524136,1785572999999,1791376157436,legacy_historical,,,,,,,,,
1785573000000,746.19026844,1785573899999,1791376157436,legacy_historical,,,,,,,,,
1785573900000,746.1579064,1785574799999,1791376157436,legacy_historical,,,,,,,,,
1785574800000,746.0309937,1785575699999,1791376157436,legacy_historical,,,,,,,,,
1785575700000,746.01009706,1785576599999,1791376157436,legacy_historical,,,,,,,,,
1785576600000,746.02941221,1785577499999,1791376157436,legacy_historical,,,,,,,,,
1785577500000,746.09976284,1785578399999,1791376157436,legacy_historical,,,,,,,,,
1785578400000,746.10081325,1785579299999,1791376157436,legacy_historical,,,,,,,,,
1785579300000,746.00439837,1785580199999,1791376157436,legacy_historical,,,,,,,,,
1785580200000,745.8888418,1785581099999,1791376157436,legacy_historical,,,,,,,,,
1785581100000,745.90240615,1785581999999,1791376157436,legacy_historical,,,,,,,,,
1785582000000,745.75776965,1785582899999,1791376157436,legacy_historical,,,,,,,,,
1785582900000,745.60693187,1785583799999,1791376157436,legacy_historical,,,,,,,,,
1785583800000,745.57330787,1785584699999,1791376157436,legacy_historical,,,,,,,,,
1785584700000,745.51006607,1785585599999,1791376157436,legacy_historical,,,,,,,,,
1785585600000,745.49318698,1785586499999,1791376157436,legacy_historical,,,,,,,,,
1785586500000,745.54943853,1785587399999,1791376157436,legacy_historical,,,,,,,,,
1785587400000,745.54040492,1785588299999,1791376157436,legacy_historical,,,,,,,,,
1785588300000,745.45496792,1785589199999,1791376157436,legacy_historical,,,,,,,,,
1785589200000,745.4845199,1785590099999,1791376157436,legacy_historical,,,,,,,,,
1785590100000,745.47516737,1785590999999,1791376157436,legacy_historical,,,,,,,,,
1785591000000,745.26680211,1785591899999,1791376157436,legacy_historical,,,,,,,,,
1785591900000,745.11833687,1785592799999,1791376157436,legacy_historical,,,,,,,,,
1785592800000,745.10944062,1785593699999,1791376157436,legacy_historical,,,,,,,,,
1785593700000,745.1769479,1785594599999,1791376157436,legacy_historical,,,,,,,,,
1785594600000,745.3927149,1785595499999,1791376157436,legacy_historical,,,,,,,,,
1785595500000,745.4956369,1785596399999,1791376157436,legacy_historical,,,,,,,,,
1785596400000,745.3566668,1785597299999,1791376157436,legacy_historical,,,,,,,,,
1785597300000,745.25563838,1785598199999,1791376157436,legacy_historical,,,,,,,,,
1785598200000,745.26575383,1785599099999,1791376157436,legacy_historical,,,,,,,,,
1785599100000,745.24414541,1785599999999,1791376157436,legacy_historical,,,,,,,,,
1785600000000,745.26157176,1785600899999,1791376157436,legacy_historical,,,,,,,,,
1785600900000,745.30839437,1785601799999,1791376157436,legacy_historical,,,,,,,,,
1785601800000,745.35719147,1785602699999,1791376157436,legacy_historical,,,,,,,,,
1785602700000,745.32071798,1785603599999,1791376157436,legacy_historical,,,,,,,,,
1785603600000,745.18293303,1785604499999,1791376157436,legacy_historical,,,,,,,,,
1785604500000,744.96741864,1785605399999,1791376157436,legacy_historical,,,,,,,,,
1785605400000,744.7673213,1785606299999,1791376157436,legacy_historical,,,,,,,,,
1785606300000,744.56422058,1785607199999,1791376157436,legacy_historical,,,,,,,,,
1785607200000,744.39439637,1785608099999,1791376157436,legacy_historical,,,,,,,,,
1785608100000,744.16730416,1785608999999,1791376157436,legacy_historical,,,,,,,,,
1785609000000,744.02522273,1785609899999,1791376157436,legacy_historical,,,,,,,,,
1785609900000,743.9018557,1785610799999,1791376157436,legacy_historical,,,,,,,,,
1785610800000,743.99300605,1785611699999,1791376157436,legacy_historical,,,,,,,,,
1785611700000,744.05359945,1785612599999,1791376157436,legacy_historical,,,,,,,,,
1785612600000,744.05131028,1785613499999,1791376157436,legacy_historical,,,,,,,,,
1785613500000,743.76397566,1785614399999,1791376157436,legacy_historical,,,,,,,,,
1785614400000,743.68809129,1785615299999,1791376157436,legacy_historical,,,,,,,,,
1785615300000,743.91506163,1785616199999,1791376157436,legacy_historical,,,,,,,,,
1785616200000,744.12808004,1785617099999,1791376157436,legacy_historical,,,,,,,,,
1785617100000,744.18556939,1785617999999,1791376157436,legacy_historical,,,,,,,,,
1785618000000,744.03431557,1785618899999,1791376157436,legacy_historical,,,,,,,,,
1785618900000,744.13494037,1785619799999,1791376157436,legacy_historical,,,,,,,,,
1785619800000,744.45955819,1785620699999,1791376157436,legacy_historical,,,,,,,,,
1785620700000,744.63898822,1785621599999,1791376157436,legacy_historical,,,,,,,,,
1785621600000,744.75706191,1785622499999,1791376157436,legacy_historical,,,,,,,,,
1785622500000,744.38827256,1785623399999,1791376157436,legacy_historical,,,,,,,,,
1785623400000,744.31257095,1785624299999,1791376157436,legacy_historical,,,,,,,,,
1785624300000,744.37514842,1785625199999,1791376157436,legacy_historical,,,,,,,,,
1785625200000,744.59292559,1785626099999,1791376157436,legacy_historical,,,,,,,,,
1785626100000,744.70246463,1785626999999,1791376157436,legacy_historical,,,,,,,,,
1785627000000,744.7299942,1785627899999,1791376157436,legacy_historical,,,,,,,,,
1785627900000,744.85348376,1785628799999,1791376157436,legacy_historical,,,,,,,,,
1785628800000,745.2867787,1785629699999,1791376157436,legacy_historical,,,,,,,,,
1785629700000,745.53025182,1785630599999,1791376157436,legacy_historical,,,,,,,,,
1785630600000,745.75648561,1785631499999,1791376157436,legacy_historical,,,,,,,,,
1785631500000,745.89131839,1785632399999,1791376157436,legacy_historical,,,,,,,,,
1785632400000,745.98504772,1785633299999,1791376157436,legacy_historical,,,,,,,,,
1785633300000,746.02289962,1785634199999,1791376157436,legacy_historical,,,,,,,,,
1785634200000,746.39665999,1785635099999,1791376157436,legacy_historical,,,,,,,,,
1785635100000,746.53292515,1785635999999,1791376157436,legacy_historical,,,,,,,,,
1785636000000,746.9532072,1785636899999,1791376157436,legacy_historical,,,,,,,,,
1785636900000,747.80134595,1785637799999,1791376157436,legacy_historical,,,,,,,,,
1785637800000,748.20620144,1785638699999,1791376157436,legacy_historical,,,,,,,,,
1785638700000,748.53315637,1785639599999,1791376157436,legacy_historical,,,,,,,,,
1785639600000,748.69696191,1785640499999,1791376157436,legacy_historical,,,,,,,,,
1785640500000,748.77186731,1785641399999,1791376157436,legacy_historical,,,,,,,,,
1785641400000,749.00826717,1785642299999,1791376157436,legacy_historical,,,,,,,,,
1785642300000,749.23718798,1785643199999,1791376157436,legacy_historical,,,,,,,,,
1785643200000,749.51769454,1785644099999,1791376157436,legacy_historical,,,,,,,,,
1785644100000,749.67723798,1785644999999,1791376157436,legacy_historical,,,,,,,,,
1785645000000,749.65635102,1785645899999,1791376157436,legacy_historical,,,,,,,,,
1785645900000,749.56658231,1785646799999,1791376157436,legacy_historical,,,,,,,,,
1785646800000,749.5213295,1785647699999,1791376157436,legacy_historical,,,,,,,,,
1785647700000,749.47046303,1785648599999,1791376157436,legacy_historical,,,,,,,,,
1785648600000,749.4936593,1785649499999,1791376157436,legacy_historical,,,,,,,,,
1785649500000,749.3491721,1785650399999,1791376157436,legacy_historical,,,,,,,,,
1785650400000,749.34184273,1785651299999,1791376157436,legacy_historical,,,,,,,,,
1785651300000,749.41356373,1785652199999,1791376157436,legacy_historical,,,,,,,,,
1785652200000,749.48119254,1785653099999,1791376157436,legacy_historical,,,,,,,,,
1785653100000,749.41054632,1785653999999,1791376157436,legacy_historical,,,,,,,,,
1785654000000,749.3711683,1785654899999,1791376157436,legacy_historical,,,,,,,,,
1785654900000,749.45238699,1785655799999,1791376157436,legacy_historical,,,,,,,,,
1785655800000,749.56218374,1785656699999,1791376157436,legacy_historical,,,,,,,,,
1785656700000,749.59809769,1785657599999,1791376157436,legacy_historical,,,,,,,,,
1785657600000,749.63969955,1785658499999,1791376157436,legacy_historical,,,,,,,,,
1785658500000,749.60379511,1785659399999,1791376157436,legacy_historical,,,,,,,,,
1785659400000,749.45002241,1785660299999,1791376157436,legacy_historical,,,,,,,,,
1785660300000,749.34345617,1785661199999,1791376157436,legacy_historical,,,,,,,,,
1785661200000,749.08399766,1785662099999,1791376157436,legacy_historical,,,,,,,,,
1785662100000,748.91507722,1785662999999,1791376157436,legacy_historical,,,,,,,,,
1785663000000,748.92068774,1785663899999,1791376157436,legacy_historical,,,,,,,,,
1785663900000,748.95326576,1785664799999,1791376157436,legacy_historical,,,,,,,,,
1785664800000,748.88455413,1785665699999,1791376157436,legacy_historical,,,,,,,,,
1785665700000,748.82461047,1785666599999,1791376157436,legacy_historical,,,,,,,,,
1785666600000,748.7124014,1785667499999,1791376157436,legacy_historical,,,,,,,,,
1785667500000,748.7132274,1785668399999,1791376157436,legacy_historical,,,,,,,,,
1785668400000,748.74579783,1785669299999,1791376157436,legacy_historical,,,,,,,,,
1785669300000,748.81658635,1785670199999,1791376157436,legacy_historical,,,,,,,,,
1785670200000,748.79837167,1785671099999,1791376157436,legacy_historical,,,,,,,,,
1785671100000,748.83150159,1785671999999,1791376157436,legacy_historical,,,,,,,,,
1785672000000,748.77405622,1785672899999,1791376157436,legacy_historical,,,,,,,,,
1785672900000,748.69086982,1785673799999,1791376157436,legacy_historical,,,,,,,,,
1785673800000,748.54099383,1785674699999,1791376157436,legacy_historical,,,,,,,,,
1785674700000,748.26313781,1785675599999,1791376157436,legacy_historical,,,,,,,,,
1785675600000,748.19551386,1785676499999,1791376157436,legacy_historical,,,,,,,,,
1785676500000,748.222238,1785677399999,1791376157436,legacy_historical,,,,,,,,,
1785677400000,748.19751464,1785678299999,1791376157436,legacy_historical,,,,,,,,,
1785678300000,748.28596721,1785679199999,1791376157436,legacy_historical,,,,,,,,,
1785679200000,748.39610807,1785680099999,1791376157436,legacy_historical,,,,,,,,,
1785680100000,748.43528612,1785680999999,1791376157436,legacy_historical,,,,,,,,,
1785681000000,748.6750845,1785681899999,1791376157436,legacy_historical,,,,,,,,,
1785681900000,748.97497525,1785682799999,1791376157436,legacy_historical,,,,,,,,,
1785682800000,749.26147999,1785683699999,1791376157436,legacy_historical,,,,,,,,,
1785683700000,749.30927002,1785684599999,1791376157436,legacy_historical,,,,,,,,,
1785684600000,749.22966744,1785685499999,1791376157436,legacy_historical,,,,,,,,,
1785685500000,749.19453817,1785686399999,1791376157436,legacy_historical,,,,,,,,,
1785686400000,749.33978175,1785687299999,1791376157436,legacy_historical,,,,,,,,,
1785687300000,749.40493959,1785688199999,1791376157436,legacy_historical,,,,,,,,,
1785688200000,749.68162263,1785689099999,1791376157436,legacy_historical,,,,,,,,,
1785689100000,749.9990864,1785689999999,1791376157436,legacy_historical,,,,,,,,,
1785690000000,750.17939768,1785690899999,1791376157436,legacy_historical,,,,,,,,,
1785690900000,750.19853584,1785691799999,1791376157436,legacy_historical,,,,,,,,,
1785691800000,750.17830048,1785692699999,1791376157436,legacy_historical,,,,,,,,,
1785692700000,750.15307002,1785693599999,1791376157436,legacy_historical,,,,,,,,,
1785693600000,750.1606222,1785694499999,1791376157436,legacy_historical,,,,,,,,,
1785694500000,750.17392553,1785695399999,1791376157436,legacy_historical,,,,,,,,,
1785695400000,750.19929038,1785696299999,1791376157436,legacy_historical,,,,,,,,,
1785696300000,750.25113185,1785697199999,1791376157436,legacy_historical,,,,,,,,,
1785697200000,750.31404104,1785698099999,1791376157436,legacy_historical,,,,,,,,,
1785698100000,750.29692717,1785698999999,1791376157436,legacy_historical,,,,,,,,,
1785699000000,750.31322097,1785699899999,1791376157436,legacy_historical,,,,,,,,,
1785699900000,750.40448643,1785700799999,1791376157436,legacy_historical,,,,,,,,,
1785700800000,750.54205945,1785701699999,1791376157436,legacy_historical,,,,,,,,,
1785701700000,750.62019871,1785702599999,1791376157436,legacy_historical,,,,,,,,,
1785702600000,750.5930364,1785703499999,1791376157436,legacy_historical,,,,,,,,,
1785703500000,750.44004348,1785704399999,1791376157436,legacy_historical,,,,,,,,,
1785704400000,750.18665461,1785705299999,1791376157436,legacy_historical,,,,,,,,,
1785705300000,750.00779639,1785706199999,1791376157436,legacy_historical,,,,,,,,,
1785706200000,749.8744159,1785707099999,1791376157436,legacy_historical,,,,,,,,,
1785707100000,749.77917688,1785707999999,1791376157436,legacy_historical,,,,,,,,,
1785708000000,750.13664753,1785708899999,1791376157436,legacy_historical,,,,,,,,,
1785708900000,750.31724688,1785709799999,1791376157436,legacy_historical,,,,,,,,,
1785709800000,750.32990494,1785710699999,1791376157436,legacy_historical,,,,,,,,,
1785710700000,750.2324502,1785711599999,1791376157436,legacy_historical,,,,,,,,,
1785711600000,750.09365498,1785712499999,1791376157436,legacy_historical,,,,,,,,,
1785712500000,750.06555869,1785713399999,1791376157436,legacy_historical,,,,,,,,,
1785713400000,750.16538867,1785714299999,1791376157436,legacy_historical,,,,,,,,,
1785714300000,750.24973289,1785715199999,1791376157436,legacy_historical,,,,,,,,,
1785715200000,751.18460623,1785716099999,1791376157436,legacy_historical,,,,,,,,,
1785716100000,750.3806213,1785716999999,1791376157436,legacy_historical,,,,,,,,,
1785717000000,750.80551899,1785717899999,1791376157436,legacy_historical,,,,,,,,,
1785717900000,751.12883056,1785718799999,1791376157436,legacy_historical,,,,,,,,,
1785718800000,750.99893494,1785719699999,1791376157436,legacy_historical,,,,,,,,,
1785719700000,751.34289109,1785720599999,1791376157436,legacy_historical,,,,,,,,,
1785720600000,751.45736727,1785721499999,1791376157436,legacy_historical,,,,,,,,,
1785721500000,751.60213391,1785722399999,1791376157436,legacy_historical,,,,,,,,,
1785722400000,751.78399298,1785723299999,1791376157436,legacy_historical,,,,,,,,,
1785723300000,751.54050824,1785724199999,1791376157436,legacy_historical,,,,,,,,,
1785724200000,751.68885281,1785725099999,1791376157436,legacy_historical,,,,,,,,,
1785725100000,751.79959194,1785725999999,1791376157436,legacy_historical,,,,,,,,,
1785726000000,751.95938676,1785726899999,1791376157436,legacy_historical,,,,,,,,,
1785726900000,751.70795118,1785727799999,1791376157436,legacy_historical,,,,,,,,,
1785727800000,751.9937218,1785728699999,1791376157436,legacy_historical,,,,,,,,,
1785728700000,751.97514764,1785729599999,1791376157436,legacy_historical,,,,,,,,,
1785729600000,752.0521844,1785730499999,1791376157436,legacy_historical,,,,,,,,,
1785730500000,752.29061726,1785731399999,1791376157436,legacy_historical,,,,,,,,,
1785731400000,752.31273581,1785732299999,1791376157436,legacy_historical,,,,,,,,,
1785732300000,752.12886499,1785733199999,1791376157436,legacy_historical,,,,,,,,,
1785733200000,752.21308331,1785734099999,1791376157436,legacy_historical,,,,,,,,,
1785734100000,752.14418619,1785734999999,1791376157436,legacy_historical,,,,,,,,,
1785735000000,752.05637983,1785735899999,1791376157436,legacy_historical,,,,,,,,,
1785735900000,752.13346574,1785736799999,1791376157436,legacy_historical,,,,,,,,,
1785736800000,752.26205613,1785737699999,1791376157436,legacy_historical,,,,,,,,,
1785737700000,751.76102735,1785738599999,1791376157436,legacy_historical,,,,,,,,,
1785738600000,751.64037606,1785739499999,1791376157436,legacy_historical,,,,,,,,,
1785739500000,751.47694213,1785740399999,1791376157436,legacy_historical,,,,,,,,,
1785740400000,751.78249521,1785741299999,1791376157436,legacy_historical,,,,,,,,,
1785741300000,751.50911659,1785742199999,1791376157436,legacy_historical,,,,,,,,,
1785742200000,751.26187894,1785743099999,1791376157436,legacy_historical,,,,,,,,,
1785743100000,751.87277257,1785743999999,1791376157436,legacy_historical,,,,,,,,,
1785744000000,751.42177601,1785744899999,1791376157436,legacy_historical,,,,,,,,,
1785744900000,750.92848461,1785745799999,1791376157436,legacy_historical,,,,,,,,,
1785745800000,751.30321898,1785746699999,1791376157436,legacy_historical,,,,,,,,,
1785746700000,751.71020309,1785747599999,1791376157436,legacy_historical,,,,,,,,,
1785747600000,751.46810454,1785748499999,1791376157436,legacy_historical,,,,,,,,,
1785748500000,751.51750098,1785749399999,1791376157436,legacy_historical,,,,,,,,,
1785749400000,751.53892277,1785750299999,1791376157436,legacy_historical,,,,,,,,,
1785750300000,751.60469168,1785751199999,1791376157436,legacy_historical,,,,,,,,,
1785751200000,751.67053896,1785752099999,1791376157436,legacy_historical,,,,,,,,,
1785752100000,751.84286337,1785752999999,1791376157436,legacy_historical,,,,,,,,,
1785753000000,752.03613044,1785753899999,1791376157436,legacy_historical,,,,,,,,,
1785753900000,752.11023924,1785754799999,1791376157436,legacy_historical,,,,,,,,,
1785754800000,751.86749539,1785755699999,1791376157436,legacy_historical,,,,,,,,,
1785755700000,751.95611805,1785756599999,1791376157436,legacy_historical,,,,,,,,,
1785756600000,752.21512737,1785757499999,1791376157436,legacy_historical,,,,,,,,,
1785757500000,751.64822213,1785758399999,1791376157436,legacy_historical,,,,,,,,,
1785758400000,751.48634407,1785759299999,1791376157436,legacy_historical,,,,,,,,,
1785759300000,751.64195315,1785760199999,1791376157436,legacy_historical,,,,,,,,,
1785760200000,752.32652961,1785761099999,1791376157436,legacy_historical,,,,,,,,,
1785761100000,752.13550426,1785761999999,1791376157436,legacy_historical,,,,,,,,,
1785762000000,752.09845319,1785762899999,1791376157436,legacy_historical,,,,,,,,,
1785762900000,750.6063725,1785763799999,1791376157436,legacy_historical,,,,,,,,,
1785763800000,752.53284156,1785764699999,1791376157436,legacy_historical,,,,,,,,,
1785764700000,754.51250735,1785765599999,1791376157436,legacy_historical,,,,,,,,,
1785765600000,754.78370164,1785766499999,1791376157436,legacy_historical,,,,,,,,,
1785766500000,755.46917817,1785767399999,1791376157436,legacy_historical,,,,,,,,,
1785767400000,755.81102677,1785768299999,1791376157436,legacy_historical,,,,,,,,,
1785768300000,756.29256878,1785769199999,1791376157436,legacy_historical,,,,,,,,,
1785769200000,755.91561975,1785770099999,1791376157436,legacy_historical,,,,,,,,,
1785770100000,756.05375118,1785770999999,1791376157436,legacy_historical,,,,,,,,,
1785771000000,756.57252321,1785771899999,1791376157436,legacy_historical,,,,,,,,,
1785771900000,756.81834285,1785772799999,1791376157436,legacy_historical,,,,,,,,,
1785772800000,756.84648749,1785773699999,1791376157436,legacy_historical,,,,,,,,,
1785773700000,757.36479184,1785774599999,1791376157436,legacy_historical,,,,,,,,,
1785774600000,757.30201355,1785775499999,1791376157436,legacy_historical,,,,,,,,,
1785775500000,757.0745959,1785776399999,1791376157436,legacy_historical,,,,,,,,,
1785776400000,757.32040443,1785777299999,1791376157436,legacy_historical,,,,,,,,,
1785777300000,757.89679401,1785778199999,1791376157436,legacy_historical,,,,,,,,,
1785778200000,758.16955773,1785779099999,1791376157436,legacy_historical,,,,,,,,,
1785779100000,758.43454118,1785779999999,1791376157436,legacy_historical,,,,,,,,,
1785780000000,758.80996695,1785780899999,1791376157436,legacy_historical,,,,,,,,,
1785780900000,758.3662579,1785781799999,1791376157436,legacy_historical,,,,,,,,,
1785781800000,758.84621112,1785782699999,1791376157436,legacy_historical,,,,,,,,,
1785782700000,758.7258376,1785783599999,1791376157436,legacy_historical,,,,,,,,,
1785783600000,758.9251327,1785784499999,1791376157436,legacy_historical,,,,,,,,,
1785784500000,759.03809402,1785785399999,1791376157436,legacy_historical,,,,,,,,,
1785785400000,758.79839297,1785786299999,1791376157436,legacy_historical,,,,,,,,,
1785786300000,758.38480851,1785787199999,1791376157436,legacy_historical,,,,,,,,,
1785787200000,758.74841435,1785788099999,1791376157436,legacy_historical,,,,,,,,,
1785788100000,758.88987812,1785788999999,1791376157436,legacy_historical,,,,,,,,,
1785789000000,759.11687067,1785789899999,1791376157436,legacy_historical,,,,,,,,,
1785789900000,758.67182887,1785790799999,1791376157436,legacy_historical,,,,,,,,,
1785790800000,758.84191592,1785791699999,1791376157436,legacy_historical,,,,,,,,,
1785791700000,758.61737294,1785792599999,1791376157436,legacy_historical,,,,,,,,,
1785792600000,758.57177778,1785793499999,1791376157436,legacy_historical,,,,,,,,,
1785793500000,758.73919536,1785794399999,1791376157436,legacy_historical,,,,,,,,,
1785794400000,758.8120145,1785795299999,1791376157436,legacy_historical,,,,,,,,,
1785795300000,758.97293376,1785796199999,1791376157436,legacy_historical,,,,,,,,,
1785796200000,759.17404028,1785797099999,1791376157436,legacy_historical,,,,,,,,,
1785797100000,759.15034675,1785797999999,1791376157436,legacy_historical,,,,,,,,,
1785798000000,759.01958056,1785798899999,1791376157436,legacy_historical,,,,,,,,,
1785798900000,759.06635988,1785799799999,1791376157436,legacy_historical,,,,,,,,,
1785799800000,758.81797773,1785800699999,1791376157436,legacy_historical,,,,,,,,,
1785800700000,759.08253731,1785801599999,1791376157436,legacy_historical,,,,,,,,,
1785801600000,759.05224735,1785802499999,1791376157436,legacy_historical,,,,,,,,,
1785802500000,758.89658518,1785803399999,1791376157436,legacy_historical,,,,,,,,,
1785803400000,759.15491298,1785804299999,1791376157436,legacy_historical,,,,,,,,,
1785804300000,759.01210229,1785805199999,1791376157436,legacy_historical,,,,,,,,,
1785805200000,759.11544416,1785806099999,1791376157436,legacy_historical,,,,,,,,,
1785806100000,759.30254393,1785806999999,1791376157436,legacy_historical,,,,,,,,,
1785807000000,759.70830161,1785807899999,1791376157436,legacy_historical,,,,,,,,,
1785807900000,760.43485154,1785808799999,1791376157436,legacy_historical,,,,,,,,,
1785808800000,759.91632842,1785809699999,1791376157436,legacy_historical,,,,,,,,,
1785809700000,759.73644849,1785810599999,1791376157436,legacy_historical,,,,,,,,,
1785810600000,760.072917,1785811499999,1791376157436,legacy_historical,,,,,,,,,
1785811500000,759.94228633,1785812399999,1791376157436,legacy_historical,,,,,,,,,
1785812400000,759.62692347,1785813299999,1791376157436,legacy_historical,,,,,,,,,
1785813300000,759.99514519,1785814199999,1791376157436,legacy_historical,,,,,,,,,
1785814200000,759.8730739,1785815099999,1791376157436,legacy_historical,,,,,,,,,
1785815100000,760.12478729,1785815999999,1791376157436,legacy_historical,,,,,,,,,
1785816000000,759.91441668,1785816899999,1791376157436,legacy_historical,,,,,,,,,
1785816900000,760.18676295,1785817799999,1791376157436,legacy_historical,,,,,,,,,
1785817800000,760.10762944,1785818699999,1791376157436,legacy_historical,,,,,,,,,
1785818700000,760.11153461,1785819599999,1791376157436,legacy_historical,,,,,,,,,
1785819600000,759.96358264,1785820499999,1791376157436,legacy_historical,,,,,,,,,
1785820500000,760.17980295,1785821399999,1791376157436,legacy_historical,,,,,,,,,
1785821400000,760.36840741,1785822299999,1791376157436,legacy_historical,,,,,,,,,
1785822300000,760.41046332,1785823199999,1791376157436,legacy_historical,,,,,,,,,
1785823200000,760.63966836,1785824099999,1791376157436,legacy_historical,,,,,,,,,
1785824100000,760.42680851,1785824999999,1791376157436,legacy_historical,,,,,,,,,
1785825000000,760.08601635,1785825899999,1791376157436,legacy_historical,,,,,,,,,
1785825900000,760.10884877,1785826799999,1791376157436,legacy_historical,,,,,,,,,
1785826800000,759.94337307,1785827699999,1791376157436,legacy_historical,,,,,,,,,
1785827700000,760.2344308,1785828599999,1791376157436,legacy_historical,,,,,,,,,
1785828600000,759.98900044,1785829499999,1791376157436,legacy_historical,,,,,,,,,
1785829500000,760.02804398,1785830399999,1791376157436,legacy_historical,,,,,,,,,
1785830400000,760.09499977,1785831299999,1791376157436,legacy_historical,,,,,,,,,
1785831300000,760.07487894,1785832199999,1791376157436,legacy_historical,,,,,,,,,
1785832200000,759.6664675,1785833099999,1791376157436,legacy_historical,,,,,,,,,
1785833100000,759.61006099,1785833999999,1791376157436,legacy_historical,,,,,,,,,
1785834000000,759.16468702,1785834899999,1791376157436,legacy_historical,,,,,,,,,
1785834900000,759.17292709,1785835799999,1791376157436,legacy_historical,,,,,,,,,
1785835800000,759.53279027,1785836699999,1791376157436,legacy_historical,,,,,,,,,
1785836700000,759.45366001,1785837599999,1791376157436,legacy_historical,,,,,,,,,
1785837600000,759.57663311,1785838499999,1791376157436,legacy_historical,,,,,,,,,
1785838500000,759.42514389,1785839399999,1791376157436,legacy_historical,,,,,,,,,
1785839400000,760.00474312,1785840299999,1791376157436,legacy_historical,,,,,,,,,
1785840300000,760.03042506,1785841199999,1791376157436,legacy_historical,,,,,,,,,
1785841200000,760.09929883,1785842099999,1791376157436,legacy_historical,,,,,,,,,
1785842100000,760.55348048,1785842999999,1791376157436,legacy_historical,,,,,,,,,
1785843000000,761.14139513,1785843899999,1791376157436,legacy_historical,,,,,,,,,
1785843900000,761.23265168,1785844799999,1791376157436,legacy_historical,,,,,,,,,
1785844800000,760.93349199,1785845699999,1791376157436,legacy_historical,,,,,,,,,
1785845700000,761.16835228,1785846599999,1791376157436,legacy_historical,,,,,,,,,
1785846600000,761.19863399,1785847499999,1791376157436,legacy_historical,,,,,,,,,
1785847500000,760.83114032,1785848399999,1791376157436,legacy_historical,,,,,,,,,
1785848400000,761.11305827,1785849299999,1791376157436,legacy_historical,,,,,,,,,
1785849300000,761.51558018,1785850199999,1791376157436,legacy_historical,,,,,,,,,
1785850200000,762.58782312,1785851099999,1791376157436,legacy_historical,,,,,,,,,
1785851100000,764.05754683,1785851999999,1791376157436,legacy_historical,,,,,,,,,
1785852000000,765.64721934,1785852899999,1791376157436,legacy_historical,,,,,,,,,
1785852900000,765.30404645,1785853799999,1791376157436,legacy_historical,,,,,,,,,
1785853800000,766.49998737,1785854699999,1791376157436,legacy_historical,,,,,,,,,
1785854700000,767.05825174,1785855599999,1791376157436,legacy_historical,,,,,,,,,
1785855600000,767.6829886,1785856499999,1791376157436,legacy_historical,,,,,,,,,
1785856500000,768.21924947,1785857399999,1791376157436,legacy_historical,,,,,,,,,
1785857400000,769.05107132,1785858299999,1791376157436,legacy_historical,,,,,,,,,
1785858300000,769.18804154,1785859199999,1791376157436,legacy_historical,,,,,,,,,
1785859200000,769.01499705,1785860099999,1791376157436,legacy_historical,,,,,,,,,
1785860100000,769.90709174,1785860999999,1791376157436,legacy_historical,,,,,,,,,
1785861000000,770.73032838,1785861899999,1791376157436,legacy_historical,,,,,,,,,
1785861900000,770.90376099,1785862799999,1791376157436,legacy_historical,,,,,,,,,
1785862800000,771.89241155,1785863699999,1791376157436,legacy_historical,,,,,,,,,
1785863700000,771.92708203,1785864599999,1791376157436,legacy_historical,,,,,,,,,
1785864600000,772.98440851,1785865499999,1791376157436,legacy_historical,,,,,,,,,
1785865500000,772.38343268,1785866399999,1791376157436,legacy_historical,,,,,,,,,
1785866400000,772.86034049,1785867299999,1791376157436,legacy_historical,,,,,,,,,
1785867300000,772.90851884,1785868199999,1791376157436,legacy_historical,,,,,,,,,
1785868200000,772.37953486,1785869099999,1791376157436,legacy_historical,,,,,,,,,
1785869100000,772.72859353,1785869999999,1791376157436,legacy_historical,,,,,,,,,
1785870000000,773.54022595,1785870899999,1791376157436,legacy_historical,,,,,,,,,
1785870900000,772.93916728,1785871799999,1791376157436,legacy_historical,,,,,,,,,
1785871800000,773.93976601,1785872699999,1791376157436,legacy_historical,,,,,,,,,
1785872700000,772.07259151,1785873599999,1791376157436,legacy_historical,,,,,,,,,
1785873600000,772.84862459,1785874499999,1791376157436,legacy_historical,,,,,,,,,
1785874500000,772.18736435,1785875399999,1791376157436,legacy_historical,,,,,,,,,
1785875400000,772.58883119,1785876299999,1791376157436,legacy_historical,,,,,,,,,
1785876300000,772.8226659,1785877199999,1791376157436,legacy_historical,,,,,,,,,
1785877200000,772.66643889,1785878099999,1791376157436,legacy_historical,,,,,,,,,
1785878100000,772.76585947,1785878999999,1791376157436,legacy_historical,,,,,,,,,
1785879000000,772.8595688,1785879899999,1791376157436,legacy_historical,,,,,,,,,
1785879900000,772.76474656,1785880799999,1791376157436,legacy_historical,,,,,,,,,
1785880800000,773.25106615,1785881699999,1791376157436,legacy_historical,,,,,,,,,
1785881700000,773.47928162,1785882599999,1791376157436,legacy_historical,,,,,,,,,
1785882600000,773.25975001,1785883499999,1791376157436,legacy_historical,,,,,,,,,
1785883500000,773.47001358,1785884399999,1791376157436,legacy_historical,,,,,,,,,
1785884400000,773.58541806,1785885299999,1791376157436,legacy_historical,,,,,,,,,
1785885300000,773.40345499,1785886199999,1791376157436,legacy_historical,,,,,,,,,
1785886200000,773.38427496,1785887099999,1791376157436,legacy_historical,,,,,,,,,
1785887100000,773.35700346,1785887999999,1791376157436,legacy_historical,,,,,,,,,
1785888000000,773.49345142,1785888899999,1791376157436,legacy_historical,,,,,,,,,
1785888900000,773.82041889,1785889799999,1791376157436,legacy_historical,,,,,,,,,
1785889800000,773.5774636,1785890699999,1791376157436,legacy_historical,,,,,,,,,
1785890700000,773.85332845,1785891599999,1791376157436,legacy_historical,,,,,,,,,
1785891600000,773.8200935,1785892499999,1791376157436,legacy_historical,,,,,,,,,
1785892500000,773.48383206,1785893399999,1791376157436,legacy_historical,,,,,,,,,
1785893400000,773.85349574,1785894299999,1791376157436,legacy_historical,,,,,,,,,
1785894300000,773.97998594,1785895199999,1791376157436,legacy_historical,,,,,,,,,
1785895200000,774.16427328,1785896099999,1791376157436,legacy_historical,,,,,,,,,
1785896100000,774.08910384,1785896999999,1791376157436,legacy_historical,,,,,,,,,
1785897000000,774.17341291,1785897899999,1791376157436,legacy_historical,,,,,,,,,
1785897900000,774.25246833,1785898799999,1791376157436,legacy_historical,,,,,,,,,
1785898800000,774.57632709,1785899699999,1791376157436,legacy_historical,,,,,,,,,
1785899700000,774.34564076,1785900599999,1791376157436,legacy_historical,,,,,,,,,
1785900600000,774.70861981,1785901499999,1791376157436,legacy_historical,,,,,,,,,
1785901500000,774.74508702,1785902399999,1791376157436,legacy_historical,,,,,,,,,
1785902400000,774.69254682,1785903299999,1791376157436,legacy_historical,,,,,,,,,
1785903300000,774.53634572,1785904199999,1791376157436,legacy_historical,,,,,,,,,
1785904200000,774.78404879,1785905099999,1791376157436,legacy_historical,,,,,,,,,
1785905100000,774.81942486,1785905999999,1791376157436,legacy_historical,,,,,,,,,
1785906000000,775.0927982,1785906899999,1791376157436,legacy_historical,,,,,,,,,
1785906900000,775.03637205,1785907799999,1791376157436,legacy_historical,,,,,,,,,
1785907800000,775.17729265,1785908699999,1791376157436,legacy_historical,,,,,,,,,
1785908700000,775.44881679,1785909599999,1791376157436,legacy_historical,,,,,,,,,
1785909600000,775.49469377,1785910499999,1791376157436,legacy_historical,,,,,,,,,
1785910500000,774.93437456,1785911399999,1791376157436,legacy_historical,,,,,,,,,
1785911400000,775.03701666,1785912299999,1791376157436,legacy_historical,,,,,,,,,
1785912300000,775.39093879,1785913199999,1791376157436,legacy_historical,,,,,,,,,
1785913200000,775.00157882,1785914099999,1791376157436,legacy_historical,,,,,,,,,
1785914100000,774.69401825,1785914999999,1791376157436,legacy_historical,,,,,,,,,
1785915000000,774.71458497,1785915899999,1791376157436,legacy_historical,,,,,,,,,
1785915900000,774.87523812,1785916799999,1791376157436,legacy_historical,,,,,,,,,
1785916800000,774.36567981,1785917699999,1791376157436,legacy_historical,,,,,,,,,
1785917700000,774.06872462,1785918599999,1791376157436,legacy_historical,,,,,,,,,
1785918600000,773.85365071,1785919499999,1791376157436,legacy_historical,,,,,,,,,
1785919500000,773.9689676,1785920399999,1791376157436,legacy_historical,,,,,,,,,
1785920400000,774.25749969,1785921299999,1791376157436,legacy_historical,,,,,,,,,
1785921300000,774.4901739,1785922199999,1791376157436,legacy_historical,,,,,,,,,
1785922200000,774.62755099,1785923099999,1791376157436,legacy_historical,,,,,,,,,
1785923100000,774.46788384,1785923999999,1791376157436,legacy_historical,,,,,,,,,
1785924000000,774.55166183,1785924899999,1791376157436,legacy_historical,,,,,,,,,
1785924900000,774.82980889,1785925799999,1791376157436,legacy_historical,,,,,,,,,
1785925800000,774.94157755,1785926699999,1791376157436,legacy_historical,,,,,,,,,
1785926700000,775.26145847,1785927599999,1791376157436,legacy_historical,,,,,,,,,
1785927600000,775.33716717,1785928499999,1791376157436,legacy_historical,,,,,,,,,
1785928500000,775.13841174,1785929399999,1791376157436,legacy_historical,,,,,,,,,
1785929400000,775.10582319,1785930299999,1791376157436,legacy_historical,,,,,,,,,
1785930300000,775.4072965,1785931199999,1791376157436,legacy_historical,,,,,,,,,
1785931200000,775.64014134,1785932099999,1791376157436,legacy_historical,,,,,,,,,
1785932100000,775.87880654,1785932999999,1791376157436,legacy_historical,,,,,,,,,
1785933000000,775.78166498,1785933899999,1791376157436,legacy_historical,,,,,,,,,
1785933900000,775.56410548,1785934799999,1791376157436,legacy_historical,,,,,,,,,
1785934800000,776.18977983,1785935699999,1791376157436,legacy_historical,,,,,,,,,
1785935700000,776.4445246,1785936599999,1791376157436,legacy_historical,,,,,,,,,
1785936600000,777.1340169,1785937499999,1791376157436,legacy_historical,,,,,,,,,
1785937500000,777.17578187,1785938399999,1791376157436,legacy_historical,,,,,,,,,
1785938400000,776.90245121,1785939299999,1791376157436,legacy_historical,,,,,,,,,
1785939300000,775.69026705,1785940199999,1791376157436,legacy_historical,,,,,,,,,
1785940200000,774.65768614,1785941099999,1791376157436,legacy_historical,,,,,,,,,
1785941100000,774.03867792,1785941999999,1791376157436,legacy_historical,,,,,,,,,
1785942000000,773.67818789,1785942899999,1791376157436,legacy_historical,,,,,,,,,
1785942900000,772.4296998,1785943799999,1791376157436,legacy_historical,,,,,,,,,
1785943800000,772.64699419,1785944699999,1791376157436,legacy_historical,,,,,,,,,
1785944700000,771.50961406,1785945599999,1791376157436,legacy_historical,,,,,,,,,
1785945600000,771.09224952,1785946499999,1791376157436,legacy_historical,,,,,,,,,
1785946500000,772.68459981,1785947399999,1791376157436,legacy_historical,,,,,,,,,
1785947400000,772.31075129,1785948299999,1791376157436,legacy_historical,,,,,,,,,
1785948300000,772.61480104,1785949199999,1791376157436,legacy_historical,,,,,,,,,
1785949200000,772.28814862,1785950099999,1791376157436,legacy_historical,,,,,,,,,
1785950100000,772.08773472,1785950999999,1791376157436,legacy_historical,,,,,,,,,
1785951000000,772.57676657,1785951899999,1791376157436,legacy_historical,,,,,,,,,
1785951900000,772.41792799,1785952799999,1791376157436,legacy_historical,,,,,,,,,
1785952800000,772.55486599,1785953699999,1791376157436,legacy_historical,,,,,,,,,
1785953700000,772.69469654,1785954599999,1791376157436,legacy_historical,,,,,,,,,
1785954600000,772.28966982,1785955499999,1791376157436,legacy_historical,,,,,,,,,
1785955500000,772.18931086,1785956399999,1791376157436,legacy_historical,,,,,,,,,
1785956400000,772.44774305,1785957299999,1791376157436,legacy_historical,,,,,,,,,
1785957300000,772.49299618,1785958199999,1791376157436,legacy_historical,,,,,,,,,
1785958200000,772.17771051,1785959099999,1791376157436,legacy_historical,,,,,,,,,
1785959100000,771.05266938,1785959999999,1791376157436,legacy_historical,,,,,,,,,
1785960000000,771.63146875,1785960899999,1791376157436,legacy_historical,,,,,,,,,
1785960900000,771.34185134,1785961799999,1791376157436,legacy_historical,,,,,,,,,
1785961800000,771.66246212,1785962699999,1791376157436,legacy_historical,,,,,,,,,
1785962700000,771.54557717,1785963599999,1791376157436,legacy_historical,,,,,,,,,
1785963600000,771.30107487,1785964499999,1791376157436,legacy_historical,,,,,,,,,
1785964500000,771.38166545,1785965399999,1791376157436,legacy_historical,,,,,,,,,
1785965400000,771.29819963,1785966299999,1791376157436,legacy_historical,,,,,,,,,
1785966300000,771.32194311,1785967199999,1791376157436,legacy_historical,,,,,,,,,
1785967200000,771.46819448,1785968099999,1791376157436,legacy_historical,,,,,,,,,
1785968100000,772.35541175,1785968999999,1791376157436,legacy_historical,,,,,,,,,
1785969000000,772.48608619,1785969899999,1791376157436,legacy_historical,,,,,,,,,
1785969900000,772.15065433,1785970799999,1791376157436,legacy_historical,,,,,,,,,
1785970800000,772.25457413,1785971699999,1791376157436,legacy_historical,,,,,,,,,
1785971700000,772.30817355,1785972599999,1791376157436,legacy_historical,,,,,,,,,
1785972600000,772.02398798,1785973499999,1791376157436,legacy_historical,,,,,,,,,
1785973500000,771.9465996,1785974399999,1791376157436,legacy_historical,,,,,,,,,
1785974400000,771.82840296,1785975299999,1791376157436,legacy_historical,,,,,,,,,
1785975300000,771.70719482,1785976199999,1791376157436,legacy_historical,,,,,,,,,
1785976200000,771.70013065,1785977099999,1791376157436,legacy_historical,,,,,,,,,
1785977100000,771.5204457,1785977999999,1791376157436,legacy_historical,,,,,,,,,
1785978000000,771.17720117,1785978899999,1791376157436,legacy_historical,,,,,,,,,
1785978900000,770.71677745,1785979799999,1791376157436,legacy_historical,,,,,,,,,
1785979800000,770.8028245,1785980699999,1791376157436,legacy_historical,,,,,,,,,
1785980700000,771.19099644,1785981599999,1791376157436,legacy_historical,,,,,,,,,
1785981600000,771.79401471,1785982499999,1791376157436,legacy_historical,,,,,,,,,
1785982500000,771.81258706,1785983399999,1791376157436,legacy_historical,,,,,,,,,
1785983400000,772.44133828,1785984299999,1791376157436,legacy_historical,,,,,,,,,
1785984300000,772.23274032,1785985199999,1791376157436,legacy_historical,,,,,,,,,
1785985200000,772.23941879,1785986099999,1791376157436,legacy_historical,,,,,,,,,
1785986100000,771.80803473,1785986999999,1791376157436,legacy_historical,,,,,,,,,
1785987000000,771.88900699,1785987899999,1791376157436,legacy_historical,,,,,,,,,
1785987900000,772.13718965,1785988799999,1791376157436,legacy_historical,,,,,,,,,
1785988800000,771.8708494,1785989699999,1791376157436,legacy_historical,,,,,,,,,
1785989700000,772.13109867,1785990599999,1791376157436,legacy_historical,,,,,,,,,
1785990600000,771.83010943,1785991499999,1791376157436,legacy_historical,,,,,,,,,
1785991500000,772.03294578,1785992399999,1791376157436,legacy_historical,,,,,,,,,
1785992400000,772.08068032,1785993299999,1791376157436,legacy_historical,,,,,,,,,
1785993300000,772.09754009,1785994199999,1791376157436,legacy_historical,,,,,,,,,
1785994200000,772.0882316,1785995099999,1791376157436,legacy_historical,,,,,,,,,
1785995100000,772.30239134,1785995999999,1791376157436,legacy_historical,,,,,,,,,
1785996000000,771.38454109,1785996899999,1791376157436,legacy_historical,,,,,,,,,
1785996900000,771.87595927,1785997799999,1791376157436,legacy_historical,,,,,,,,,
1785997800000,771.50657002,1785998699999,1791376157436,legacy_historical,,,,,,,,,
1785998700000,771.74483897,1785999599999,1791376157436,legacy_historical,,,,,,,,,
1785999600000,772.18662749,1786000499999,1791376157436,legacy_historical,,,,,,,,,
1786000500000,771.83714638,1786001399999,1791376157436,legacy_historical,,,,,,,,,
1786001400000,771.45584439,1786002299999,1791376157436,legacy_historical,,,,,,,,,
1786002300000,771.56126689,1786003199999,1791376157436,legacy_historical,,,,,,,,,
1786003200000,771.1682496,1786004099999,1791376157436,legacy_historical,,,,,,,,,
1786004100000,771.76099332,1786004999999,1791376157436,legacy_historical,,,,,,,,,
1786005000000,771.99148515,1786005899999,1791376157436,legacy_historical,,,,,,,,,
1786005900000,772.30329037,1786006799999,1791376157436,legacy_historical,,,,,,,,,
1786006800000,771.55536547,1786007699999,1791376157436,legacy_historical,,,,,,,,,
1786007700000,771.86717002,1786008599999,1791376157436,legacy_historical,,,,,,,,,
1786008600000,771.93905541,1786009499999,1791376157436,legacy_historical,,,,,,,,,
1786009500000,772.47491633,1786010399999,1791376157436,legacy_historical,,,,,,,,,
1786010400000,772.17476578,1786011299999,1791376157436,legacy_historical,,,,,,,,,
1786011300000,772.3887449,1786012199999,1791376157436,legacy_historical,,,,,,,,,
1786012200000,771.87767609,1786013099999,1791376157436,legacy_historical,,,,,,,,,
1786013100000,771.97436293,1786013999999,1791376157436,legacy_historical,,,,,,,,,
1786014000000,771.52847917,1786014899999,1791376157436,legacy_historical,,,,,,,,,
1786014900000,772.08122815,1786015799999,1791376157436,legacy_historical,,,,,,,,,
1786015800000,772.03612894,1786016699999,1791376157436,legacy_historical,,,,,,,,,
1786016700000,771.71055428,1786017599999,1791376157436,legacy_historical,,,,,,,,,
1786017600000,771.25502006,1786018499999,1791376157436,legacy_historical,,,,,,,,,
1786018500000,771.56866129,1786019399999,1791376157436,legacy_historical,,,,,,,,,
1786019400000,771.71044849,1786020299999,1791376157436,legacy_historical,,,,,,,,,
1786020300000,771.43414451,1786021199999,1791376157436,legacy_historical,,,,,,,,,
1786021200000,771.01662879,1786022099999,1791376157436,legacy_historical,,,,,,,,,
1786022100000,771.11039345,1786022999999,1791376157436,legacy_historical,,,,,,,,,
1786023000000,771.36723762,1786023899999,1791376157436,legacy_historical,,,,,,,,,
1786023900000,771.74899181,1786024799999,1791376157436,legacy_historical,,,,,,,,,
1786024800000,772.40149483,1786025699999,1791376157436,legacy_historical,,,,,,,,,
1786025700000,771.29110355,1786026599999,1791376157436,legacy_historical,,,,,,,,,
1786026600000,770.95046716,1786027499999,1791376157436,legacy_historical,,,,,,,,,
1786027500000,771.62244234,1786028399999,1791376157436,legacy_historical,,,,,,,,,
1786028400000,770.73743926,1786029299999,1791376157436,legacy_historical,,,,,,,,,
1786029300000,769.95753355,1786030199999,1791376157436,legacy_historical,,,,,,,,,
1786030200000,769.09951949,1786031099999,1791376157436,legacy_historical,,,,,,,,,
1786031100000,768.81091193,1786031999999,1791376157436,legacy_historical,,,,,,,,,
1786032000000,768.74034478,1786032899999,1791376157436,legacy_historical,,,,,,,,,
1786032900000,768.98373332,1786033799999,1791376157436,legacy_historical,,,,,,,,,
1786033800000,768.92328041,1786034699999,1791376157436,legacy_historical,,,,,,,,,
1786034700000,769.7746928,1786035599999,1791376157436,legacy_historical,,,,,,,,,
1786035600000,768.95842059,1786036499999,1791376157436,legacy_historical,,,,,,,,,
1786036500000,768.62809659,1786037399999,1791376157436,legacy_historical,,,,,,,,,
1786037400000,768.79546328,1786038299999,1791376157436,legacy_historical,,,,,,,,,
1786038300000,769.39262017,1786039199999,1791376157436,legacy_historical,,,,,,,,,
1786039200000,769.85874236,1786040099999,1791376157436,legacy_historical,,,,,,,,,
1786040100000,770.14813382,1786040999999,1791376157436,legacy_historical,,,,,,,,,
1786041000000,769.47595275,1786041899999,1791376157436,legacy_historical,,,,,,,,,
1786041900000,769.67501627,1786042799999,1791376157436,legacy_historical,,,,,,,,,
1786042800000,770.14937537,1786043699999,1791376157436,legacy_historical,,,,,,,,,
1786043700000,769.4535845,1786044599999,1791376157436,legacy_historical,,,,,,,,,
1786044600000,768.97575568,1786045499999,1791376157436,legacy_historical,,,,,,,,,
1786045500000,769.24629538,1786046399999,1791376157436,legacy_historical,,,,,,,,,
1786046400000,769.55134921,1786047299999,1791376157436,legacy_historical,,,,,,,,,
1786047300000,768.71679025,1786048199999,1791376157436,legacy_historical,,,,,,,,,
1786048200000,768.7206833,1786049099999,1791376157436,legacy_historical,,,,,,,,,
1786049100000,768.88407559,1786049999999,1791376157436,legacy_historical,,,,,,,,,
1786050000000,768.92243559,1786050899999,1791376157436,legacy_historical,,,,,,,,,
1786050900000,768.96102132,1786051799999,1791376157436,legacy_historical,,,,,,,,,
1786051800000,768.79167757,1786052699999,1791376157436,legacy_historical,,,,,,,,,
1786052700000,769.06226337,1786053599999,1791376157436,legacy_historical,,,,,,,,,
1786053600000,769.64723223,1786054499999,1791376157436,legacy_historical,,,,,,,,,
1786054500000,769.35623355,1786055399999,1791376157436,legacy_historical,,,,,,,,,
1786055400000,769.21926685,1786056299999,1791376157436,legacy_historical,,,,,,,,,
1786056300000,769.49037183,1786057199999,1791376157436,legacy_historical,,,,,,,,,
1786057200000,769.41630229,1786058099999,1791376157436,legacy_historical,,,,,,,,,
1786058100000,769.50125346,1786058999999,1791376157436,legacy_historical,,,,,,,,,
1786059000000,769.69929513,1786059899999,1791376157436,legacy_historical,,,,,,,,,
1786059900000,769.7354621,1786060799999,1791376157436,legacy_historical,,,,,,,,,
1786060800000,769.80279399,1786061699999,1791376157436,legacy_historical,,,,,,,,,
1786061700000,769.22177818,1786062599999,1791376157436,legacy_historical,,,,,,,,,
1786062600000,769.55776385,1786063499999,1791376157436,legacy_historical,,,,,,,,,
1786063500000,769.60177588,1786064399999,1791376157436,legacy_historical,,,,,,,,,
1786064400000,769.17943045,1786065299999,1791376157436,legacy_historical,,,,,,,,,
1786065300000,769.38893198,1786066199999,1791376157436,legacy_historical,,,,,,,,,
1786066200000,769.3054442,1786067099999,1791376157436,legacy_historical,,,,,,,,,
1786067100000,769.30839603,1786067999999,1791376157436,legacy_historical,,,,,,,,,
1786068000000,769.2693082,1786068899999,1791376157436,legacy_historical,,,,,,,,,
1786068900000,769.26789068,1786069799999,1791376157436,legacy_historical,,,,,,,,,
1786069800000,768.96080808,1786070699999,1791376157436,legacy_historical,,,,,,,,,
1786070700000,769.26025193,1786071599999,1791376157436,legacy_historical,,,,,,,,,
1786071600000,769.22641817,1786072499999,1791376157436,legacy_historical,,,,,,,,,
1786072500000,769.15022961,1786073399999,1791376157436,legacy_historical,,,,,,,,,
1786073400000,769.04040319,1786074299999,1791376157436,legacy_historical,,,,,,,,,
1786074300000,768.91948595,1786075199999,1791376157436,legacy_historical,,,,,,,,,
1786075200000,768.82609965,1786076099999,1791376157436,legacy_historical,,,,,,,,,
1786076100000,769.13613796,1786076999999,1791376157436,legacy_historical,,,,,,,,,
1786077000000,769.02058714,1786077899999,1791376157436,legacy_historical,,,,,,,,,
1786077900000,769.18567059,1786078799999,1791376157436,legacy_historical,,,,,,,,,
1786078800000,769.44416305,1786079699999,1791376157436,legacy_historical,,,,,,,,,
1786079700000,769.46377498,1786080599999,1791376157436,legacy_historical,,,,,,,,,
1786080600000,769.28527845,1786081499999,1791376157436,legacy_historical,,,,,,,,,
1786081500000,769.2131358,1786082399999,1791376157436,legacy_historical,,,,,,,,,
1786082400000,769.78493812,1786083299999,1791376157436,legacy_historical,,,,,,,,,
1786083300000,769.96195886,1786084199999,1791376157436,legacy_historical,,,,,,,,,
1786084200000,769.43128072,1786085099999,1791376157436,legacy_historical,,,,,,,,,
1786085100000,769.78811294,1786085999999,1791376157436,legacy_historical,,,,,,,,,
1786086000000,770.15453628,1786086899999,1791376157436,legacy_historical,,,,,,,,,
1786086900000,770.12197303,1786087799999,1791376157436,legacy_historical,,,,,,,,,
1786087800000,770.06229676,1786088699999,1791376157436,legacy_historical,,,,,,,,,
1786088700000,770.01288106,1786089599999,1791376157436,legacy_historical,,,,,,,,,
1786089600000,770.60093913,1786090499999,1791376157436,legacy_historical,,,,,,,,,
1786090500000,770.37440059,1786091399999,1791376157436,legacy_historical,,,,,,,,,
1786091400000,770.40362231,1786092299999,1791376157436,legacy_historical,,,,,,,,,
1786092300000,770.50670031,1786093199999,1791376157436,legacy_historical,,,,,,,,,
1786093200000,770.70731709,1786094099999,1791376157436,legacy_historical,,,,,,,,,
1786094100000,770.56619971,1786094999999,1791376157436,legacy_historical,,,,,,,,,
1786095000000,770.60692574,1786095899999,1791376157436,legacy_historical,,,,,,,,,
1786095900000,770.44512351,1786096799999,1791376157436,legacy_historical,,,,,,,,,
1786096800000,770.46920548,1786097699999,1791376157436,legacy_historical,,,,,,,,,
1786097700000,770.65394186,1786098599999,1791376157436,legacy_historical,,,,,,,,,
1786098600000,770.76684556,1786099499999,1791376157436,legacy_historical,,,,,,,,,
1786099500000,770.5477222,1786100399999,1791376157436,legacy_historical,,,,,,,,,
1786100400000,770.82911922,1786101299999,1791376157436,legacy_historical,,,,,,,,,
1786101300000,771.17591501,1786102199999,1791376157436,legacy_historical,,,,,,,,,
1786102200000,771.37190305,1786103099999,1791376157436,legacy_historical,,,,,,,,,
1786103100000,770.8681224,1786103999999,1791376157436,legacy_historical,,,,,,,,,
1786104000000,771.17319732,1786104899999,1791376157436,legacy_historical,,,,,,,,,
1786104900000,771.36718866,1786105799999,1791376157436,legacy_historical,,,,,,,,,
1786105800000,773.08057066,1786106699999,1791376157436,legacy_historical,,,,,,,,,
1786106700000,773.24093354,1786107599999,1791376157436,legacy_historical,,,,,,,,,
1786107600000,772.04095228,1786108499999,1791376157436,legacy_historical,,,,,,,,,
1786108500000,771.43937619,1786109399999,1791376157436,legacy_historical,,,,,,,,,
1786109400000,772.40604202,1786110299999,1791376157436,legacy_historical,,,,,,,,,
1786110300000,771.66519348,1786111199999,1791376157436,legacy_historical,,,,,,,,,
1786111200000,770.54921724,1786112099999,1791376157436,legacy_historical,,,,,,,,,
1786112100000,773.75828405,1786112999999,1791376157436,legacy_historical,,,,,,,,,
1786113000000,772.4581507,1786113899999,1791376157436,legacy_historical,,,,,,,,,
1786113900000,773.44814843,1786114799999,1791376157436,legacy_historical,,,,,,,,,
1786114800000,773.7384521,1786115699999,1791376157436,legacy_historical,,,,,,,,,
1786115700000,774.30592297,1786116599999,1791376157436,legacy_historical,,,,,,,,,
1786116600000,773.87881081,1786117499999,1791376157436,legacy_historical,,,,,,,,,
1786117500000,773.70439889,1786118399999,1791376157436,legacy_historical,,,,,,,,,
1786118400000,773.65331773,1786119299999,1791376157436,legacy_historical,,,,,,,,,
1786119300000,772.25342077,1786120199999,1791376157436,legacy_historical,,,,,,,,,
1786120200000,773.12252234,1786121099999,1791376157436,legacy_historical,,,,,,,,,
1786121100000,772.59344814,1786121999999,1791376157436,legacy_historical,,,,,,,,,
1786122000000,772.69646557,1786122899999,1791376157436,legacy_historical,,,,,,,,,
1786122900000,772.69744848,1786123799999,1791376157436,legacy_historical,,,,,,,,,
1786123800000,772.77249522,1786124699999,1791376157436,legacy_historical,,,,,,,,,
1786124700000,772.81516045,1786125599999,1791376157436,legacy_historical,,,,,,,,,
1786125600000,772.17413568,1786126499999,1791376157436,legacy_historical,,,,,,,,,
1786126500000,772.03230078,1786127399999,1791376157436,legacy_historical,,,,,,,,,
1786127400000,771.58760947,1786128299999,1791376157436,legacy_historical,,,,,,,,,
1786128300000,772.20291772,1786129199999,1791376157436,legacy_historical,,,,,,,,,
1786129200000,773.45280124,1786130099999,1791376157436,legacy_historical,,,,,,,,,
1786130100000,773.56838163,1786130999999,1791376157436,legacy_historical,,,,,,,,,
1786131000000,773.16181445,1786131899999,1791376157436,legacy_historical,,,,,,,,,
1786131900000,773.8142172,1786132799999,1791376157436,legacy_historical,,,,,,,,,
1786132800000,773.39812015,1786133699999,1791376157436,legacy_historical,,,,,,,,,
1786133700000,773.14429508,1786134599999,1791376157436,legacy_historical,,,,,,,,,
1786134600000,773.34246327,1786135499999,1791376157436,legacy_historical,,,,,,,,,
1786135500000,773.52508256,1786136399999,1791376157436,legacy_historical,,,,,,,,,
1786136400000,773.52545857,1786137299999,1791376157436,legacy_historical,,,,,,,,,
1786137300000,773.48173532,1786138199999,1791376157436,legacy_historical,,,,,,,,,
1786138200000,773.42383868,1786139099999,1791376157436,legacy_historical,,,,,,,,,
1786139100000,773.37869356,1786139999999,1791376157436,legacy_historical,,,,,,,,,
1786140000000,773.49651341,1786140899999,1791376157436,legacy_historical,,,,,,,,,
1786140900000,773.58598979,1786141799999,1791376157436,legacy_historical,,,,,,,,,
1786141800000,773.7212245,1786142699999,1791376157436,legacy_historical,,,,,,,,,
1786142700000,773.52475282,1786143599999,1791376157436,legacy_historical,,,,,,,,,
1786143600000,773.56622508,1786144499999,1791376157436,legacy_historical,,,,,,,,,
1786144500000,773.57982413,1786145399999,1791376157436,legacy_historical,,,,,,,,,
1786145400000,773.60762704,1786146299999,1791376157436,legacy_historical,,,,,,,,,
1786146300000,773.84001173,1786147199999,1791376157436,legacy_historical,,,,,,,,,
1786147200000,773.4630207,1786148099999,1791376157436,legacy_historical,,,,,,,,,
1786148100000,773.16447587,1786148999999,1791376157436,legacy_historical,,,,,,,,,
1786149000000,773.05272725,1786149899999,1791376157436,legacy_historical,,,,,,,,,
1786149900000,773.08195718,1786150799999,1791376157436,legacy_historical,,,,,,,,,
1786150800000,773.10982193,1786151699999,1791376157436,legacy_historical,,,,,,,,,
1786151700000,773.15025408,1786152599999,1791376157436,legacy_historical,,,,,,,,,
1786152600000,773.17536872,1786153499999,1791376157436,legacy_historical,,,,,,,,,
1786153500000,773.41311008,1786154399999,1791376157436,legacy_historical,,,,,,,,,
1786154400000,773.64650201,1786155299999,1791376157436,legacy_historical,,,,,,,,,
1786155300000,773.89076834,1786156199999,1791376157436,legacy_historical,,,,,,,,,
1786156200000,774.06590825,1786157099999,1791376157436,legacy_historical,,,,,,,,,
1786157100000,774.19755634,1786157999999,1791376157436,legacy_historical,,,,,,,,,
1786158000000,774.14828316,1786158899999,1791376157436,legacy_historical,,,,,,,,,
1786158900000,774.12976752,1786159799999,1791376157436,legacy_historical,,,,,,,,,
1786159800000,774.11423644,1786160699999,1791376157436,legacy_historical,,,,,,,,,
1786160700000,774.16745903,1786161599999,1791376157436,legacy_historical,,,,,,,,,
1786161600000,774.33270108,1786162499999,1791376157436,legacy_historical,,,,,,,,,
1786162500000,774.12914359,1786163399999,1791376157436,legacy_historical,,,,,,,,,
1786163400000,773.89922184,1786164299999,1791376157436,legacy_historical,,,,,,,,,
1786164300000,773.6709772,1786165199999,1791376157436,legacy_historical,,,,,,,,,
1786165200000,773.45910049,1786166099999,1791376157436,legacy_historical,,,,,,,,,
1786166100000,773.25746627,1786166999999,1791376157436,legacy_historical,,,,,,,,,
1786167000000,773.1945825,1786167899999,1791376157436,legacy_historical,,,,,,,,,
1786167900000,772.90300297,1786168799999,1791376157436,legacy_historical,,,,,,,,,
1786168800000,772.78791707,1786169699999,1791376157436,legacy_historical,,,,,,,,,
1786169700000,772.63994031,1786170599999,1791376157436,legacy_historical,,,,,,,,,
1786170600000,772.49666403,1786171499999,1791376157436,legacy_historical,,,,,,,,,
1786171500000,772.48901058,1786172399999,1791376157436,legacy_historical,,,,,,,,,
1786172400000,772.6795827,1786173299999,1791376157436,legacy_historical,,,,,,,,,
1786173300000,772.73304115,1786174199999,1791376157436,legacy_historical,,,,,,,,,
1786174200000,772.60372659,1786175099999,1791376157436,legacy_historical,,,,,,,,,
1786175100000,772.53419394,1786175999999,1791376157436,legacy_historical,,,,,,,,,
1786176000000,772.68001193,1786176899999,1791376157436,legacy_historical,,,,,,,,,
1786176900000,772.60931128,1786177799999,1791376157436,legacy_historical,,,,,,,,,
1786177800000,772.68349348,1786178699999,1791376157436,legacy_historical,,,,,,,,,
1786178700000,772.8141597,1786179599999,1791376157436,legacy_historical,,,,,,,,,
1786179600000,773.03587493,1786180499999,1791376157436,legacy_historical,,,,,,,,,
1786180500000,773.21536034,1786181399999,1791376157436,legacy_historical,,,,,,,,,
1786181400000,773.24454243,1786182299999,1791376157436,legacy_historical,,,,,,,,,
1786182300000,773.30999746,1786183199999,1791376157436,legacy_historical,,,,,,,,,
1786183200000,773.22567831,1786184099999,1791376157436,legacy_historical,,,,,,,,,
1786184100000,773.19992388,1786184999999,1791376157436,legacy_historical,,,,,,,,,
1786185000000,773.1649277,1786185899999,1791376157436,legacy_historical,,,,,,,,,
1786185900000,773.02698229,1786186799999,1791376157436,legacy_historical,,,,,,,,,
1786186800000,772.95571454,1786187699999,1791376157436,legacy_historical,,,,,,,,,
1786187700000,773.02665037,1786188599999,1791376157436,legacy_historical,,,,,,,,,
1786188600000,773.26426824,1786189499999,1791376157436,legacy_historical,,,,,,,,,
1786189500000,773.29454314,1786190399999,1791376157436,legacy_historical,,,,,,,,,
1786190400000,773.21113432,1786191299999,1791376157436,legacy_historical,,,,,,,,,
1786191300000,773.10080488,1786192199999,1791376157436,legacy_historical,,,,,,,,,
1786192200000,772.83787144,1786193099999,1791376157436,legacy_historical,,,,,,,,,
1786193100000,772.89407662,1786193999999,1791376157436,legacy_historical,,,,,,,,,
1786194000000,772.89043158,1786194899999,1791376157436,legacy_historical,,,,,,,,,
1786194900000,772.93539281,1786195799999,1791376157436,legacy_historical,,,,,,,,,
1786195800000,772.94039384,1786196699999,1791376157436,legacy_historical,,,,,,,,,
1786196700000,772.96044118,1786197599999,1791376157436,legacy_historical,,,,,,,,,
1786197600000,772.9606921,1786198499999,1791376157436,legacy_historical,,,,,,,,,
1786198500000,772.97996599,1786199399999,1791376157436,legacy_historical,,,,,,,,,
1786199400000,773.06023339,1786200299999,1791376157436,legacy_historical,,,,,,,,,
1786200300000,773.09025098,1786201199999,1791376157436,legacy_historical,,,,,,,,,
1786201200000,773.17035657,1786202099999,1791376157436,legacy_historical,,,,,,,,,
1786202100000,773.28551131,1786202999999,1791376157436,legacy_historical,,,,,,,,,
1786203000000,773.44077543,1786203899999,1791376157436,legacy_historical,,,,,,,,,
1786203900000,773.54907446,1786204799999,1791376157436,legacy_historical,,,,,,,,,
1786204800000,773.48764433,1786205699999,1791376157436,legacy_historical,,,,,,,,,
1786205700000,773.38517222,1786206599999,1791376157436,legacy_historical,,,,,,,,,
1786206600000,773.28441417,1786207499999,1791376157436,legacy_historical,,,,,,,,,
1786207500000,773.34897661,1786208399999,1791376157436,legacy_historical,,,,,,,,,
1786208400000,773.41356331,1786209299999,1791376157436,legacy_historical,,,,,,,,,
1786209300000,773.45585098,1786210199999,1791376157436,legacy_historical,,,,,,,,,
1786210200000,773.59920071,1786211099999,1791376157436,legacy_historical,,,,,,,,,
1786211100000,773.7336359,1786211999999,1791376157436,legacy_historical,,,,,,,,,
1786212000000,773.79294316,1786212899999,1791376157436,legacy_historical,,,,,,,,,
1786212900000,773.82016192,1786213799999,1791376157436,legacy_historical,,,,,,,,,
1786213800000,773.85449049,1786214699999,1791376157436,legacy_historical,,,,,,,,,
1786214700000,773.73003674,1786215599999,1791376157436,legacy_historical,,,,,,,,,
1786215600000,773.67112935,1786216499999,1791376157436,legacy_historical,,,,,,,,,
1786216500000,773.5797331,1786217399999,1791376157436,legacy_historical,,,,,,,,,
1786217400000,773.55347384,1786218299999,1791376157436,legacy_historical,,,,,,,,,
1786218300000,773.57927843,1786219199999,1791376157436,legacy_historical,,,,,,,,,
1786219200000,773.60536038,1786220099999,1791376157436,legacy_historical,,,,,,,,,
1786220100000,773.62212453,1786220999999,1791376157436,legacy_historical,,,,,,,,,
1786221000000,773.66779264,1786221899999,1791376157436,legacy_historical,,,,,,,,,
1786221900000,773.74927094,1786222799999,1791376157436,legacy_historical,,,,,,,,,
1786222800000,773.87994968,1786223699999,1791376157436,legacy_historical,,,,,,,,,
1786223700000,773.88572194,1786224599999,1791376157436,legacy_historical,,,,,,,,,
1786224600000,773.80333618,1786225499999,1791376157436,legacy_historical,,,,,,,,,
1786225500000,773.74791258,1786226399999,1791376157436,legacy_historical,,,,,,,,,
1786226400000,773.82228377,1786227299999,1791376157436,legacy_historical,,,,,,,,,
1786227300000,773.90592492,1786228199999,1791376157436,legacy_historical,,,,,,,,,
1786228200000,773.91142996,1786229099999,1791376157436,legacy_historical,,,,,,,,,
1786229100000,773.98913161,1786229999999,1791376157436,legacy_historical,,,,,,,,,
1786230000000,774.09539962,1786230899999,1791376157436,legacy_historical,,,,,,,,,
1786230900000,774.23228704,1786231799999,1791376157436,legacy_historical,,,,,,,,,
1786231800000,774.28677484,1786232699999,1791376157436,legacy_historical,,,,,,,,,
1786232700000,774.29803564,1786233599999,1791376157436,legacy_historical,,,,,,,,,
1786233600000,774.38237472,1786234499999,1791376157436,legacy_historical,,,,,,,,,
1786234500000,774.41437741,1786235399999,1791376157436,legacy_historical,,,,,,,,,
1786235400000,774.43822596,1786236299999,1791376157436,legacy_historical,,,,,,,,,
1786236300000,774.48505255,1786237199999,1791376157436,legacy_historical,,,,,,,,,
1786237200000,774.49263262,1786238099999,1791376157436,legacy_historical,,,,,,,,,
1786238100000,774.49831965,1786238999999,1791376157436,legacy_historical,,,,,,,,,
1786239000000,774.52933241,1786239899999,1791376157436,legacy_historical,,,,,,,,,
1786239900000,774.61314019,1786240799999,1791376157436,legacy_historical,,,,,,,,,
1786240800000,774.6790575,1786241699999,1791376157436,legacy_historical,,,,,,,,,
1786241700000,774.71085296,1786242599999,1791376157436,legacy_historical,,,,,,,,,
1786242600000,774.67754372,1786243499999,1791376157436,legacy_historical,,,,,,,,,
1786243500000,774.68081309,1786244399999,1791376157436,legacy_historical,,,,,,,,,
1786244400000,774.68585293,1786245299999,1791376157436,legacy_historical,,,,,,,,,
1786245300000,774.66096977,1786246199999,1791376157436,legacy_historical,,,,,,,,,
1786246200000,774.55897962,1786247099999,1791376157436,legacy_historical,,,,,,,,,
1786247100000,774.49555468,1786247999999,1791376157436,legacy_historical,,,,,,,,,
1786248000000,774.50853517,1786248899999,1791376157436,legacy_historical,,,,,,,,,
1786248900000,774.54854533,1786249799999,1791376157436,legacy_historical,,,,,,,,,
1786249800000,774.63061651,1786250699999,1791376157436,legacy_historical,,,,,,,,,
1786250700000,774.71952063,1786251599999,1791376157436,legacy_historical,,,,,,,,,
1786251600000,774.80049704,1786252499999,1791376157436,legacy_historical,,,,,,,,,
1786252500000,774.83846442,1786253399999,1791376157436,legacy_historical,,,,,,,,,
1786253400000,774.84506469,1786254299999,1791376157436,legacy_historical,,,,,,,,,
1786254300000,774.74776139,1786255199999,1791376157436,legacy_historical,,,,,,,,,
1786255200000,774.67597279,1786256099999,1791376157436,legacy_historical,,,,,,,,,
1786256100000,774.50730607,1786256999999,1791376157436,legacy_historical,,,,,,,,,
1786257000000,774.45396164,1786257899999,1791376157436,legacy_historical,,,,,,,,,
1786257900000,774.45857931,1786258799999,1791376157436,legacy_historical,,,,,,,,,
1786258800000,774.50253951,1786259699999,1791376157436,legacy_historical,,,,,,,,,
1786259700000,774.56507595,1786260599999,1791376157436,legacy_historical,,,,,,,,,
1786260600000,774.60135762,1786261499999,1791376157436,legacy_historical,,,,,,,,,
1786261500000,774.57937063,1786262399999,1791376157436,legacy_historical,,,,,,,,,
1786262400000,774.60413666,1786263299999,1791376157436,legacy_historical,,,,,,,,,
1786263300000,774.60536316,1786264199999,1791376157436,legacy_historical,,,,,,,,,
1786264200000,774.53783078,1786265099999,1791376157436,legacy_historical,,,,,,,,,
1786265100000,774.48196484,1786265999999,1791376157436,legacy_historical,,,,,,,,,
1786266000000,774.40361158,1786266899999,1791376157436,legacy_historical,,,,,,,,,
1786266900000,774.43800316,1786267799999,1791376157436,legacy_historical,,,,,,,,,
1786267800000,774.48166446,1786268699999,1791376157436,legacy_historical,,,,,,,,,
1786268700000,774.39821322,1786269599999,1791376157436,legacy_historical,,,,,,,,,
1786269600000,774.35598808,1786270499999,1791376157436,legacy_historical,,,,,,,,,
1786270500000,774.38576749,1786271399999,1791376157436,legacy_historical,,,,,,,,,
1786271400000,774.38207031,1786272299999,1791376157436,legacy_historical,,,,,,,,,
1786272300000,774.36461798,1786273199999,1791376157436,legacy_historical,,,,,,,,,
1786273200000,774.36777914,1786274099999,1791376157436,legacy_historical,,,,,,,,,
1786274100000,774.38509592,1786274999999,1791376157436,legacy_historical,,,,,,,,,
1786275000000,774.33388412,1786275899999,1791376157436,legacy_historical,,,,,,,,,
1786275900000,774.30431479,1786276799999,1791376157436,legacy_historical,,,,,,,,,
1786276800000,774.3335184,1786277699999,1791376157436,legacy_historical,,,,,,,,,
1786277700000,774.35991395,1786278599999,1791376157436,legacy_historical,,,,,,,,,
1786278600000,774.37620843,1786279499999,1791376157436,legacy_historical,,,,,,,,,
1786279500000,774.47435464,1786280399999,1791376157436,legacy_historical,,,,,,,,,
1786280400000,774.52575413,1786281299999,1791376157436,legacy_historical,,,,,,,,,
1786281300000,774.44661077,1786282199999,1791376157436,legacy_historical,,,,,,,,,
1786282200000,774.43253969,1786283099999,1791376157436,legacy_historical,,,,,,,,,
1786283100000,774.47914894,1786283999999,1791376157436,legacy_historical,,,,,,,,,
1786284000000,774.58773234,1786284899999,1791376157436,legacy_historical,,,,,,,,,
1786284900000,774.64507193,1786285799999,1791376157436,legacy_historical,,,,,,,,,
1786285800000,774.65999972,1786286699999,1791376157436,legacy_historical,,,,,,,,,
1786286700000,774.66068808,1786287599999,1791376157436,legacy_historical,,,,,,,,,
1786287600000,774.70812664,1786288499999,1791376157436,legacy_historical,,,,,,,,,
1786288500000,774.63351827,1786289399999,1791376157436,legacy_historical,,,,,,,,,
1786289400000,774.609199,1786290299999,1791376157436,legacy_historical,,,,,,,,,
1786290300000,774.6262944,1786291199999,1791376157436,legacy_historical,,,,,,,,,
1786291200000,774.61828184,1786292099999,1791376157436,legacy_historical,,,,,,,,,
1786292100000,774.69400422,1786292999999,1791376157436,legacy_historical,,,,,,,,,
1786293000000,774.73091676,1786293899999,1791376157436,legacy_historical,,,,,,,,,
1786293900000,774.74538652,1786294799999,1791376157436,legacy_historical,,,,,,,,,
1786294800000,774.75089969,1786295699999,1791376157436,legacy_historical,,,,,,,,,
1786295700000,774.74355446,1786296599999,1791376157436,legacy_historical,,,,,,,,,
1786296600000,774.74298234,1786297499999,1791376157436,legacy_historical,,,,,,,,,
1786297500000,774.73055805,1786298399999,1791376157436,legacy_historical,,,,,,,,,
1786298400000,774.80300667,1786299299999,1791376157436,legacy_historical,,,,,,,,,
1786299300000,775.11703639,1786300199999,1791376157436,legacy_historical,,,,,,,,,
1786300200000,775.32075712,1786301099999,1791376157436,legacy_historical,,,,,,,,,
1786301100000,775.38360356,1786301999999,1791376157436,legacy_historical,,,,,,,,,
1786302000000,775.37926699,1786302899999,1791376157436,legacy_historical,,,,,,,,,
1786302900000,775.4507079,1786303799999,1791376157436,legacy_historical,,,,,,,,,
1786303800000,775.50246652,1786304699999,1791376157436,legacy_historical,,,,,,,,,
1786304700000,775.42719141,1786305599999,1791376157436,legacy_historical,,,,,,,,,
1786305600000,775.35520404,1786306499999,1791376157436,legacy_historical,,,,,,,,,
1786306500000,775.24946363,1786307399999,1791376157436,legacy_historical,,,,,,,,,
1786307400000,775.22589981,1786308299999,1791376157436,legacy_historical,,,,,,,,,
1786308300000,775.14859474,1786309199999,1791376157436,legacy_historical,,,,,,,,,
1786309200000,775.11234772,1786310099999,1791376157436,legacy_historical,,,,,,,,,
1786310100000,775.07844969,1786310999999,1791376157436,legacy_historical,,,,,,,,,
1786311000000,775.0559583,1786311899999,1791376157436,legacy_historical,,,,,,,,,
1786311900000,774.75046728,1786312799999,1791376157436,legacy_historical,,,,,,,,,
1786312800000,773.64107201,1786313699999,1791376157436,legacy_historical,,,,,,,,,
1786313700000,772.75892383,1786314599999,1791376157436,legacy_historical,,,,,,,,,
1786314600000,772.20670784,1786315499999,1791376157436,legacy_historical,,,,,,,,,
1786315500000,771.90450461,1786316399999,1791376157436,legacy_historical,,,,,,,,,
1786316400000,771.80647531,1786317299999,1791376157436,legacy_historical,,,,,,,,,
1786317300000,771.78496905,1786318199999,1791376157436,legacy_historical,,,,,,,,,
1786318200000,771.56514148,1786319099999,1791376157436,legacy_historical,,,,,,,,,
1786319100000,771.4510989,1786319999999,1791376157436,legacy_historical,,,,,,,,,
1786320000000,773.58885545,1786320899999,1791376157436,legacy_historical,,,,,,,,,
1786320900000,773.11946465,1786321799999,1791376157436,legacy_historical,,,,,,,,,
1786321800000,772.81896367,1786322699999,1791376157436,legacy_historical,,,,,,,,,
1786322700000,772.9364403,1786323599999,1791376157436,legacy_historical,,,,,,,,,
1786323600000,773.54796898,1786324499999,1791376157436,legacy_historical,,,,,,,,,
1786324500000,773.83126552,1786325399999,1791376157436,legacy_historical,,,,,,,,,
1786325400000,773.83303098,1786326299999,1791376157436,legacy_historical,,,,,,,,,
1786326300000,773.94928379,1786327199999,1791376157436,legacy_historical,,,,,,,,,
1786327200000,773.85140494,1786328099999,1791376157436,legacy_historical,,,,,,,,,
1786328100000,773.88587984,1786328999999,1791376157436,legacy_historical,,,,,,,,,
1786329000000,774.11686218,1786329899999,1791376157436,legacy_historical,,,,,,,,,
1786329900000,774.1646469,1786330799999,1791376157436,legacy_historical,,,,,,,,,
1786330800000,774.03546754,1786331699999,1791376157436,legacy_historical,,,,,,,,,
1786331700000,774.17548614,1786332599999,1791376157436,legacy_historical,,,,,,,,,
1786332600000,774.53474001,1786333499999,1791376157436,legacy_historical,,,,,,,,,
1786333500000,774.33839899,1786334399999,1791376157436,legacy_historical,,,,,,,,,
1786334400000,774.47804268,1786335299999,1791376157436,legacy_historical,,,,,,,,,
1786335300000,774.67966673,1786336199999,1791376157436,legacy_historical,,,,,,,,,
1786336200000,774.51981989,1786337099999,1791376157436,legacy_historical,,,,,,,,,
1786337100000,774.57528904,1786337999999,1791376157436,legacy_historical,,,,,,,,,
1786338000000,774.88806204,1786338899999,1791376157436,legacy_historical,,,,,,,,,
1786338900000,774.87963551,1786339799999,1791376157436,legacy_historical,,,,,,,,,
1786339800000,774.87186529,1786340699999,1791376157436,legacy_historical,,,,,,,,,
1786340700000,774.98081234,1786341599999,1791376157436,legacy_historical,,,,,,,,,
1786341600000,775.19145123,1786342499999,1791376157436,legacy_historical,,,,,,,,,
1786342500000,774.53816048,1786343399999,1791376157436,legacy_historical,,,,,,,,,
1786343400000,774.52007495,1786344299999,1791376157436,legacy_historical,,,,,,,,,
1786344300000,774.7076888,1786345199999,1791376157436,legacy_historical,,,,,,,,,
1786345200000,774.47240849,1786346099999,1791376157436,legacy_historical,,,,,,,,,
1786346100000,775.17987795,1786346999999,1791376157436,legacy_historical,,,,,,,,,
1786347000000,775.24271296,1786347899999,1791376157436,legacy_historical,,,,,,,,,
1786347900000,775.13941085,1786348799999,1791376157436,legacy_historical,,,,,,,,,
1786348800000,775.02717964,1786349699999,1791376157436,legacy_historical,,,,,,,,,
1786349700000,775.01827845,1786350599999,1791376157436,legacy_historical,,,,,,,,,
1786350600000,775.0721996,1786351499999,1791376157436,legacy_historical,,,,,,,,,
1786351500000,775.16301084,1786352399999,1791376157436,legacy_historical,,,,,,,,,
1786352400000,775.14658294,1786353299999,1791376157436,legacy_historical,,,,,,,,,
1786353300000,775.20617272,1786354199999,1791376157436,legacy_historical,,,,,,,,,
1786354200000,774.98207543,1786355099999,1791376157436,legacy_historical,,,,,,,,,
1786355100000,774.88799745,1786355999999,1791376157436,legacy_historical,,,,,,,,,
1786356000000,774.71765593,1786356899999,1791376157436,legacy_historical,,,,,,,,,
1786356900000,774.95363237,1786357799999,1791376157436,legacy_historical,,,,,,,,,
1786357800000,774.58699427,1786358699999,1791376157436,legacy_historical,,,,,,,,,
1786358700000,774.53446665,1786359599999,1791376157436,legacy_historical,,,,,,,,,
1786359600000,774.00609066,1786360499999,1791376157436,legacy_historical,,,,,,,,,
1786360500000,774.53298334,1786361399999,1791376157436,legacy_historical,,,,,,,,,
1786361400000,774.35186788,1786362299999,1791376157436,legacy_historical,,,,,,,,,
1786362300000,774.16834609,1786363199999,1791376157436,legacy_historical,,,,,,,,,
1786363200000,774.13653573,1786364099999,1791376157436,legacy_historical,,,,,,,,,
1786364100000,773.90095679,1786364999999,1791376157436,legacy_historical,,,,,,,,,
1786365000000,773.48886272,1786365899999,1791376157436,legacy_historical,,,,,,,,,
1786365900000,773.32011615,1786366799999,1791376157436,legacy_historical,,,,,,,,,
1786366800000,773.59320895,1786367699999,1791376157436,legacy_historical,,,,,,,,,
1786367700000,773.22537435,1786368599999,1791376157436,legacy_historical,,,,,,,,,
1786368600000,773.39408871,1786369499999,1791376157436,legacy_historical,,,,,,,,,
1786369500000,774.20345122,1786370399999,1791376157436,legacy_historical,,,,,,,,,
1786370400000,774.96703376,1786371299999,1791376157436,legacy_historical,,,,,,,,,
1786371300000,775.06232684,1786372199999,1791376157436,legacy_historical,,,,,,,,,
1786372200000,775.23280748,1786373099999,1791376157436,legacy_historical,,,,,,,,,
1786373100000,774.34134369,1786373999999,1791376157436,legacy_historical,,,,,,,,,
1786374000000,774.5090219,1786374899999,1791376157436,legacy_historical,,,,,,,,,
1786374900000,774.47019185,1786375799999,1791376157436,legacy_historical,,,,,,,,,
1786375800000,774.48843902,1786376699999,1791376157436,legacy_historical,,,,,,,,,
1786376700000,775.05266581,1786377599999,1791376157436,legacy_historical,,,,,,,,,
1786377600000,774.47027906,1786378499999,1791376157436,legacy_historical,,,,,,,,,
1786378500000,774.10210239,1786379399999,1791376157436,legacy_historical,,,,,,,,,
1786379400000,772.87389041,1786380299999,1791376157436,legacy_historical,,,,,,,,,
1786380300000,773.67128001,1786381199999,1791376157436,legacy_historical,,,,,,,,,
1786381200000,773.85938599,1786382099999,1791376157436,legacy_historical,,,,,,,,,
1786382100000,773.89662438,1786382999999,1791376157436,legacy_historical,,,,,,,,,
1786383000000,773.40021312,1786383899999,1791376157436,legacy_historical,,,,,,,,,
1786383900000,773.43450151,1786384799999,1791376157436,legacy_historical,,,,,,,,,
1786384800000,773.43581242,1786385699999,1791376157436,legacy_historical,,,,,,,,,
1786385700000,773.3775862,1786386599999,1791376157436,legacy_historical,,,,,,,,,
1786386600000,773.64153522,1786387499999,1791376157436,legacy_historical,,,,,,,,,
1786387500000,773.99592166,1786388399999,1791376157436,legacy_historical,,,,,,,,,
1786388400000,774.1114799,1786389299999,1791376157436,legacy_historical,,,,,,,,,
1786389300000,773.73916002,1786390199999,1791376157436,legacy_historical,,,,,,,,,
1786390200000,773.87624419,1786391099999,1791376157436,legacy_historical,,,,,,,,,
1786391100000,773.62785513,1786391999999,1791376157436,legacy_historical,,,,,,,,,
1786392000000,773.65144424,1786392899999,1791376157436,legacy_historical,,,,,,,,,
1786392900000,773.65328193,1786393799999,1791376157436,legacy_historical,,,,,,,,,
1786393800000,773.69312362,1786394699999,1791376157436,legacy_historical,,,,,,,,,
1786394700000,773.7279087,1786395599999,1791376157436,legacy_historical,,,,,,,,,
1786395600000,773.74442776,1786396499999,1791376157436,legacy_historical,,,,,,,,,
1786396500000,773.79925426,1786397399999,1791376157436,legacy_historical,,,,,,,,,
1786397400000,773.85610044,1786398299999,1791376157436,legacy_historical,,,,,,,,,
1786398300000,773.91813098,1786399199999,1791376157436,legacy_historical,,,,,,,,,
1786399200000,773.78253648,1786400099999,1791376157436,legacy_historical,,,,,,,,,
1786400100000,773.53105181,1786400999999,1791376157436,legacy_historical,,,,,,,,,
1786401000000,773.31017325,1786401899999,1791376157436,legacy_historical,,,,,,,,,
1786401900000,773.39223299,1786402799999,1791376157436,legacy_historical,,,,,,,,,
1786402800000,773.29021843,1786403699999,1791376157436,legacy_historical,,,,,,,,,
1786403700000,773.04939085,1786404599999,1791376157436,legacy_historical,,,,,,,,,
1786404600000,773.21858807,1786405499999,1791376157436,legacy_historical,,,,,,,,,
1786405500000,773.10007376,1786406399999,1791376157436,legacy_historical,,,,,,,,,
1786406400000,773.71624759,1786407299999,1791376157436,legacy_historical,,,,,,,,,
1786407300000,773.75001451,1786408199999,1791376157436,legacy_historical,,,,,,,,,
1786408200000,773.8858846,1786409099999,1791376157436,legacy_historical,,,,,,,,,
1786409100000,774.14173463,1786409999999,1791376157436,legacy_historical,,,,,,,,,
1786410000000,774.62442851,1786410899999,1791376157436,legacy_historical,,,,,,,,,
1786410900000,774.66928437,1786411799999,1791376157436,legacy_historical,,,,,,,,,
1786411800000,774.53246247,1786412699999,1791376157436,legacy_historical,,,,,,,,,
1786412700000,774.44873975,1786413599999,1791376157436,legacy_historical,,,,,,,,,
1786413600000,774.40804101,1786414499999,1791376157436,legacy_historical,,,,,,,,,
1786414500000,774.57342445,1786415399999,1791376157436,legacy_historical,,,,,,,,,
1786415400000,774.77586311,1786416299999,1791376157436,legacy_historical,,,,,,,,,
1786416300000,774.61157429,1786417199999,1791376157436,legacy_historical,,,,,,,,,
1786417200000,774.65347053,1786418099999,1791376157436,legacy_historical,,,,,,,,,
1786418100000,774.95462703,1786418999999,1791376157436,legacy_historical,,,,,,,,,
1786419000000,774.88000235,1786419899999,1791376157436,legacy_historical,,,,,,,,,
1786419900000,774.90775235,1786420799999,1791376157436,legacy_historical,,,,,,,,,
1786420800000,774.9093519,1786421699999,1791376157436,legacy_historical,,,,,,,,,
1786421700000,774.95628946,1786422599999,1791376157436,legacy_historical,,,,,,,,,
1786422600000,774.8708244,1786423499999,1791376157436,legacy_historical,,,,,,,,,
1786423500000,774.76068935,1786424399999,1791376157436,legacy_historical,,,,,,,,,
1786424400000,774.92308076,1786425299999,1791376157436,legacy_historical,,,,,,,,,
1786425300000,774.61375885,1786426199999,1791376157436,legacy_historical,,,,,,,,,
1786426200000,774.59050491,1786427099999,1791376157436,legacy_historical,,,,,,,,,
1786427100000,774.19629396,1786427999999,1791376157436,legacy_historical,,,,,,,,,
1786428000000,774.51873053,1786428899999,1791376157436,legacy_historical,,,,,,,,,
1786428900000,773.66817307,1786429799999,1791376157436,legacy_historical,,,,,,,,,
1786429800000,773.81520047,1786430699999,1791376157436,legacy_historical,,,,,,,,,
1786430700000,773.54723919,1786431599999,1791376157436,legacy_historical,,,,,,,,,
1786431600000,773.66076764,1786432499999,1791376157436,legacy_historical,,,,,,,,,
1786432500000,773.58666504,1786433399999,1791376157436,legacy_historical,,,,,,,,,
1786433400000,773.67680732,1786434299999,1791376157436,legacy_historical,,,,,,,,,
1786434300000,773.79999671,1786435199999,1791376157436,legacy_historical,,,,,,,,,
1786435200000,773.33032343,1786436099999,1791376157436,legacy_historical,,,,,,,,,
1786436100000,773.48798085,1786436999999,1791376157436,legacy_historical,,,,,,,,,
1786437000000,773.69959001,1786437899999,1791376157436,legacy_historical,,,,,,,,,
1786437900000,773.58807649,1786438799999,1791376157436,legacy_historical,,,,,,,,,
1786438800000,773.43735496,1786439699999,1791376157436,legacy_historical,,,,,,,,,
1786439700000,773.77823524,1786440599999,1791376157436,legacy_historical,,,,,,,,,
1786440600000,773.98447298,1786441499999,1791376157436,legacy_historical,,,,,,,,,
1786441500000,773.93289214,1786442399999,1791376157436,legacy_historical,,,,,,,,,
1786442400000,773.709993,1786443299999,1791376157436,legacy_historical,,,,,,,,,
1786443300000,774.58715031,1786444199999,1791376157436,legacy_historical,,,,,,,,,
1786444200000,774.51576019,1786445099999,1791376157436,legacy_historical,,,,,,,,,
1786445100000,774.55096468,1786445999999,1791376157436,legacy_historical,,,,,,,,,
1786446000000,775.3962843,1786446899999,1791376157436,legacy_historical,,,,,,,,,
1786446900000,774.97282591,1786447799999,1791376157436,legacy_historical,,,,,,,,,
1786447800000,774.91513888,1786448699999,1791376157436,legacy_historical,,,,,,,,,
1786448700000,775.02683434,1786449599999,1791376157436,legacy_historical,,,,,,,,,
1786449600000,775.28203274,1786450499999,1791376157436,legacy_historical,,,,,,,,,
1786450500000,774.81246922,1786451399999,1791376157436,legacy_historical,,,,,,,,,
1786451400000,774.94860209,1786452299999,1791376157436,legacy_historical,,,,,,,,,
1786452300000,774.84379962,1786453199999,1791376157436,legacy_historical,,,,,,,,,
1786453200000,774.74123504,1786454099999,1791376157436,legacy_historical,,,,,,,,,
1786454100000,775.13990304,1786454999999,1791376157436,legacy_historical,,,,,,,,,
1786455000000,773.9772654,1786455899999,1791376157436,legacy_historical,,,,,,,,,
1786455900000,774.20645712,1786456799999,1791376157436,legacy_historical,,,,,,,,,
1786456800000,774.44763901,1786457699999,1791376157436,legacy_historical,,,,,,,,,
1786457700000,774.56333274,1786458599999,1791376157436,legacy_historical,,,,,,,,,
1786458600000,774.05312989,1786459499999,1791376157436,legacy_historical,,,,,,,,,
1786459500000,774.44261311,1786460399999,1791376157436,legacy_historical,,,,,,,,,
1786460400000,773.32143823,1786461299999,1791376157436,legacy_historical,,,,,,,,,
1786461300000,773.12046062,1786462199999,1791376157436,legacy_historical,,,,,,,,,
1786462200000,772.86584878,1786463099999,1791376157436,legacy_historical,,,,,,,,,
1786463100000,772.75898806,1786463999999,1791376157436,legacy_historical,,,,,,,,,
1786464000000,772.72782222,1786464899999,1791376157436,legacy_historical,,,,,,,,,
1786464900000,772.4987568,1786465799999,1791376157436,legacy_historical,,,,,,,,,
1786465800000,772.31826173,1786466699999,1791376157436,legacy_historical,,,,,,,,,
1786466700000,771.90286915,1786467599999,1791376157436,legacy_historical,,,,,,,,,
1786467600000,771.11988285,1786468499999,1791376157436,legacy_historical,,,,,,,,,
1786468500000,771.59079195,1786469399999,1791376157436,legacy_historical,,,,,,,,,
1786469400000,772.04548029,1786470299999,1791376157436,legacy_historical,,,,,,,,,
1786470300000,771.98019465,1786471199999,1791376157436,legacy_historical,,,,,,,,,
1786471200000,771.55817191,1786472099999,1791376157436,legacy_historical,,,,,,,,,
1786472100000,770.50605615,1786472999999,1791376157436,legacy_historical,,,,,,,,,
1786473000000,770.57575709,1786473899999,1791376157436,legacy_historical,,,,,,,,,
1786473900000,770.88867999,1786474799999,1791376157436,legacy_historical,,,,,,,,,
1786474800000,770.99906527,1786475699999,1791376157436,legacy_historical,,,,,,,,,
1786475700000,771.35307501,1786476599999,1791376157436,legacy_historical,,,,,,,,,
1786476600000,771.37911441,1786477499999,1791376157436,legacy_historical,,,,,,,,,
1786477500000,770.87869756,1786478399999,1791376157436,legacy_historical,,,,,,,,,
1786478400000,771.32562298,1786479299999,1791376157436,legacy_historical,,,,,,,,,
1786479300000,771.80586487,1786480199999,1791376157436,legacy_historical,,,,,,,,,
1786480200000,771.82680373,1786481099999,1791376157436,legacy_historical,,,,,,,,,
1786481100000,771.49781098,1786481999999,1791376157436,legacy_historical,,,,,,,,,
1786482000000,771.59320595,1786482899999,1791376157436,legacy_historical,,,,,,,,,
1786482900000,771.56574897,1786483799999,1791376157436,legacy_historical,,,,,,,,,
1786483800000,771.57820819,1786484699999,1791376157436,legacy_historical,,,,,,,,,
1786484700000,771.47991174,1786485599999,1791376157436,legacy_historical,,,,,,,,,
1786485600000,771.63320973,1786486499999,1791376157436,legacy_historical,,,,,,,,,
1786486500000,771.57155581,1786487399999,1791376157436,legacy_historical,,,,,,,,,
1786487400000,771.31976076,1786488299999,1791376157436,legacy_historical,,,,,,,,,
1786488300000,771.40708682,1786489199999,1791376157436,legacy_historical,,,,,,,,,
1786489200000,771.40871158,1786490099999,1791376157436,legacy_historical,,,,,,,,,
1786490100000,771.48317072,1786490999999,1791376157436,legacy_historical,,,,,,,,,
1786491000000,771.38049661,1786491899999,1791376157436,legacy_historical,,,,,,,,,
1786491900000,771.68872283,1786492799999,1791376157436,legacy_historical,,,,,,,,,
1786492800000,771.49393395,1786493699999,1791376157436,legacy_historical,,,,,,,,,
1786493700000,771.51333659,1786494599999,1791376157436,legacy_historical,,,,,,,,,
1786494600000,771.54629923,1786495499999,1791376157436,legacy_historical,,,,,,,,,
1786495500000,771.5033763,1786496399999,1791376157436,legacy_historical,,,,,,,,,
1786496400000,771.47791079,1786497299999,1791376157436,legacy_historical,,,,,,,,,
1786497300000,771.32013295,1786498199999,1791376157436,legacy_historical,,,,,,,,,
1786498200000,771.43421977,1786499099999,1791376157436,legacy_historical,,,,,,,,,
1786499100000,771.15111832,1786499999999,1791376157436,legacy_historical,,,,,,,,,
1786500000000,771.36281758,1786500899999,1791376157436,legacy_historical,,,,,,,,,
1786500900000,771.54533356,1786501799999,1791376157436,legacy_historical,,,,,,,,,
1786501800000,771.62971343,1786502699999,1791376157436,legacy_historical,,,,,,,,,
1786502700000,771.76459395,1786503599999,1791376157436,legacy_historical,,,,,,,,,
1786503600000,771.84006253,1786504499999,1791376157436,legacy_historical,,,,,,,,,
1786504500000,771.80931126,1786505399999,1791376157436,legacy_historical,,,,,,,,,
1786505400000,771.67591335,1786506299999,1791376157436,legacy_historical,,,,,,,,,
1786506300000,771.79073398,1786507199999,1791376157436,legacy_historical,,,,,,,,,
1786507200000,771.71757308,1786508099999,1791376157436,legacy_historical,,,,,,,,,
1786508100000,771.88404886,1786508999999,1791376157436,legacy_historical,,,,,,,,,
1786509000000,771.78110558,1786509899999,1791376157436,legacy_historical,,,,,,,,,
1786509900000,771.94543955,1786510799999,1791376157436,legacy_historical,,,,,,,,,
1786510800000,771.75111788,1786511699999,1791376157436,legacy_historical,,,,,,,,,
1786511700000,771.69521561,1786512599999,1791376157436,legacy_historical,,,,,,,,,
1786512600000,771.82638197,1786513499999,1791376157436,legacy_historical,,,,,,,,,
1786513500000,771.9951984,1786514399999,1791376157436,legacy_historical,,,,,,,,,
1786514400000,771.78114285,1786515299999,1791376157436,legacy_historical,,,,,,,,,
1786515300000,771.88014379,1786516199999,1791376157436,legacy_historical,,,,,,,,,
1786516200000,771.9002671,1786517099999,1791376157436,legacy_historical,,,,,,,,,
1786517100000,772.18205085,1786517999999,1791376157436,legacy_historical,,,,,,,,,
1786518000000,772.30905343,1786518899999,1791376157436,legacy_historical,,,,,,,,,
1786518900000,772.17584162,1786519799999,1791376157436,legacy_historical,,,,,,,,,
1786519800000,772.39547981,1786520699999,1791376157436,legacy_historical,,,,,,,,,
1786520700000,772.14499475,1786521599999,1791376157436,legacy_historical,,,,,,,,,
1786521600000,772.45656531,1786522499999,1791376157436,legacy_historical,,,,,,,,,
1786522500000,772.48840829,1786523399999,1791376157436,legacy_historical,,,,,,,,,
1786523400000,772.33817546,1786524299999,1791376157436,legacy_historical,,,,,,,,,
1786524300000,772.50951604,1786525199999,1791376157436,legacy_historical,,,,,,,,,
1786525200000,772.67129526,1786526099999,1791376157436,legacy_historical,,,,,,,,,
1786526100000,773.0404737,1786526999999,1791376157436,legacy_historical,,,,,,,,,
1786527000000,773.17496192,1786527899999,1791376157436,legacy_historical,,,,,,,,,
1786527900000,772.93572499,1786528799999,1791376157436,legacy_historical,,,,,,,,,
1786528800000,773.09718769,1786529699999,1791376157436,legacy_historical,,,,,,,,,
1786529700000,773.02130263,1786530599999,1791376157436,legacy_historical,,,,,,,,,
1786530600000,773.17516359,1786531499999,1791376157436,legacy_historical,,,,,,,,,
1786531500000,772.86758352,1786532399999,1791376157436,legacy_historical,,,,,,,,,
1786532400000,772.92443892,1786533299999,1791376157436,legacy_historical,,,,,,,,,
1786533300000,772.8572347,1786534199999,1791376157436,legacy_historical,,,,,,,,,
1786534200000,773.08250388,1786535099999,1791376157436,legacy_historical,,,,,,,,,
1786535100000,773.34271886,1786535999999,1791376157436,legacy_historical,,,,,,,,,
1786536000000,773.27297859,1786536899999,1791376157436,legacy_historical,,,,,,,,,
1786536900000,774.02190298,1786537799999,1791376157436,legacy_historical,,,,,,,,,
1786537800000,774.55737304,1786538699999,1791376157436,legacy_historical,,,,,,,,,
1786538700000,774.597161,1786539599999,1791376157436,legacy_historical,,,,,,,,,
1786539600000,774.7784208,1786540499999,1791376157436,legacy_historical,,,,,,,,,
1786540500000,775.30781384,1786541399999,1791376157436,legacy_historical,,,,,,,,,
1786541400000,773.55911215,1786542299999,1791376157436,legacy_historical,,,,,,,,,
1786542300000,773.30856925,1786543199999,1791376157436,legacy_historical,,,,,,,,,
1786543200000,773.1163268,1786544099999,1791376157436,legacy_historical,,,,,,,,,
1786544100000,773.54617244,1786544999999,1791376157436,legacy_historical,,,,,,,,,
1786545000000,773.75293941,1786545899999,1791376157436,legacy_historical,,,,,,,,,
1786545900000,773.03321875,1786546799999,1791376157436,legacy_historical,,,,,,,,,
1786546800000,773.00651535,1786547699999,1791376157436,legacy_historical,,,,,,,,,
1786547700000,773.06477712,1786548599999,1791376157436,legacy_historical,,,,,,,,,
1786548600000,772.6457601,1786549499999,1791376157436,legacy_historical,,,,,,,,,
1786549500000,772.81932222,1786550399999,1791376157436,legacy_historical,,,,,,,,,
1786550400000,773.33546201,1786551299999,1791376157436,legacy_historical,,,,,,,,,
1786551300000,773.23938268,1786552199999,1791376157436,legacy_historical,,,,,,,,,
1786552200000,773.49680068,1786553099999,1791376157436,legacy_historical,,,,,,,,,
1786553100000,773.6931766,1786553999999,1791376157436,legacy_historical,,,,,,,,,
1786554000000,773.81478898,1786554899999,1791376157436,legacy_historical,,,,,,,,,
1786554900000,773.61363111,1786555799999,1791376157436,legacy_historical,,,,,,,,,
1786555800000,773.67630978,1786556699999,1791376157436,legacy_historical,,,,,,,,,
1786556700000,773.60261711,1786557599999,1791376157436,legacy_historical,,,,,,,,,
1786557600000,773.94670084,1786558499999,1791376157436,legacy_historical,,,,,,,,,
1786558500000,773.94843776,1786559399999,1791376157436,legacy_historical,,,,,,,,,
1786559400000,774.34046376,1786560299999,1791376157436,legacy_historical,,,,,,,,,
1786560300000,773.93143635,1786561199999,1791376157436,legacy_historical,,,,,,,,,
1786561200000,773.90130458,1786562099999,1791376157436,legacy_historical,,,,,,,,,
1786562100000,773.75753367,1786562999999,1791376157436,legacy_historical,,,,,,,,,
1786563000000,773.66705417,1786563899999,1791376157436,legacy_historical,,,,,,,,,
1786563900000,773.28396748,1786564799999,1791376157436,legacy_historical,,,,,,,,,
1786564800000,773.50202862,1786565699999,1791376157436,legacy_historical,,,,,,,,,
1786565700000,773.17418078,1786566599999,1791376157436,legacy_historical,,,,,,,,,
1786566600000,773.15188059,1786567499999,1791376157436,legacy_historical,,,,,,,,,
1786567500000,773.03668983,1786568399999,1791376157436,legacy_historical,,,,,,,,,
1786568400000,773.16524423,1786569299999,1791376157436,legacy_historical,,,,,,,,,
1786569300000,773.30730984,1786570199999,1791376157436,legacy_historical,,,,,,,,,
1786570200000,773.31585117,1786571099999,1791376157436,legacy_historical,,,,,,,,,
1786571100000,773.32572711,1786571999999,1791376157436,legacy_historical,,,,,,,,,
1786572000000,773.25649043,1786572899999,1791376157436,legacy_historical,,,,,,,,,
1786572900000,773.23140425,1786573799999,1791376157436,legacy_historical,,,,,,,,,
1786573800000,773.141317,1786574699999,1791376157436,legacy_historical,,,,,,,,,
1786574700000,773.13443577,1786575599999,1791376157436,legacy_historical,,,,,,,,,
1786575600000,773.36377445,1786576499999,1791376157436,legacy_historical,,,,,,,,,
1786576500000,773.38888263,1786577399999,1791376157436,legacy_historical,,,,,,,,,
1786577400000,773.31414552,1786578299999,1791376157436,legacy_historical,,,,,,,,,
1786578300000,773.11755729,1786579199999,1791376157436,legacy_historical,,,,,,,,,
1786579200000,773.37029221,1786580099999,1791376157436,legacy_historical,,,,,,,,,
1786580100000,773.28727108,1786580999999,1791376157436,legacy_historical,,,,,,,,,
1786581000000,773.28705997,1786581899999,1791376157436,legacy_historical,,,,,,,,,
1786581900000,773.21436522,1786582799999,1791376157436,legacy_historical,,,,,,,,,
1786582800000,772.98533155,1786583699999,1791376157436,legacy_historical,,,,,,,,,
1786583700000,772.91198883,1786584599999,1791376157436,legacy_historical,,,,,,,,,
1786584600000,773.09136338,1786585499999,1791376157436,legacy_historical,,,,,,,,,
1786585500000,773.39937923,1786586399999,1791376157436,legacy_historical,,,,,,,,,
1786586400000,773.54090931,1786587299999,1791376157436,legacy_historical,,,,,,,,,
1786587300000,773.49194397,1786588199999,1791376157436,legacy_historical,,,,,,,,,
1786588200000,773.72621734,1786589099999,1791376157436,legacy_historical,,,,,,,,,
1786589100000,773.68695086,1786589999999,1791376157436,legacy_historical,,,,,,,,,
1786590000000,773.70900418,1786590899999,1791376157436,legacy_historical,,,,,,,,,
1786590900000,773.68297159,1786591799999,1791376157436,legacy_historical,,,,,,,,,
1786591800000,773.78844873,1786592699999,1791376157436,legacy_historical,,,,,,,,,
1786592700000,773.8278501,1786593599999,1791376157436,legacy_historical,,,,,,,,,
1786593600000,773.7810859,1786594499999,1791376157436,legacy_historical,,,,,,,,,
1786594500000,773.86947152,1786595399999,1791376157436,legacy_historical,,,,,,,,,
1786595400000,773.89628121,1786596299999,1791376157436,legacy_historical,,,,,,,,,
1786596300000,773.96932612,1786597199999,1791376157436,legacy_historical,,,,,,,,,
1786597200000,774.36587877,1786598099999,1791376157436,legacy_historical,,,,,,,,,
1786598100000,774.33466399,1786598999999,1791376157436,legacy_historical,,,,,,,,,
1786599000000,774.18361212,1786599899999,1791376157436,legacy_historical,,,,,,,,,
1786599900000,774.01554042,1786600799999,1791376157436,legacy_historical,,,,,,,,,
1786600800000,774.19691967,1786601699999,1791376157436,legacy_historical,,,,,,,,,
1786601700000,774.18610176,1786602599999,1791376157436,legacy_historical,,,,,,,,,
1786602600000,773.84323336,1786603499999,1791376157436,legacy_historical,,,,,,,,,
1786603500000,774.1255544,1786604399999,1791376157436,legacy_historical,,,,,,,,,
1786604400000,773.8396536,1786605299999,1791376157436,legacy_historical,,,,,,,,,
1786605300000,774.10022039,1786606199999,1791376157436,legacy_historical,,,,,,,,,
1786606200000,774.29567022,1786607099999,1791376157436,legacy_historical,,,,,,,,,
1786607100000,774.13665475,1786607999999,1791376157436,legacy_historical,,,,,,,,,
1786608000000,774.21420706,1786608899999,1791376157436,legacy_historical,,,,,,,,,
1786608900000,774.37736295,1786609799999,1791376157436,legacy_historical,,,,,,,,,
1786609800000,774.39826502,1786610699999,1791376157436,legacy_historical,,,,,,,,,
1786610700000,774.44948375,1786611599999,1791376157436,legacy_historical,,,,,,,,,
1786611600000,774.32050744,1786612499999,1791376157436,legacy_historical,,,,,,,,,
1786612500000,774.35089199,1786613399999,1791376157436,legacy_historical,,,,,,,,,
1786613400000,774.55515213,1786614299999,1791376157436,legacy_historical,,,,,,,,,
1786614300000,774.70301376,1786615199999,1791376157436,legacy_historical,,,,,,,,,
1786615200000,774.70019092,1786616099999,1791376157436,legacy_historical,,,,,,,,,
1786616100000,774.63904061,1786616999999,1791376157436,legacy_historical,,,,,,,,,
1786617000000,774.77656042,1786617899999,1791376157436,legacy_historical,,,,,,,,,
1786617900000,774.83932202,1786618799999,1791376157436,legacy_historical,,,,,,,,,
1786618800000,774.81562457,1786619699999,1791376157436,legacy_historical,,,,,,,,,
1786619700000,774.76089027,1786620599999,1791376157436,legacy_historical,,,,,,,,,
1786620600000,775.18038662,1786621499999,1791376157436,legacy_historical,,,,,,,,,
1786621500000,774.77242507,1786622399999,1791376157436,legacy_historical,,,,,,,,,
1786622400000,774.62507465,1786623299999,1791376157436,legacy_historical,,,,,,,,,
1786623300000,774.67626775,1786624199999,1791376157436,legacy_historical,,,,,,,,,
1786624200000,774.79064261,1786625099999,1791376157436,legacy_historical,,,,,,,,,
1786625100000,775.23267906,1786625999999,1791376157436,legacy_historical,,,,,,,,,
1786626000000,775.49664551,1786626899999,1791376157436,legacy_historical,,,,,,,,,
1786626900000,775.72628724,1786627799999,1791376157436,legacy_historical,,,,,,,,,
1786627800000,776.66608815,1786628699999,1791376157436,legacy_historical,,,,,,,,,
1786628700000,778.51758706,1786629599999,1791376157436,legacy_historical,,,,,,,,,
1786629600000,779.3033248,1786630499999,1791376157436,legacy_historical,,,,,,,,,
1786630500000,780.02680269,1786631399999,1791376157436,legacy_historical,,,,,,,,,
1786631400000,779.50425575,1786632299999,1791376157436,legacy_historical,,,,,,,,,
1786632300000,778.58114878,1786633199999,1791376157436,legacy_historical,,,,,,,,,
1786633200000,777.91016646,1786634099999,1791376157436,legacy_historical,,,,,,,,,
1786634100000,776.99597171,1786634999999,1791376157436,legacy_historical,,,,,,,,,
1786635000000,776.80050574,1786635899999,1791376157436,legacy_historical,,,,,,,,,
1786635900000,776.20486876,1786636799999,1791376157436,legacy_historical,,,,,,,,,
1786636800000,776.55355231,1786637699999,1791376157436,legacy_historical,,,,,,,,,
1786637700000,777.28722482,1786638599999,1791376157436,legacy_historical,,,,,,,,,
1786638600000,777.24724452,1786639499999,1791376157436,legacy_historical,,,,,,,,,
1786639500000,777.49745674,1786640399999,1791376157436,legacy_historical,,,,,,,,,
1786640400000,777.99305602,1786641299999,1791376157436,legacy_historical,,,,,,,,,
1786641300000,777.90366342,1786642199999,1791376157436,legacy_historical,,,,,,,,,
1786642200000,777.46204021,1786643099999,1791376157436,legacy_historical,,,,,,,,,
1786643100000,777.59253163,1786643999999,1791376157436,legacy_historical,,,,,,,,,
1786644000000,777.86757294,1786644899999,1791376157436,legacy_historical,,,,,,,,,
1786644900000,777.86061299,1786645799999,1791376157436,legacy_historical,,,,,,,,,
1786645800000,778.43539723,1786646699999,1791376157436,legacy_historical,,,,,,,,,
1786646700000,778.57295486,1786647599999,1791376157436,legacy_historical,,,,,,,,,
1786647600000,778.80840658,1786648499999,1791376157436,legacy_historical,,,,,,,,,
1786648500000,778.83209475,1786649399999,1791376157436,legacy_historical,,,,,,,,,
1786649400000,778.61256667,1786650299999,1791376157436,legacy_historical,,,,,,,,,
1786650300000,778.49996916,1786651199999,1791376157436,legacy_historical,,,,,,,,,
1786651200000,778.5316303,1786652099999,1791376157436,legacy_historical,,,,,,,,,
1786652100000,778.42572599,1786652999999,1791376157436,legacy_historical,,,,,,,,,
1786653000000,778.6205278,1786653899999,1791376157436,legacy_historical,,,,,,,,,
1786653900000,778.74893692,1786654799999,1791376157436,legacy_historical,,,,,,,,,
1786654800000,778.68896107,1786655699999,1791376157436,legacy_historical,,,,,,,,,
1786655700000,778.73721775,1786656599999,1791376157436,legacy_historical,,,,,,,,,
1786656600000,778.78083603,1786657499999,1791376157436,legacy_historical,,,,,,,,,
1786657500000,778.74144454,1786658399999,1791376157436,legacy_historical,,,,,,,,,
1786658400000,778.67100492,1786659299999,1791376157436,legacy_historical,,,,,,,,,
1786659300000,778.69545678,1786660199999,1791376157436,legacy_historical,,,,,,,,,
1786660200000,778.74019979,1786661099999,1791376157436,legacy_historical,,,,,,,,,
1786661100000,778.68880235,1786661999999,1791376157436,legacy_historical,,,,,,,,,
1786662000000,779.01215234,1786662899999,1791376157436,legacy_historical,,,,,,,,,
1786662900000,778.80814191,1786663799999,1791376157436,legacy_historical,,,,,,,,,
1786663800000,778.89969821,1786664699999,1791376157436,legacy_historical,,,,,,,,,
1786664700000,778.85027841,1786665599999,1791376157436,legacy_historical,,,,,,,,,
1786665600000,779.00414933,1786666499999,1791376157436,legacy_historical,,,,,,,,,
1786666500000,778.91256165,1786667399999,1791376157436,legacy_historical,,,,,,,,,
1786667400000,778.87352984,1786668299999,1791376157436,legacy_historical,,,,,,,,,
1786668300000,778.90342023,1786669199999,1791376157436,legacy_historical,,,,,,,,,
1786669200000,778.53321909,1786670099999,1791376157436,legacy_historical,,,,,,,,,
1786670100000,778.73219941,1786670999999,1791376157436,legacy_historical,,,,,,,,,
1786671000000,778.83645767,1786671899999,1791376157436,legacy_historical,,,,,,,,,
1786671900000,778.84792756,1786672799999,1791376157436,legacy_historical,,,,,,,,,
1786672800000,779.14780767,1786673699999,1791376157436,legacy_historical,,,,,,,,,
1786673700000,779.08007943,1786674599999,1791376157436,legacy_historical,,,,,,,,,
1786674600000,779.12621482,1786675499999,1791376157436,legacy_historical,,,,,,,,,
1786675500000,779.00060668,1786676399999,1791376157436,legacy_historical,,,,,,,,,
1786676400000,779.05435786,1786677299999,1791376157436,legacy_historical,,,,,,,,,
1786677300000,779.21227141,1786678199999,1791376157436,legacy_historical,,,,,,,,,
1786678200000,779.04268253,1786679099999,1791376157436,legacy_historical,,,,,,,,,
1786679100000,778.97101326,1786679999999,1791376157436,legacy_historical,,,,,,,,,
1786680000000,779.01721727,1786680899999,1791376157436,legacy_historical,,,,,,,,,
1786680900000,778.99986584,1786681799999,1791376157436,legacy_historical,,,,,,,,,
1786681800000,778.90050695,1786682699999,1791376157436,legacy_historical,,,,,,,,,
1786682700000,778.83684903,1786683599999,1791376157436,legacy_historical,,,,,,,,,
1786683600000,778.87412214,1786684499999,1791376157436,legacy_historical,,,,,,,,,
1786684500000,778.91375443,1786685399999,1791376157436,legacy_historical,,,,,,,,,
1786685400000,778.94002341,1786686299999,1791376157436,legacy_historical,,,,,,,,,
1786686300000,778.98993336,1786687199999,1791376157436,legacy_historical,,,,,,,,,
1786687200000,778.76143887,1786688099999,1791376157436,legacy_historical,,,,,,,,,
1786688100000,778.72072051,1786688999999,1791376157436,legacy_historical,,,,,,,,,
1786689000000,778.67537018,1786689899999,1791376157436,legacy_historical,,,,,,,,,
1786689900000,778.69099532,1786690799999,1791376157436,legacy_historical,,,,,,,,,
1786690800000,778.57329775,1786691699999,1791376157436,legacy_historical,,,,,,,,,
1786691700000,778.70876066,1786692599999,1791376157436,legacy_historical,,,,,,,,,
1786692600000,778.90403283,1786693499999,1791376157436,legacy_historical,,,,,,,,,
1786693500000,778.94861767,1786694399999,1791376157436,legacy_historical,,,,,,,,,
1786694400000,778.97000719,1786695299999,1791376157436,legacy_historical,,,,,,,,,
1786695300000,779.22358449,1786696199999,1791376157436,legacy_historical,,,,,,,,,
1786696200000,779.31848635,1786697099999,1791376157436,legacy_historical,,,,,,,,,
1786697100000,779.28621322,1786697999999,1791376157436,legacy_historical,,,,,,,,,
1786698000000,779.20950876,1786698899999,1791376157436,legacy_historical,,,,,,,,,
1786698900000,779.24737834,1786699799999,1791376157436,legacy_historical,,,,,,,,,
1786699800000,779.13316248,1786700699999,1791376157436,legacy_historical,,,,,,,,,
1786700700000,779.39918301,1786701599999,1791376157436,legacy_historical,,,,,,,,,
1786701600000,779.49056831,1786702499999,1791376157436,legacy_historical,,,,,,,,,
1786702500000,779.35679773,1786703399999,1791376157436,legacy_historical,,,,,,,,,
1786703400000,779.38038931,1786704299999,1791376157436,legacy_historical,,,,,,,,,
1786704300000,779.49141674,1786705199999,1791376157436,legacy_historical,,,,,,,,,
1786705200000,779.37745501,1786706099999,1791376157436,legacy_historical,,,,,,,,,
1786706100000,779.39592817,1786706999999,1791376157436,legacy_historical,,,,,,,,,
1786707000000,779.56767163,1786707899999,1791376157436,legacy_historical,,,,,,,,,
1786707900000,779.56690482,1786708799999,1791376157436,legacy_historical,,,,,,,,,
1786708800000,779.39760296,1786709699999,1791376157436,legacy_historical,,,,,,,,,
1786709700000,779.52355705,1786710599999,1791376157436,legacy_historical,,,,,,,,,
1786710600000,779.53869501,1786711499999,1791376157436,legacy_historical,,,,,,,,,
1786711500000,779.75649746,1786712399999,1791376157436,legacy_historical,,,,,,,,,
1786712400000,779.28546975,1786713299999,1791376157436,legacy_historical,,,,,,,,,
1786713300000,779.5618299,1786714199999,1791376157436,legacy_historical,,,,,,,,,
1786714200000,779.33025872,1786715099999,1791376157436,legacy_historical,,,,,,,,,
1786715100000,779.26906725,1786715999999,1791376157436,legacy_historical,,,,,,,,,
1786716000000,779.23971857,1786716899999,1791376157436,legacy_historical,,,,,,,,,
1786716900000,778.25379291,1786717799999,1791376157436,legacy_historical,,,,,,,,,
1786717800000,777.98982536,1786718699999,1791376157436,legacy_historical,,,,,,,,,
1786718700000,777.62069923,1786719599999,1791376157436,legacy_historical,,,,,,,,,
1786719600000,777.35933609,1786720499999,1791376157436,legacy_historical,,,,,,,,,
1786720500000,777.12174813,1786721399999,1791376157436,legacy_historical,,,,,,,,,
1786721400000,776.98924241,1786722299999,1791376157436,legacy_historical,,,,,,,,,
1786722300000,777.16683928,1786723199999,1791376157436,legacy_historical,,,,,,,,,
1786723200000,777.44507929,1786724099999,1791376157436,legacy_historical,,,,,,,,,
1786724100000,777.543511,1786724999999,1791376157436,legacy_historical,,,,,,,,,
1786725000000,776.99742406,1786725899999,1791376157436,legacy_historical,,,,,,,,,
1786725900000,776.50070289,1786726799999,1791376157436,legacy_historical,,,,,,,,,
1786726800000,776.84261735,1786727699999,1791376157436,legacy_historical,,,,,,,,,
1786727700000,776.55567285,1786728599999,1791376157436,legacy_historical,,,,,,,,,
1786728600000,776.39718424,1786729499999,1791376157436,legacy_historical,,,,,,,,,
1786729500000,776.64242967,1786730399999,1791376157436,legacy_historical,,,,,,,,,
1786730400000,777.00364829,1786731299999,1791376157436,legacy_historical,,,,,,,,,
1786731300000,776.82502407,1786732199999,1791376157436,legacy_historical,,,,,,,,,
1786732200000,777.10698421,1786733099999,1791376157436,legacy_historical,,,,,,,,,
1786733100000,777.05697171,1786733999999,1791376157436,legacy_historical,,,,,,,,,
1786734000000,776.92978094,1786734899999,1791376157436,legacy_historical,,,,,,,,,
1786734900000,777.0422198,1786735799999,1791376157436,legacy_historical,,,,,,,,,
1786735800000,777.01723568,1786736699999,1791376157436,legacy_historical,,,,,,,,,
1786736700000,777.03152909,1786737599999,1791376157436,legacy_historical,,,,,,,,,
1786737600000,776.75903668,1786738499999,1791376157436,legacy_historical,,,,,,,,,
1786738500000,776.76015108,1786739399999,1791376157436,legacy_historical,,,,,,,,,
1786739400000,776.855382,1786740299999,1791376157436,legacy_historical,,,,,,,,,
1786740300000,776.8698583,1786741199999,1791376157436,legacy_historical,,,,,,,,,
1786741200000,776.85522835,1786742099999,1791376157436,legacy_historical,,,,,,,,,
1786742100000,776.85426734,1786742999999,1791376157436,legacy_historical,,,,,,,,,
1786743000000,776.74704907,1786743899999,1791376157436,legacy_historical,,,,,,,,,
1786743900000,776.84781398,1786744799999,1791376157436,legacy_historical,,,,,,,,,
1786744800000,776.8504343,1786745699999,1791376157436,legacy_historical,,,,,,,,,
1786745700000,776.89109167,1786746599999,1791376157436,legacy_historical,,,,,,,,,
1786746600000,776.93648606,1786747499999,1791376157436,legacy_historical,,,,,,,,,
1786747500000,776.96377458,1786748399999,1791376157436,legacy_historical,,,,,,,,,
1786748400000,776.96638131,1786749299999,1791376157436,legacy_historical,,,,,,,,,
1786749300000,776.96282411,1786750199999,1791376157436,legacy_historical,,,,,,,,,
1786750200000,777.0680625,1786751099999,1791376157436,legacy_historical,,,,,,,,,
1786751100000,776.82908149,1786751999999,1791376157436,legacy_historical,,,,,,,,,
1786752000000,776.91730854,1786752899999,1791376157436,legacy_historical,,,,,,,,,
1786752900000,777.02294182,1786753799999,1791376157436,legacy_historical,,,,,,,,,
1786753800000,777.03025082,1786754699999,1791376157436,legacy_historical,,,,,,,,,
1786754700000,776.99271055,1786755599999,1791376157436,legacy_historical,,,,,,,,,
1786755600000,776.99768546,1786756499999,1791376157436,legacy_historical,,,,,,,,,
1786756500000,777.04661888,1786757399999,1791376157436,legacy_historical,,,,,,,,,
1786757400000,777.27076781,1786758299999,1791376157436,legacy_historical,,,,,,,,,
1786758300000,777.46604792,1786759199999,1791376157436,legacy_historical,,,,,,,,,
1786759200000,777.57745292,1786760099999,1791376157436,legacy_historical,,,,,,,,,
1786760100000,777.49720212,1786760999999,1791376157436,legacy_historical,,,,,,,,,
1786761000000,777.3974137,1786761899999,1791376157436,legacy_historical,,,,,,,,,
1786761900000,777.3377326,1786762799999,1791376157436,legacy_historical,,,,,,,,,
1786762800000,777.37238572,1786763699999,1791376157436,legacy_historical,,,,,,,,,
1786763700000,777.44658281,1786764599999,1791376157436,legacy_historical,,,,,,,,,
1786764600000,777.49237543,1786765499999,1791376157436,legacy_historical,,,,,,,,,
1786765500000,777.52865703,1786766399999,1791376157436,legacy_historical,,,,,,,,,
1786766400000,777.56320457,1786767299999,1791376157436,legacy_historical,,,,,,,,,
1786767300000,777.55730403,1786768199999,1791376157436,legacy_historical,,,,,,,,,
1786768200000,777.45600718,1786769099999,1791376157436,legacy_historical,,,,,,,,,
1786769100000,777.21452771,1786769999999,1791376157436,legacy_historical,,,,,,,,,
1786770000000,777.04926218,1786770899999,1791376157436,legacy_historical,,,,,,,,,
1786770900000,776.89296663,1786771799999,1791376157436,legacy_historical,,,,,,,,,
1786771800000,776.78980048,1786772699999,1791376157436,legacy_historical,,,,,,,,,
1786772700000,776.79813883,1786773599999,1791376157436,legacy_historical,,,,,,,,,
1786773600000,776.70185813,1786774499999,1791376157436,legacy_historical,,,,,,,,,
1786774500000,776.61457725,1786775399999,1791376157436,legacy_historical,,,,,,,,,
1786775400000,776.66318405,1786776299999,1791376157436,legacy_historical,,,,,,,,,
1786776300000,776.74894904,1786777199999,1791376157436,legacy_historical,,,,,,,,,
1786777200000,776.82762374,1786778099999,1791376157436,legacy_historical,,,,,,,,,
1786778100000,776.95874265,1786778999999,1791376157436,legacy_historical,,,,,,,,,
1786779000000,777.01443822,1786779899999,1791376157436,legacy_historical,,,,,,,,,
1786779900000,777.00505278,1786780799999,1791376157436,legacy_historical,,,,,,,,,
1786780800000,777.01449462,1786781699999,1791376157436,legacy_historical,,,,,,,,,
1786781700000,777.01038339,1786782599999,1791376157436,legacy_historical,,,,,,,,,
1786782600000,777.01798671,1786783499999,1791376157436,legacy_historical,,,,,,,,,
1786783500000,777.10400787,1786784399999,1791376157436,legacy_historical,,,,,,,,,
1786784400000,777.37080115,1786785299999,1791376157436,legacy_historical,,,,,,,,,
1786785300000,777.51797531,1786786199999,1791376157436,legacy_historical,,,,,,,,,
1786786200000,777.49894373,1786787099999,1791376157436,legacy_historical,,,,,,,,,
1786787100000,777.44644281,1786787999999,1791376157436,legacy_historical,,,,,,,,,
1786788000000,777.45392132,1786788899999,1791376157436,legacy_historical,,,,,,,,,
1786788900000,777.39971656,1786789799999,1791376157436,legacy_historical,,,,,,,,,
1786789800000,777.33079879,1786790699999,1791376157436,legacy_historical,,,,,,,,,
1786790700000,777.29810564,1786791599999,1791376157436,legacy_historical,,,,,,,,,
1786791600000,777.28491979,1786792499999,1791376157436,legacy_historical,,,,,,,,,
1786792500000,777.28348516,1786793399999,1791376157436,legacy_historical,,,,,,,,,
1786793400000,777.33304138,1786794299999,1791376157436,legacy_historical,,,,,,,,,
1786794300000,777.35421467,1786795199999,1791376157436,legacy_historical,,,,,,,,,
1786795200000,777.45817244,1786796099999,1791376157436,legacy_historical,,,,,,,,,
1786796100000,777.53936645,1786796999999,1791376157436,legacy_historical,,,,,,,,,
1786797000000,777.70373035,1786797899999,1791376157436,legacy_historical,,,,,,,,,
1786797900000,777.5956867,1786798799999,1791376157436,legacy_historical,,,,,,,,,
1786798800000,777.57589464,1786799699999,1791376157436,legacy_historical,,,,,,,,,
1786799700000,777.57557952,1786800599999,1791376157436,legacy_historical,,,,,,,,,
1786800600000,777.58810588,1786801499999,1791376157436,legacy_historical,,,,,,,,,
1786801500000,777.65029751,1786802399999,1791376157436,legacy_historical,,,,,,,,,
1786802400000,777.57312076,1786803299999,1791376157436,legacy_historical,,,,,,,,,
1786803300000,777.45306814,1786804199999,1791376157436,legacy_historical,,,,,,,,,
1786804200000,777.37671804,1786805099999,1791376157436,legacy_historical,,,,,,,,,
1786805100000,777.28656205,1786805999999,1791376157436,legacy_historical,,,,,,,,,
1786806000000,777.21025836,1786806899999,1791376157436,legacy_historical,,,,,,,,,
1786806900000,777.27027754,1786807799999,1791376157436,legacy_historical,,,,,,,,,
1786807800000,777.36683894,1786808699999,1791376157436,legacy_historical,,,,,,,,,
1786808700000,777.33094287,1786809599999,1791376157436,legacy_historical,,,,,,,,,
1786809600000,777.27118313,1786810499999,1791376157436,legacy_historical,,,,,,,,,
1786810500000,777.08843412,1786811399999,1791376157436,legacy_historical,,,,,,,,,
1786811400000,777.0500186,1786812299999,1791376157436,legacy_historical,,,,,,,,,
1786812300000,777.01824892,1786813199999,1791376157436,legacy_historical,,,,,,,,,
1786813200000,777.01537898,1786814099999,1791376157436,legacy_historical,,,,,,,,,
1786814100000,777.02762035,1786814999999,1791376157436,legacy_historical,,,,,,,,,
1786815000000,777.0573984,1786815899999,1791376157436,legacy_historical,,,,,,,,,
1786815900000,777.16068132,1786816799999,1791376157436,legacy_historical,,,,,,,,,
1786816800000,777.18709132,1786817699999,1791376157436,legacy_historical,,,,,,,,,
1786817700000,777.22142377,1786818599999,1791376157436,legacy_historical,,,,,,,,,
1786818600000,777.23043547,1786819499999,1791376157436,legacy_historical,,,,,,,,,
1786819500000,777.0940832,1786820399999,1791376157436,legacy_historical,,,,,,,,,
1786820400000,777.04048213,1786821299999,1791376157436,legacy_historical,,,,,,,,,
1786821300000,777.16674972,1786822199999,1791376157436,legacy_historical,,,,,,,,,
1786822200000,777.2610509,1786823099999,1791376157436,legacy_historical,,,,,,,,,
1786823100000,777.28162938,1786823999999,1791376157436,legacy_historical,,,,,,,,,
1786824000000,777.26403815,1786824899999,1791376157436,legacy_historical,,,,,,,,,
1786824900000,777.16871069,1786825799999,1791376157436,legacy_historical,,,,,,,,,
1786825800000,776.95029662,1786826699999,1791376157436,legacy_historical,,,,,,,,,
1786826700000,776.68851503,1786827599999,1791376157436,legacy_historical,,,,,,,,,
1786827600000,776.57189044,1786828499999,1791376157436,legacy_historical,,,,,,,,,
1786828500000,776.60089611,1786829399999,1791376157436,legacy_historical,,,,,,,,,
1786829400000,776.67791,1786830299999,1791376157436,legacy_historical,,,,,,,,,
1786830300000,776.74845153,1786831199999,1791376157436,legacy_historical,,,,,,,,,
1786831200000,776.77868369,1786832099999,1791376157436,legacy_historical,,,,,,,,,
1786832100000,776.67924994,1786832999999,1791376157436,legacy_historical,,,,,,,,,
1786833000000,776.58495903,1786833899999,1791376157436,legacy_historical,,,,,,,,,
1786833900000,776.60369062,1786834799999,1791376157436,legacy_historical,,,,,,,,,
1786834800000,776.69307383,1786835699999,1791376157436,legacy_historical,,,,,,,,,
1786835700000,776.94410504,1786836599999,1791376157436,legacy_historical,,,,,,,,,
1786836600000,777.19783941,1786837499999,1791376157436,legacy_historical,,,,,,,,,
1786837500000,777.34564565,1786838399999,1791376157436,legacy_historical,,,,,,,,,
1786838400000,777.43137662,1786839299999,1791376157436,legacy_historical,,,,,,,,,
1786839300000,777.49362751,1786840199999,1791376157436,legacy_historical,,,,,,,,,
1786840200000,777.5499155,1786841099999,1791376157436,legacy_historical,,,,,,,,,
1786841100000,777.51654168,1786841999999,1791376157436,legacy_historical,,,,,,,,,
1786842000000,777.48935655,1786842899999,1791376157436,legacy_historical,,,,,,,,,
1786842900000,777.4926027,1786843799999,1791376157436,legacy_historical,,,,,,,,,
1786843800000,777.46544886,1786844699999,1791376157436,legacy_historical,,,,,,,,,
1786844700000,777.46020361,1786845599999,1791376157436,legacy_historical,,,,,,,,,
1786845600000,777.36006394,1786846499999,1791376157436,legacy_historical,,,,,,,,,
1786846500000,777.28926826,1786847399999,1791376157436,legacy_historical,,,,,,,,,
1786847400000,777.28762588,1786848299999,1791376157436,legacy_historical,,,,,,,,,
1786848300000,777.4115159,1786849199999,1791376157436,legacy_historical,,,,,,,,,
1786849200000,777.41580015,1786850099999,1791376157436,legacy_historical,,,,,,,,,
1786850100000,777.31378191,1786850999999,1791376157436,legacy_historical,,,,,,,,,
1786851000000,777.27947262,1786851899999,1791376157436,legacy_historical,,,,,,,,,
1786851900000,777.23877536,1786852799999,1791376157436,legacy_historical,,,,,,,,,
1786852800000,777.19887159,1786853699999,1791376157436,legacy_historical,,,,,,,,,
1786853700000,777.16078989,1786854599999,1791376157436,legacy_historical,,,,,,,,,
1786854600000,777.04062707,1786855499999,1791376157436,legacy_historical,,,,,,,,,
1786855500000,777.01472314,1786856399999,1791376157436,legacy_historical,,,,,,,,,
1786856400000,777.05014913,1786857299999,1791376157436,legacy_historical,,,,,,,,,
1786857300000,777.22894525,1786858199999,1791376157436,legacy_historical,,,,,,,,,
1786858200000,777.41114731,1786859099999,1791376157436,legacy_historical,,,,,,,,,
1786859100000,777.41729878,1786859999999,1791376157436,legacy_historical,,,,,,,,,
1786860000000,777.42401519,1786860899999,1791376157436,legacy_historical,,,,,,,,,
1786860900000,777.45553957,1786861799999,1791376157436,legacy_historical,,,,,,,,,
1786861800000,777.49989109,1786862699999,1791376157436,legacy_historical,,,,,,,,,
1786862700000,777.51030593,1786863599999,1791376157436,legacy_historical,,,,,,,,,
1786863600000,777.46942921,1786864499999,1791376157436,legacy_historical,,,,,,,,,
1786864500000,777.54386293,1786865399999,1791376157436,legacy_historical,,,,,,,,,
1786865400000,777.69108983,1786866299999,1791376157436,legacy_historical,,,,,,,,,
1786866300000,777.71222304,1786867199999,1791376157436,legacy_historical,,,,,,,,,
1786867200000,777.7195884,1786868099999,1791376157436,legacy_historical,,,,,,,,,
1786868100000,777.73221556,1786868999999,1791376157436,legacy_historical,,,,,,,,,
1786869000000,777.69691687,1786869899999,1791376157436,legacy_historical,,,,,,,,,
1786869900000,777.6774883,1786870799999,1791376157436,legacy_historical,,,,,,,,,
1786870800000,777.67926405,1786871699999,1791376157436,legacy_historical,,,,,,,,,
1786871700000,777.73141538,1786872599999,1791376157436,legacy_historical,,,,,,,,,
1786872600000,777.70793929,1786873499999,1791376157436,legacy_historical,,,,,,,,,
1786873500000,777.72488967,1786874399999,1791376157436,legacy_historical,,,,,,,,,
1786874400000,777.66782307,1786875299999,1791376157436,legacy_historical,,,,,,,,,
1786875300000,777.67637056,1786876199999,1791376157436,legacy_historical,,,,,,,,,
1786876200000,777.68702017,1786877099999,1791376157436,legacy_historical,,,,,,,,,
1786877100000,777.70566967,1786877999999,1791376157436,legacy_historical,,,,,,,,,
1786878000000,777.67075611,1786878899999,1791376157436,legacy_historical,,,,,,,,,
1786878900000,777.65235774,1786879799999,1791376157436,legacy_historical,,,,,,,,,
1786879800000,777.63481961,1786880699999,1791376157436,legacy_historical,,,,,,,,,
1786880700000,777.64687542,1786881599999,1791376157436,legacy_historical,,,,,,,,,
1786881600000,777.68283726,1786882499999,1791376157436,legacy_historical,,,,,,,,,
1786882500000,777.73615074,1786883399999,1791376157436,legacy_historical,,,,,,,,,
1786883400000,777.76874808,1786884299999,1791376157436,legacy_historical,,,,,,,,,
1786884300000,777.80247003,1786885199999,1791376157436,legacy_historical,,,,,,,,,
1786885200000,777.80123475,1786886099999,1791376157436,legacy_historical,,,,,,,,,
1786886100000,777.77779968,1786886999999,1791376157436,legacy_historical,,,,,,,,,
1786887000000,777.80782081,1786887899999,1791376157436,legacy_historical,,,,,,,,,
1786887900000,777.80679528,1786888799999,1791376157436,legacy_historical,,,,,,,,,
1786888800000,777.72337806,1786889699999,1791376157436,legacy_historical,,,,,,,,,
1786889700000,777.72476657,1786890599999,1791376157436,legacy_historical,,,,,,,,,
1786890600000,777.74761878,1786891499999,1791376157436,legacy_historical,,,,,,,,,
1786891500000,777.70616667,1786892399999,1791376157436,legacy_historical,,,,,,,,,
1786892400000,777.71359142,1786893299999,1791376157436,legacy_historical,,,,,,,,,
1786893300000,777.74847362,1786894199999,1791376157436,legacy_historical,,,,,,,,,
1786894200000,777.8204444,1786895099999,1791376157436,legacy_historical,,,,,,,,,
1786895100000,777.85002158,1786895999999,1791376157436,legacy_historical,,,,,,,,,
1786896000000,777.80521724,1786896899999,1791376157436,legacy_historical,,,,,,,,,
1786896900000,777.76192568,1786897799999,1791376157436,legacy_historical,,,,,,,,,
1786897800000,777.74170659,1786898699999,1791376157436,legacy_historical,,,,,,,,,
1786898700000,777.74650821,1786899599999,1791376157436,legacy_historical,,,,,,,,,
1786899600000,777.75163555,1786900499999,1791376157436,legacy_historical,,,,,,,,,
1786900500000,777.73359591,1786901399999,1791376157436,legacy_historical,,,,,,,,,
1786901400000,777.77440654,1786902299999,1791376157436,legacy_historical,,,,,,,,,
1786902300000,777.79602728,1786903199999,1791376157436,legacy_historical,,,,,,,,,
1786903200000,777.77796814,1786904099999,1791376157436,legacy_historical,,,,,,,,,
1786904100000,777.73413088,1786904999999,1791376157436,legacy_historical,,,,,,,,,
1786905000000,777.66350489,1786905899999,1791376157436,legacy_historical,,,,,,,,,
1786905900000,777.60324544,1786906799999,1791376157436,legacy_historical,,,,,,,,,
1786906800000,777.63908638,1786907699999,1791376157436,legacy_historical,,,,,,,,,
1786907700000,777.67393866,1786908599999,1791376157436,legacy_historical,,,,,,,,,
1786908600000,777.8267872,1786909499999,1791376157436,legacy_historical,,,,,,,,,
1786909500000,777.81525779,1786910399999,1791376157436,legacy_historical,,,,,,,,,
1786910400000,777.73525613,1786911299999,1791376157436,legacy_historical,,,,,,,,,
1786911300000,777.64764017,1786912199999,1791376157436,legacy_historical,,,,,,,,,
1786912200000,777.66526991,1786913099999,1791376157436,legacy_historical,,,,,,,,,
1786913100000,777.62804465,1786913999999,1791376157436,legacy_historical,,,,,,,,,
1786914000000,777.65503902,1786914899999,1791376157436,legacy_historical,,,,,,,,,
1786914900000,777.76727202,1786915799999,1791376157436,legacy_historical,,,,,,,,,
1786915800000,777.85564282,1786916699999,1791376157436,legacy_historical,,,,,,,,,
1786916700000,777.83164666,1786917599999,1791376157436,legacy_historical,,,,,,,,,
1786917600000,777.71518301,1786918499999,1791376157436,legacy_historical,,,,,,,,,
1786918500000,777.66511746,1786919399999,1791376157436,legacy_historical,,,,,,,,,
1786919400000,777.56469228,1786920299999,1791376157436,legacy_historical,,,,,,,,,
1786920300000,777.49857658,1786921199999,1791376157436,legacy_historical,,,,,,,,,
1786921200000,777.47742422,1786922099999,1791376157436,legacy_historical,,,,,,,,,
1786922100000,777.51256553,1786922999999,1791376157436,legacy_historical,,,,,,,,,
1786923000000,777.53942296,1786923899999,1791376157436,legacy_historical,,,,,,,,,
1786923900000,777.67460557,1786924799999,1791376157436,legacy_historical,,,,,,,,,
1786924800000,777.94690775,1786925699999,1791376157436,legacy_historical,,,,,,,,,
1786925700000,777.59937761,1786926599999,1791376157436,legacy_historical,,,,,,,,,
1786926600000,777.64386006,1786927499999,1791376157436,legacy_historical,,,,,,,,,
1786927500000,777.78238076,1786928399999,1791376157436,legacy_historical,,,,,,,,,
1786928400000,777.79446026,1786929299999,1791376157436,legacy_historical,,,,,,,,,
1786929300000,778.03488848,1786930199999,1791376157436,legacy_historical,,,,,,,,,
1786930200000,777.6464583,1786931099999,1791376157436,legacy_historical,,,,,,,,,
1786931100000,777.54109609,1786931999999,1791376157436,legacy_historical,,,,,,,,,
1786932000000,777.4251239,1786932899999,1791376157436,legacy_historical,,,,,,,,,
1786932900000,777.65119106,1786933799999,1791376157436,legacy_historical,,,,,,,,,
1786933800000,777.57355996,1786934699999,1791376157436,legacy_historical,,,,,,,,,
1786934700000,777.55745219,1786935599999,1791376157436,legacy_historical,,,,,,,,,
1786935600000,777.53048823,1786936499999,1791376157436,legacy_historical,,,,,,,,,
1786936500000,777.69186164,1786937399999,1791376157436,legacy_historical,,,,,,,,,
1786937400000,777.71053988,1786938299999,1791376157436,legacy_historical,,,,,,,,,
1786938300000,777.83602992,1786939199999,1791376157436,legacy_historical,,,,,,,,,
1786939200000,777.92023308,1786940099999,1791376157436,legacy_historical,,,,,,,,,
1786940100000,777.79244661,1786940999999,1791376157436,legacy_historical,,,,,,,,,
1786941000000,777.81075852,1786941899999,1791376157436,legacy_historical,,,,,,,,,
1786941900000,777.7957889,1786942799999,1791376157436,legacy_historical,,,,,,,,,
1786942800000,777.95175161,1786943699999,1791376157436,legacy_historical,,,,,,,,,
1786943700000,777.91871527,1786944599999,1791376157436,legacy_historical,,,,,,,,,
1786944600000,778.18319889,1786945499999,1791376157436,legacy_historical,,,,,,,,,
1786945500000,778.27562358,1786946399999,1791376157436,legacy_historical,,,,,,,,,
1786946400000,778.41099554,1786947299999,1791376157436,legacy_historical,,,,,,,,,
1786947300000,778.46912777,1786948199999,1791376157436,legacy_historical,,,,,,,,,
1786948200000,778.46795351,1786949099999,1791376157436,legacy_historical,,,,,,,,,
1786949100000,778.60580408,1786949999999,1791376157436,legacy_historical,,,,,,,,,
1786950000000,778.18329633,1786950899999,1791376157436,legacy_historical,,,,,,,,,
1786950900000,778.34297026,1786951799999,1791376157436,legacy_historical,,,,,,,,,
1786951800000,778.53718868,1786952699999,1791376157436,legacy_historical,,,,,,,,,
1786952700000,778.44127951,1786953599999,1791376157436,legacy_historical,,,,,,,,,
1786953600000,778.24122359,1786954499999,1791376157436,legacy_historical,,,,,,,,,
1786954500000,778.29583729,1786955399999,1791376157436,legacy_historical,,,,,,,,,
1786955400000,778.14062335,1786956299999,1791376157436,legacy_historical,,,,,,,,,
1786956300000,778.31931934,1786957199999,1791376157436,legacy_historical,,,,,,,,,
1786957200000,778.4209716,1786958099999,1791376157436,legacy_historical,,,,,,,,,
1786958100000,778.27294385,1786958999999,1791376157436,legacy_historical,,,,,,,,,
1786959000000,778.25440866,1786959899999,1791376157436,legacy_historical,,,,,,,,,
1786959900000,778.20860222,1786960799999,1791376157436,legacy_historical,,,,,,,,,
1786960800000,778.40081103,1786961699999,1791376157436,legacy_historical,,,,,,,,,
1786961700000,779.00788886,1786962599999,1791376157436,legacy_historical,,,,,,,,,
1786962600000,778.52806912,1786963499999,1791376157436,legacy_historical,,,,,,,,,
1786963500000,778.44083848,1786964399999,1791376157436,legacy_historical,,,,,,,,,
1786964400000,778.35105585,1786965299999,1791376157436,legacy_historical,,,,,,,,,
1786965300000,778.09931323,1786966199999,1791376157436,legacy_historical,,,,,,,,,
1786966200000,778.21994135,1786967099999,1791376157436,legacy_historical,,,,,,,,,
1786967100000,777.97523493,1786967999999,1791376157436,legacy_historical,,,,,,,,,
1786968000000,777.98774707,1786968899999,1791376157436,legacy_historical,,,,,,,,,
1786968900000,777.54109673,1786969799999,1791376157436,legacy_historical,,,,,,,,,
1786969800000,777.10369715,1786970699999,1791376157436,legacy_historical,,,,,,,,,
1786970700000,777.13279797,1786971599999,1791376157436,legacy_historical,,,,,,,,,
1786971600000,777.36118656,1786972499999,1791376157436,legacy_historical,,,,,,,,,
1786972500000,777.2127438,1786973399999,1791376157436,legacy_historical,,,,,,,,,
1786973400000,776.43646632,1786974299999,1791376157436,legacy_historical,,,,,,,,,
1786974300000,776.14372684,1786975199999,1791376157436,legacy_historical,,,,,,,,,
1786975200000,776.55510008,1786976099999,1791376157436,legacy_historical,,,,,,,,,
1786976100000,776.31221256,1786976999999,1791376157436,legacy_historical,,,,,,,,,
1786977000000,776.05293974,1786977899999,1791376157436,legacy_historical,,,,,,,,,
1786977900000,776.10092059,1786978799999,1791376157436,legacy_historical,,,,,,,,,
1786978800000,776.10986035,1786979699999,1791376157436,legacy_historical,,,,,,,,,
1786979700000,776.47149603,1786980599999,1791376157436,legacy_historical,,,,,,,,,
1786980600000,775.85731781,1786981499999,1791376157436,legacy_historical,,,,,,,,,
1786981500000,776.09820995,1786982399999,1791376157436,legacy_historical,,,,,,,,,
1786982400000,776.22163892,1786983299999,1791376157436,legacy_historical,,,,,,,,,
1786983300000,776.05969779,1786984199999,1791376157436,legacy_historical,,,,,,,,,
1786984200000,775.69925573,1786985099999,1791376157436,legacy_historical,,,,,,,,,
1786985100000,775.45093367,1786985999999,1791376157436,legacy_historical,,,,,,,,,
1786986000000,775.11856348,1786986899999,1791376157436,legacy_historical,,,,,,,,,
1786986900000,774.27719156,1786987799999,1791376157436,legacy_historical,,,,,,,,,
1786987800000,774.48564337,1786988699999,1791376157436,legacy_historical,,,,,,,,,
1786988700000,774.09710839,1786989599999,1791376157436,legacy_historical,,,,,,,,,
1786989600000,774.41088084,1786990499999,1791376157436,legacy_historical,,,,,,,,,
1786990500000,774.33020363,1786991399999,1791376157436,legacy_historical,,,,,,,,,
1786991400000,774.36124052,1786992299999,1791376157436,legacy_historical,,,,,,,,,
1786992300000,774.25402123,1786993199999,1791376157436,legacy_historical,,,,,,,,,
1786993200000,773.89365494,1786994099999,1791376157436,legacy_historical,,,,,,,,,
1786994100000,773.88087795,1786994999999,1791376157436,legacy_historical,,,,,,,,,
1786995000000,773.65305334,1786995899999,1791376157436,legacy_historical,,,,,,,,,
1786995900000,773.39897922,1786996799999,1791376157436,legacy_historical,,,,,,,,,
1786996800000,773.31626127,1786997699999,1791376157436,legacy_historical,,,,,,,,,
1786997700000,773.13893882,1786998599999,1791376157436,legacy_historical,,,,,,,,,
1786998600000,773.02789788,1786999499999,1791376157436,legacy_historical,,,,,,,,,
1786999500000,773.10676171,1787000399999,1791376157436,legacy_historical,,,,,,,,,
1787000400000,773.12291248,1787001299999,1791376157436,legacy_historical,,,,,,,,,
1787001300000,773.1633355,1787002199999,1791376157436,legacy_historical,,,,,,,,,
1787002200000,773.18462148,1787003099999,1791376157436,legacy_historical,,,,,,,,,
1787003100000,773.20191592,1787003999999,1791376157436,legacy_historical,,,,,,,,,
1787004000000,773.11574231,1787004899999,1791376157436,legacy_historical,,,,,,,,,
1787004900000,773.14930545,1787005799999,1791376157436,legacy_historical,,,,,,,,,
1787005800000,773.10700473,1787006699999,1791376157436,legacy_historical,,,,,,,,,
1787006700000,773.18345463,1787007599999,1791376157436,legacy_historical,,,,,,,,,
1787007600000,773.12493078,1787008499999,1791376157436,legacy_historical,,,,,,,,,
1787008500000,773.07839515,1787009399999,1791376157436,legacy_historical,,,,,,,,,
1787009400000,773.28383852,1787010299999,1791376157436,legacy_historical,,,,,,,,,
1787010300000,773.35723417,1787011199999,1791376157436,legacy_historical,,,,,,,,,
1787011200000,773.54873661,1787012099999,1791376157436,legacy_historical,,,,,,,,,
1787012100000,773.39322061,1787012999999,1791376157436,legacy_historical,,,,,,,,,
1787013000000,773.41332098,1787013899999,1791376157436,legacy_historical,,,,,,,,,
1787013900000,773.40719028,1787014799999,1791376157436,legacy_historical,,,,,,,,,
1787014800000,773.42304134,1787015699999,1791376157436,legacy_historical,,,,,,,,,
1787015700000,773.30237593,1787016599999,1791376157436,legacy_historical,,,,,,,,,
1787016600000,772.93184541,1787017499999,1791376157436,legacy_historical,,,,,,,,,
1787017500000,772.74612004,1787018399999,1791376157436,legacy_historical,,,,,,,,,
1787018400000,772.2421519,1787019299999,1791376157436,legacy_historical,,,,,,,,,
1787019300000,771.6693083,1787020199999,1791376157436,legacy_historical,,,,,,,,,
1787020200000,771.48282547,1787021099999,1791376157436,legacy_historical,,,,,,,,,
1787021100000,771.61495802,1787021999999,1791376157436,legacy_historical,,,,,,,,,
1787022000000,771.43220172,1787022899999,1791376157436,legacy_historical,,,,,,,,,
1787022900000,771.14244372,1787023799999,1791376157436,legacy_historical,,,,,,,,,
1787023800000,771.23545573,1787024699999,1791376157436,legacy_historical,,,,,,,,,
1787024700000,771.16792147,1787025599999,1791376157436,legacy_historical,,,,,,,,,
1787025600000,771.0924439,1787026499999,1791376157436,legacy_historical,,,,,,,,,
1787026500000,771.13889355,1787027399999,1791376157436,legacy_historical,,,,,,,,,
1787027400000,770.93369988,1787028299999,1791376157436,legacy_historical,,,,,,,,,
1787028300000,771.07279827,1787029199999,1791376157436,legacy_historical,,,,,,,,,
1787029200000,770.55382326,1787030099999,1791376157436,legacy_historical,,,,,,,,,
1787030100000,770.56520334,1787030999999,1791376157436,legacy_historical,,,,,,,,,
1787031000000,770.44186011,1787031899999,1791376157436,legacy_historical,,,,,,,,,
1787031900000,770.29256299,1787032799999,1791376157436,legacy_historical,,,,,,,,,
1787032800000,770.26063156,1787033699999,1791376157436,legacy_historical,,,,,,,,,
1787033700000,770.31497486,1787034599999,1791376157436,legacy_historical,,,,,,,,,
1787034600000,770.44999194,1787035499999,1791376157436,legacy_historical,,,,,,,,,
1787035500000,770.84312632,1787036399999,1791376157436,legacy_historical,,,,,,,,,
1787036400000,770.48567409,1787037299999,1791376157436,legacy_historical,,,,,,,,,
1787037300000,770.27142208,1787038199999,1791376157436,legacy_historical,,,,,,,,,
1787038200000,769.8149145,1787039099999,1791376157436,legacy_historical,,,,,,,,,
1787039100000,769.40534791,1787039999999,1791376157436,legacy_historical,,,,,,,,,
1787040000000,769.3298304,1787040899999,1791376157436,legacy_historical,,,,,,,,,
1787040900000,769.34256933,1787041799999,1791376157436,legacy_historical,,,,,,,,,
1787041800000,769.70914004,1787042699999,1791376157436,legacy_historical,,,,,,,,,
1787042700000,769.78744472,1787043599999,1791376157436,legacy_historical,,,,,,,,,
1787043600000,769.57705197,1787044499999,1791376157436,legacy_historical,,,,,,,,,
1787044500000,769.47233157,1787045399999,1791376157436,legacy_historical,,,,,,,,,
1787045400000,769.36727909,1787046299999,1791376157436,legacy_historical,,,,,,,,,
1787046300000,769.73214627,1787047199999,1791376157436,legacy_historical,,,,,,,,,
1787047200000,769.78467837,1787048099999,1791376157436,legacy_historical,,,,,,,,,
1787048100000,769.8467242,1787048999999,1791376157436,legacy_historical,,,,,,,,,
1787049000000,769.77235771,1787049899999,1791376157436,legacy_historical,,,,,,,,,
1787049900000,769.93969438,1787050799999,1791376157436,legacy_historical,,,,,,,,,
1787050800000,770.2979508,1787051699999,1791376157436,legacy_historical,,,,,,,,,
1787051700000,770.36326976,1787052599999,1791376157436,legacy_historical,,,,,,,,,
1787052600000,770.41698548,1787053499999,1791376157436,legacy_historical,,,,,,,,,
1787053500000,770.3103907,1787054399999,1791376157436,legacy_historical,,,,,,,,,
1787054400000,770.13654317,1787055299999,1791376157436,legacy_historical,,,,,,,,,
1787055300000,770.06135782,1787056199999,1791376157436,legacy_historical,,,,,,,,,
1787056200000,769.79148147,1787057099999,1791376157436,legacy_historical,,,,,,,,,
1787057100000,770.36016635,1787057999999,1791376157436,legacy_historical,,,,,,,,,
1787058000000,769.90184025,1787058899999,1791376157436,legacy_historical,,,,,,,,,
1787058900000,769.55301723,1787059799999,1791376157436,legacy_historical,,,,,,,,,
1787059800000,769.61298203,1787060699999,1791376157436,legacy_historical,,,,,,,,,
1787060700000,769.29641838,1787061599999,1791376157436,legacy_historical,,,,,,,,,
1787061600000,768.86425197,1787062499999,1791376157436,legacy_historical,,,,,,,,,
1787062500000,769.36756855,1787063399999,1791376157436,legacy_historical,,,,,,,,,
1787063400000,769.08687078,1787064299999,1791376157436,legacy_historical,,,,,,,,,
1787064300000,768.52677831,1787065199999,1791376157436,legacy_historical,,,,,,,,,
1787065200000,768.40000183,1787066099999,1791376157436,legacy_historical,,,,,,,,,
1787066100000,768.47687665,1787066999999,1791376157436,legacy_historical,,,,,,,,,
1787067000000,768.64840744,1787067899999,1791376157436,legacy_historical,,,,,,,,,
1787067900000,768.91060561,1787068799999,1791376157436,legacy_historical,,,,,,,,,
1787068800000,769.19927612,1787069699999,1791376157436,legacy_historical,,,,,,,,,
1787069700000,768.82245278,1787070599999,1791376157436,legacy_historical,,,,,,,,,
1787070600000,768.87935367,1787071499999,1791376157436,legacy_historical,,,,,,,,,
1787071500000,769.24972833,1787072399999,1791376157436,legacy_historical,,,,,,,,,
1787072400000,769.2046387,1787073299999,1791376157436,legacy_historical,,,,,,,,,
1787073300000,768.81486044,1787074199999,1791376157436,legacy_historical,,,,,,,,,
1787074200000,768.70891264,1787075099999,1791376157436,legacy_historical,,,,,,,,,
1787075100000,768.24533195,1787075999999,1791376157436,legacy_historical,,,,,,,,,
1787076000000,768.60990334,1787076899999,1791376157436,legacy_historical,,,,,,,,,
1787076900000,768.8800816,1787077799999,1791376157436,legacy_historical,,,,,,,,,
1787077800000,768.68365837,1787078699999,1791376157436,legacy_historical,,,,,,,,,
1787078700000,768.28646114,1787079599999,1791376157436,legacy_historical,,,,,,,,,
1787079600000,768.17317507,1787080499999,1791376157436,legacy_historical,,,,,,,,,
1787080500000,768.60452595,1787081399999,1791376157436,legacy_historical,,,,,,,,,
1787081400000,768.44131766,1787082299999,1791376157436,legacy_historical,,,,,,,,,
1787082300000,767.89235388,1787083199999,1791376157436,legacy_historical,,,,,,,,,
1787083200000,767.96343249,1787084099999,1791376157436,legacy_historical,,,,,,,,,
1787084100000,767.9776942,1787084999999,1791376157436,legacy_historical,,,,,,,,,
1787085000000,768.0272412,1787085899999,1791376157436,legacy_historical,,,,,,,,,
1787085900000,767.88390191,1787086799999,1791376157436,legacy_historical,,,,,,,,,
1787086800000,767.80881529,1787087699999,1791376157436,legacy_historical,,,,,,,,,
1787087700000,767.80387717,1787088599999,1791376157436,legacy_historical,,,,,,,,,
1787088600000,767.81572593,1787089499999,1791376157436,legacy_historical,,,,,,,,,
1787089500000,767.90899629,1787090399999,1791376157436,legacy_historical,,,,,,,,,
1787090400000,767.88731618,1787091299999,1791376157436,legacy_historical,,,,,,,,,
1787091300000,767.74366631,1787092199999,1791376157436,legacy_historical,,,,,,,,,
1787092200000,767.60615407,1787093099999,1791376157436,legacy_historical,,,,,,,,,
1787093100000,767.29517017,1787093999999,1791376157436,legacy_historical,,,,,,,,,
1787094000000,767.55113188,1787094899999,1791376157436,legacy_historical,,,,,,,,,
1787094900000,767.647127,1787095799999,1791376157436,legacy_historical,,,,,,,,,
1787095800000,767.6714367,1787096699999,1791376157436,legacy_historical,,,,,,,,,
1787096700000,767.64550251,1787097599999,1791376157436,legacy_historical,,,,,,,,,
1787097600000,767.23529478,1787098499999,1791376157436,legacy_historical,,,,,,,,,
1787098500000,767.66388714,1787099399999,1791376157436,legacy_historical,,,,,,,,,
1787099400000,768.05109698,1787100299999,1791376157436,legacy_historical,,,,,,,,,
1787100300000,767.76866585,1787101199999,1791376157436,legacy_historical,,,,,,,,,
1787101200000,768.02228482,1787102099999,1791376157436,legacy_historical,,,,,,,,,
1787102100000,768.2021823,1787102999999,1791376157436,legacy_historical,,,,,,,,,
1787103000000,767.78054745,1787103899999,1791376157436,legacy_historical,,,,,,,,,
1787103900000,767.7850768,1787104799999,1791376157436,legacy_historical,,,,,,,,,
1787104800000,767.39192466,1787105699999,1791376157436,legacy_historical,,,,,,,,,
1787105700000,767.64999509,1787106599999,1791376157436,legacy_historical,,,,,,,,,
1787106600000,767.44799016,1787107499999,1791376157436,legacy_historical,,,,,,,,,
1787107500000,767.63234009,1787108399999,1791376157436,legacy_historical,,,,,,,,,
1787108400000,767.62066885,1787109299999,1791376157436,legacy_historical,,,,,,,,,
1787109300000,767.61117812,1787110199999,1791376157436,legacy_historical,,,,,,,,,
1787110200000,767.58997769,1787111099999,1791376157436,legacy_historical,,,,,,,,,
1787111100000,767.39293351,1787111999999,1791376157436,legacy_historical,,,,,,,,,
1787112000000,767.28622268,1787112899999,1791376157436,legacy_historical,,,,,,,,,
1787112900000,767.48848298,1787113799999,1791376157436,legacy_historical,,,,,,,,,
1787113800000,767.17155082,1787114699999,1791376157436,legacy_historical,,,,,,,,,
1787114700000,767.23096619,1787115599999,1791376157436,legacy_historical,,,,,,,,,
1787115600000,767.06657687,1787116499999,1791376157436,legacy_historical,,,,,,,,,
1787116500000,767.2017447,1787117399999,1791376157436,legacy_historical,,,,,,,,,
1787117400000,766.75788354,1787118299999,1791376157436,legacy_historical,,,,,,,,,
1787118300000,766.65484381,1787119199999,1791376157436,legacy_historical,,,,,,,,,
1787119200000,766.62548377,1787120099999,1791376157436,legacy_historical,,,,,,,,,
1787120100000,767.30054407,1787120999999,1791376157436,legacy_historical,,,,,,,,,
1787121000000,767.38742015,1787121899999,1791376157436,legacy_historical,,,,,,,,,
1787121900000,768.24460271,1787122799999,1791376157436,legacy_historical,,,,,,,,,
1787122800000,768.18647759,1787123699999,1791376157436,legacy_historical,,,,,,,,,
1787123700000,768.36335427,1787124599999,1791376157436,legacy_historical,,,,,,,,,
1787124600000,768.24574376,1787125499999,1791376157436,legacy_historical,,,,,,,,,
1787125500000,768.57685416,1787126399999,1791376157436,legacy_historical,,,,,,,,,
1787126400000,767.30631873,1787127299999,1791376157436,legacy_historical,,,,,,,,,
1787127300000,768.88688995,1787128199999,1791376157436,legacy_historical,,,,,,,,,
1787128200000,768.80577552,1787129099999,1791376157436,legacy_historical,,,,,,,,,
1787129100000,768.60245805,1787129999999,1791376157436,legacy_historical,,,,,,,,,
1787130000000,768.45491054,1787130899999,1791376157436,legacy_historical,,,,,,,,,
1787130900000,768.22907529,1787131799999,1791376157436,legacy_historical,,,,,,,,,
1787131800000,768.16196515,1787132699999,1791376157436,legacy_historical,,,,,,,,,
1787132700000,768.11726285,1787133599999,1791376157436,legacy_historical,,,,,,,,,
1787133600000,768.13298691,1787134499999,1791376157436,legacy_historical,,,,,,,,,
1787134500000,768.07778984,1787135399999,1791376157436,legacy_historical,,,,,,,,,
1787135400000,768.30959287,1787136299999,1791376157436,legacy_historical,,,,,,,,,
1787136300000,768.0965584,1787137199999,1791376157436,legacy_historical,,,,,,,,,
1787137200000,768.5370535,1787138099999,1791376157436,legacy_historical,,,,,,,,,
1787138100000,768.51126989,1787138999999,1791376157436,legacy_historical,,,,,,,,,
1787139000000,768.31851649,1787139899999,1791376157436,legacy_historical,,,,,,,,,
1787139900000,768.52915814,1787140799999,1791376157436,legacy_historical,,,,,,,,,
1787140800000,768.55151071,1787141699999,1791376157436,legacy_historical,,,,,,,,,
1787141700000,768.49138571,1787142599999,1791376157436,legacy_historical,,,,,,,,,
1787142600000,770.75280989,1787143499999,1791376157436,legacy_historical,,,,,,,,,
1787143500000,771.59977221,1787144399999,1791376157436,legacy_historical,,,,,,,,,
1787144400000,771.54489385,1787145299999,1791376157436,legacy_historical,,,,,,,,,
1787145300000,771.09625926,1787146199999,1791376157436,legacy_historical,,,,,,,,,
1787146200000,770.89039643,1787147099999,1791376157436,legacy_historical,,,,,,,,,
1787147100000,770.8480994,1787147999999,1791376157436,legacy_historical,,,,,,,,,
1787148000000,769.99051442,1787148899999,1791376157436,legacy_historical,,,,,,,,,
1787148900000,770.56578131,1787149799999,1791376157436,legacy_historical,,,,,,,,,
1787149800000,771.67622416,1787150699999,1791376157436,legacy_historical,,,,,,,,,
1787150700000,772.69430924,1787151599999,1791376157436,legacy_historical,,,,,,,,,
1787151600000,772.21144198,1787152499999,1791376157436,legacy_historical,,,,,,,,,
1787152500000,771.45130226,1787153399999,1791376157436,legacy_historical,,,,,,,,,
1787153400000,771.09885144,1787154299999,1791376157436,legacy_historical,,,,,,,,,
1787154300000,771.03900023,1787155199999,1791376157436,legacy_historical,,,,,,,,,
1787155200000,772.02081792,1787156099999,1791376157436,legacy_historical,,,,,,,,,
1787156100000,771.16486726,1787156999999,1791376157436,legacy_historical,,,,,,,,,
1787157000000,770.7682443,1787157899999,1791376157436,legacy_historical,,,,,,,,,
1787157900000,770.132112,1787158799999,1791376157436,legacy_historical,,,,,,,,,
1787158800000,770.25268375,1787159699999,1791376157436,legacy_historical,,,,,,,,,
1787159700000,769.91432172,1787160599999,1791376157436,legacy_historical,,,,,,,,,
1787160600000,769.96207042,1787161499999,1791376157436,legacy_historical,,,,,,,,,
1787161500000,769.90872103,1787162399999,1791376157436,legacy_historical,,,,,,,,,
1787162400000,769.82636206,1787163299999,1791376157436,legacy_historical,,,,,,,,,
1787163300000,769.91509188,1787164199999,1791376157436,legacy_historical,,,,,,,,,
1787164200000,770.06501599,1787165099999,1791376157436,legacy_historical,,,,,,,,,
1787165100000,769.82155818,1787165999999,1791376157436,legacy_historical,,,,,,,,,
1787166000000,770.07790549,1787166899999,1791376157436,legacy_historical,,,,,,,,,
1787166900000,769.98320941,1787167799999,1791376157436,legacy_historical,,,,,,,,,
1787167800000,769.33771012,1787168699999,1791376157436,legacy_historical,,,,,,,,,
1787168700000,769.18250932,1787169599999,1791376157436,legacy_historical,,,,,,,,,
1787169600000,769.14182988,1787170499999,1791376157436,legacy_historical,,,,,,,,,
1787170500000,769.30184555,1787171399999,1791376157436,legacy_historical,,,,,,,,,
1787171400000,769.22314059,1787172299999,1791376157436,legacy_historical,,,,,,,,,
1787172300000,769.20672864,1787173199999,1791376157436,legacy_historical,,,,,,,,,
1787173200000,769.41494357,1787174099999,1791376157436,legacy_historical,,,,,,,,,
1787174100000,769.38645807,1787174999999,1791376157436,legacy_historical,,,,,,,,,
1787175000000,769.49227263,1787175899999,1791376157436,legacy_historical,,,,,,,,,
1787175900000,769.52558594,1787176799999,1791376157436,legacy_historical,,,,,,,,,
1787176800000,770.47230014,1787177699999,1791376157436,legacy_historical,,,,,,,,,
1787177700000,770.26004895,1787178599999,1791376157436,legacy_historical,,,,,,,,,
1787178600000,770.53719355,1787179499999,1791376157436,legacy_historical,,,,,,,,,
1787179500000,770.70318843,1787180399999,1791376157436,legacy_historical,,,,,,,,,
1787180400000,770.68948658,1787181299999,1791376157436,legacy_historical,,,,,,,,,
1787181300000,770.60441746,1787182199999,1791376157436,legacy_historical,,,,,,,,,
1787182200000,770.74587327,1787183099999,1791376157436,legacy_historical,,,,,,,,,
1787183100000,770.47243677,1787183999999,1791376157436,legacy_historical,,,,,,,,,
1787184000000,770.49939908,1787184899999,1791376157436,legacy_historical,,,,,,,,,
1787184900000,770.55286225,1787185799999,1791376157436,legacy_historical,,,,,,,,,
1787185800000,770.62597591,1787186699999,1791376157436,legacy_historical,,,,,,,,,
1787186700000,770.79475231,1787187599999,1791376157436,legacy_historical,,,,,,,,,
1787187600000,770.73393729,1787188499999,1791376157436,legacy_historical,,,,,,,,,
1787188500000,770.47954302,1787189399999,1791376157436,legacy_historical,,,,,,,,,
1787189400000,770.79921647,1787190299999,1791376157436,legacy_historical,,,,,,,,,
1787190300000,770.51141986,1787191199999,1791376157436,legacy_historical,,,,,,,,,
1787191200000,770.7234977,1787192099999,1791376157436,legacy_historical,,,,,,,,,
1787192100000,770.28852931,1787192999999,1791376157436,legacy_historical,,,,,,,,,
1787193000000,770.55728092,1787193899999,1791376157436,legacy_historical,,,,,,,,,
1787193900000,770.47852879,1787194799999,1791376157436,legacy_historical,,,,,,,,,
1787194800000,770.48653807,1787195699999,1791376157436,legacy_historical,,,,,,,,,
1787195700000,770.62344382,1787196599999,1791376157436,legacy_historical,,,,,,,,,
1787196600000,770.59834291,1787197499999,1791376157436,legacy_historical,,,,,,,,,
1787197500000,770.68274672,1787198399999,1791376157436,legacy_historical,,,,,,,,,
1787198400000,770.96975339,1787199299999,1791376157436,legacy_historical,,,,,,,,,
1787199300000,770.85025096,1787200199999,1791376157436,legacy_historical,,,,,,,,,
1787200200000,770.78718669,1787201099999,1791376157436,legacy_historical,,,,,,,,,
1787201100000,770.68784703,1787201999999,1791376157436,legacy_historical,,,,,,,,,
1787202000000,770.23432286,1787202899999,1791376157436,legacy_historical,,,,,,,,,
1787202900000,770.45581442,1787203799999,1791376157436,legacy_historical,,,,,,,,,
1787203800000,770.38049865,1787204699999,1791376157436,legacy_historical,,,,,,,,,
1787204700000,770.12161581,1787205599999,1791376157436,legacy_historical,,,,,,,,,
1787205600000,770.75215942,1787206499999,1791376157436,legacy_historical,,,,,,,,,
1787206500000,770.73785229,1787207399999,1791376157436,legacy_historical,,,,,,,,,
1787207400000,771.0456648,1787208299999,1791376157436,legacy_historical,,,,,,,,,
1787208300000,770.937705,1787209199999,1791376157436,legacy_historical,,,,,,,,,
1787209200000,770.35775286,1787210099999,1791376157436,legacy_historical,,,,,,,,,
1787210100000,770.12201181,1787210999999,1791376157436,legacy_historical,,,,,,,,,
1787211000000,769.84721157,1787211899999,1791376157436,legacy_historical,,,,,,,,,
1787211900000,769.71216812,1787212799999,1791376157436,legacy_historical,,,,,,,,,
1787212800000,769.35675685,1787213699999,1791376157436,legacy_historical,,,,,,,,,
1787213700000,769.04466253,1787214599999,1791376157436,legacy_historical,,,,,,,,,
1787214600000,768.83587572,1787215499999,1791376157436,legacy_historical,,,,,,,,,
1787215500000,768.65882883,1787216399999,1791376157436,legacy_historical,,,,,,,,,
1787216400000,769.25033217,1787217299999,1791376157436,legacy_historical,,,,,,,,,
1787217300000,769.28658308,1787218199999,1791376157436,legacy_historical,,,,,,,,,
1787218200000,769.337142,1787219099999,1791376157436,legacy_historical,,,,,,,,,
1787219100000,769.10750337,1787219999999,1791376157436,legacy_historical,,,,,,,,,
1787220000000,769.6338747,1787220899999,1791376157436,legacy_historical,,,,,,,,,
1787220900000,769.50854389,1787221799999,1791376157436,legacy_historical,,,,,,,,,
1787221800000,769.38373444,1787222699999,1791376157436,legacy_historical,,,,,,,,,
1787222700000,769.75359664,1787223599999,1791376157436,legacy_historical,,,,,,,,,
1787223600000,769.14910787,1787224499999,1791376157436,legacy_historical,,,,,,,,,
1787224500000,768.33718623,1787225399999,1791376157436,legacy_historical,,,,,,,,,
1787225400000,768.32645496,1787226299999,1791376157436,legacy_historical,,,,,,,,,
1787226300000,767.19232861,1787227199999,1791376157436,legacy_historical,,,,,,,,,
1787227200000,765.4747953,1787228099999,1791376157436,legacy_historical,,,,,,,,,
1787228100000,765.56503908,1787228999999,1791376157436,legacy_historical,,,,,,,,,
1787229000000,765.54559607,1787229899999,1791376157436,legacy_historical,,,,,,,,,
1787229900000,766.39106083,1787230799999,1791376157436,legacy_historical,,,,,,,,,
1787230800000,766.25429666,1787231699999,1791376157436,legacy_historical,,,,,,,,,
1787231700000,766.46619072,1787232599999,1791376157436,legacy_historical,,,,,,,,,
1787232600000,768.05368276,1787233499999,1791376157436,legacy_historical,,,,,,,,,
1787233500000,767.20377135,1787234399999,1791376157436,legacy_historical,,,,,,,,,
1787234400000,766.59005154,1787235299999,1791376157436,legacy_historical,,,,,,,,,
1787235300000,766.83540175,1787236199999,1791376157436,legacy_historical,,,,,,,,,
1787236200000,767.78665968,1787237099999,1791376157436,legacy_historical,,,,,,,,,
1787237100000,767.6747996,1787237999999,1791376157436,legacy_historical,,,,,,,,,
1787238000000,767.30613972,1787238899999,1791376157436,legacy_historical,,,,,,,,,
1787238900000,767.28054337,1787239799999,1791376157436,legacy_historical,,,,,,,,,
1787239800000,765.8205619,1787240699999,1791376157436,legacy_historical,,,,,,,,,
1787240700000,766.27433387,1787241599999,1791376157436,legacy_historical,,,,,,,,,
1787241600000,765.97468911,1787242499999,1791376157436,legacy_historical,,,,,,,,,
1787242500000,766.14311025,1787243399999,1791376157436,legacy_historical,,,,,,,,,
1787243400000,767.0336759,1787244299999,1791376157436,legacy_historical,,,,,,,,,
1787244300000,766.79310416,1787245199999,1791376157436,legacy_historical,,,,,,,,,
1787245200000,765.93366228,1787246099999,1791376157436,legacy_historical,,,,,,,,,
1787246100000,765.07234773,1787246999999,1791376157436,legacy_historical,,,,,,,,,
1787247000000,764.81735314,1787247899999,1791376157436,legacy_historical,,,,,,,,,
1787247900000,764.84321931,1787248799999,1791376157436,legacy_historical,,,,,,,,,
1787248800000,763.93794787,1787249699999,1791376157436,legacy_historical,,,,,,,,,
1787249700000,763.89011933,1787250599999,1791376157436,legacy_historical,,,,,,,,,
1787250600000,763.91882685,1787251499999,1791376157436,legacy_historical,,,,,,,,,
1787251500000,763.62727314,1787252399999,1791376157436,legacy_historical,,,,,,,,,
1787252400000,763.90223038,1787253299999,1791376157436,legacy_historical,,,,,,,,,
1787253300000,763.78364928,1787254199999,1791376157436,legacy_historical,,,,,,,,,
1787254200000,763.40417685,1787255099999,1791376157436,legacy_historical,,,,,,,,,
1787255100000,762.67211886,1787255999999,1791376157436,legacy_historical,,,,,,,,,
1787256000000,762.70720653,1787256899999,1791376157436,legacy_historical,,,,,,,,,
1787256900000,762.70134741,1787257799999,1791376157436,legacy_historical,,,,,,,,,
1787257800000,763.03395688,1787258699999,1791376157436,legacy_historical,,,,,,,,,
1787258700000,763.15453737,1787259599999,1791376157436,legacy_historical,,,,,,,,,
1787259600000,763.18266482,1787260499999,1791376157436,legacy_historical,,,,,,,,,
1787260500000,763.26839867,1787261399999,1791376157436,legacy_historical,,,,,,,,,
1787261400000,763.48870006,1787262299999,1791376157436,legacy_historical,,,,,,,,,
1787262300000,763.43169191,1787263199999,1791376157436,legacy_historical,,,,,,,,,
1787263200000,762.92085916,1787264099999,1791376157436,legacy_historical,,,,,,,,,
1787264100000,763.03052944,1787264999999,1791376157436,legacy_historical,,,,,,,,,
1787265000000,763.22912463,1787265899999,1791376157436,legacy_historical,,,,,,,,,
1787265900000,763.43234282,1787266799999,1791376157436,legacy_historical,,,,,,,,,
1787266800000,763.34940891,1787267699999,1791376157436,legacy_historical,,,,,,,,,
1787267700000,763.26978009,1787268599999,1791376157436,legacy_historical,,,,,,,,,
1787268600000,763.25496439,1787269499999,1791376157436,legacy_historical,,,,,,,,,
1787269500000,763.12220573,1787270399999,1791376157436,legacy_historical,,,,,,,,,
1787270400000,763.89430329,1787271299999,1791376157436,legacy_historical,,,,,,,,,
1787271300000,763.33837991,1787272199999,1791376157436,legacy_historical,,,,,,,,,
1787272200000,763.47130977,1787273099999,1791376157436,legacy_historical,,,,,,,,,
1787273100000,763.28095003,1787273999999,1791376157436,legacy_historical,,,,,,,,,
1787274000000,763.30816247,1787274899999,1791376157436,legacy_historical,,,,,,,,,
1787274900000,763.40323467,1787275799999,1791376157436,legacy_historical,,,,,,,,,
1787275800000,763.52832855,1787276699999,1791376157436,legacy_historical,,,,,,,,,
1787276700000,763.45540503,1787277599999,1791376157436,legacy_historical,,,,,,,,,
1787277600000,763.78655357,1787278499999,1791376157436,legacy_historical,,,,,,,,,
1787278500000,763.96757007,1787279399999,1791376157436,legacy_historical,,,,,,,,,
1787279400000,763.90144107,1787280299999,1791376157436,legacy_historical,,,,,,,,,
1787280300000,763.97393827,1787281199999,1791376157436,legacy_historical,,,,,,,,,
1787281200000,763.62092355,1787282099999,1791376157436,legacy_historical,,,,,,,,,
1787282100000,763.74886799,1787282999999,1791376157436,legacy_historical,,,,,,,,,
1787283000000,763.66282628,1787283899999,1791376157436,legacy_historical,,,,,,,,,
1787283900000,763.68997137,1787284799999,1791376157436,legacy_historical,,,,,,,,,
1787284800000,763.80855769,1787285699999,1791376157436,legacy_historical,,,,,,,,,
1787285700000,763.51848776,1787286599999,1791376157436,legacy_historical,,,,,,,,,
1787286600000,763.36013849,1787287499999,1791376157436,legacy_historical,,,,,,,,,
1787287500000,763.70308877,1787288399999,1791376157436,legacy_historical,,,,,,,,,
1787288400000,763.77755461,1787289299999,1791376157436,legacy_historical,,,,,,,,,
1787289300000,763.59535611,1787290199999,1791376157436,legacy_historical,,,,,,,,,
1787290200000,763.65875967,1787291099999,1791376157436,legacy_historical,,,,,,,,,
1787291100000,763.78425325,1787291999999,1791376157436,legacy_historical,,,,,,,,,
1787292000000,763.80223718,1787292899999,1791376157436,legacy_historical,,,,,,,,,
1787292900000,763.9483165,1787293799999,1791376157436,legacy_historical,,,,,,,,,
1787293800000,763.93060002,1787294699999,1791376157436,legacy_historical,,,,,,,,,
1787294700000,764.18204066,1787295599999,1791376157436,legacy_historical,,,,,,,,,
1787295600000,764.71138558,1787296499999,1791376157436,legacy_historical,,,,,,,,,
1787296500000,764.49531834,1787297399999,1791376157436,legacy_historical,,,,,,,,,
1787297400000,764.78814151,1787298299999,1791376157436,legacy_historical,,,,,,,,,
1787298300000,764.9386977,1787299199999,1791376157436,legacy_historical,,,,,,,,,
1787299200000,764.85815481,1787300099999,1791376157436,legacy_historical,,,,,,,,,
1787300100000,765.05493925,1787300999999,1791376157436,legacy_historical,,,,,,,,,
1787301000000,765.35400939,1787301899999,1791376157436,legacy_historical,,,,,,,,,
1787301900000,765.61860261,1787302799999,1791376157436,legacy_historical,,,,,,,,,
1787302800000,765.50582211,1787303699999,1791376157436,legacy_historical,,,,,,,,,
1787303700000,765.35428874,1787304599999,1791376157436,legacy_historical,,,,,,,,,
1787304600000,765.45883077,1787305499999,1791376157436,legacy_historical,,,,,,,,,
1787305500000,765.47365281,1787306399999,1791376157436,legacy_historical,,,,,,,,,
1787306400000,765.51966913,1787307299999,1791376157436,legacy_historical,,,,,,,,,
1787307300000,765.63887596,1787308199999,1791376157436,legacy_historical,,,,,,,,,
1787308200000,765.50298676,1787309099999,1791376157436,legacy_historical,,,,,,,,,
1787309100000,765.50542157,1787309999999,1791376157436,legacy_historical,,,,,,,,,
1787310000000,765.51445181,1787310899999,1791376157436,legacy_historical,,,,,,,,,
1787310900000,766.38137383,1787311799999,1791376157436,legacy_historical,,,,,,,,,
1787311800000,766.49285198,1787312699999,1791376157436,legacy_historical,,,,,,,,,
1787312700000,766.22656709,1787313599999,1791376157436,legacy_historical,,,,,,,,,
1787313600000,766.07364137,1787314499999,1791376157436,legacy_historical,,,,,,,,,
1787314500000,766.68674808,1787315399999,1791376157436,legacy_historical,,,,,,,,,
1787315400000,767.04795724,1787316299999,1791376157436,legacy_historical,,,,,,,,,
1787316300000,766.76397344,1787317199999,1791376157436,legacy_historical,,,,,,,,,
1787317200000,765.93622227,1787318099999,1791376157436,legacy_historical,,,,,,,,,
1787318100000,766.20842659,1787318999999,1791376157436,legacy_historical,,,,,,,,,
1787319000000,765.40931017,1787319899999,1791376157436,legacy_historical,,,,,,,,,
1787319900000,764.8155039,1787320799999,1791376157436,legacy_historical,,,,,,,,,
1787320800000,764.95538334,1787321699999,1791376157436,legacy_historical,,,,,,,,,
1787321700000,764.91181066,1787322599999,1791376157436,legacy_historical,,,,,,,,,
1787322600000,764.81474955,1787323499999,1791376157436,legacy_historical,,,,,,,,,
1787323500000,766.1336862,1787324399999,1791376157436,legacy_historical,,,,,,,,,
1787324400000,765.94125801,1787325299999,1791376157436,legacy_historical,,,,,,,,,
1787325300000,766.18273609,1787326199999,1791376157436,legacy_historical,,,,,,,,,
1787326200000,767.5985601,1787327099999,1791376157436,legacy_historical,,,,,,,,,
1787327100000,767.49820379,1787327999999,1791376157436,legacy_historical,,,,,,,,,
1787328000000,766.63156903,1787328899999,1791376157436,legacy_historical,,,,,,,,,
1787328900000,766.81792951,1787329799999,1791376157436,legacy_historical,,,,,,,,,
1787329800000,766.68160076,1787330699999,1791376157436,legacy_historical,,,,,,,,,
1787330700000,766.63448723,1787331599999,1791376157436,legacy_historical,,,,,,,,,
1787331600000,766.48189591,1787332499999,1791376157436,legacy_historical,,,,,,,,,
1787332500000,766.15133803,1787333399999,1791376157436,legacy_historical,,,,,,,,,
1787333400000,765.88956697,1787334299999,1791376157436,legacy_historical,,,,,,,,,
1787334300000,765.68637712,1787335199999,1791376157436,legacy_historical,,,,,,,,,
1787335200000,765.55370863,1787336099999,1791376157436,legacy_historical,,,,,,,,,
1787336100000,765.58071647,1787336999999,1791376157436,legacy_historical,,,,,,,,,
1787337000000,765.71574347,1787337899999,1791376157436,legacy_historical,,,,,,,,,
1787337900000,766.55304566,1787338799999,1791376157436,legacy_historical,,,,,,,,,
1787338800000,766.31680967,1787339699999,1791376157436,legacy_historical,,,,,,,,,
1787339700000,766.29207013,1787340599999,1791376157436,legacy_historical,,,,,,,,,
1787340600000,766.71380608,1787341499999,1791376157436,legacy_historical,,,,,,,,,
1787341500000,765.96496214,1787342399999,1791376157436,legacy_historical,,,,,,,,,
1787342400000,765.8229873,1787343299999,1791376157436,legacy_historical,,,,,,,,,
1787343300000,765.46552873,1787344199999,1791376157436,legacy_historical,,,,,,,,,
1787344200000,765.67436772,1787345099999,1791376157436,legacy_historical,,,,,,,,,
1787345100000,765.46037005,1787345999999,1791376157436,legacy_historical,,,,,,,,,
1787346000000,765.61945088,1787346899999,1791376157436,legacy_historical,,,,,,,,,
1787346900000,765.78640493,1787347799999,1791376157436,legacy_historical,,,,,,,,,
1787347800000,766.1567026,1787348699999,1791376157436,legacy_historical,,,,,,,,,
1787348700000,766.47055065,1787349599999,1791376157436,legacy_historical,,,,,,,,,
1787349600000,766.89274125,1787350499999,1791376157436,legacy_historical,,,,,,,,,
1787350500000,767.24082348,1787351399999,1791376157436,legacy_historical,,,,,,,,,
1787351400000,767.37555703,1787352299999,1791376157436,legacy_historical,,,,,,,,,
1787352300000,767.35876903,1787353199999,1791376157436,legacy_historical,,,,,,,,,
1787353200000,767.09950594,1787354099999,1791376157436,legacy_historical,,,,,,,,,
1787354100000,766.95169654,1787354999999,1791376157436,legacy_historical,,,,,,,,,
1787355000000,766.92633777,1787355899999,1791376157436,legacy_historical,,,,,,,,,
1787355900000,767.07597658,1787356799999,1791376157436,legacy_historical,,,,,,,,,
1787356800000,767.25565357,1787357699999,1791376157436,legacy_historical,,,,,,,,,
1787357700000,767.28804604,1787358599999,1791376157436,legacy_historical,,,,,,,,,
1787358600000,767.27124841,1787359499999,1791376157436,legacy_historical,,,,,,,,,
1787359500000,767.2564908,1787360399999,1791376157436,legacy_historical,,,,,,,,,
1787360400000,767.20695123,1787361299999,1791376157436,legacy_historical,,,,,,,,,
1787361300000,767.21154574,1787362199999,1791376157436,legacy_historical,,,,,,,,,
1787362200000,767.36803653,1787363099999,1791376157436,legacy_historical,,,,,,,,,
1787363100000,767.38257114,1787363999999,1791376157436,legacy_historical,,,,,,,,,
1787364000000,767.53491032,1787364899999,1791376157436,legacy_historical,,,,,,,,,
1787364900000,767.55378647,1787365799999,1791376157436,legacy_historical,,,,,,,,,
1787365800000,767.64708671,1787366699999,1791376157436,legacy_historical,,,,,,,,,
1787366700000,767.72478348,1787367599999,1791376157436,legacy_historical,,,,,,,,,
1787367600000,767.83257812,1787368499999,1791376157436,legacy_historical,,,,,,,,,
1787368500000,767.82481418,1787369399999,1791376157436,legacy_historical,,,,,,,,,
1787369400000,767.87024712,1787370299999,1791376157436,legacy_historical,,,,,,,,,
1787370300000,767.77502416,1787371199999,1791376157436,legacy_historical,,,,,,,,,
1787371200000,767.54223813,1787372099999,1791376157436,legacy_historical,,,,,,,,,
1787372100000,767.25729889,1787372999999,1791376157436,legacy_historical,,,,,,,,,
1787373000000,767.15931437,1787373899999,1791376157436,legacy_historical,,,,,,,,,
1787373900000,767.20415493,1787374799999,1791376157436,legacy_historical,,,,,,,,,
1787374800000,766.94456354,1787375699999,1791376157436,legacy_historical,,,,,,,,,
1787375700000,766.81972204,1787376599999,1791376157436,legacy_historical,,,,,,,,,
1787376600000,766.7667989,1787377499999,1791376157436,legacy_historical,,,,,,,,,
1787377500000,766.53574827,1787378399999,1791376157436,legacy_historical,,,,,,,,,
1787378400000,766.35864395,1787379299999,1791376157436,legacy_historical,,,,,,,,,
1787379300000,766.24501488,1787380199999,1791376157436,legacy_historical,,,,,,,,,
1787380200000,766.21477293,1787381099999,1791376157436,legacy_historical,,,,,,,,,
1787381100000,766.21199074,1787381999999,1791376157436,legacy_historical,,,,,,,,,
1787382000000,766.21752705,1787382899999,1791376157436,legacy_historical,,,,,,,,,
1787382900000,766.12588914,1787383799999,1791376157436,legacy_historical,,,,,,,,,
1787383800000,766.09101694,1787384699999,1791376157436,legacy_historical,,,,,,,,,
1787384700000,765.94758369,1787385599999,1791376157436,legacy_historical,,,,,,,,,
1787385600000,765.65253612,1787386499999,1791376157436,legacy_historical,,,,,,,,,
1787386500000,765.53721008,1787387399999,1791376157436,legacy_historical,,,,,,,,,
1787387400000,765.46451019,1787388299999,1791376157436,legacy_historical,,,,,,,,,
1787388300000,765.48077607,1787389199999,1791376157436,legacy_historical,,,,,,,,,
1787389200000,765.46151154,1787390099999,1791376157436,legacy_historical,,,,,,,,,
1787390100000,765.45186405,1787390999999,1791376157436,legacy_historical,,,,,,,,,
1787391000000,765.31380358,1787391899999,1791376157436,legacy_historical,,,,,,,,,
1787391900000,765.20676458,1787392799999,1791376157436,legacy_historical,,,,,,,,,
1787392800000,765.2095984,1787393699999,1791376157436,legacy_historical,,,,,,,,,
1787393700000,764.94967148,1787394599999,1791376157436,legacy_historical,,,,,,,,,
1787394600000,764.99104868,1787395499999,1791376157436,legacy_historical,,,,,,,,,
1787395500000,765.01302973,1787396399999,1791376157436,legacy_historical,,,,,,,,,
1787396400000,765.16104151,1787397299999,1791376157436,legacy_historical,,,,,,,,,
1787397300000,765.23811458,1787398199999,1791376157436,legacy_historical,,,,,,,,,
1787398200000,765.27567293,1787399099999,1791376157436,legacy_historical,,,,,,,,,
1787399100000,765.27082587,1787399999999,1791376157436,legacy_historical,,,,,,,,,
1787400000000,765.31906368,1787400899999,1791376157436,legacy_historical,,,,,,,,,
1787400900000,765.50813363,1787401799999,1791376157436,legacy_historical,,,,,,,,,
1787401800000,765.62218961,1787402699999,1791376157436,legacy_historical,,,,,,,,,
1787402700000,765.61258713,1787403599999,1791376157436,legacy_historical,,,,,,,,,
1787403600000,765.4536015,1787404499999,1791376157436,legacy_historical,,,,,,,,,
1787404500000,765.36921842,1787405399999,1791376157436,legacy_historical,,,,,,,,,
1787405400000,765.43604867,1787406299999,1791376157436,legacy_historical,,,,,,,,,
1787406300000,765.49513732,1787407199999,1791376157436,legacy_historical,,,,,,,,,
1787407200000,765.52256717,1787408099999,1791376157436,legacy_historical,,,,,,,,,
1787408100000,765.58939273,1787408999999,1791376157436,legacy_historical,,,,,,,,,
1787409000000,765.60311435,1787409899999,1791376157436,legacy_historical,,,,,,,,,
1787409900000,765.7515126,1787410799999,1791376157436,legacy_historical,,,,,,,,,
1787410800000,765.83049348,1787411699999,1791376157436,legacy_historical,,,,,,,,,
1787411700000,766.04443828,1787412599999,1791376157436,legacy_historical,,,,,,,,,
1787412600000,766.11941363,1787413499999,1791376157436,legacy_historical,,,,,,,,,
1787413500000,766.29240375,1787414399999,1791376157436,legacy_historical,,,,,,,,,
1787414400000,766.20413706,1787415299999,1791376157436,legacy_historical,,,,,,,,,
1787415300000,766.18815237,1787416199999,1791376157436,legacy_historical,,,,,,,,,
1787416200000,766.19067424,1787417099999,1791376157436,legacy_historical,,,,,,,,,
1787417100000,766.17323799,1787417999999,1791376157436,legacy_historical,,,,,,,,,
1787418000000,766.06457432,1787418899999,1791376157436,legacy_historical,,,,,,,,,
1787418900000,765.87809123,1787419799999,1791376157436,legacy_historical,,,,,,,,,
1787419800000,765.72473604,1787420699999,1791376157436,legacy_historical,,,,,,,,,
1787420700000,765.74532628,1787421599999,1791376157436,legacy_historical,,,,,,,,,
1787421600000,765.78072612,1787422499999,1791376157436,legacy_historical,,,,,,,,,
1787422500000,765.78254839,1787423399999,1791376157436,legacy_historical,,,,,,,,,
1787423400000,765.81752559,1787424299999,1791376157436,legacy_historical,,,,,,,,,
1787424300000,765.7958125,1787425199999,1791376157436,legacy_historical,,,,,,,,,
1787425200000,765.82922208,1787426099999,1791376157436,legacy_historical,,,,,,,,,
1787426100000,765.75126388,1787426999999,1791376157436,legacy_historical,,,,,,,,,
1787427000000,765.75171531,1787427899999,1791376157436,legacy_historical,,,,,,,,,
1787427900000,765.803258,1787428799999,1791376157436,legacy_historical,,,,,,,,,
1787428800000,765.7684444,1787429699999,1791376157436,legacy_historical,,,,,,,,,
1787429700000,765.77159696,1787430599999,1791376157436,legacy_historical,,,,,,,,,
1787430600000,765.72901717,1787431499999,1791376157436,legacy_historical,,,,,,,,,
1787431500000,765.70731298,1787432399999,1791376157436,legacy_historical,,,,,,,,,
1787432400000,765.66864827,1787433299999,1791376157436,legacy_historical,,,,,,,,,
1787433300000,765.64596329,1787434199999,1791376157436,legacy_historical,,,,,,,,,
1787434200000,765.63428218,1787435099999,1791376157436,legacy_historical,,,,,,,,,
1787435100000,765.6809514,1787435999999,1791376157436,legacy_historical,,,,,,,,,
1787436000000,765.93749557,1787436899999,1791376157436,legacy_historical,,,,,,,,,
1787436900000,765.85439947,1787437799999,1791376157436,legacy_historical,,,,,,,,,
1787437800000,765.7831755,1787438699999,1791376157436,legacy_historical,,,,,,,,,
1787438700000,765.73371427,1787439599999,1791376157436,legacy_historical,,,,,,,,,
1787439600000,765.81164132,1787440499999,1791376157436,legacy_historical,,,,,,,,,
1787440500000,765.97494912,1787441399999,1791376157436,legacy_historical,,,,,,,,,
1787441400000,766.03642681,1787442299999,1791376157436,legacy_historical,,,,,,,,,
1787442300000,766.11414161,1787443199999,1791376157436,legacy_historical,,,,,,,,,
1787443200000,766.27145811,1787444099999,1791376157436,legacy_historical,,,,,,,,,
1787444100000,766.33180603,1787444999999,1791376157436,legacy_historical,,,,,,,,,
1787445000000,766.41782098,1787445899999,1791376157436,legacy_historical,,,,,,,,,
1787445900000,766.40701072,1787446799999,1791376157436,legacy_historical,,,,,,,,,
1787446800000,766.41862031,1787447699999,1791376157436,legacy_historical,,,,,,,,,
1787447700000,766.41935384,1787448599999,1791376157436,legacy_historical,,,,,,,,,
1787448600000,766.34438486,1787449499999,1791376157436,legacy_historical,,,,,,,,,
1787449500000,766.40614265,1787450399999,1791376157436,legacy_historical,,,,,,,,,
1787450400000,766.48488395,1787451299999,1791376157436,legacy_historical,,,,,,,,,
1787451300000,766.61827567,1787452199999,1791376157436,legacy_historical,,,,,,,,,
1787452200000,766.6866042,1787453099999,1791376157436,legacy_historical,,,,,,,,,
1787453100000,766.69768452,1787453999999,1791376157436,legacy_historical,,,,,,,,,
1787454000000,766.74702714,1787454899999,1791376157436,legacy_historical,,,,,,,,,
1787454900000,766.72940263,1787455799999,1791376157436,legacy_historical,,,,,,,,,
1787455800000,766.64859232,1787456699999,1791376157436,legacy_historical,,,,,,,,,
1787456700000,766.58019384,1787457599999,1791376157436,legacy_historical,,,,,,,,,
1787457600000,766.61552753,1787458499999,1791376157436,legacy_historical,,,,,,,,,
1787458500000,766.62130616,1787459399999,1791376157436,legacy_historical,,,,,,,,,
1787459400000,766.62061194,1787460299999,1791376157436,legacy_historical,,,,,,,,,
1787460300000,766.5277869,1787461199999,1791376157436,legacy_historical,,,,,,,,,
1787461200000,766.54472696,1787462099999,1791376157436,legacy_historical,,,,,,,,,
1787462100000,766.47787209,1787462999999,1791376157436,legacy_historical,,,,,,,,,
1787463000000,766.45896995,1787463899999,1791376157436,legacy_historical,,,,,,,,,
1787463900000,766.30659817,1787464799999,1791376157436,legacy_historical,,,,,,,,,
1787464800000,766.07748088,1787465699999,1791376157436,legacy_historical,,,,,,,,,
1787465700000,765.80451423,1787466599999,1791376157436,legacy_historical,,,,,,,,,
1787466600000,765.65801336,1787467499999,1791376157436,legacy_historical,,,,,,,,,
1787467500000,765.59259065,1787468399999,1791376157436,legacy_historical,,,,,,,,,
1787468400000,765.42933628,1787469299999,1791376157436,legacy_historical,,,,,,,,,
1787469300000,765.4115902,1787470199999,1791376157436,legacy_historical,,,,,,,,,
1787470200000,765.36447569,1787471099999,1791376157436,legacy_historical,,,,,,,,,
1787471100000,765.26330536,1787471999999,1791376157436,legacy_historical,,,,,,,,,
1787472000000,765.28222911,1787472899999,1791376157436,legacy_historical,,,,,,,,,
1787472900000,765.36862378,1787473799999,1791376157436,legacy_historical,,,,,,,,,
1787473800000,765.40270408,1787474699999,1791376157436,legacy_historical,,,,,,,,,
1787474700000,765.40302437,1787475599999,1791376157436,legacy_historical,,,,,,,,,
1787475600000,765.44689858,1787476499999,1791376157436,legacy_historical,,,,,,,,,
1787476500000,765.6276159,1787477399999,1791376157436,legacy_historical,,,,,,,,,
1787477400000,765.79267895,1787478299999,1791376157436,legacy_historical,,,,,,,,,
1787478300000,766.02777569,1787479199999,1791376157436,legacy_historical,,,,,,,,,
1787479200000,766.18590984,1787480099999,1791376157436,legacy_historical,,,,,,,,,
1787480100000,766.26640792,1787480999999,1791376157436,legacy_historical,,,,,,,,,
1787481000000,766.31550255,1787481899999,1791376157436,legacy_historical,,,,,,,,,
1787481900000,766.35660115,1787482799999,1791376157436,legacy_historical,,,,,,,,,
1787482800000,766.39557886,1787483699999,1791376157436,legacy_historical,,,,,,,,,
1787483700000,766.41029752,1787484599999,1791376157436,legacy_historical,,,,,,,,,
1787484600000,766.45054052,1787485499999,1791376157436,legacy_historical,,,,,,,,,
1787485500000,766.51236552,1787486399999,1791376157436,legacy_historical,,,,,,,,,
1787486400000,766.56599944,1787487299999,1791376157436,legacy_historical,,,,,,,,,
1787487300000,766.63511292,1787488199999,1791376157436,legacy_historical,,,,,,,,,
1787488200000,766.57520193,1787489099999,1791376157436,legacy_historical,,,,,,,,,
1787489100000,766.59243601,1787489999999,1791376157436,legacy_historical,,,,,,,,,
1787490000000,766.5192477,1787490899999,1791376157436,legacy_historical,,,,,,,,,
1787490900000,766.49337966,1787491799999,1791376157436,legacy_historical,,,,,,,,,
1787491800000,766.35254483,1787492699999,1791376157436,legacy_historical,,,,,,,,,
1787492700000,766.25120693,1787493599999,1791376157436,legacy_historical,,,,,,,,,
1787493600000,766.2126752,1787494499999,1791376157436,legacy_historical,,,,,,,,,
1787494500000,766.28306759,1787495399999,1791376157436,legacy_historical,,,,,,,,,
1787495400000,766.44933908,1787496299999,1791376157436,legacy_historical,,,,,,,,,
1787496300000,766.42745866,1787497199999,1791376157436,legacy_historical,,,,,,,,,
1787497200000,766.45772255,1787498099999,1791376157436,legacy_historical,,,,,,,,,
1787498100000,766.36790186,1787498999999,1791376157436,legacy_historical,,,,,,,,,
1787499000000,766.26421662,1787499899999,1791376157436,legacy_historical,,,,,,,,,
1787499900000,766.14498788,1787500799999,1791376157436,legacy_historical,,,,,,,,,
1787500800000,766.08083111,1787501699999,1791376157436,legacy_historical,,,,,,,,,
1787501700000,766.15467244,1787502599999,1791376157436,legacy_historical,,,,,,,,,
1787502600000,766.12621003,1787503499999,1791376157436,legacy_historical,,,,,,,,,
1787503500000,766.11787576,1787504399999,1791376157436,legacy_historical,,,,,,,,,
1787504400000,766.20665501,1787505299999,1791376157436,legacy_historical,,,,,,,,,
1787505300000,766.25074489,1787506199999,1791376157436,legacy_historical,,,,,,,,,
1787506200000,766.21898571,1787507099999,1791376157436,legacy_historical,,,,,,,,,
1787507100000,766.17752972,1787507999999,1791376157436,legacy_historical,,,,,,,,,
1787508000000,766.20561862,1787508899999,1791376157436,legacy_historical,,,,,,,,,
1787508900000,766.21041164,1787509799999,1791376157436,legacy_historical,,,,,,,,,
1787509800000,766.22900958,1787510699999,1791376157436,legacy_historical,,,,,,,,,
1787510700000,766.19573534,1787511599999,1791376157436,legacy_historical,,,,,,,,,
1787511600000,766.1876929,1787512499999,1791376157436,legacy_historical,,,,,,,,,
1787512500000,766.2023952,1787513399999,1791376157436,legacy_historical,,,,,,,,,
1787513400000,766.20010184,1787514299999,1791376157436,legacy_historical,,,,,,,,,
1787514300000,766.22211617,1787515199999,1791376157436,legacy_historical,,,,,,,,,
1787515200000,766.2089136,1787516099999,1791376157436,legacy_historical,,,,,,,,,
1787516100000,766.13641785,1787516999999,1791376157436,legacy_historical,,,,,,,,,
1787517000000,766.11599109,1787517899999,1791376157436,legacy_historical,,,,,,,,,
1787517900000,766.09633493,1787518799999,1791376157436,legacy_historical,,,,,,,,,
1787518800000,766.16019235,1787519699999,1791376157436,legacy_historical,,,,,,,,,
1787519700000,766.31666533,1787520599999,1791376157436,legacy_historical,,,,,,,,,
1787520600000,766.45704072,1787521499999,1791376157436,legacy_historical,,,,,,,,,
1787521500000,766.50607594,1787522399999,1791376157436,legacy_historical,,,,,,,,,
1787522400000,766.16915288,1787523299999,1791376157436,legacy_historical,,,,,,,,,
1787523300000,765.94442815,1787524199999,1791376157436,legacy_historical,,,,,,,,,
1787524200000,765.88137588,1787525099999,1791376157436,legacy_historical,,,,,,,,,
1787525100000,765.98385439,1787525999999,1791376157436,legacy_historical,,,,,,,,,
1787526000000,766.02848607,1787526899999,1791376157436,legacy_historical,,,,,,,,,
1787526900000,766.21863961,1787527799999,1791376157436,legacy_historical,,,,,,,,,
1787527800000,766.4529275,1787528699999,1791376157436,legacy_historical,,,,,,,,,
1787528700000,766.75447107,1787529599999,1791376157436,legacy_historical,,,,,,,,,
1787529600000,766.48443226,1787530499999,1791376157436,legacy_historical,,,,,,,,,
1787530500000,765.51478809,1787531399999,1791376157436,legacy_historical,,,,,,,,,
1787531400000,765.51892441,1787532299999,1791376157436,legacy_historical,,,,,,,,,
1787532300000,766.35188664,1787533199999,1791376157436,legacy_historical,,,,,,,,,
1787533200000,766.79408943,1787534099999,1791376157436,legacy_historical,,,,,,,,,
1787534100000,766.41579061,1787534999999,1791376157436,legacy_historical,,,,,,,,,
1787535000000,766.34660561,1787535899999,1791376157436,legacy_historical,,,,,,,,,
1787535900000,765.74578838,1787536799999,1791376157436,legacy_historical,,,,,,,,,
1787536800000,766.17900994,1787537699999,1791376157436,legacy_historical,,,,,,,,,
1787537700000,766.19948581,1787538599999,1791376157436,legacy_historical,,,,,,,,,
1787538600000,766.32857475,1787539499999,1791376157436,legacy_historical,,,,,,,,,
1787539500000,766.15978554,1787540399999,1791376157436,legacy_historical,,,,,,,,,
1787540400000,765.56215154,1787541299999,1791376157436,legacy_historical,,,,,,,,,
1787541300000,765.58793153,1787542199999,1791376157436,legacy_historical,,,,,,,,,
1787542200000,765.21612146,1787543099999,1791376157436,legacy_historical,,,,,,,,,
1787543100000,764.9725874,1787543999999,1791376157436,legacy_historical,,,,,,,,,
1787544000000,765.00392497,1787544899999,1791376157436,legacy_historical,,,,,,,,,
1787544900000,764.76907279,1787545799999,1791376157436,legacy_historical,,,,,,,,,
1787545800000,764.92877168,1787546699999,1791376157436,legacy_historical,,,,,,,,,
1787546700000,764.6395651,1787547599999,1791376157436,legacy_historical,,,,,,,,,
1787547600000,765.11309097,1787548499999,1791376157436,legacy_historical,,,,,,,,,
1787548500000,764.63037069,1787549399999,1791376157436,legacy_historical,,,,,,,,,
1787549400000,764.46992844,1787550299999,1791376157436,legacy_historical,,,,,,,,,
1787550300000,764.31369702,1787551199999,1791376157436,legacy_historical,,,,,,,,,
1787551200000,764.13045082,1787552099999,1791376157436,legacy_historical,,,,,,,,,
1787552100000,764.10359343,1787552999999,1791376157436,legacy_historical,,,,,,,,,
1787553000000,763.91649695,1787553899999,1791376157436,legacy_historical,,,,,,,,,
1787553900000,764.09894853,1787554799999,1791376157436,legacy_historical,,,,,,,,,
1787554800000,764.57541737,1787555699999,1791376157436,legacy_historical,,,,,,,,,
1787555700000,764.26969286,1787556599999,1791376157436,legacy_historical,,,,,,,,,
1787556600000,764.08625755,1787557499999,1791376157436,legacy_historical,,,,,,,,,
1787557500000,763.81135498,1787558399999,1791376157436,legacy_historical,,,,,,,,,
1787558400000,764.22822876,1787559299999,1791376157436,legacy_historical,,,,,,,,,
1787559300000,764.42861792,1787560199999,1791376157436,legacy_historical,,,,,,,,,
1787560200000,765.03246537,1787561099999,1791376157436,legacy_historical,,,,,,,,,
1787561100000,764.90099182,1787561999999,1791376157436,legacy_historical,,,,,,,,,
1787562000000,764.97378374,1787562899999,1791376157436,legacy_historical,,,,,,,,,
1787562900000,764.73399357,1787563799999,1791376157436,legacy_historical,,,,,,,,,
1787563800000,764.84847396,1787564699999,1791376157436,legacy_historical,,,,,,,,,
1787564700000,764.8452035,1787565599999,1791376157436,legacy_historical,,,,,,,,,
1787565600000,764.56980437,1787566499999,1791376157436,legacy_historical,,,,,,,,,
1787566500000,764.4679168,1787567399999,1791376157436,legacy_historical,,,,,,,,,
1787567400000,764.24016017,1787568299999,1791376157436,legacy_historical,,,,,,,,,
1787568300000,763.95106965,1787569199999,1791376157436,legacy_historical,,,,,,,,,
1787569200000,763.55462873,1787570099999,1791376157436,legacy_historical,,,,,,,,,
1787570100000,763.77562632,1787570999999,1791376157436,legacy_historical,,,,,,,,,
1787571000000,764.94761756,1787571899999,1791376157436,legacy_historical,,,,,,,,,
1787571900000,764.73504445,1787572799999,1791376157436,legacy_historical,,,,,,,,,
1787572800000,764.5244073,1787573699999,1791376157436,legacy_historical,,,,,,,,,
1787573700000,764.93700767,1787574599999,1791376157436,legacy_historical,,,,,,,,,
1787574600000,764.47921523,1787575499999,1791376157436,legacy_historical,,,,,,,,,
1787575500000,764.60975094,1787576399999,1791376157436,legacy_historical,,,,,,,,,
1787576400000,764.5997428,1787577299999,1791376157436,legacy_historical,,,,,,,,,
1787577300000,764.86642978,1787578199999,1791376157436,legacy_historical,,,,,,,,,
1787578200000,762.73816447,1787579099999,1791376157436,legacy_historical,,,,,,,,,
1787579100000,763.7288097,1787579999999,1791376157436,legacy_historical,,,,,,,,,
1787580000000,763.27838824,1787580899999,1791376157436,legacy_historical,,,,,,,,,
1787580900000,763.18782273,1787581799999,1791376157436,legacy_historical,,,,,,,,,
1787581800000,763.95301678,1787582699999,1791376157436,legacy_historical,,,,,,,,,
1787582700000,763.99746571,1787583599999,1791376157436,legacy_historical,,,,,,,,,
1787583600000,762.92087771,1787584499999,1791376157436,legacy_historical,,,,,,,,,
1787584500000,763.98043024,1787585399999,1791376157436,legacy_historical,,,,,,,,,
1787585400000,764.4701897,1787586299999,1791376157436,legacy_historical,,,,,,,,,
1787586300000,764.70756419,1787587199999,1791376157436,legacy_historical,,,,,,,,,
1787587200000,764.83931479,1787588099999,1791376157436,legacy_historical,,,,,,,,,
1787588100000,765.07267403,1787588999999,1791376157436,legacy_historical,,,,,,,,,
1787589000000,764.47007404,1787589899999,1791376157436,legacy_historical,,,,,,,,,
1787589900000,764.39040908,1787590799999,1791376157436,legacy_historical,,,,,,,,,
1787590800000,764.66922752,1787591699999,1791376157436,legacy_historical,,,,,,,,,
1787591700000,763.59842604,1787592599999,1791376157436,legacy_historical,,,,,,,,,
1787592600000,763.30995385,1787593499999,1791376157436,legacy_historical,,,,,,,,,
1787593500000,763.49454729,1787594399999,1791376157436,legacy_historical,,,,,,,,,
1787594400000,764.37842561,1787595299999,1791376157436,legacy_historical,,,,,,,,,
1787595300000,764.92098677,1787596199999,1791376157436,legacy_historical,,,,,,,,,
1787596200000,764.4762647,1787597099999,1791376157436,legacy_historical,,,,,,,,,
1787597100000,764.1446817,1787597999999,1791376157436,legacy_historical,,,,,,,,,
1787598000000,764.35472964,1787598899999,1791376157436,legacy_historical,,,,,,,,,
1787598900000,764.1683613,1787599799999,1791376157436,legacy_historical,,,,,,,,,
1787599800000,763.86208175,1787600699999,1791376157436,legacy_historical,,,,,,,,,
1787600700000,763.78662301,1787601599999,1791376157436,legacy_historical,,,,,,,,,
1787601600000,763.81953836,1787602499999,1791376157436,legacy_historical,,,,,,,,,
1787602500000,763.49796746,1787603399999,1791376157436,legacy_historical,,,,,,,,,
1787603400000,763.93005978,1787604299999,1791376157436,legacy_historical,,,,,,,,,
1787604300000,764.20361147,1787605199999,1791376157436,legacy_historical,,,,,,,,,
1787605200000,764.17309223,1787606099999,1791376157436,legacy_historical,,,,,,,,,
1787606100000,764.16037566,1787606999999,1791376157436,legacy_historical,,,,,,,,,
1787607000000,764.19862554,1787607899999,1791376157436,legacy_historical,,,,,,,,,
1787607900000,764.18915095,1787608799999,1791376157436,legacy_historical,,,,,,,,,
1787608800000,764.23440471,1787609699999,1791376157436,legacy_historical,,,,,,,,,
1787609700000,764.24135439,1787610599999,1791376157436,legacy_historical,,,,,,,,,
1787610600000,764.19270134,1787611499999,1791376157436,legacy_historical,,,,,,,,,
1787611500000,764.18025907,1787612399999,1791376157436,legacy_historical,,,,,,,,,
1787612400000,764.26096402,1787613299999,1791376157436,legacy_historical,,,,,,,,,
1787613300000,764.12613591,1787614199999,1791376157436,legacy_historical,,,,,,,,,
1787614200000,763.6934458,1787615099999,1791376157436,legacy_historical,,,,,,,,,
1787615100000,763.77921575,1787615999999,1791376157436,legacy_historical,,,,,,,,,
1787616000000,763.38742504,1787616899999,1791376157436,legacy_historical,,,,,,,,,
1787616900000,763.68183886,1787617799999,1791376157436,legacy_historical,,,,,,,,,
1787617800000,764.2014864,1787618699999,1791376157436,legacy_historical,,,,,,,,,
1787618700000,764.24827453,1787619599999,1791376157436,legacy_historical,,,,,,,,,
1787619600000,764.30289689,1787620499999,1791376157436,legacy_historical,,,,,,,,,
1787620500000,764.10717857,1787621399999,1791376157436,legacy_historical,,,,,,,,,
1787621400000,764.36883879,1787622299999,1791376157436,legacy_historical,,,,,,,,,
1787622300000,764.27903956,1787623199999,1791376157436,legacy_historical,,,,,,,,,
1787623200000,763.87702588,1787624099999,1791376157436,legacy_historical,,,,,,,,,
1787624100000,764.03859862,1787624999999,1791376157436,legacy_historical,,,,,,,,,
1787625000000,764.13963484,1787625899999,1791376157436,legacy_historical,,,,,,,,,
1787625900000,763.64175316,1787626799999,1791376157436,legacy_historical,,,,,,,,,
1787626800000,764.39109693,1787627699999,1791376157436,legacy_historical,,,,,,,,,
1787627700000,764.64687825,1787628599999,1791376157436,legacy_historical,,,,,,,,,
1787628600000,764.58456365,1787629499999,1791376157436,legacy_historical,,,,,,,,,
1787629500000,764.32263519,1787630399999,1791376157436,legacy_historical,,,,,,,,,
1787630400000,764.61393308,1787631299999,1791376157436,legacy_historical,,,,,,,,,
1787631300000,764.71199267,1787632199999,1791376157436,legacy_historical,,,,,,,,,
1787632200000,764.80612022,1787633099999,1791376157436,legacy_historical,,,,,,,,,
1787633100000,764.51964395,1787633999999,1791376157436,legacy_historical,,,,,,,,,
1787634000000,764.75036976,1787634899999,1791376157436,legacy_historical,,,,,,,,,
1787634900000,764.85121548,1787635799999,1791376157436,legacy_historical,,,,,,,,,
1787635800000,764.80581028,1787636699999,1791376157436,legacy_historical,,,,,,,,,
1787636700000,765.05978646,1787637599999,1791376157436,legacy_historical,,,,,,,,,
1787637600000,765.10589347,1787638499999,1791376157436,legacy_historical,,,,,,,,,
1787638500000,765.48609482,1787639399999,1791376157436,legacy_historical,,,,,,,,,
1787639400000,765.70150365,1787640299999,1791376157436,legacy_historical,,,,,,,,,
1787640300000,765.93272998,1787641199999,1791376157436,legacy_historical,,,,,,,,,
1787641200000,765.76219462,1787642099999,1791376157436,legacy_historical,,,,,,,,,
1787642100000,765.3764457,1787642999999,1791376157436,legacy_historical,,,,,,,,,
1787643000000,765.60826497,1787643899999,1791376157436,legacy_historical,,,,,,,,,
1787643900000,765.28714965,1787644799999,1791376157436,legacy_historical,,,,,,,,,
1787644800000,765.17811257,1787645699999,1791376157436,legacy_historical,,,,,,,,,
1787645700000,765.79331899,1787646599999,1791376157436,legacy_historical,,,,,,,,,
1787646600000,765.85289649,1787647499999,1791376157436,legacy_historical,,,,,,,,,
1787647500000,766.41807535,1787648399999,1791376157436,legacy_historical,,,,,,,,,
1787648400000,766.77943296,1787649299999,1791376157436,legacy_historical,,,,,,,,,
1787649300000,766.73999759,1787650199999,1791376157436,legacy_historical,,,,,,,,,
1787650200000,767.47503223,1787651099999,1791376157436,legacy_historical,,,,,,,,,
1787651100000,767.99145468,1787651999999,1791376157436,legacy_historical,,,,,,,,,
1787652000000,767.59052474,1787652899999,1791376157436,legacy_historical,,,,,,,,,
1787652900000,767.28383277,1787653799999,1791376157436,legacy_historical,,,,,,,,,
1787653800000,766.97822278,1787654699999,1791376157436,legacy_historical,,,,,,,,,
1787654700000,767.07904742,1787655599999,1791376157436,legacy_historical,,,,,,,,,
1787655600000,766.60672532,1787656499999,1791376157436,legacy_historical,,,,,,,,,
1787656500000,766.75563412,1787657399999,1791376157436,legacy_historical,,,,,,,,,
1787657400000,767.00645954,1787658299999,1791376157436,legacy_historical,,,,,,,,,
1787658300000,767.23027789,1787659199999,1791376157436,legacy_historical,,,,,,,,,
1787659200000,767.24041466,1787660099999,1791376157436,legacy_historical,,,,,,,,,
1787660100000,767.39233025,1787660999999,1791376157436,legacy_historical,,,,,,,,,
1787661000000,766.61738873,1787661899999,1791376157436,legacy_historical,,,,,,,,,
1787661900000,766.65573901,1787662799999,1791376157436,legacy_historical,,,,,,,,,
1787662800000,766.71842864,1787663699999,1791376157436,legacy_historical,,,,,,,,,
1787663700000,766.50991981,1787664599999,1791376157436,legacy_historical,,,,,,,,,
1787664600000,766.39362271,1787665499999,1791376157436,legacy_historical,,,,,,,,,
1787665500000,765.84292344,1787666399999,1791376157436,legacy_historical,,,,,,,,,
1787666400000,765.33081721,1787667299999,1791376157436,legacy_historical,,,,,,,,,
1787667300000,764.87490431,1787668199999,1791376157436,legacy_historical,,,,,,,,,
1787668200000,764.41142671,1787669099999,1791376157436,legacy_historical,,,,,,,,,
1787669100000,764.87029944,1787669999999,1791376157436,legacy_historical,,,,,,,,,
1787670000000,764.66604141,1787670899999,1791376157436,legacy_historical,,,,,,,,,
1787670900000,765.416482,1787671799999,1791376157436,legacy_historical,,,,,,,,,
1787671800000,765.26013956,1787672699999,1791376157436,legacy_historical,,,,,,,,,
1787672700000,765.54173854,1787673599999,1791376157436,legacy_historical,,,,,,,,,
1787673600000,765.62690306,1787674499999,1791376157436,legacy_historical,,,,,,,,,
1787674500000,765.89772071,1787675399999,1791376157436,legacy_historical,,,,,,,,,
1787675400000,765.65031029,1787676299999,1791376157436,legacy_historical,,,,,,,,,
1787676300000,765.88378601,1787677199999,1791376157436,legacy_historical,,,,,,,,,
1787677200000,765.37835232,1787678099999,1791376157436,legacy_historical,,,,,,,,,
1787678100000,764.9308277,1787678999999,1791376157436,legacy_historical,,,,,,,,,
1787679000000,764.94081068,1787679899999,1791376157436,legacy_historical,,,,,,,,,
1787679900000,765.16807538,1787680799999,1791376157436,legacy_historical,,,,,,,,,
1787680800000,764.91920203,1787681699999,1791376157436,legacy_historical,,,,,,,,,
1787681700000,765.1036209,1787682599999,1791376157436,legacy_historical,,,,,,,,,
1787682600000,765.69487252,1787683499999,1791376157436,legacy_historical,,,,,,,,,
1787683500000,765.75885898,1787684399999,1791376157436,legacy_historical,,,,,,,,,
1787684400000,765.21946897,1787685299999,1791376157436,legacy_historical,,,,,,,,,
1787685300000,765.30453162,1787686199999,1791376157436,legacy_historical,,,,,,,,,
1787686200000,765.53797573,1787687099999,1791376157436,legacy_historical,,,,,,,,,
1787687100000,766.0115977,1787687999999,1791376157436,legacy_historical,,,,,,,,,
1787688000000,766.00198804,1787688899999,1791376157436,legacy_historical,,,,,,,,,
1787688900000,766.23584252,1787689799999,1791376157436,legacy_historical,,,,,,,,,
1787689800000,766.10627992,1787690699999,1791376157436,legacy_historical,,,,,,,,,
1787690700000,765.9941726,1787691599999,1791376157436,legacy_historical,,,,,,,,,
1787691600000,766.00759805,1787692499999,1791376157436,legacy_historical,,,,,,,,,
1787692500000,766.0780641,1787693399999,1791376157436,legacy_historical,,,,,,,,,
1787693400000,766.10148225,1787694299999,1791376157436,legacy_historical,,,,,,,,,
1787694300000,766.20248058,1787695199999,1791376157436,legacy_historical,,,,,,,,,
1787695200000,766.12106329,1787696099999,1791376157436,legacy_historical,,,,,,,,,
1787696100000,766.14233678,1787696999999,1791376157436,legacy_historical,,,,,,,,,
1787697000000,766.16426197,1787697899999,1791376157436,legacy_historical,,,,,,,,,
1787697900000,766.15125335,1787698799999,1791376157436,legacy_historical,,,,,,,,,
1787698800000,766.06472743,1787699699999,1791376157436,legacy_historical,,,,,,,,,
1787699700000,765.83423878,1787700599999,1791376157436,legacy_historical,,,,,,,,,
1787700600000,765.47620123,1787701499999,1791376157436,legacy_historical,,,,,,,,,
1787701500000,765.2578794,1787702399999,1791376157436,legacy_historical,,,,,,,,,
1787702400000,765.08524432,1787703299999,1791376157436,legacy_historical,,,,,,,,,
1787703300000,765.010945,1787704199999,1791376157436,legacy_historical,,,,,,,,,
1787704200000,764.79101341,1787705099999,1791376157436,legacy_historical,,,,,,,,,
1787705100000,764.40836611,1787705999999,1791376157436,legacy_historical,,,,,,,,,
1787706000000,764.6552597,1787706899999,1791376157436,legacy_historical,,,,,,,,,
1787706900000,764.3286103,1787707799999,1791376157436,legacy_historical,,,,,,,,,
1787707800000,764.30339207,1787708699999,1791376157436,legacy_historical,,,,,,,,,
1787708700000,764.38007125,1787709599999,1791376157436,legacy_historical,,,,,,,,,
1787709600000,764.44105037,1787710499999,1791376157436,legacy_historical,,,,,,,,,
1787710500000,764.82187674,1787711399999,1791376157436,legacy_historical,,,,,,,,,
1787711400000,765.46077587,1787712299999,1791376157436,legacy_historical,,,,,,,,,
1787712300000,765.59001409,1787713199999,1791376157436,legacy_historical,,,,,,,,,
1787713200000,765.81744317,1787714099999,1791376157436,legacy_historical,,,,,,,,,
1787714100000,765.5776568,1787714999999,1791376157436,legacy_historical,,,,,,,,,
1787715000000,765.78324844,1787715899999,1791376157436,legacy_historical,,,,,,,,,
1787715900000,766.03890893,1787716799999,1791376157436,legacy_historical,,,,,,,,,
1787716800000,765.99801459,1787717699999,1791376157436,legacy_historical,,,,,,,,,
1787717700000,766.00068106,1787718599999,1791376157436,legacy_historical,,,,,,,,,
1787718600000,765.74426088,1787719499999,1791376157436,legacy_historical,,,,,,,,,
1787719500000,765.27581294,1787720399999,1791376157436,legacy_historical,,,,,,,,,
1787720400000,765.5457724,1787721299999,1791376157436,legacy_historical,,,,,,,,,
1787721300000,765.50417844,1787722199999,1791376157436,legacy_historical,,,,,,,,,
1787722200000,765.5304864,1787723099999,1791376157436,legacy_historical,,,,,,,,,
1787723100000,765.50658574,1787723999999,1791376157436,legacy_historical,,,,,,,,,
1787724000000,765.31185176,1787724899999,1791376157436,legacy_historical,,,,,,,,,
1787724900000,765.27671934,1787725799999,1791376157436,legacy_historical,,,,,,,,,
1787725800000,765.81985883,1787726699999,1791376157436,legacy_historical,,,,,,,,,
1787726700000,765.78911069,1787727599999,1791376157436,legacy_historical,,,,,,,,,
1787727600000,765.7375297,1787728499999,1791376157436,legacy_historical,,,,,,,,,
1787728500000,765.33048186,1787729399999,1791376157436,legacy_historical,,,,,,,,,
1787729400000,765.37090566,1787730299999,1791376157436,legacy_historical,,,,,,,,,
1787730300000,765.58595617,1787731199999,1791376157436,legacy_historical,,,,,,,,,
1787731200000,765.53261683,1787732099999,1791376157436,legacy_historical,,,,,,,,,
1787732100000,765.65204418,1787732999999,1791376157436,legacy_historical,,,,,,,,,
1787733000000,765.73649081,1787733899999,1791376157436,legacy_historical,,,,,,,,,
1787733900000,765.63333324,1787734799999,1791376157436,legacy_historical,,,,,,,,,
1787734800000,765.674053,1787735699999,1791376157436,legacy_historical,,,,,,,,,
1787735700000,765.56289498,1787736599999,1791376157436,legacy_historical,,,,,,,,,
1787736600000,765.67228258,1787737499999,1791376157436,legacy_historical,,,,,,,,,
1787737500000,765.83944637,1787738399999,1791376157436,legacy_historical,,,,,,,,,
1787738400000,765.55602274,1787739299999,1791376157436,legacy_historical,,,,,,,,,
1787739300000,765.45010866,1787740199999,1791376157436,legacy_historical,,,,,,,,,
1787740200000,765.67828518,1787741099999,1791376157436,legacy_historical,,,,,,,,,
1787741100000,765.78534271,1787741999999,1791376157436,legacy_historical,,,,,,,,,
1787742000000,765.98304506,1787742899999,1791376157436,legacy_historical,,,,,,,,,
1787742900000,766.16893002,1787743799999,1791376157436,legacy_historical,,,,,,,,,
1787743800000,765.60605875,1787744699999,1791376157436,legacy_historical,,,,,,,,,
1787744700000,765.76348225,1787745599999,1791376157436,legacy_historical,,,,,,,,,
1787745600000,765.74152278,1787746499999,1791376157436,legacy_historical,,,,,,,,,
1787746500000,766.49144837,1787747399999,1791376157436,legacy_historical,,,,,,,,,
1787747400000,765.14337894,1787748299999,1791376157436,legacy_historical,,,,,,,,,
1787748300000,765.03579287,1787749199999,1791376157436,legacy_historical,,,,,,,,,
1787749200000,765.02233772,1787750099999,1791376157436,legacy_historical,,,,,,,,,
1787750100000,764.84628262,1787750999999,1791376157436,legacy_historical,,,,,,,,,
1787751000000,766.46839394,1787751899999,1791376157436,legacy_historical,,,,,,,,,
1787751900000,766.99127627,1787752799999,1791376157436,legacy_historical,,,,,,,,,
1787752800000,766.28408935,1787753699999,1791376157436,legacy_historical,,,,,,,,,
1787753700000,765.22365533,1787754599999,1791376157436,legacy_historical,,,,,,,,,
1787754600000,765.5250471,1787755499999,1791376157436,legacy_historical,,,,,,,,,
1787755500000,765.96368447,1787756399999,1791376157436,legacy_historical,,,,,,,,,
1787756400000,766.36214947,1787757299999,1791376157436,legacy_historical,,,,,,,,,
1787757300000,766.01093431,1787758199999,1791376157436,legacy_historical,,,,,,,,,
1787758200000,766.11385952,1787759099999,1791376157436,legacy_historical,,,,,,,,,
1787759100000,765.44020801,1787759999999,1791376157436,legacy_historical,,,,,,,,,
1787760000000,765.1231216,1787760899999,1791376157436,legacy_historical,,,,,,,,,
1787760900000,764.86946531,1787761799999,1791376157436,legacy_historical,,,,,,,,,
1787761800000,764.06178906,1787762699999,1791376157436,legacy_historical,,,,,,,,,
1787762700000,764.78887742,1787763599999,1791376157436,legacy_historical,,,,,,,,,
1787763600000,765.17949438,1787764499999,1791376157436,legacy_historical,,,,,,,,,
1787764500000,765.79985536,1787765399999,1791376157436,legacy_historical,,,,,,,,,
1787765400000,765.87228263,1787766299999,1791376157436,legacy_historical,,,,,,,,,
1787766300000,765.73614084,1787767199999,1791376157436,legacy_historical,,,,,,,,,
1787767200000,765.47166477,1787768099999,1791376157436,legacy_historical,,,,,,,,,
1787768100000,765.68143296,1787768999999,1791376157436,legacy_historical,,,,,,,,,
1787769000000,765.9608744,1787769899999,1791376157436,legacy_historical,,,,,,,,,
1787769900000,766.60673721,1787770799999,1791376157436,legacy_historical,,,,,,,,,
1787770800000,767.03461857,1787771699999,1791376157436,legacy_historical,,,,,,,,,
1787771700000,766.95879959,1787772599999,1791376157436,legacy_historical,,,,,,,,,
1787772600000,766.79120032,1787773499999,1791376157436,legacy_historical,,,,,,,,,
1787773500000,765.96252308,1787774399999,1791376157436,legacy_historical,,,,,,,,,
1787774400000,767.07916785,1787775299999,1791376157436,legacy_historical,,,,,,,,,
1787775300000,766.56691912,1787776199999,1791376157436,legacy_historical,,,,,,,,,
1787776200000,766.53156505,1787777099999,1791376157436,legacy_historical,,,,,,,,,
1787777100000,767.57460303,1787777999999,1791376157436,legacy_historical,,,,,,,,,
1787778000000,769.05086546,1787778899999,1791376157436,legacy_historical,,,,,,,,,
1787778900000,769.52089435,1787779799999,1791376157436,legacy_historical,,,,,,,,,
1787779800000,769.7070022,1787780699999,1791376157436,legacy_historical,,,,,,,,,
1787780700000,770.21594204,1787781599999,1791376157436,legacy_historical,,,,,,,,,
1787781600000,770.06875899,1787782499999,1791376157436,legacy_historical,,,,,,,,,
1787782500000,770.52506333,1787783399999,1791376157436,legacy_historical,,,,,,,,,
1787783400000,770.83393471,1787784299999,1791376157436,legacy_historical,,,,,,,,,
1787784300000,770.50111006,1787785199999,1791376157436,legacy_historical,,,,,,,,,
1787785200000,770.34936208,1787786099999,1791376157436,legacy_historical,,,,,,,,,
1787786100000,770.30019736,1787786999999,1791376157436,legacy_historical,,,,,,,,,
1787787000000,770.30990416,1787787899999,1791376157436,legacy_historical,,,,,,,,,
1787787900000,770.55880824,1787788799999,1791376157436,legacy_historical,,,,,,,,,
1787788800000,770.13710459,1787789699999,1791376157436,legacy_historical,,,,,,,,,
1787789700000,770.13871812,1787790599999,1791376157436,legacy_historical,,,,,,,,,
1787790600000,769.37327167,1787791499999,1791376157436,legacy_historical,,,,,,,,,
1787791500000,768.82188706,1787792399999,1791376157436,legacy_historical,,,,,,,,,
1787792400000,768.69668547,1787793299999,1791376157436,legacy_historical,,,,,,,,,
1787793300000,769.20306388,1787794199999,1791376157436,legacy_historical,,,,,,,,,
1787794200000,768.94513649,1787795099999,1791376157436,legacy_historical,,,,,,,,,
1787795100000,769.45525002,1787795999999,1791376157436,legacy_historical,,,,,,,,,
1787796000000,769.67032287,1787796899999,1791376157436,legacy_historical,,,,,,,,,
1787796900000,769.56168898,1787797799999,1791376157436,legacy_historical,,,,,,,,,
1787797800000,769.67001227,1787798699999,1791376157436,legacy_historical,,,,,,,,,
1787798700000,769.75727526,1787799599999,1791376157436,legacy_historical,,,,,,,,,
1787799600000,769.56231107,1787800499999,1791376157436,legacy_historical,,,,,,,,,
1787800500000,770.05911915,1787801399999,1791376157436,legacy_historical,,,,,,,,,
1787801400000,769.85230056,1787802299999,1791376157436,legacy_historical,,,,,,,,,
1787802300000,769.57578118,1787803199999,1791376157436,legacy_historical,,,,,,,,,
1787803200000,769.67245466,1787804099999,1791376157436,legacy_historical,,,,,,,,,
1787804100000,769.50661014,1787804999999,1791376157436,legacy_historical,,,,,,,,,
1787805000000,769.13255128,1787805899999,1791376157436,legacy_historical,,,,,,,,,
1787805900000,769.00669154,1787806799999,1791376157436,legacy_historical,,,,,,,,,
1787806800000,768.72238486,1787807699999,1791376157436,legacy_historical,,,,,,,,,
1787807700000,768.42745283,1787808599999,1791376157436,legacy_historical,,,,,,,,,
1787808600000,768.05701113,1787809499999,1791376157436,legacy_historical,,,,,,,,,
1787809500000,768.24475381,1787810399999,1791376157436,legacy_historical,,,,,,,,,
1787810400000,767.99667189,1787811299999,1791376157436,legacy_historical,,,,,,,,,
1787811300000,768.22306897,1787812199999,1791376157436,legacy_historical,,,,,,,,,
1787812200000,768.63348042,1787813099999,1791376157436,legacy_historical,,,,,,,,,
1787813100000,768.77490606,1787813999999,1791376157436,legacy_historical,,,,,,,,,
1787814000000,769.11720389,1787814899999,1791376157436,legacy_historical,,,,,,,,,
1787814900000,768.98956475,1787815799999,1791376157436,legacy_historical,,,,,,,,,
1787815800000,768.65682927,1787816699999,1791376157436,legacy_historical,,,,,,,,,
1787816700000,769.02280619,1787817599999,1791376157436,legacy_historical,,,,,,,,,
1787817600000,770.10835794,1787818499999,1791376157436,legacy_historical,,,,,,,,,
1787818500000,770.43499978,1787819399999,1791376157436,legacy_historical,,,,,,,,,
1787819400000,769.97622315,1787820299999,1791376157436,legacy_historical,,,,,,,,,
1787820300000,769.84975581,1787821199999,1791376157436,legacy_historical,,,,,,,,,
1787821200000,769.16572928,1787822099999,1791376157436,legacy_historical,,,,,,,,,
1787822100000,769.44734554,1787822999999,1791376157436,legacy_historical,,,,,,,,,
1787823000000,769.64970547,1787823899999,1791376157436,legacy_historical,,,,,,,,,
1787823900000,769.47981607,1787824799999,1791376157436,legacy_historical,,,,,,,,,
1787824800000,769.29354415,1787825699999,1791376157436,legacy_historical,,,,,,,,,
1787825700000,768.97553102,1787826599999,1791376157436,legacy_historical,,,,,,,,,
1787826600000,769.08008988,1787827499999,1791376157436,legacy_historical,,,,,,,,,
1787827500000,769.27340396,1787828399999,1791376157436,legacy_historical,,,,,,,,,
1787828400000,769.58194333,1787829299999,1791376157436,legacy_historical,,,,,,,,,
1787829300000,769.18768595,1787830199999,1791376157436,legacy_historical,,,,,,,,,
1787830200000,769.02299643,1787831099999,1791376157436,legacy_historical,,,,,,,,,
1787831100000,768.93414246,1787831999999,1791376157436,legacy_historical,,,,,,,,,
1787832000000,769.46306093,1787832899999,1791376157436,legacy_historical,,,,,,,,,
1787832900000,769.14693148,1787833799999,1791376157436,legacy_historical,,,,,,,,,
1787833800000,768.42495412,1787834699999,1791376157436,legacy_historical,,,,,,,,,
1787834700000,768.23420397,1787835599999,1791376157436,legacy_historical,,,,,,,,,
1787835600000,768.26799566,1787836499999,1791376157436,legacy_historical,,,,,,,,,
1787836500000,768.57206605,1787837399999,1791376157436,legacy_historical,,,,,,,,,
1787837400000,769.20086632,1787838299999,1791376157436,legacy_historical,,,,,,,,,
1787838300000,768.4267424,1787839199999,1791376157436,legacy_historical,,,,,,,,,
1787839200000,768.72910764,1787840099999,1791376157436,legacy_historical,,,,,,,,,
1787840100000,769.69883166,1787840999999,1791376157436,legacy_historical,,,,,,,,,
1787841000000,769.59473971,1787841899999,1791376157436,legacy_historical,,,,,,,,,
1787841900000,770.35084853,1787842799999,1791376157436,legacy_historical,,,,,,,,,
1787842800000,770.81382445,1787843699999,1791376157436,legacy_historical,,,,,,,,,
1787843700000,770.21861311,1787844599999,1791376157436,legacy_historical,,,,,,,,,
1787844600000,769.62149341,1787845499999,1791376157436,legacy_historical,,,,,,,,,
1787845500000,770.64078286,1787846399999,1791376157436,legacy_historical,,,,,,,,,
1787846400000,770.53421942,1787847299999,1791376157436,legacy_historical,,,,,,,,,
1787847300000,770.82140104,1787848199999,1791376157436,legacy_historical,,,,,,,,,
1787848200000,771.62060179,1787849099999,1791376157436,legacy_historical,,,,,,,,,
1787849100000,772.0130787,1787849999999,1791376157436,legacy_historical,,,,,,,,,
1787850000000,772.18137191,1787850899999,1791376157436,legacy_historical,,,,,,,,,
1787850900000,771.70791753,1787851799999,1791376157436,legacy_historical,,,,,,,,,
1787851800000,771.60397496,1787852699999,1791376157436,legacy_historical,,,,,,,,,
1787852700000,771.21894765,1787853599999,1791376157436,legacy_historical,,,,,,,,,
1787853600000,770.21399754,1787854499999,1791376157436,legacy_historical,,,,,,,,,
1787854500000,769.3457356,1787855399999,1791376157436,legacy_historical,,,,,,,,,
1787855400000,769.83482186,1787856299999,1791376157436,legacy_historical,,,,,,,,,
1787856300000,769.66802956,1787857199999,1791376157436,legacy_historical,,,,,,,,,
1787857200000,769.93610285,1787858099999,1791376157436,legacy_historical,,,,,,,,,
1787858100000,769.8652961,1787858999999,1791376157436,legacy_historical,,,,,,,,,
1787859000000,770.54534746,1787859899999,1791376157436,legacy_historical,,,,,,,,,
1787859900000,771.10270959,1787860799999,1791376157436,legacy_historical,,,,,,,,,
1787860800000,770.37107704,1787861699999,1791376157436,legacy_historical,,,,,,,,,
1787861700000,770.1266859,1787862599999,1791376157436,legacy_historical,,,,,,,,,
1787862600000,770.20670242,1787863499999,1791376157436,legacy_historical,,,,,,,,,
1787863500000,770.14617055,1787864399999,1791376157436,legacy_historical,,,,,,,,,
1787864400000,770.24078557,1787865299999,1791376157436,legacy_historical,,,,,,,,,
1787865300000,770.22198055,1787866199999,1791376157436,legacy_historical,,,,,,,,,
1787866200000,770.18381666,1787867099999,1791376157436,legacy_historical,,,,,,,,,
1787867100000,770.22391269,1787867999999,1791376157436,legacy_historical,,,,,,,,,
1787868000000,769.98031593,1787868899999,1791376157436,legacy_historical,,,,,,,,,
1787868900000,770.08890813,1787869799999,1791376157436,legacy_historical,,,,,,,,,
1787869800000,770.06361945,1787870699999,1791376157436,legacy_historical,,,,,,,,,
1787870700000,769.97354814,1787871599999,1791376157436,legacy_historical,,,,,,,,,
1787871600000,769.85029742,1787872499999,1791376157436,legacy_historical,,,,,,,,,
1787872500000,769.81298317,1787873399999,1791376157436,legacy_historical,,,,,,,,,
1787873400000,769.76962578,1787874299999,1791376157436,legacy_historical,,,,,,,,,
1787874300000,769.74508283,1787875199999,1791376157436,legacy_historical,,,,,,,,,
1787875200000,770.4520158,1787876099999,1791376157436,legacy_historical,,,,,,,,,
1787876100000,770.43657431,1787876999999,1791376157436,legacy_historical,,,,,,,,,
1787877000000,770.49955203,1787877899999,1791376157436,legacy_historical,,,,,,,,,
1787877900000,770.51717765,1787878799999,1791376157436,legacy_historical,,,,,,,,,
1787878800000,771.00007519,1787879699999,1791376157436,legacy_historical,,,,,,,,,
1787879700000,770.83797751,1787880599999,1791376157436,legacy_historical,,,,,,,,,
1787880600000,770.87127098,1787881499999,1791376157436,legacy_historical,,,,,,,,,
1787881500000,771.28163565,1787882399999,1791376157436,legacy_historical,,,,,,,,,
1787882400000,771.62387786,1787883299999,1791376157436,legacy_historical,,,,,,,,,
1787883300000,771.59922769,1787884199999,1791376157436,legacy_historical,,,,,,,,,
1787884200000,771.04929058,1787885099999,1791376157436,legacy_historical,,,,,,,,,
1787885100000,771.15062056,1787885999999,1791376157436,legacy_historical,,,,,,,,,
1787886000000,771.57209738,1787886899999,1791376157436,legacy_historical,,,,,,,,,
1787886900000,771.76239718,1787887799999,1791376157436,legacy_historical,,,,,,,,,
1787887800000,771.00736316,1787888699999,1791376157436,legacy_historical,,,,,,,,,
1787888700000,771.18717499,1787889599999,1791376157436,legacy_historical,,,,,,,,,
1787889600000,771.09209456,1787890499999,1791376157436,legacy_historical,,,,,,,,,
1787890500000,771.113184,1787891399999,1791376157436,legacy_historical,,,,,,,,,
1787891400000,770.91472626,1787892299999,1791376157436,legacy_historical,,,,,,,,,
1787892300000,770.85235575,1787893199999,1791376157436,legacy_historical,,,,,,,,,
1787893200000,770.66861983,1787894099999,1791376157436,legacy_historical,,,,,,,,,
1787894100000,770.57377561,1787894999999,1791376157436,legacy_historical,,,,,,,,,
1787895000000,770.439009,1787895899999,1791376157436,legacy_historical,,,,,,,,,
1787895900000,770.24318605,1787896799999,1791376157436,legacy_historical,,,,,,,,,
1787896800000,770.43850341,1787897699999,1791376157436,legacy_historical,,,,,,,,,
1787897700000,770.38378007,1787898599999,1791376157436,legacy_historical,,,,,,,,,
1787898600000,770.99434869,1787899499999,1791376157436,legacy_historical,,,,,,,,,
1787899500000,771.38834605,1787900399999,1791376157436,legacy_historical,,,,,,,,,
1787900400000,771.19523477,1787901299999,1791376157436,legacy_historical,,,,,,,,,
1787901300000,771.27642491,1787902199999,1791376157436,legacy_historical,,,,,,,,,
1787902200000,770.92945303,1787903099999,1791376157436,legacy_historical,,,,,,,,,
1787903100000,771.08299872,1787903999999,1791376157436,legacy_historical,,,,,,,,,
1787904000000,770.90631955,1787904899999,1791376157436,legacy_historical,,,,,,,,,
1787904900000,771.04266169,1787905799999,1791376157436,legacy_historical,,,,,,,,,
1787905800000,771.40974729,1787906699999,1791376157436,legacy_historical,,,,,,,,,
1787906700000,771.24423822,1787907599999,1791376157436,legacy_historical,,,,,,,,,
1787907600000,771.07514913,1787908499999,1791376157436,legacy_historical,,,,,,,,,
1787908500000,771.09140752,1787909399999,1791376157436,legacy_historical,,,,,,,,,
1787909400000,771.05172597,1787910299999,1791376157436,legacy_historical,,,,,,,,,
1787910300000,770.97061745,1787911199999,1791376157436,legacy_historical,,,,,,,,,
1787911200000,770.98111649,1787912099999,1791376157436,legacy_historical,,,,,,,,,
1787912100000,770.97728223,1787912999999,1791376157436,legacy_historical,,,,,,,,,
1787913000000,770.83521994,1787913899999,1791376157436,legacy_historical,,,,,,,,,
1787913900000,771.01885815,1787914799999,1791376157436,legacy_historical,,,,,,,,,
1787914800000,771.03450336,1787915699999,1791376157436,legacy_historical,,,,,,,,,
1787915700000,771.23337953,1787916599999,1791376157436,legacy_historical,,,,,,,,,
1787916600000,771.09784361,1787917499999,1791376157436,legacy_historical,,,,,,,,,
1787917500000,771.12239815,1787918399999,1791376157436,legacy_historical,,,,,,,,,
1787918400000,771.7447793,1787919299999,1791376157436,legacy_historical,,,,,,,,,
1787919300000,772.09595746,1787920199999,1791376157436,legacy_historical,,,,,,,,,
1787920200000,772.05956764,1787921099999,1791376157436,legacy_historical,,,,,,,,,
1787921100000,772.12771109,1787921999999,1791376157436,legacy_historical,,,,,,,,,
1787922000000,772.12945674,1787922899999,1791376157436,legacy_historical,,,,,,,,,
1787922900000,771.74452214,1787923799999,1791376157436,legacy_historical,,,,,,,,,
1787923800000,772.57886623,1787924699999,1791376157436,legacy_historical,,,,,,,,,
1787924700000,771.90167629,1787925599999,1791376157436,legacy_historical,,,,,,,,,
1787925600000,770.0746069,1787926499999,1791376157436,legacy_historical,,,,,,,,,
1787926500000,771.23687025,1787927399999,1791376157436,legacy_historical,,,,,,,,,
1787927400000,773.39556688,1787928299999,1791376157436,legacy_historical,,,,,,,,,
1787928300000,774.77884621,1787929199999,1791376157436,legacy_historical,,,,,,,,,
1787929200000,774.12403044,1787930099999,1791376157436,legacy_historical,,,,,,,,,
1787930100000,774.84445701,1787930999999,1791376157436,legacy_historical,,,,,,,,,
1787931000000,772.71581858,1787931899999,1791376157436,legacy_historical,,,,,,,,,
1787931900000,771.09923704,1787932799999,1791376157436,legacy_historical,,,,,,,,,
1787932800000,771.05402636,1787933699999,1791376157436,legacy_historical,,,,,,,,,
1787933700000,769.74139543,1787934599999,1791376157436,legacy_historical,,,,,,,,,
1787934600000,769.68398732,1787935499999,1791376157436,legacy_historical,,,,,,,,,
1787935500000,769.80738292,1787936399999,1791376157436,legacy_historical,,,,,,,,,
1787936400000,769.38327254,1787937299999,1791376157436,legacy_historical,,,,,,,,,
1787937300000,768.97107057,1787938199999,1791376157436,legacy_historical,,,,,,,,,
1787938200000,769.08240086,1787939099999,1791376157436,legacy_historical,,,,,,,,,
1787939100000,769.60208532,1787939999999,1791376157436,legacy_historical,,,,,,,,,
1787940000000,769.35007369,1787940899999,1791376157436,legacy_historical,,,,,,,,,
1787940900000,769.30708628,1787941799999,1791376157436,legacy_historical,,,,,,,,,
1787941800000,769.49178223,1787942699999,1791376157436,legacy_historical,,,,,,,,,
1787942700000,768.84679295,1787943599999,1791376157436,legacy_historical,,,,,,,,,
1787943600000,769.40971746,1787944499999,1791376157436,legacy_historical,,,,,,,,,
1787944500000,769.6838809,1787945399999,1791376157436,legacy_historical,,,,,,,,,
1787945400000,769.79353979,1787946299999,1791376157436,legacy_historical,,,,,,,,,
1787946300000,769.44144937,1787947199999,1791376157436,legacy_historical,,,,,,,,,
1787947200000,769.3632717,1787948099999,1791376157436,legacy_historical,,,,,,,,,
1787948100000,769.29203341,1787948999999,1791376157436,legacy_historical,,,,,,,,,
1787949000000,769.50873584,1787949899999,1791376157436,legacy_historical,,,,,,,,,
1787949900000,769.62457811,1787950799999,1791376157436,legacy_historical,,,,,,,,,
1787950800000,769.44185288,1787951699999,1791376157436,legacy_historical,,,,,,,,,
1787951700000,769.26931499,1787952599999,1791376157436,legacy_historical,,,,,,,,,
1787952600000,769.38446229,1787953499999,1791376157436,legacy_historical,,,,,,,,,
1787953500000,769.37247037,1787954399999,1791376157436,legacy_historical,,,,,,,,,
1787954400000,769.40536361,1787955299999,1791376157436,legacy_historical,,,,,,,,,
1787955300000,769.31720586,1787956199999,1791376157436,legacy_historical,,,,,,,,,
1787956200000,769.36299516,1787957099999,1791376157436,legacy_historical,,,,,,,,,
1787957100000,769.38776749,1787957999999,1791376157436,legacy_historical,,,,,,,,,
1787958000000,769.44758581,1787958899999,1791376157436,legacy_historical,,,,,,,,,
1787958900000,769.40329504,1787959799999,1791376157436,legacy_historical,,,,,,,,,
1787959800000,769.41328916,1787960699999,1791376157436,legacy_historical,,,,,,,,,
1787960700000,769.40165026,1787961599999,1791376157436,legacy_historical,,,,,,,,,
1787961600000,769.50902693,1787962499999,1791376157436,legacy_historical,,,,,,,,,
1787962500000,769.54701677,1787963399999,1791376157436,legacy_historical,,,,,,,,,
1787963400000,769.59823879,1787964299999,1791376157436,legacy_historical,,,,,,,,,
1787964300000,769.59653389,1787965199999,1791376157436,legacy_historical,,,,,,,,,
1787965200000,769.68916053,1787966099999,1791376157436,legacy_historical,,,,,,,,,
1787966100000,769.85800233,1787966999999,1791376157436,legacy_historical,,,,,,,,,
1787967000000,770.03631973,1787967899999,1791376157436,legacy_historical,,,,,,,,,
1787967900000,770.18014346,1787968799999,1791376157436,legacy_historical,,,,,,,,,
1787968800000,770.2299449,1787969699999,1791376157436,legacy_historical,,,,,,,,,
1787969700000,770.25988121,1787970599999,1791376157436,legacy_historical,,,,,,,,,
1787970600000,770.26172622,1787971499999,1791376157436,legacy_historical,,,,,,,,,
1787971500000,770.43110205,1787972399999,1791376157436,legacy_historical,,,,,,,,,
1787972400000,770.61161461,1787973299999,1791376157436,legacy_historical,,,,,,,,,
1787973300000,770.69696836,1787974199999,1791376157436,legacy_historical,,,,,,,,,
1787974200000,770.65404976,1787975099999,1791376157436,legacy_historical,,,,,,,,,
1787975100000,770.62750928,1787975999999,1791376157436,legacy_historical,,,,,,,,,
1787976000000,770.51737925,1787976899999,1791376157436,legacy_historical,,,,,,,,,
1787976900000,770.47922201,1787977799999,1791376157436,legacy_historical,,,,,,,,,
1787977800000,770.58731566,1787978699999,1791376157436,legacy_historical,,,,,,,,,
1787978700000,770.66687312,1787979599999,1791376157436,legacy_historical,,,,,,,,,
1787979600000,770.76193682,1787980499999,1791376157436,legacy_historical,,,,,,,,,
1787980500000,770.7651459,1787981399999,1791376157436,legacy_historical,,,,,,,,,
1787981400000,770.79494745,1787982299999,1791376157436,legacy_historical,,,,,,,,,
1787982300000,770.865392,1787983199999,1791376157436,legacy_historical,,,,,,,,,
1787983200000,770.89520938,1787984099999,1791376157436,legacy_historical,,,,,,,,,
1787984100000,770.89148408,1787984999999,1791376157436,legacy_historical,,,,,,,,,
1787985000000,770.88344125,1787985899999,1791376157436,legacy_historical,,,,,,,,,
1787985900000,770.88483067,1787986799999,1791376157436,legacy_historical,,,,,,,,,
1787986800000,770.91489658,1787987699999,1791376157436,legacy_historical,,,,,,,,,
1787987700000,770.96179731,1787988599999,1791376157436,legacy_historical,,,,,,,,,
1787988600000,771.00617132,1787989499999,1791376157436,legacy_historical,,,,,,,,,
1787989500000,771.02120668,1787990399999,1791376157436,legacy_historical,,,,,,,,,
1787990400000,770.96503475,1787991299999,1791376157436,legacy_historical,,,,,,,,,
1787991300000,770.95661936,1787992199999,1791376157436,legacy_historical,,,,,,,,,
1787992200000,770.9690348,1787993099999,1791376157436,legacy_historical,,,,,,,,,
1787993100000,770.9874439,1787993999999,1791376157436,legacy_historical,,,,,,,,,
1787994000000,770.93415574,1787994899999,1791376157436,legacy_historical,,,,,,,,,
1787994900000,770.89794393,1787995799999,1791376157436,legacy_historical,,,,,,,,,
1787995800000,770.89260118,1787996699999,1791376157436,legacy_historical,,,,,,,,,
1787996700000,770.84273571,1787997599999,1791376157436,legacy_historical,,,,,,,,,
1787997600000,770.82312531,1787998499999,1791376157436,legacy_historical,,,,,,,,,
1787998500000,770.8566964,1787999399999,1791376157436,legacy_historical,,,,,,,,,
1787999400000,770.8759136,1788000299999,1791376157436,legacy_historical,,,,,,,,,
1788000300000,770.9637846,1788001199999,1791376157436,legacy_historical,,,,,,,,,
1788001200000,770.98151607,1788002099999,1791376157436,legacy_historical,,,,,,,,,
1788002100000,770.99206113,1788002999999,1791376157436,legacy_historical,,,,,,,,,
1788003000000,770.9376509,1788003899999,1791376157436,legacy_historical,,,,,,,,,
1788003900000,770.86254374,1788004799999,1791376157436,legacy_historical,,,,,,,,,
1788004800000,770.801569,1788005699999,1791376157436,legacy_historical,,,,,,,,,
1788005700000,770.785293,1788006599999,1791376157436,legacy_historical,,,,,,,,,
1788006600000,770.79619699,1788007499999,1791376157436,legacy_historical,,,,,,,,,
1788007500000,770.76223459,1788008399999,1791376157436,legacy_historical,,,,,,,,,
1788008400000,770.76917685,1788009299999,1791376157436,legacy_historical,,,,,,,,,
1788009300000,770.89099816,1788010199999,1791376157436,legacy_historical,,,,,,,,,
1788010200000,770.88741017,1788011099999,1791376157436,legacy_historical,,,,,,,,,
1788011100000,770.8427816,1788011999999,1791376157436,legacy_historical,,,,,,,,,
1788012000000,770.82082716,1788012899999,1791376157436,legacy_historical,,,,,,,,,
1788012900000,770.76232558,1788013799999,1791376157436,legacy_historical,,,,,,,,,
1788013800000,770.75597553,1788014699999,1791376157436,legacy_historical,,,,,,,,,
1788014700000,770.76285438,1788015599999,1791376157436,legacy_historical,,,,,,,,,
1788015600000,770.78422486,1788016499999,1791376157436,legacy_historical,,,,,,,,,
1788016500000,770.80304136,1788017399999,1791376157436,legacy_historical,,,,,,,,,
1788017400000,770.81038123,1788018299999,1791376157436,legacy_historical,,,,,,,,,
1788018300000,770.81403816,1788019199999,1791376157436,legacy_historical,,,,,,,,,
1788019200000,770.82442821,1788020099999,1791376157436,legacy_historical,,,,,,,,,
1788020100000,770.92359194,1788020999999,1791376157436,legacy_historical,,,,,,,,,
1788021000000,770.98197339,1788021899999,1791376157436,legacy_historical,,,,,,,,,
1788021900000,771.00901048,1788022799999,1791376157436,legacy_historical,,,,,,,,,
1788022800000,771.06461071,1788023699999,1791376157436,legacy_historical,,,,,,,,,
1788023700000,771.07233706,1788024599999,1791376157436,legacy_historical,,,,,,,,,
1788024600000,771.07778484,1788025499999,1791376157436,legacy_historical,,,,,,,,,
1788025500000,771.07354596,1788026399999,1791376157436,legacy_historical,,,,,,,,,
1788026400000,771.08891632,1788027299999,1791376157436,legacy_historical,,,,,,,,,
1788027300000,770.97785598,1788028199999,1791376157436,legacy_historical,,,,,,,,,
1788028200000,770.93554715,1788029099999,1791376157436,legacy_historical,,,,,,,,,
1788029100000,770.97605418,1788029999999,1791376157436,legacy_historical,,,,,,,,,
1788030000000,771.00339796,1788030899999,1791376157436,legacy_historical,,,,,,,,,
1788030900000,770.97875625,1788031799999,1791376157436,legacy_historical,,,,,,,,,
1788031800000,771.01925531,1788032699999,1791376157436,legacy_historical,,,,,,,,,
1788032700000,771.057863,1788033599999,1791376157436,legacy_historical,,,,,,,,,
1788033600000,771.11852664,1788034499999,1791376157436,legacy_historical,,,,,,,,,
1788034500000,771.11146054,1788035399999,1791376157436,legacy_historical,,,,,,,,,
1788035400000,771.11355761,1788036299999,1791376157436,legacy_historical,,,,,,,,,
1788036300000,771.18591111,1788037199999,1791376157436,legacy_historical,,,,,,,,,
1788037200000,771.29975266,1788038099999,1791376157436,legacy_historical,,,,,,,,,
1788038100000,771.41830218,1788038999999,1791376157436,legacy_historical,,,,,,,,,
1788039000000,771.41500298,1788039899999,1791376157436,legacy_historical,,,,,,,,,
1788039900000,771.3334682,1788040799999,1791376157436,legacy_historical,,,,,,,,,
1788040800000,771.26595796,1788041699999,1791376157436,legacy_historical,,,,,,,,,
1788041700000,771.1929465,1788042599999,1791376157436,legacy_historical,,,,,,,,,
1788042600000,771.21633733,1788043499999,1791376157436,legacy_historical,,,,,,,,,
1788043500000,771.22436629,1788044399999,1791376157436,legacy_historical,,,,,,,,,
1788044400000,771.2293894,1788045299999,1791376157436,legacy_historical,,,,,,,,,
1788045300000,771.27619329,1788046199999,1791376157436,legacy_historical,,,,,,,,,
1788046200000,771.31486826,1788047099999,1791376157436,legacy_historical,,,,,,,,,
1788047100000,771.3414162,1788047999999,1791376157436,legacy_historical,,,,,,,,,
1788048000000,771.30154284,1788048899999,1791376157436,legacy_historical,,,,,,,,,
1788048900000,771.3188627,1788049799999,1791376157436,legacy_historical,,,,,,,,,
1788049800000,771.26557514,1788050699999,1791376157436,legacy_historical,,,,,,,,,
1788050700000,771.24830199,1788051599999,1791376157436,legacy_historical,,,,,,,,,
1788051600000,771.25548572,1788052499999,1791376157436,legacy_historical,,,,,,,,,
1788052500000,771.28089439,1788053399999,1791376157436,legacy_historical,,,,,,,,,
1788053400000,771.30506228,1788054299999,1791376157436,legacy_historical,,,,,,,,,
1788054300000,771.29641027,1788055199999,1791376157436,legacy_historical,,,,,,,,,
1788055200000,771.34132872,1788056099999,1791376157436,legacy_historical,,,,,,,,,
1788056100000,771.38689761,1788056999999,1791376157436,legacy_historical,,,,,,,,,
1788057000000,771.3219692,1788057899999,1791376157436,legacy_historical,,,,,,,,,
1788057900000,771.28900412,1788058799999,1791376157436,legacy_historical,,,,,,,,,
1788058800000,771.30434257,1788059699999,1791376157436,legacy_historical,,,,,,,,,
1788059700000,771.26780007,1788060599999,1791376157436,legacy_historical,,,,,,,,,
1788060600000,771.29043351,1788061499999,1791376157436,legacy_historical,,,,,,,,,
1788061500000,771.33028898,1788062399999,1791376157436,legacy_historical,,,,,,,,,
1788062400000,771.24551293,1788063299999,1791376157436,legacy_historical,,,,,,,,,
1788063300000,771.20767471,1788064199999,1791376157436,legacy_historical,,,,,,,,,
1788064200000,771.22460929,1788065099999,1791376157436,legacy_historical,,,,,,,,,
1788065100000,771.27019038,1788065999999,1791376157436,legacy_historical,,,,,,,,,
1788066000000,771.35364415,1788066899999,1791376157436,legacy_historical,,,,,,,,,
1788066900000,771.38004034,1788067799999,1791376157436,legacy_historical,,,,,,,,,
1788067800000,771.3950805,1788068699999,1791376157436,legacy_historical,,,,,,,,,
1788068700000,771.42028237,1788069599999,1791376157436,legacy_historical,,,,,,,,,
1788069600000,771.41912243,1788070499999,1791376157436,legacy_historical,,,,,,,,,
1788070500000,771.41211481,1788071399999,1791376157436,legacy_historical,,,,,,,,,
1788071400000,771.32620583,1788072299999,1791376157436,legacy_historical,,,,,,,,,
1788072300000,771.24827338,1788073199999,1791376157436,legacy_historical,,,,,,,,,
1788073200000,771.17473458,1788074099999,1791376157436,legacy_historical,,,,,,,,,
1788074100000,771.15704582,1788074999999,1791376157436,legacy_historical,,,,,,,,,
1788075000000,771.09537995,1788075899999,1791376157436,legacy_historical,,,,,,,,,
1788075900000,771.02844055,1788076799999,1791376157436,legacy_historical,,,,,,,,,
1788076800000,770.993109,1788077699999,1791376157436,legacy_historical,,,,,,,,,
1788077700000,770.98595405,1788078599999,1791376157436,legacy_historical,,,,,,,,,
1788078600000,770.98284773,1788079499999,1791376157436,legacy_historical,,,,,,,,,
1788079500000,771.00143911,1788080399999,1791376157436,legacy_historical,,,,,,,,,
1788080400000,771.05682655,1788081299999,1791376157436,legacy_historical,,,,,,,,,
1788081300000,771.11778753,1788082199999,1791376157436,legacy_historical,,,,,,,,,
1788082200000,771.21495389,1788083099999,1791376157436,legacy_historical,,,,,,,,,
1788083100000,771.28686998,1788083999999,1791376157436,legacy_historical,,,,,,,,,
1788084000000,771.27116782,1788084899999,1791376157436,legacy_historical,,,,,,,,,
1788084900000,771.26905582,1788085799999,1791376157436,legacy_historical,,,,,,,,,
1788085800000,771.23728613,1788086699999,1791376157436,legacy_historical,,,,,,,,,
1788086700000,771.26632185,1788087599999,1791376157436,legacy_historical,,,,,,,,,
1788087600000,771.36556822,1788088499999,1791376157436,legacy_historical,,,,,,,,,
1788088500000,771.47601244,1788089399999,1791376157436,legacy_historical,,,,,,,,,
1788089400000,771.58035286,1788090299999,1791376157436,legacy_historical,,,,,,,,,
1788090300000,771.58013937,1788091199999,1791376157436,legacy_historical,,,,,,,,,
1788091200000,771.56686683,1788092099999,1791376157436,legacy_historical,,,,,,,,,
1788092100000,771.53992092,1788092999999,1791376157436,legacy_historical,,,,,,,,,
1788093000000,771.63661381,1788093899999,1791376157436,legacy_historical,,,,,,,,,
1788093900000,771.80970516,1788094799999,1791376157436,legacy_historical,,,,,,,,,
1788094800000,771.8559739,1788095699999,1791376157436,legacy_historical,,,,,,,,,
1788095700000,771.86386829,1788096599999,1791376157436,legacy_historical,,,,,,,,,
1788096600000,771.81670115,1788097499999,1791376157436,legacy_historical,,,,,,,,,
1788097500000,771.883536,1788098399999,1791376157436,legacy_historical,,,,,,,,,
1788098400000,771.90285206,1788099299999,1791376157436,legacy_historical,,,,,,,,,
1788099300000,771.94794558,1788100199999,1791376157436,legacy_historical,,,,,,,,,
1788100200000,771.92702944,1788101099999,1791376157436,legacy_historical,,,,,,,,,
1788101100000,771.97131416,1788101999999,1791376157436,legacy_historical,,,,,,,,,
1788102000000,772.06193364,1788102899999,1791376157436,legacy_historical,,,,,,,,,
1788102900000,771.9678251,1788103799999,1791376157436,legacy_historical,,,,,,,,,
1788103800000,771.94508867,1788104699999,1791376157436,legacy_historical,,,,,,,,,
1788104700000,772.08936604,1788105599999,1791376157436,legacy_historical,,,,,,,,,
1788105600000,772.17109336,1788106499999,1791376157436,legacy_historical,,,,,,,,,
1788106500000,772.23663887,1788107399999,1791376157436,legacy_historical,,,,,,,,,
1788107400000,772.33481408,1788108299999,1791376157436,legacy_historical,,,,,,,,,
1788108300000,772.38461003,1788109199999,1791376157436,legacy_historical,,,,,,,,,
1788109200000,772.42331125,1788110099999,1791376157436,legacy_historical,,,,,,,,,
1788110100000,772.40914698,1788110999999,1791376157436,legacy_historical,,,,,,,,,
1788111000000,772.38993308,1788111899999,1791376157436,legacy_historical,,,,,,,,,
1788111900000,772.45981106,1788112799999,1791376157436,legacy_historical,,,,,,,,,
1788112800000,772.48681477,1788113699999,1791376157436,legacy_historical,,,,,,,,,
1788113700000,772.45972735,1788114599999,1791376157436,legacy_historical,,,,,,,,,
1788114600000,772.4721915,1788115499999,1791376157436,legacy_historical,,,,,,,,,
1788115500000,772.63813561,1788116399999,1791376157436,legacy_historical,,,,,,,,,
1788116400000,772.77882174,1788117299999,1791376157436,legacy_historical,,,,,,,,,
1788117300000,772.85046061,1788118199999,1791376157436,legacy_historical,,,,,,,,,
1788118200000,772.75088798,1788119099999,1791376157436,legacy_historical,,,,,,,,,
1788119100000,772.712769,1788119999999,1791376157436,legacy_historical,,,,,,,,,
1788120000000,772.68300587,1788120899999,1791376157436,legacy_historical,,,,,,,,,
1788120900000,772.51929449,1788121799999,1791376157436,legacy_historical,,,,,,,,,
1788121800000,772.31557928,1788122699999,1791376157436,legacy_historical,,,,,,,,,
1788122700000,772.13286146,1788123599999,1791376157436,legacy_historical,,,,,,,,,
1788123600000,771.82133628,1788124499999,1791376157436,legacy_historical,,,,,,,,,
1788124500000,771.61658794,1788125399999,1791376157436,legacy_historical,,,,,,,,,
1788125400000,771.49178979,1788126299999,1791376157436,legacy_historical,,,,,,,,,
1788126300000,771.41620393,1788127199999,1791376157436,legacy_historical,,,,,,,,,
1788127200000,770.49816966,1788128099999,1791376157436,legacy_historical,,,,,,,,,
1788128100000,770.04173478,1788128999999,1791376157436,legacy_historical,,,,,,,,,
1788129000000,769.64565116,1788129899999,1791376157436,legacy_historical,,,,,,,,,
1788129900000,769.4103289,1788130799999,1791376157436,legacy_historical,,,,,,,,,
1788130800000,769.27166092,1788131699999,1791376157436,legacy_historical,,,,,,,,,
1788131700000,769.06578175,1788132599999,1791376157436,legacy_historical,,,,,,,,,
1788132600000,768.647015,1788133499999,1791376157436,legacy_historical,,,,,,,,,
1788133500000,768.08050742,1788134399999,1791376157436,legacy_historical,,,,,,,,,
1788134400000,766.7110394,1788135299999,1791376157436,legacy_historical,,,,,,,,,
1788135300000,767.18556849,1788136199999,1791376157436,legacy_historical,,,,,,,,,
1788136200000,767.44748574,1788137099999,1791376157436,legacy_historical,,,,,,,,,
1788137100000,767.04993367,1788137999999,1791376157436,legacy_historical,,,,,,,,,
1788138000000,766.4546175,1788138899999,1791376157436,legacy_historical,,,,,,,,,
1788138900000,766.2770081,1788139799999,1791376157436,legacy_historical,,,,,,,,,
1788139800000,766.28812067,1788140699999,1791376157436,legacy_historical,,,,,,,,,
1788140700000,766.33847334,1788141599999,1791376157436,legacy_historical,,,,,,,,,
1788141600000,766.92806499,1788142499999,1791376157436,legacy_historical,,,,,,,,,
1788142500000,766.42865346,1788143399999,1791376157436,legacy_historical,,,,,,,,,
1788143400000,765.98204978,1788144299999,1791376157436,legacy_historical,,,,,,,,,
1788144300000,766.55826445,1788145199999,1791376157436,legacy_historical,,,,,,,,,
1788145200000,766.84576696,1788146099999,1791376157436,legacy_historical,,,,,,,,,
1788146100000,766.73201172,1788146999999,1791376157436,legacy_historical,,,,,,,,,
1788147000000,766.54462661,1788147899999,1791376157436,legacy_historical,,,,,,,,,
1788147900000,766.63799998,1788148799999,1791376157436,legacy_historical,,,,,,,,,
1788148800000,766.60731514,1788149699999,1791376157436,legacy_historical,,,,,,,,,
1788149700000,766.58417896,1788150599999,1791376157436,legacy_historical,,,,,,,,,
1788150600000,766.92430251,1788151499999,1791376157436,legacy_historical,,,,,,,,,
1788151500000,767.46048716,1788152399999,1791376157436,legacy_historical,,,,,,,,,
1788152400000,767.86422757,1788153299999,1791376157436,legacy_historical,,,,,,,,,
1788153300000,768.20978315,1788154199999,1791376157436,legacy_historical,,,,,,,,,
1788154200000,767.66136637,1788155099999,1791376157436,legacy_historical,,,,,,,,,
1788155100000,767.72156402,1788155999999,1791376157436,legacy_historical,,,,,,,,,
1788156000000,768.01586692,1788156899999,1791376157436,legacy_historical,,,,,,,,,
1788156900000,768.11917829,1788157799999,1791376157436,legacy_historical,,,,,,,,,
1788157800000,768.25858317,1788158699999,1791376157436,legacy_historical,,,,,,,,,
1788158700000,768.498851,1788159599999,1791376157436,legacy_historical,,,,,,,,,
1788159600000,768.29066342,1788160499999,1791376157436,legacy_historical,,,,,,,,,
1788160500000,768.26108815,1788161399999,1791376157436,legacy_historical,,,,,,,,,
1788161400000,768.22496937,1788162299999,1791376157436,legacy_historical,,,,,,,,,
1788162300000,768.31243238,1788163199999,1791376157436,legacy_historical,,,,,,,,,
1788163200000,768.5009535,1788164099999,1791376157436,legacy_historical,,,,,,,,,
1788164100000,768.58234025,1788164999999,1791376157436,legacy_historical,,,,,,,,,
1788165000000,768.50742058,1788165899999,1791376157436,legacy_historical,,,,,,,,,
1788165900000,768.63393867,1788166799999,1791376157436,legacy_historical,,,,,,,,,
1788166800000,768.55933851,1788167699999,1791376157436,legacy_historical,,,,,,,,,
1788167700000,768.75008169,1788168599999,1791376157436,legacy_historical,,,,,,,,,
1788168600000,768.49687123,1788169499999,1791376157436,legacy_historical,,,,,,,,,
1788169500000,768.15973748,1788170399999,1791376157436,legacy_historical,,,,,,,,,
1788170400000,768.28423696,1788171299999,1791376157436,legacy_historical,,,,,,,,,
1788171300000,768.31588783,1788172199999,1791376157436,legacy_historical,,,,,,,,,
1788172200000,768.30994015,1788173099999,1791376157436,legacy_historical,,,,,,,,,
1788173100000,768.43934179,1788173999999,1791376157436,legacy_historical,,,,,,,,,
1788174000000,768.24165637,1788174899999,1791376157436,legacy_historical,,,,,,,,,
1788174900000,768.44558733,1788175799999,1791376157436,legacy_historical,,,,,,,,,
1788175800000,767.78177143,1788176699999,1791376157436,legacy_historical,,,,,,,,,
1788176700000,767.78048467,1788177599999,1791376157436,legacy_historical,,,,,,,,,
1788177600000,767.95863225,1788178499999,1791376157436,legacy_historical,,,,,,,,,
1788178500000,767.35549284,1788179399999,1791376157436,legacy_historical,,,,,,,,,
1788179400000,766.78704146,1788180299999,1791376157436,legacy_historical,,,,,,,,,
1788180300000,766.82922535,1788181199999,1791376157436,legacy_historical,,,,,,,,,
1788181200000,767.30465374,1788182099999,1791376157436,legacy_historical,,,,,,,,,
1788182100000,767.65705722,1788182999999,1791376157436,legacy_historical,,,,,,,,,
1788183000000,766.16238596,1788183899999,1791376157436,legacy_historical,,,,,,,,,
1788183900000,766.51256198,1788184799999,1791376157436,legacy_historical,,,,,,,,,
1788184800000,766.13669023,1788185699999,1791376157436,legacy_historical,,,,,,,,,
1788185700000,765.22416079,1788186599999,1791376157436,legacy_historical,,,,,,,,,
1788186600000,766.05233294,1788187499999,1791376157436,legacy_historical,,,,,,,,,
1788187500000,766.24496549,1788188399999,1791376157436,legacy_historical,,,,,,,,,
1788188400000,766.02019299,1788189299999,1791376157436,legacy_historical,,,,,,,,,
1788189300000,766.26575197,1788190199999,1791376157436,legacy_historical,,,,,,,,,
1788190200000,766.13681019,1788191099999,1791376157436,legacy_historical,,,,,,,,,
1788191100000,765.6325686,1788191999999,1791376157436,legacy_historical,,,,,,,,,
1788192000000,766.01695456,1788192899999,1791376157436,legacy_historical,,,,,,,,,
1788192900000,766.13642301,1788193799999,1791376157436,legacy_historical,,,,,,,,,
1788193800000,765.7041679,1788194699999,1791376157436,legacy_historical,,,,,,,,,
1788194700000,766.15577546,1788195599999,1791376157436,legacy_historical,,,,,,,,,
1788195600000,766.13207337,1788196499999,1791376157436,legacy_historical,,,,,,,,,
1788196500000,765.68246067,1788197399999,1791376157436,legacy_historical,,,,,,,,,
1788197400000,766.43715662,1788198299999,1791376157436,legacy_historical,,,,,,,,,
1788198300000,766.71201073,1788199199999,1791376157436,legacy_historical,,,,,,,,,
1788199200000,766.90671561,1788200099999,1791376157436,legacy_historical,,,,,,,,,
1788200100000,766.53603372,1788200999999,1791376157436,legacy_historical,,,,,,,,,
1788201000000,765.56086596,1788201899999,1791376157436,legacy_historical,,,,,,,,,
1788201900000,765.89254848,1788202799999,1791376157436,legacy_historical,,,,,,,,,
1788202800000,766.38055868,1788203699999,1791376157436,legacy_historical,,,,,,,,,
1788203700000,766.78617621,1788204599999,1791376157436,legacy_historical,,,,,,,,,
1788204600000,767.17214478,1788205499999,1791376157436,legacy_historical,,,,,,,,,
1788205500000,767.23584368,1788206399999,1791376157436,legacy_historical,,,,,,,,,
1788206400000,767.50708888,1788207299999,1791376157436,legacy_historical,,,,,,,,,
1788207300000,767.57621655,1788208199999,1791376157436,legacy_historical,,,,,,,,,
1788208200000,767.69498728,1788209099999,1791376157436,legacy_historical,,,,,,,,,
1788209100000,767.54700151,1788209999999,1791376157436,legacy_historical,,,,,,,,,
1788210000000,767.63118105,1788210899999,1791376157436,legacy_historical,,,,,,,,,
1788210900000,767.64338154,1788211799999,1791376157436,legacy_historical,,,,,,,,,
1788211800000,767.6079575,1788212699999,1791376157436,legacy_historical,,,,,,,,,
1788212700000,767.60008518,1788213599999,1791376157436,legacy_historical,,,,,,,,,
1788213600000,767.65595285,1788214499999,1791376157436,legacy_historical,,,,,,,,,
1788214500000,767.58889499,1788215399999,1791376157436,legacy_historical,,,,,,,,,
1788215400000,767.57730382,1788216299999,1791376157436,legacy_historical,,,,,,,,,
1788216300000,767.54927507,1788217199999,1791376157436,legacy_historical,,,,,,,,,
1788217200000,767.66104943,1788218099999,1791376157436,legacy_historical,,,,,,,,,
1788218100000,767.68280555,1788218999999,1791376157436,legacy_historical,,,,,,,,,
1788219000000,767.84818267,1788219899999,1791376157436,legacy_historical,,,,,,,,,
1788219900000,767.80695425,1788220799999,1791376157436,legacy_historical,,,,,,,,,
1788220800000,767.91424131,1788221699999,1791376157436,legacy_historical,,,,,,,,,
1788221700000,768.14230176,1788222599999,1791376157436,legacy_historical,,,,,,,,,
1788222600000,768.05844816,1788223499999,1791376157436,legacy_historical,,,,,,,,,
1788223500000,768.02302991,1788224399999,1791376157436,legacy_historical,,,,,,,,,
1788224400000,767.97157377,1788225299999,1791376157436,legacy_historical,,,,,,,,,
1788225300000,767.53540159,1788226199999,1791376157436,legacy_historical,,,,,,,,,
1788226200000,768.00897287,1788227099999,1791376157436,legacy_historical,,,,,,,,,
1788227100000,767.96565472,1788227999999,1791376157436,legacy_historical,,,,,,,,,
1788228000000,767.39987036,1788228899999,1791376157436,legacy_historical,,,,,,,,,
1788228900000,767.20458288,1788229799999,1791376157436,legacy_historical,,,,,,,,,
1788229800000,767.00187106,1788230699999,1791376157436,legacy_historical,,,,,,,,,
1788230700000,767.57715169,1788231599999,1791376157436,legacy_historical,,,,,,,,,
1788231600000,767.26778755,1788232499999,1791376157436,legacy_historical,,,,,,,,,
1788232500000,767.17633581,1788233399999,1791376157436,legacy_historical,,,,,,,,,
1788233400000,767.17995279,1788234299999,1791376157436,legacy_historical,,,,,,,,,
1788234300000,767.20379838,1788235199999,1791376157436,legacy_historical,,,,,,,,,
1788235200000,767.23659673,1788236099999,1791376157436,legacy_historical,,,,,,,,,
1788236100000,767.18626661,1788236999999,1791376157436,legacy_historical,,,,,,,,,
1788237000000,766.9577239,1788237899999,1791376157436,legacy_historical,,,,,,,,,
1788237900000,766.87249244,1788238799999,1791376157436,legacy_historical,,,,,,,,,
1788238800000,766.74258919,1788239699999,1791376157436,legacy_historical,,,,,,,,,
1788239700000,767.04300596,1788240599999,1791376157436,legacy_historical,,,,,,,,,
1788240600000,767.82964548,1788241499999,1791376157436,legacy_historical,,,,,,,,,
1788241500000,768.03088777,1788242399999,1791376157436,legacy_historical,,,,,,,,,
1788242400000,767.59420184,1788243299999,1791376157436,legacy_historical,,,,,,,,,
1788243300000,767.23948462,1788244199999,1791376157436,legacy_historical,,,,,,,,,
1788244200000,767.53786541,1788245099999,1791376157436,legacy_historical,,,,,,,,,
1788245100000,767.35901504,1788245999999,1791376157436,legacy_historical,,,,,,,,,
1788246000000,768.02865112,1788246899999,1791376157436,legacy_historical,,,,,,,,,
1788246900000,767.82795135,1788247799999,1791376157436,legacy_historical,,,,,,,,,
1788247800000,766.67709116,1788248699999,1791376157436,legacy_historical,,,,,,,,,
1788248700000,766.77421483,1788249599999,1791376157436,legacy_historical,,,,,,,,,
1788249600000,765.40914411,1788250499999,1791376157436,legacy_historical,,,,,,,,,
1788250500000,764.45453202,1788251399999,1791376157436,legacy_historical,,,,,,,,,
1788251400000,763.6974329,1788252299999,1791376157436,legacy_historical,,,,,,,,,
1788252300000,763.48188528,1788253199999,1791376157436,legacy_historical,,,,,,,,,
1788253200000,762.80684829,1788254099999,1791376157436,legacy_historical,,,,,,,,,
1788254100000,762.6393209,1788254999999,1791376157436,legacy_historical,,,,,,,,,
1788255000000,762.76915737,1788255899999,1791376157436,legacy_historical,,,,,,,,,
1788255900000,763.00051568,1788256799999,1791376157436,legacy_historical,,,,,,,,,
1788256800000,763.13148055,1788257699999,1791376157436,legacy_historical,,,,,,,,,
1788257700000,763.6543391,1788258599999,1791376157436,legacy_historical,,,,,,,,,
1788258600000,763.65414746,1788259499999,1791376157436,legacy_historical,,,,,,,,,
1788259500000,763.46708507,1788260399999,1791376157436,legacy_historical,,,,,,,,,
1788260400000,763.15568727,1788261299999,1791376157436,legacy_historical,,,,,,,,,
1788261300000,763.40574732,1788262199999,1791376157436,legacy_historical,,,,,,,,,
1788262200000,763.72741262,1788263099999,1791376157436,legacy_historical,,,,,,,,,
1788263100000,762.91594634,1788263999999,1791376157436,legacy_historical,,,,,,,,,
1788264000000,762.69811934,1788264899999,1791376157436,legacy_historical,,,,,,,,,
1788264900000,762.90361085,1788265799999,1791376157436,legacy_historical,,,,,,,,,
1788265800000,762.34683732,1788266699999,1791376157436,legacy_historical,,,,,,,,,
1788266700000,762.38863909,1788267599999,1791376157436,legacy_historical,,,,,,,,,
1788267600000,762.06458434,1788268499999,1791376157436,legacy_historical,,,,,,,,,
1788268500000,762.25632416,1788269399999,1791376157436,legacy_historical,,,,,,,,,
1788269400000,762.2539515,1788270299999,1791376157436,legacy_historical,,,,,,,,,
1788270300000,762.36530337,1788271199999,1791376157436,legacy_historical,,,,,,,,,
1788271200000,763.34867032,1788272099999,1791376157436,legacy_historical,,,,,,,,,
1788272100000,764.08321583,1788272999999,1791376157436,legacy_historical,,,,,,,,,
1788273000000,764.48437421,1788273899999,1791376157436,legacy_historical,,,,,,,,,
1788273900000,763.8227091,1788274799999,1791376157436,legacy_historical,,,,,,,,,
1788274800000,763.32478727,1788275699999,1791376157436,legacy_historical,,,,,,,,,
1788275700000,763.91257813,1788276599999,1791376157436,legacy_historical,,,,,,,,,
1788276600000,764.5546235,1788277499999,1791376157436,legacy_historical,,,,,,,,,
1788277500000,764.59762064,1788278399999,1791376157436,legacy_historical,,,,,,,,,
1788278400000,763.85025605,1788279299999,1791376157436,legacy_historical,,,,,,,,,
1788279300000,762.90386713,1788280199999,1791376157436,legacy_historical,,,,,,,,,
1788280200000,762.0551487,1788281099999,1791376157436,legacy_historical,,,,,,,,,
1788281100000,762.60435428,1788281999999,1791376157436,legacy_historical,,,,,,,,,
1788282000000,762.31132251,1788282899999,1791376157436,legacy_historical,,,,,,,,,
1788282900000,761.92563721,1788283799999,1791376157436,legacy_historical,,,,,,,,,
1788283800000,762.35811496,1788284699999,1791376157436,legacy_historical,,,,,,,,,
1788284700000,762.09828969,1788285599999,1791376157436,legacy_historical,,,,,,,,,
1788285600000,761.64140983,1788286499999,1791376157436,legacy_historical,,,,,,,,,
1788286500000,761.54538046,1788287399999,1791376157436,legacy_historical,,,,,,,,,
1788287400000,760.00792109,1788288299999,1791376157436,legacy_historical,,,,,,,,,
1788288300000,761.01347622,1788289199999,1791376157436,legacy_historical,,,,,,,,,
1788289200000,761.71747685,1788290099999,1791376157436,legacy_historical,,,,,,,,,
1788290100000,761.69442878,1788290999999,1791376157436,legacy_historical,,,,,,,,,
1788291000000,761.37381245,1788291899999,1791376157436,legacy_historical,,,,,,,,,
1788291900000,761.81508338,1788292799999,1791376157436,legacy_historical,,,,,,,,,
1788292800000,762.06797408,1788293699999,1791376157436,legacy_historical,,,,,,,,,
1788293700000,762.31097139,1788294599999,1791376157436,legacy_historical,,,,,,,,,
1788294600000,762.34643084,1788295499999,1791376157436,legacy_historical,,,,,,,,,
1788295500000,762.36604751,1788296399999,1791376157436,legacy_historical,,,,,,,,,
1788296400000,762.38784561,1788297299999,1791376157436,legacy_historical,,,,,,,,,
1788297300000,762.19619356,1788298199999,1791376157436,legacy_historical,,,,,,,,,
1788298200000,762.21022609,1788299099999,1791376157436,legacy_historical,,,,,,,,,
1788299100000,762.20536494,1788299999999,1791376157436,legacy_historical,,,,,,,,,
1788300000000,761.89470275,1788300899999,1791376157436,legacy_historical,,,,,,,,,
1788300900000,761.96119488,1788301799999,1791376157436,legacy_historical,,,,,,,,,
1788301800000,761.92472338,1788302699999,1791376157436,legacy_historical,,,,,,,,,
1788302700000,762.20036934,1788303599999,1791376157436,legacy_historical,,,,,,,,,
1788303600000,762.18753362,1788304499999,1791376157436,legacy_historical,,,,,,,,,
1788304500000,762.17763932,1788305399999,1791376157436,legacy_historical,,,,,,,,,
1788305400000,762.20970412,1788306299999,1791376157436,legacy_historical,,,,,,,,,
1788306300000,762.23843614,1788307199999,1791376157436,legacy_historical,,,,,,,,,
1788307200000,762.19797033,1788308099999,1791376157436,legacy_historical,,,,,,,,,
1788308100000,762.13546303,1788308999999,1791376157436,legacy_historical,,,,,,,,,
1788309000000,762.21932383,1788309899999,1791376157436,legacy_historical,,,,,,,,,
1788309900000,761.73921566,1788310799999,1791376157436,legacy_historical,,,,,,,,,
1788310800000,761.59708268,1788311699999,1791376157436,legacy_historical,,,,,,,,,
1788311700000,761.91443914,1788312599999,1791376157436,legacy_historical,,,,,,,,,
1788312600000,761.43554338,1788313499999,1791376157436,legacy_historical,,,,,,,,,
1788313500000,761.46524634,1788314399999,1791376157436,legacy_historical,,,,,,,,,
1788314400000,761.49494144,1788315299999,1791376157436,legacy_historical,,,,,,,,,
1788315300000,761.87109601,1788316199999,1791376157436,legacy_historical,,,,,,,,,
1788316200000,761.89735287,1788317099999,1791376157436,legacy_historical,,,,,,,,,
1788317100000,761.89924307,1788317999999,1791376157436,legacy_historical,,,,,,,,,
1788318000000,761.92222414,1788318899999,1791376157436,legacy_historical,,,,,,,,,
1788318900000,761.63743783,1788319799999,1791376157436,legacy_historical,,,,,,,,,
1788319800000,761.38244074,1788320699999,1791376157436,legacy_historical,,,,,,,,,
1788320700000,761.26464045,1788321599999,1791376157436,legacy_historical,,,,,,,,,
1788321600000,761.13856266,1788322499999,1791376157436,legacy_historical,,,,,,,,,
1788322500000,761.1761848,1788323399999,1791376157436,legacy_historical,,,,,,,,,
1788323400000,761.16473916,1788324299999,1791376157436,legacy_historical,,,,,,,,,
1788324300000,761.24285838,1788325199999,1791376157436,legacy_historical,,,,,,,,,
1788325200000,761.399774,1788326099999,1791376157436,legacy_historical,,,,,,,,,
1788326100000,761.78171363,1788326999999,1791376157436,legacy_historical,,,,,,,,,
1788327000000,761.83290663,1788327899999,1791376157436,legacy_historical,,,,,,,,,
1788327900000,761.51466745,1788328799999,1791376157436,legacy_historical,,,,,,,,,
1788328800000,761.28725316,1788329699999,1791376157436,legacy_historical,,,,,,,,,
1788329700000,760.99661068,1788330599999,1791376157436,legacy_historical,,,,,,,,,
1788330600000,761.76655533,1788331499999,1791376157436,legacy_historical,,,,,,,,,
1788331500000,761.85377064,1788332399999,1791376157436,legacy_historical,,,,,,,,,
1788332400000,762.1503262,1788333299999,1791376157436,legacy_historical,,,,,,,,,
1788333300000,761.97747999,1788334199999,1791376157436,legacy_historical,,,,,,,,,
1788334200000,761.69401403,1788335099999,1791376157436,legacy_historical,,,,,,,,,
1788335100000,761.62842122,1788335999999,1791376157436,legacy_historical,,,,,,,,,
1788336000000,761.63034907,1788336899999,1791376157436,legacy_historical,,,,,,,,,
1788336900000,761.46642769,1788337799999,1791376157436,legacy_historical,,,,,,,,,
1788337800000,761.3854905,1788338699999,1791376157436,legacy_historical,,,,,,,,,
1788338700000,760.81334957,1788339599999,1791376157436,legacy_historical,,,,,,,,,
1788339600000,760.63522754,1788340499999,1791376157436,legacy_historical,,,,,,,,,
1788340500000,760.26275179,1788341399999,1791376157436,legacy_historical,,,,,,,,,
1788341400000,760.11434247,1788342299999,1791376157436,legacy_historical,,,,,,,,,
1788342300000,760.32239752,1788343199999,1791376157436,legacy_historical,,,,,,,,,
1788343200000,760.25707607,1788344099999,1791376157436,legacy_historical,,,,,,,,,
1788344100000,760.45435915,1788344999999,1791376157436,legacy_historical,,,,,,,,,
1788345000000,760.26177455,1788345899999,1791376157436,legacy_historical,,,,,,,,,
1788345900000,760.47258596,1788346799999,1791376157436,legacy_historical,,,,,,,,,
1788346800000,761.00024361,1788347699999,1791376157436,legacy_historical,,,,,,,,,
1788347700000,761.43965214,1788348599999,1791376157436,legacy_historical,,,,,,,,,
1788348600000,761.54606773,1788349499999,1791376157436,legacy_historical,,,,,,,,,
1788349500000,762.31594126,1788350399999,1791376157436,legacy_historical,,,,,,,,,
1788350400000,762.8451898,1788351299999,1791376157436,legacy_historical,,,,,,,,,
1788351300000,762.7966657,1788352199999,1791376157436,legacy_historical,,,,,,,,,
1788352200000,762.36620193,1788353099999,1791376157436,legacy_historical,,,,,,,,,
1788353100000,761.83378406,1788353999999,1791376157436,legacy_historical,,,,,,,,,
1788354000000,762.17518566,1788354899999,1791376157436,legacy_historical,,,,,,,,,
1788354900000,762.89940185,1788355799999,1791376157436,legacy_historical,,,,,,,,,
1788355800000,763.2426544,1788356699999,1791376157436,legacy_historical,,,,,,,,,
1788356700000,763.45228955,1788357599999,1791376157436,legacy_historical,,,,,,,,,
1788357600000,764.66613426,1788358499999,1791376157436,legacy_historical,,,,,,,,,
1788358500000,765.68213992,1788359399999,1791376157436,legacy_historical,,,,,,,,,
1788359400000,766.75022245,1788360299999,1791376157436,legacy_historical,,,,,,,,,
1788360300000,765.79855041,1788361199999,1791376157436,legacy_historical,,,,,,,,,
1788361200000,766.01296486,1788362099999,1791376157436,legacy_historical,,,,,,,,,
1788362100000,766.66224798,1788362999999,1791376157436,legacy_historical,,,,,,,,,
1788363000000,766.08646911,1788363899999,1791376157436,legacy_historical,,,,,,,,,
1788363900000,766.32479957,1788364799999,1791376157436,legacy_historical,,,,,,,,,
1788364800000,766.15422214,1788365699999,1791376157436,legacy_historical,,,,,,,,,
1788365700000,765.23299164,1788366599999,1791376157436,legacy_historical,,,,,,,,,
1788366600000,765.13194477,1788367499999,1791376157436,legacy_historical,,,,,,,,,
1788367500000,765.29428641,1788368399999,1791376157436,legacy_historical,,,,,,,,,
1788368400000,765.31025028,1788369299999,1791376157436,legacy_historical,,,,,,,,,
1788369300000,765.07858425,1788370199999,1791376157436,legacy_historical,,,,,,,,,
1788370200000,765.2104022,1788371099999,1791376157436,legacy_historical,,,,,,,,,
1788371100000,765.53244954,1788371999999,1791376157436,legacy_historical,,,,,,,,,
1788372000000,765.55011653,1788372899999,1791376157436,legacy_historical,,,,,,,,,
1788372900000,765.63966884,1788373799999,1791376157436,legacy_historical,,,,,,,,,
1788373800000,765.04061682,1788374699999,1791376157436,legacy_historical,,,,,,,,,
1788374700000,765.15223643,1788375599999,1791376157436,legacy_historical,,,,,,,,,
1788375600000,765.73242583,1788376499999,1791376157436,legacy_historical,,,,,,,,,
1788376500000,765.79081625,1788377399999,1791376157436,legacy_historical,,,,,,,,,
1788377400000,765.66799216,1788378299999,1791376157436,legacy_historical,,,,,,,,,
1788378300000,765.36844561,1788379199999,1791376157436,legacy_historical,,,,,,,,,
1788379200000,765.7201323,1788380099999,1791376157436,legacy_historical,,,,,,,,,
1788380100000,764.82370833,1788380999999,1791376157436,legacy_historical,,,,,,,,,
1788381000000,764.66343446,1788381899999,1791376157436,legacy_historical,,,,,,,,,
1788381900000,764.66503011,1788382799999,1791376157436,legacy_historical,,,,,,,,,
1788382800000,764.60698311,1788383699999,1791376157436,legacy_historical,,,,,,,,,
1788383700000,765.14379728,1788384599999,1791376157436,legacy_historical,,,,,,,,,
1788384600000,765.14159808,1788385499999,1791376157436,legacy_historical,,,,,,,,,
1788385500000,765.18305677,1788386399999,1791376157436,legacy_historical,,,,,,,,,
1788386400000,765.19300959,1788387299999,1791376157436,legacy_historical,,,,,,,,,
1788387300000,765.32588175,1788388199999,1791376157436,legacy_historical,,,,,,,,,
1788388200000,765.3634724,1788389099999,1791376157436,legacy_historical,,,,,,,,,
1788389100000,765.27284363,1788389999999,1791376157436,legacy_historical,,,,,,,,,
1788390000000,765.27333573,1788390899999,1791376157436,legacy_historical,,,,,,,,,
1788390900000,765.31870356,1788391799999,1791376157436,legacy_historical,,,,,,,,,
1788391800000,765.41572414,1788392699999,1791376157436,legacy_historical,,,,,,,,,
1788392700000,765.71917797,1788393599999,1791376157436,legacy_historical,,,,,,,,,
1788393600000,765.42625699,1788394499999,1791376157436,legacy_historical,,,,,,,,,
1788394500000,765.2336473,1788395399999,1791376157436,legacy_historical,,,,,,,,,
1788395400000,765.15865265,1788396299999,1791376157436,legacy_historical,,,,,,,,,
1788396300000,765.03374586,1788397199999,1791376157436,legacy_historical,,,,,,,,,
1788397200000,765.42109655,1788398099999,1791376157436,legacy_historical,,,,,,,,,
1788398100000,765.4077834,1788398999999,1791376157436,legacy_historical,,,,,,,,,
1788399000000,765.40969744,1788399899999,1791376157436,legacy_historical,,,,,,,,,
1788399900000,764.98499535,1788400799999,1791376157436,legacy_historical,,,,,,,,,
1788400800000,765.49095199,1788401699999,1791376157436,legacy_historical,,,,,,,,,
1788401700000,765.57919723,1788402599999,1791376157436,legacy_historical,,,,,,,,,
1788402600000,765.43599069,1788403499999,1791376157436,legacy_historical,,,,,,,,,
1788403500000,765.58787321,1788404399999,1791376157436,legacy_historical,,,,,,,,,
1788404400000,765.80000514,1788405299999,1791376157436,legacy_historical,,,,,,,,,
1788405300000,765.88971306,1788406199999,1791376157436,legacy_historical,,,,,,,,,
1788406200000,765.94585983,1788407099999,1791376157436,legacy_historical,,,,,,,,,
1788407100000,766.01952677,1788407999999,1791376157436,legacy_historical,,,,,,,,,
1788408000000,766.0919959,1788408899999,1791376157436,legacy_historical,,,,,,,,,
1788408900000,765.97383418,1788409799999,1791376157436,legacy_historical,,,,,,,,,
1788409800000,765.93682585,1788410699999,1791376157436,legacy_historical,,,,,,,,,
1788410700000,765.76012952,1788411599999,1791376157436,legacy_historical,,,,,,,,,
1788411600000,765.03633598,1788412499999,1791376157436,legacy_historical,,,,,,,,,
1788412500000,764.33648059,1788413399999,1791376157436,legacy_historical,,,,,,,,,
1788413400000,764.91340738,1788414299999,1791376157436,legacy_historical,,,,,,,,,
1788414300000,765.67015598,1788415199999,1791376157436,legacy_historical,,,,,,,,,
1788415200000,765.48769144,1788416099999,1791376157436,legacy_historical,,,,,,,,,
1788416100000,765.42897671,1788416999999,1791376157436,legacy_historical,,,,,,,,,
1788417000000,765.45943727,1788417899999,1791376157436,legacy_historical,,,,,,,,,
1788417900000,765.2285363,1788418799999,1791376157436,legacy_historical,,,,,,,,,
1788418800000,765.72967278,1788419699999,1791376157436,legacy_historical,,,,,,,,,
1788419700000,765.65295697,1788420599999,1791376157436,legacy_historical,,,,,,,,,
1788420600000,766.29334643,1788421499999,1791376157436,legacy_historical,,,,,,,,,
1788421500000,766.08578903,1788422399999,1791376157436,legacy_historical,,,,,,,,,
1788422400000,766.69163295,1788423299999,1791376157436,legacy_historical,,,,,,,,,
1788423300000,766.68690958,1788424199999,1791376157436,legacy_historical,,,,,,,,,
1788424200000,766.54411678,1788425099999,1791376157436,legacy_historical,,,,,,,,,
1788425100000,766.2298028,1788425999999,1791376157436,legacy_historical,,,,,,,,,
1788426000000,766.42562596,1788426899999,1791376157436,legacy_historical,,,,,,,,,
1788426900000,766.16981336,1788427799999,1791376157436,legacy_historical,,,,,,,,,
1788427800000,765.94912337,1788428699999,1791376157436,legacy_historical,,,,,,,,,
1788428700000,765.33150279,1788429599999,1791376157436,legacy_historical,,,,,,,,,
1788429600000,765.13074101,1788430499999,1791376157436,legacy_historical,,,,,,,,,
1788430500000,764.94078994,1788431399999,1791376157436,legacy_historical,,,,,,,,,
1788431400000,765.05625449,1788432299999,1791376157436,legacy_historical,,,,,,,,,
1788432300000,764.98156796,1788433199999,1791376157436,legacy_historical,,,,,,,,,
1788433200000,765.70231682,1788434099999,1791376157436,legacy_historical,,,,,,,,,
1788434100000,765.94989395,1788434999999,1791376157436,legacy_historical,,,,,,,,,
1788435000000,765.76850311,1788435899999,1791376157436,legacy_historical,,,,,,,,,
1788435900000,765.25714416,1788436799999,1791376157436,legacy_historical,,,,,,,,,
1788436800000,765.53760789,1788437699999,1791376157436,legacy_historical,,,,,,,,,
1788437700000,765.84023729,1788438599999,1791376157436,legacy_historical,,,,,,,,,
1788438600000,766.82616341,1788439499999,1791376157436,legacy_historical,,,,,,,,,
1788439500000,767.80561054,1788440399999,1791376157436,legacy_historical,,,,,,,,,
1788440400000,767.94866839,1788441299999,1791376157436,legacy_historical,,,,,,,,,
1788441300000,768.18724884,1788442199999,1791376157436,legacy_historical,,,,,,,,,
1788442200000,770.05029082,1788443099999,1791376157436,legacy_historical,,,,,,,,,
1788443100000,769.76156906,1788443999999,1791376157436,legacy_historical,,,,,,,,,
1788444000000,768.58852561,1788444899999,1791376157436,legacy_historical,,,,,,,,,
1788444900000,768.88777258,1788445799999,1791376157436,legacy_historical,,,,,,,,,
1788445800000,768.41770707,1788446699999,1791376157436,legacy_historical,,,,,,,,,
1788446700000,769.4600258,1788447599999,1791376157436,legacy_historical,,,,,,,,,
1788447600000,771.62670424,1788448499999,1791376157436,legacy_historical,,,,,,,,,
1788448500000,773.03891736,1788449399999,1791376157436,legacy_historical,,,,,,,,,
1788449400000,772.657986,1788450299999,1791376157436,legacy_historical,,,,,,,,,
1788450300000,773.29645913,1788451199999,1791376157436,legacy_historical,,,,,,,,,
1788451200000,772.74838317,1788452099999,1791376157436,legacy_historical,,,,,,,,,
1788452100000,772.53676892,1788452999999,1791376157436,legacy_historical,,,,,,,,,
1788453000000,773.2513623,1788453899999,1791376157436,legacy_historical,,,,,,,,,
1788453900000,772.98295989,1788454799999,1791376157436,legacy_historical,,,,,,,,,
1788454800000,772.51588646,1788455699999,1791376157436,legacy_historical,,,,,,,,,
1788455700000,772.72557402,1788456599999,1791376157436,legacy_historical,,,,,,,,,
1788456600000,773.14621018,1788457499999,1791376157436,legacy_historical,,,,,,,,,
1788457500000,773.30621629,1788458399999,1791376157436,legacy_historical,,,,,,,,,
1788458400000,773.82893566,1788459299999,1791376157436,legacy_historical,,,,,,,,,
1788459300000,773.79297751,1788460199999,1791376157436,legacy_historical,,,,,,,,,
1788460200000,773.64492001,1788461099999,1791376157436,legacy_historical,,,,,,,,,
1788461100000,773.71151921,1788461999999,1791376157436,legacy_historical,,,,,,,,,
1788462000000,773.43963595,1788462899999,1791376157436,legacy_historical,,,,,,,,,
1788462900000,773.50332806,1788463799999,1791376157436,legacy_historical,,,,,,,,,
1788463800000,773.27679144,1788464699999,1791376157436,legacy_historical,,,,,,,,,
1788464700000,773.09569132,1788465599999,1791376157436,legacy_historical,,,,,,,,,
1788465600000,772.84711761,1788466499999,1791376157436,legacy_historical,,,,,,,,,
1788466500000,772.53978515,1788467399999,1791376157436,legacy_historical,,,,,,,,,
1788467400000,772.59420568,1788468299999,1791376157436,legacy_historical,,,,,,,,,
1788468300000,772.4061144,1788469199999,1791376157436,legacy_historical,,,,,,,,,
1788469200000,772.63701626,1788470099999,1791376157436,legacy_historical,,,,,,,,,
1788470100000,772.69534417,1788470999999,1791376157436,legacy_historical,,,,,,,,,
1788471000000,772.58926746,1788471899999,1791376157436,legacy_historical,,,,,,,,,
1788471900000,772.57497746,1788472799999,1791376157436,legacy_historical,,,,,,,,,
1788472800000,772.3751442,1788473699999,1791376157436,legacy_historical,,,,,,,,,
1788473700000,772.52025361,1788474599999,1791376157436,legacy_historical,,,,,,,,,
1788474600000,772.57267438,1788475499999,1791376157436,legacy_historical,,,,,,,,,
1788475500000,772.62123307,1788476399999,1791376157436,legacy_historical,,,,,,,,,
1788476400000,772.68051232,1788477299999,1791376157436,legacy_historical,,,,,,,,,
1788477300000,772.68775395,1788478199999,1791376157436,legacy_historical,,,,,,,,,
1788478200000,772.69067431,1788479099999,1791376157436,legacy_historical,,,,,,,,,
1788479100000,772.72670067,1788479999999,1791376157436,legacy_historical,,,,,,,,,
1788480000000,773.03548271,1788480899999,1791376157436,legacy_historical,,,,,,,,,
1788480900000,773.19862574,1788481799999,1791376157436,legacy_historical,,,,,,,,,
1788481800000,773.30952984,1788482699999,1791376157436,legacy_historical,,,,,,,,,
1788482700000,773.39274283,1788483599999,1791376157436,legacy_historical,,,,,,,,,
1788483600000,773.24102671,1788484499999,1791376157436,legacy_historical,,,,,,,,,
1788484500000,773.43304862,1788485399999,1791376157436,legacy_historical,,,,,,,,,
1788485400000,773.48542621,1788486299999,1791376157436,legacy_historical,,,,,,,,,
1788486300000,773.47239098,1788487199999,1791376157436,legacy_historical,,,,,,,,,
1788487200000,773.51205472,1788488099999,1791376157436,legacy_historical,,,,,,,,,
1788488100000,773.53477916,1788488999999,1791376157436,legacy_historical,,,,,,,,,
1788489000000,773.5070287,1788489899999,1791376157436,legacy_historical,,,,,,,,,
1788489900000,773.72448701,1788490799999,1791376157436,legacy_historical,,,,,,,,,
1788490800000,773.60066724,1788491699999,1791376157436,legacy_historical,,,,,,,,,
1788491700000,773.7062615,1788492599999,1791376157436,legacy_historical,,,,,,,,,
1788492600000,773.70605047,1788493499999,1791376157436,legacy_historical,,,,,,,,,
1788493500000,773.67124693,1788494399999,1791376157436,legacy_historical,,,,,,,,,
1788494400000,773.79487358,1788495299999,1791376157436,legacy_historical,,,,,,,,,
1788495300000,773.94446124,1788496199999,1791376157436,legacy_historical,,,,,,,,,
1788496200000,773.88673803,1788497099999,1791376157436,legacy_historical,,,,,,,,,
1788497100000,773.93101901,1788497999999,1791376157436,legacy_historical,,,,,,,,,
1788498000000,774.14744452,1788498899999,1791376157436,legacy_historical,,,,,,,,,
1788498900000,774.16588642,1788499799999,1791376157436,legacy_historical,,,,,,,,,
1788499800000,774.10729143,1788500699999,1791376157436,legacy_historical,,,,,,,,,
1788500700000,773.98571371,1788501599999,1791376157436,legacy_historical,,,,,,,,,
1788501600000,774.2497632,1788502499999,1791376157436,legacy_historical,,,,,,,,,
1788502500000,774.22334492,1788503399999,1791376157436,legacy_historical,,,,,,,,,
1788503400000,773.9144969,1788504299999,1791376157436,legacy_historical,,,,,,,,,
1788504300000,773.47465687,1788505199999,1791376157436,legacy_historical,,,,,,,,,
1788505200000,773.83628295,1788506099999,1791376157436,legacy_historical,,,,,,,,,
1788506100000,773.85435743,1788506999999,1791376157436,legacy_historical,,,,,,,,,
1788507000000,774.11565178,1788507899999,1791376157436,legacy_historical,,,,,,,,,
1788507900000,773.94163293,1788508799999,1791376157436,legacy_historical,,,,,,,,,
1788508800000,773.8839224,1788509699999,1791376157436,legacy_historical,,,,,,,,,
1788509700000,774.0261549,1788510599999,1791376157436,legacy_historical,,,,,,,,,
1788510600000,773.98138087,1788511499999,1791376157436,legacy_historical,,,,,,,,,
1788511500000,774.037023,1788512399999,1791376157436,legacy_historical,,,,,,,,,
1788512400000,773.80724023,1788513299999,1791376157436,legacy_historical,,,,,,,,,
1788513300000,773.57179137,1788514199999,1791376157436,legacy_historical,,,,,,,,,
1788514200000,773.6371079,1788515099999,1791376157436,legacy_historical,,,,,,,,,
1788515100000,773.76831513,1788515999999,1791376157436,legacy_historical,,,,,,,,,
1788516000000,773.89815165,1788516899999,1791376157436,legacy_historical,,,,,,,,,
1788516900000,774.01924892,1788517799999,1791376157436,legacy_historical,,,,,,,,,
1788517800000,773.95641644,1788518699999,1791376157436,legacy_historical,,,,,,,,,
1788518700000,774.02840283,1788519599999,1791376157436,legacy_historical,,,,,,,,,
1788519600000,773.69721249,1788520499999,1791376157436,legacy_historical,,,,,,,,,
1788520500000,773.73264971,1788521399999,1791376157436,legacy_historical,,,,,,,,,
1788521400000,773.89860893,1788522299999,1791376157436,legacy_historical,,,,,,,,,
1788522300000,774.01946567,1788523199999,1791376157436,legacy_historical,,,,,,,,,
1788523200000,772.92545906,1788524099999,1791376157436,legacy_historical,,,,,,,,,
1788524100000,773.76203693,1788524999999,1791376157436,legacy_historical,,,,,,,,,
1788525000000,771.91747224,1788525899999,1791376157436,legacy_historical,,,,,,,,,
1788525900000,771.65460273,1788526799999,1791376157436,legacy_historical,,,,,,,,,
1788526800000,771.59736938,1788527699999,1791376157436,legacy_historical,,,,,,,,,
1788527700000,771.98874327,1788528599999,1791376157436,legacy_historical,,,,,,,,,
1788528600000,772.21341564,1788529499999,1791376157436,legacy_historical,,,,,,,,,
1788529500000,772.3692802,1788530399999,1791376157436,legacy_historical,,,,,,,,,
1788530400000,771.7196154,1788531299999,1791376157436,legacy_historical,,,,,,,,,
1788531300000,771.32486399,1788532199999,1791376157436,legacy_historical,,,,,,,,,
1788532200000,770.45843934,1788533099999,1791376157436,legacy_historical,,,,,,,,,
1788533100000,769.58539048,1788533999999,1791376157436,legacy_historical,,,,,,,,,
1788534000000,769.96363739,1788534899999,1791376157436,legacy_historical,,,,,,,,,
1788534900000,769.47079534,1788535799999,1791376157436,legacy_historical,,,,,,,,,
1788535800000,770.00535835,1788536699999,1791376157436,legacy_historical,,,,,,,,,
1788536700000,770.04475924,1788537599999,1791376157436,legacy_historical,,,,,,,,,
1788537600000,770.7816179,1788538499999,1791376157436,legacy_historical,,,,,,,,,
1788538500000,770.70855685,1788539399999,1791376157436,legacy_historical,,,,,,,,,
1788539400000,770.92736818,1788540299999,1791376157436,legacy_historical,,,,,,,,,
1788540300000,770.91975112,1788541199999,1791376157436,legacy_historical,,,,,,,,,
1788541200000,770.34257319,1788542099999,1791376157436,legacy_historical,,,,,,,,,
1788542100000,769.85994809,1788542999999,1791376157436,legacy_historical,,,,,,,,,
1788543000000,769.29788018,1788543899999,1791376157436,legacy_historical,,,,,,,,,
1788543900000,769.45385903,1788544799999,1791376157436,legacy_historical,,,,,,,,,
1788544800000,769.61500978,1788545699999,1791376157436,legacy_historical,,,,,,,,,
1788545700000,769.83472378,1788546599999,1791376157436,legacy_historical,,,,,,,,,
1788546600000,770.12784059,1788547499999,1791376157436,legacy_historical,,,,,,,,,
1788547500000,770.23555436,1788548399999,1791376157436,legacy_historical,,,,,,,,,
1788548400000,769.56977959,1788549299999,1791376157436,legacy_historical,,,,,,,,,
1788549300000,769.99808017,1788550199999,1791376157436,legacy_historical,,,,,,,,,
1788550200000,769.82666726,1788551099999,1791376157436,legacy_historical,,,,,,,,,
1788551100000,770.06989599,1788551999999,1791376157436,legacy_historical,,,,,,,,,
1788552000000,769.66809777,1788552899999,1791376157436,legacy_historical,,,,,,,,,
1788552900000,769.4348594,1788553799999,1791376157436,legacy_historical,,,,,,,,,
1788553800000,769.28799562,1788554699999,1791376157436,legacy_historical,,,,,,,,,
1788554700000,769.25247452,1788555599999,1791376157436,legacy_historical,,,,,,,,,
1788555600000,769.54880068,1788556499999,1791376157436,legacy_historical,,,,,,,,,
1788556500000,769.62143622,1788557399999,1791376157436,legacy_historical,,,,,,,,,
1788557400000,769.62729284,1788558299999,1791376157436,legacy_historical,,,,,,,,,
1788558300000,769.66928003,1788559199999,1791376157436,legacy_historical,,,,,,,,,
1788559200000,769.34438433,1788560099999,1791376157436,legacy_historical,,,,,,,,,
1788560100000,769.31885259,1788560999999,1791376157436,legacy_historical,,,,,,,,,
1788561000000,769.53869979,1788561899999,1791376157436,legacy_historical,,,,,,,,,
1788561900000,769.60517334,1788562799999,1791376157436,legacy_historical,,,,,,,,,
1788562800000,769.71096242,1788563699999,1791376157436,legacy_historical,,,,,,,,,
1788563700000,769.65932396,1788564599999,1791376157436,legacy_historical,,,,,,,,,
1788564600000,769.60558315,1788565499999,1791376157436,legacy_historical,,,,,,,,,
1788565500000,769.50645832,1788566399999,1791376157436,legacy_historical,,,,,,,,,
1788566400000,769.84922574,1788567299999,1791376157436,legacy_historical,,,,,,,,,
1788567300000,770.05019084,1788568199999,1791376157436,legacy_historical,,,,,,,,,
1788568200000,770.18115457,1788569099999,1791376157436,legacy_historical,,,,,,,,,
1788569100000,770.25790051,1788569999999,1791376157436,legacy_historical,,,,,,,,,
1788570000000,770.31308974,1788570899999,1791376157436,legacy_historical,,,,,,,,,
1788570900000,770.33065012,1788571799999,1791376157436,legacy_historical,,,,,,,,,
1788571800000,770.34844798,1788572699999,1791376157436,legacy_historical,,,,,,,,,
1788572700000,770.39540541,1788573599999,1791376157436,legacy_historical,,,,,,,,,
1788573600000,770.20480364,1788574499999,1791376157436,legacy_historical,,,,,,,,,
1788574500000,769.96921523,1788575399999,1791376157436,legacy_historical,,,,,,,,,
1788575400000,769.81300807,1788576299999,1791376157436,legacy_historical,,,,,,,,,
1788576300000,769.75590658,1788577199999,1791376157436,legacy_historical,,,,,,,,,
1788577200000,769.75659408,1788578099999,1791376157436,legacy_historical,,,,,,,,,
1788578100000,769.77270321,1788578999999,1791376157436,legacy_historical,,,,,,,,,
1788579000000,769.77714429,1788579899999,1791376157436,legacy_historical,,,,,,,,,
1788579900000,769.79805392,1788580799999,1791376157436,legacy_historical,,,,,,,,,
1788580800000,769.74489934,1788581699999,1791376157436,legacy_historical,,,,,,,,,
1788581700000,769.6941481,1788582599999,1791376157436,legacy_historical,,,,,,,,,
1788582600000,769.69427536,1788583499999,1791376157436,legacy_historical,,,,,,,,,
1788583500000,769.789796,1788584399999,1791376157436,legacy_historical,,,,,,,,,
1788584400000,769.87272741,1788585299999,1791376157436,legacy_historical,,,,,,,,,
1788585300000,769.93448484,1788586199999,1791376157436,legacy_historical,,,,,,,,,
1788586200000,769.96990359,1788587099999,1791376157436,legacy_historical,,,,,,,,,
1788587100000,770.00555258,1788587999999,1791376157436,legacy_historical,,,,,,,,,
1788588000000,770.19232694,1788588899999,1791376157436,legacy_historical,,,,,,,,,
1788588900000,770.29289923,1788589799999,1791376157436,legacy_historical,,,,,,,,,
1788589800000,770.3560765,1788590699999,1791376157436,legacy_historical,,,,,,,,,
1788590700000,770.41242316,1788591599999,1791376157436,legacy_historical,,,,,,,,,
1788591600000,770.43934499,1788592499999,1791376157436,legacy_historical,,,,,,,,,
1788592500000,770.47272063,1788593399999,1791376157436,legacy_historical,,,,,,,,,
1788593400000,770.50307004,1788594299999,1791376157436,legacy_historical,,,,,,,,,
1788594300000,770.51872622,1788595199999,1791376157436,legacy_historical,,,,,,,,,
1788595200000,770.51907062,1788596099999,1791376157436,legacy_historical,,,,,,,,,
1788596100000,770.51465114,1788596999999,1791376157436,legacy_historical,,,,,,,,,
1788597000000,770.48108749,1788597899999,1791376157436,legacy_historical,,,,,,,,,
1788597900000,770.45058846,1788598799999,1791376157436,legacy_historical,,,,,,,,,
1788598800000,770.47396037,1788599699999,1791376157436,legacy_historical,,,,,,,,,
1788599700000,770.49460125,1788600599999,1791376157436,legacy_historical,,,,,,,,,
1788600600000,770.51879675,1788601499999,1791376157436,legacy_historical,,,,,,,,,
1788601500000,770.53437192,1788602399999,1791376157436,legacy_historical,,,,,,,,,
1788602400000,770.55551384,1788603299999,1791376157436,legacy_historical,,,,,,,,,
1788603300000,770.77212104,1788604199999,1791376157436,legacy_historical,,,,,,,,,
1788604200000,770.80140513,1788605099999,1791376157436,legacy_historical,,,,,,,,,
1788605100000,770.80671738,1788605999999,1791376157436,legacy_historical,,,,,,,,,
1788606000000,770.84332935,1788606899999,1791376157436,legacy_historical,,,,,,,,,
1788606900000,770.87734881,1788607799999,1791376157436,legacy_historical,,,,,,,,,
1788607800000,771.00340356,1788608699999,1791376157436,legacy_historical,,,,,,,,,
1788608700000,770.96439773,1788609599999,1791376157436,legacy_historical,,,,,,,,,
1788609600000,770.86432002,1788610499999,1791376157436,legacy_historical,,,,,,,,,
1788610500000,770.88828195,1788611399999,1791376157436,legacy_historical,,,,,,,,,
1788611400000,770.9289019,1788612299999,1791376157436,legacy_historical,,,,,,,,,
1788612300000,770.99213978,1788613199999,1791376157436,legacy_historical,,,,,,,,,
1788613200000,771.14370159,1788614099999,1791376157436,legacy_historical,,,,,,,,,
1788614100000,771.20726882,1788614999999,1791376157436,legacy_historical,,,,,,,,,
1788615000000,771.10410886,1788615899999,1791376157436,legacy_historical,,,,,,,,,
1788615900000,771.03055522,1788616799999,1791376157436,legacy_historical,,,,,,,,,
1788616800000,771.02552714,1788617699999,1791376157436,legacy_historical,,,,,,,,,
1788617700000,771.03773232,1788618599999,1791376157436,legacy_historical,,,,,,,,,
1788618600000,771.06024729,1788619499999,1791376157436,legacy_historical,,,,,,,,,
1788619500000,771.08458256,1788620399999,1791376157436,legacy_historical,,,,,,,,,
1788620400000,771.10489107,1788621299999,1791376157436,legacy_historical,,,,,,,,,
1788621300000,771.14272638,1788622199999,1791376157436,legacy_historical,,,,,,,,,
1788622200000,771.19571887,1788623099999,1791376157436,legacy_historical,,,,,,,,,
1788623100000,771.25303577,1788623999999,1791376157436,legacy_historical,,,,,,,,,
1788624000000,771.23552731,1788624899999,1791376157436,legacy_historical,,,,,,,,,
1788624900000,771.28015554,1788625799999,1791376157436,legacy_historical,,,,,,,,,
1788625800000,771.32367424,1788626699999,1791376157436,legacy_historical,,,,,,,,,
1788626700000,771.32182007,1788627599999,1791376157436,legacy_historical,,,,,,,,,
1788627600000,771.38672693,1788628499999,1791376157436,legacy_historical,,,,,,,,,
1788628500000,771.46854381,1788629399999,1791376157436,legacy_historical,,,,,,,,,
1788629400000,771.54152434,1788630299999,1791376157436,legacy_historical,,,,,,,,,
1788630300000,771.59295861,1788631199999,1791376157436,legacy_historical,,,,,,,,,
1788631200000,771.64883973,1788632099999,1791376157436,legacy_historical,,,,,,,,,
1788632100000,771.70931585,1788632999999,1791376157436,legacy_historical,,,,,,,,,
1788633000000,771.76866521,1788633899999,1791376157436,legacy_historical,,,,,,,,,
1788633900000,771.8261959,1788634799999,1791376157436,legacy_historical,,,,,,,,,
1788634800000,771.88400281,1788635699999,1791376157436,legacy_historical,,,,,,,,,
1788635700000,771.8837038,1788636599999,1791376157436,legacy_historical,,,,,,,,,
1788636600000,771.89483182,1788637499999,1791376157436,legacy_historical,,,,,,,,,
1788637500000,771.88766577,1788638399999,1791376157436,legacy_historical,,,,,,,,,
1788638400000,771.87280646,1788639299999,1791376157436,legacy_historical,,,,,,,,,
1788639300000,771.82165046,1788640199999,1791376157436,legacy_historical,,,,,,,,,
1788640200000,771.7886743,1788641099999,1791376157436,legacy_historical,,,,,,,,,
1788641100000,771.76791872,1788641999999,1791376157436,legacy_historical,,,,,,,,,
1788642000000,771.74945445,1788642899999,1791376157436,legacy_historical,,,,,,,,,
1788642900000,771.73816117,1788643799999,1791376157436,legacy_historical,,,,,,,,,
1788643800000,771.76967377,1788644699999,1791376157436,legacy_historical,,,,,,,,,
1788644700000,771.83147317,1788645599999,1791376157436,legacy_historical,,,,,,,,,
1788645600000,771.84686232,1788646499999,1791376157436,legacy_historical,,,,,,,,,
1788646500000,771.84714774,1788647399999,1791376157436,legacy_historical,,,,,,,,,
1788647400000,771.85536995,1788648299999,1791376157436,legacy_historical,,,,,,,,,
1788648300000,771.86201483,1788649199999,1791376157436,legacy_historical,,,,,,,,,
1788649200000,771.96987021,1788650099999,1791376157436,legacy_historical,,,,,,,,,
1788650100000,772.13985796,1788650999999,1791376157436,legacy_historical,,,,,,,,,
1788651000000,772.22653883,1788651899999,1791376157436,legacy_historical,,,,,,,,,
1788651900000,772.19654622,1788652799999,1791376157436,legacy_historical,,,,,,,,,
1788652800000,772.14427367,1788653699999,1791376157436,legacy_historical,,,,,,,,,
1788653700000,772.08441681,1788654599999,1791376157436,legacy_historical,,,,,,,,,
1788654600000,772.01332129,1788655499999,1791376157436,legacy_historical,,,,,,,,,
1788655500000,771.96078973,1788656399999,1791376157436,legacy_historical,,,,,,,,,
1788656400000,771.9593334,1788657299999,1791376157436,legacy_historical,,,,,,,,,
1788657300000,772.03791512,1788658199999,1791376157436,legacy_historical,,,,,,,,,
1788658200000,772.06811247,1788659099999,1791376157436,legacy_historical,,,,,,,,,
1788659100000,772.02271913,1788659999999,1791376157436,legacy_historical,,,,,,,,,
1788660000000,771.95764128,1788660899999,1791376157436,legacy_historical,,,,,,,,,
1788660900000,771.9279276,1788661799999,1791376157436,legacy_historical,,,,,,,,,
1788661800000,772.0210395,1788662699999,1791376157436,legacy_historical,,,,,,,,,
1788662700000,772.10030259,1788663599999,1791376157436,legacy_historical,,,,,,,,,
1788663600000,772.12329831,1788664499999,1791376157436,legacy_historical,,,,,,,,,
1788664500000,772.10320124,1788665399999,1791376157436,legacy_historical,,,,,,,,,
1788665400000,772.10937462,1788666299999,1791376157436,legacy_historical,,,,,,,,,
1788666300000,772.12551306,1788667199999,1791376157436,legacy_historical,,,,,,,,,
1788667200000,772.14200407,1788668099999,1791376157436,legacy_historical,,,,,,,,,
1788668100000,772.10794355,1788668999999,1791376157436,legacy_historical,,,,,,,,,
1788669000000,772.079413,1788669899999,1791376157436,legacy_historical,,,,,,,,,
1788669900000,772.04813501,1788670799999,1791376157436,legacy_historical,,,,,,,,,
1788670800000,772.05785086,1788671699999,1791376157436,legacy_historical,,,,,,,,,
1788671700000,772.08632563,1788672599999,1791376157436,legacy_historical,,,,,,,,,
1788672600000,772.07582582,1788673499999,1791376157436,legacy_historical,,,,,,,,,
1788673500000,772.04794979,1788674399999,1791376157436,legacy_historical,,,,,,,,,
1788674400000,772.04007809,1788675299999,1791376157436,legacy_historical,,,,,,,,,
1788675300000,772.00733141,1788676199999,1791376157436,legacy_historical,,,,,,,,,
1788676200000,771.97544564,1788677099999,1791376157436,legacy_historical,,,,,,,,,
1788677100000,771.97847604,1788677999999,1791376157436,legacy_historical,,,,,,,,,
1788678000000,771.90671306,1788678899999,1791376157436,legacy_historical,,,,,,,,,
1788678900000,771.90717954,1788679799999,1791376157436,legacy_historical,,,,,,,,,
1788679800000,771.86670465,1788680699999,1791376157436,legacy_historical,,,,,,,,,
1788680700000,771.87492406,1788681599999,1791376157436,legacy_historical,,,,,,,,,
1788681600000,771.91678057,1788682499999,1791376157436,legacy_historical,,,,,,,,,
1788682500000,771.8567844,1788683399999,1791376157436,legacy_historical,,,,,,,,,
1788683400000,771.8394914,1788684299999,1791376157436,legacy_historical,,,,,,,,,
1788684300000,771.87308427,1788685199999,1791376157436,legacy_historical,,,,,,,,,
1788685200000,771.92264451,1788686099999,1791376157436,legacy_historical,,,,,,,,,
1788686100000,771.96656594,1788686999999,1791376157436,legacy_historical,,,,,,,,,
1788687000000,772.01319509,1788687899999,1791376157436,legacy_historical,,,,,,,,,
1788687900000,772.02891277,1788688799999,1791376157436,legacy_historical,,,,,,,,,
1788688800000,772.01260232,1788689699999,1791376157436,legacy_historical,,,,,,,,,
1788689700000,771.99929216,1788690599999,1791376157436,legacy_historical,,,,,,,,,
1788690600000,771.97394034,1788691499999,1791376157436,legacy_historical,,,,,,,,,
1788691500000,771.96142203,1788692399999,1791376157436,legacy_historical,,,,,,,,,
1788692400000,771.95406271,1788693299999,1791376157436,legacy_historical,,,,,,,,,
1788693300000,771.91223801,1788694199999,1791376157436,legacy_historical,,,,,,,,,
1788694200000,771.87382548,1788695099999,1791376157436,legacy_historical,,,,,,,,,
1788695100000,771.84933234,1788695999999,1791376157436,legacy_historical,,,,,,,,,
1788696000000,771.84687224,1788696899999,1791376157436,legacy_historical,,,,,,,,,
1788696900000,771.81121567,1788697799999,1791376157436,legacy_historical,,,,,,,,,
1788697800000,771.79174734,1788698699999,1791376157436,legacy_historical,,,,,,,,,
1788698700000,771.78856154,1788699599999,1791376157436,legacy_historical,,,,,,,,,
1788699600000,771.65918152,1788700499999,1791376157436,legacy_historical,,,,,,,,,
1788700500000,771.50961786,1788701399999,1791376157436,legacy_historical,,,,,,,,,
1788701400000,771.39852028,1788702299999,1791376157436,legacy_historical,,,,,,,,,
1788702300000,771.47123315,1788703199999,1791376157436,legacy_historical,,,,,,,,,
1788703200000,771.46775379,1788704099999,1791376157436,legacy_historical,,,,,,,,,
1788704100000,771.42591758,1788704999999,1791376157436,legacy_historical,,,,,,,,,
1788705000000,771.35256993,1788705899999,1791376157436,legacy_historical,,,,,,,,,
1788705900000,771.36133105,1788706799999,1791376157436,legacy_historical,,,,,,,,,
1788706800000,771.39563433,1788707699999,1791376157436,legacy_historical,,,,,,,,,
1788707700000,771.47676426,1788708599999,1791376157436,legacy_historical,,,,,,,,,
1788708600000,771.74432798,1788709499999,1791376157436,legacy_historical,,,,,,,,,
1788709500000,771.84273275,1788710399999,1791376157436,legacy_historical,,,,,,,,,
1788710400000,771.67801629,1788711299999,1791376157436,legacy_historical,,,,,,,,,
1788711300000,771.6320522,1788712199999,1791376157436,legacy_historical,,,,,,,,,
1788712200000,771.63763374,1788713099999,1791376157436,legacy_historical,,,,,,,,,
1788713100000,771.67750571,1788713999999,1791376157436,legacy_historical,,,,,,,,,
1788714000000,771.68382096,1788714899999,1791376157436,legacy_historical,,,,,,,,,
1788714900000,771.7145009,1788715799999,1791376157436,legacy_historical,,,,,,,,,
1788715800000,771.68056511,1788716699999,1791376157436,legacy_historical,,,,,,,,,
1788716700000,771.6786484,1788717599999,1791376157436,legacy_historical,,,,,,,,,
1788717600000,771.72691012,1788718499999,1791376157436,legacy_historical,,,,,,,,,
1788718500000,771.83080879,1788719399999,1791376157436,legacy_historical,,,,,,,,,
1788719400000,771.92296349,1788720299999,1791376157436,legacy_historical,,,,,,,,,
1788720300000,771.93160979,1788721199999,1791376157436,legacy_historical,,,,,,,,,
1788721200000,771.92192904,1788722099999,1791376157436,legacy_historical,,,,,,,,,
1788722100000,771.97584271,1788722999999,1791376157436,legacy_historical,,,,,,,,,
1788723000000,772.0072422,1788723899999,1791376157436,legacy_historical,,,,,,,,,
1788723900000,772.07699118,1788724799999,1791376157436,legacy_historical,,,,,,,,,
1788724800000,772.05078886,1788725699999,1791376157436,legacy_historical,,,,,,,,,
1788725700000,772.0764097,1788726599999,1791376157436,legacy_historical,,,,,,,,,
1788726600000,772.10405778,1788727499999,1791376157436,legacy_historical,,,,,,,,,
1788727500000,772.05276372,1788728399999,1791376157436,legacy_historical,,,,,,,,,
1788728400000,772.05790943,1788729299999,1791376157436,legacy_historical,,,,,,,,,
1788729300000,772.13635921,1788730199999,1791376157436,legacy_historical,,,,,,,,,
1788730200000,772.14045986,1788731099999,1791376157436,legacy_historical,,,,,,,,,
1788731100000,772.15809037,1788731999999,1791376157436,legacy_historical,,,,,,,,,
1788732000000,771.59021792,1788732899999,1791376157436,legacy_historical,,,,,,,,,
1788732900000,771.25520565,1788733799999,1791376157436,legacy_historical,,,,,,,,,
1788733800000,771.05777335,1788734699999,1791376157436,legacy_historical,,,,,,,,,
1788734700000,770.96535851,1788735599999,1791376157436,legacy_historical,,,,,,,,,
1788735600000,770.92519541,1788736499999,1791376157436,legacy_historical,,,,,,,,,
1788736500000,770.84392039,1788737399999,1791376157436,legacy_historical,,,,,,,,,
1788737400000,770.79997362,1788738299999,1791376157436,legacy_historical,,,,,,,,,
1788738300000,770.75790335,1788739199999,1791376157436,legacy_historical,,,,,,,,,
1788739200000,770.70241312,1788740099999,1791376157436,legacy_historical,,,,,,,,,
1788740100000,770.59819098,1788740999999,1791376157436,legacy_historical,,,,,,,,,
1788741000000,770.4934859,1788741899999,1791376157436,legacy_historical,,,,,,,,,
1788741900000,770.47522605,1788742799999,1791376157436,legacy_historical,,,,,,,,,
1788742800000,770.40995961,1788743699999,1791376157436,legacy_historical,,,,,,,,,
1788743700000,770.36491587,1788744599999,1791376157436,legacy_historical,,,,,,,,,
1788744600000,770.45922025,1788745499999,1791376157436,legacy_historical,,,,,,,,,
1788745500000,770.52067037,1788746399999,1791376157436,legacy_historical,,,,,,,,,
1788746400000,770.55064334,1788747299999,1791376157436,legacy_historical,,,,,,,,,
1788747300000,770.55303077,1788748199999,1791376157436,legacy_historical,,,,,,,,,
1788748200000,770.63809641,1788749099999,1791376157436,legacy_historical,,,,,,,,,
1788749100000,770.60544543,1788749999999,1791376157436,legacy_historical,,,,,,,,,
1788750000000,770.4206551,1788750899999,1791376157436,legacy_historical,,,,,,,,,
1788750900000,770.34602848,1788751799999,1791376157436,legacy_historical,,,,,,,,,
1788751800000,770.39329217,1788752699999,1791376157436,legacy_historical,,,,,,,,,
1788752700000,770.32336865,1788753599999,1791376157436,legacy_historical,,,,,,,,,
1788753600000,770.22677082,1788754499999,1791376157436,legacy_historical,,,,,,,,,
1788754500000,770.1466359,1788755399999,1791376157436,legacy_historical,,,,,,,,,
1788755400000,770.06924489,1788756299999,1791376157436,legacy_historical,,,,,,,,,
1788756300000,770.0975101,1788757199999,1791376157436,legacy_historical,,,,,,,,,
1788757200000,770.13514189,1788758099999,1791376157436,legacy_historical,,,,,,,,,
1788758100000,770.21360397,1788758999999,1791376157436,legacy_historical,,,,,,,,,
1788759000000,770.39295902,1788759899999,1791376157436,legacy_historical,,,,,,,,,
1788759900000,770.51888277,1788760799999,1791376157436,legacy_historical,,,,,,,,,
1788760800000,770.40229164,1788761699999,1791376157436,legacy_historical,,,,,,,,,
1788761700000,770.41782842,1788762599999,1791376157436,legacy_historical,,,,,,,,,
1788762600000,770.56655211,1788763499999,1791376157436,legacy_historical,,,,,,,,,
1788763500000,770.67617161,1788764399999,1791376157436,legacy_historical,,,,,,,,,
1788764400000,770.87313387,1788765299999,1791376157436,legacy_historical,,,,,,,,,
1788765300000,770.90999515,1788766199999,1791376157436,legacy_historical,,,,,,,,,
1788766200000,770.83402367,1788767099999,1791376157436,legacy_historical,,,,,,,,,
1788767100000,770.79950846,1788767999999,1791376157436,legacy_historical,,,,,,,,,
1788768000000,770.81619133,1788768899999,1791376157436,legacy_historical,,,,,,,,,
1788768900000,770.83905804,1788769799999,1791376157436,legacy_historical,,,,,,,,,
1788769800000,770.82204084,1788770699999,1791376157436,legacy_historical,,,,,,,,,
1788770700000,770.79495726,1788771599999,1791376157436,legacy_historical,,,,,,,,,
1788771600000,770.7556918,1788772499999,1791376157436,legacy_historical,,,,,,,,,
1788772500000,770.64363599,1788773399999,1791376157436,legacy_historical,,,,,,,,,
1788773400000,770.5777218,1788774299999,1791376157436,legacy_historical,,,,,,,,,
1788774300000,770.55911824,1788775199999,1791376157436,legacy_historical,,,,,,,,,
1788775200000,770.51106108,1788776099999,1791376157436,legacy_historical,,,,,,,,,
1788776100000,770.49643025,1788776999999,1791376157436,legacy_historical,,,,,,,,,
1788777000000,770.47846428,1788777899999,1791376157436,legacy_historical,,,,,,,,,
1788777900000,770.35021108,1788778799999,1791376157436,legacy_historical,,,,,,,,,
1788778800000,770.06794385,1788779699999,1791376157436,legacy_historical,,,,,,,,,
1788779700000,769.84203149,1788780599999,1791376157436,legacy_historical,,,,,,,,,
1788780600000,769.66103295,1788781499999,1791376157436,legacy_historical,,,,,,,,,
1788781500000,769.56905204,1788782399999,1791376157436,legacy_historical,,,,,,,,,
1788782400000,769.42373515,1788783299999,1791376157436,legacy_historical,,,,,,,,,
1788783300000,769.28274112,1788784199999,1791376157436,legacy_historical,,,,,,,,,
1788784200000,769.30925353,1788785099999,1791376157436,legacy_historical,,,,,,,,,
1788785100000,769.44552025,1788785999999,1791376157436,legacy_historical,,,,,,,,,
1788786000000,769.5484444,1788786899999,1791376157436,legacy_historical,,,,,,,,,
1788786900000,769.735455,1788787799999,1791376157436,legacy_historical,,,,,,,,,
1788787800000,769.85554211,1788788699999,1791376157436,legacy_historical,,,,,,,,,
1788788700000,769.90658916,1788789599999,1791376157436,legacy_historical,,,,,,,,,
1788789600000,769.89332754,1788790499999,1791376157436,legacy_historical,,,,,,,,,
1788790500000,769.83083921,1788791399999,1791376157436,legacy_historical,,,,,,,,,
1788791400000,769.80188221,1788792299999,1791376157436,legacy_historical,,,,,,,,,
1788792300000,769.75350077,1788793199999,1791376157436,legacy_historical,,,,,,,,,
1788793200000,769.55426608,1788794099999,1791376157436,legacy_historical,,,,,,,,,
1788794100000,769.40043531,1788794999999,1791376157436,legacy_historical,,,,,,,,,
1788795000000,769.35086951,1788795899999,1791376157436,legacy_historical,,,,,,,,,
1788795900000,769.28294267,1788796799999,1791376157436,legacy_historical,,,,,,,,,
1788796800000,769.25948538,1788797699999,1791376157436,legacy_historical,,,,,,,,,
1788797700000,769.3281535,1788798599999,1791376157436,legacy_historical,,,,,,,,,
1788798600000,769.41082008,1788799499999,1791376157436,legacy_historical,,,,,,,,,
1788799500000,769.42573405,1788800399999,1791376157436,legacy_historical,,,,,,,,,
1788800400000,769.50367707,1788801299999,1791376157436,legacy_historical,,,,,,,,,
1788801300000,769.5728086,1788802199999,1791376157436,legacy_historical,,,,,,,,,
1788802200000,769.43819236,1788803099999,1791376157436,legacy_historical,,,,,,,,,
1788803100000,769.43775783,1788803999999,1791376157436,legacy_historical,,,,,,,,,
1788804000000,769.57358307,1788804899999,1791376157436,legacy_historical,,,,,,,,,
1788804900000,769.57989539,1788805799999,1791376157436,legacy_historical,,,,,,,,,
1788805800000,769.55414642,1788806699999,1791376157436,legacy_historical,,,,,,,,,
1788806700000,769.59170058,1788807599999,1791376157436,legacy_historical,,,,,,,,,
1788807600000,769.62156697,1788808499999,1791376157436,legacy_historical,,,,,,,,,
1788808500000,769.6402525,1788809399999,1791376157436,legacy_historical,,,,,,,,,
1788809400000,769.69385387,1788810299999,1791376157436,legacy_historical,,,,,,,,,
1788810300000,769.80816615,1788811199999,1791376157436,legacy_historical,,,,,,,,,
1788811200000,769.87354251,1788812099999,1791376157436,legacy_historical,,,,,,,,,
1788812100000,769.91381278,1788812999999,1791376157436,legacy_historical,,,,,,,,,
1788813000000,769.93916742,1788813899999,1791376157436,legacy_historical,,,,,,,,,
1788813900000,769.95486894,1788814799999,1791376157436,legacy_historical,,,,,,,,,
1788814800000,769.98559406,1788815699999,1791376157436,legacy_historical,,,,,,,,,
1788815700000,770.02829834,1788816599999,1791376157436,legacy_historical,,,,,,,,,
1788816600000,770.07394949,1788817499999,1791376157436,legacy_historical,,,,,,,,,
1788817500000,770.08786295,1788818399999,1791376157436,legacy_historical,,,,,,,,,
1788818400000,769.92806776,1788819299999,1791376157436,legacy_historical,,,,,,,,,
1788819300000,769.71103064,1788820199999,1791376157436,legacy_historical,,,,,,,,,
1788820200000,769.4908682,1788821099999,1791376157436,legacy_historical,,,,,,,,,
1788821100000,769.39407766,1788821999999,1791376157436,legacy_historical,,,,,,,,,
1788822000000,769.34797192,1788822899999,1791376157436,legacy_historical,,,,,,,,,
1788822900000,769.28990349,1788823799999,1791376157436,legacy_historical,,,,,,,,,
1788823800000,769.39870194,1788824699999,1791376157436,legacy_historical,,,,,,,,,
1788824700000,769.6688382,1788825599999,1791376157436,legacy_historical,,,,,,,,,
1788825600000,769.10479072,1788826499999,1791376157436,legacy_historical,,,,,,,,,
1788826500000,769.20303298,1788827399999,1791376157436,legacy_historical,,,,,,,,,
1788827400000,769.31224013,1788828299999,1791376157436,legacy_historical,,,,,,,,,
1788828300000,769.27042468,1788829199999,1791376157436,legacy_historical,,,,,,,,,
1788829200000,769.24006226,1788830099999,1791376157436,legacy_historical,,,,,,,,,
1788830100000,769.3996799,1788830999999,1791376157436,legacy_historical,,,,,,,,,
1788831000000,769.80945926,1788831899999,1791376157436,legacy_historical,,,,,,,,,
1788831900000,770.24148147,1788832799999,1791376157436,legacy_historical,,,,,,,,,
1788832800000,770.05935983,1788833699999,1791376157436,legacy_historical,,,,,,,,,
1788833700000,770.10099054,1788834599999,1791376157436,legacy_historical,,,,,,,,,
1788834600000,769.92588626,1788835499999,1791376157436,legacy_historical,,,,,,,,,
1788835500000,769.48178273,1788836399999,1791376157436,legacy_historical,,,,,,,,,
1788836400000,769.93872204,1788837299999,1791376157436,legacy_historical,,,,,,,,,
1788837300000,770.40725493,1788838199999,1791376157436,legacy_historical,,,,,,,,,
1788838200000,770.3109564,1788839099999,1791376157436,legacy_historical,,,,,,,,,
1788839100000,770.44957281,1788839999999,1791376157436,legacy_historical,,,,,,,,,
1788840000000,770.48504396,1788840899999,1791376157436,legacy_historical,,,,,,,,,
1788840900000,770.5496485,1788841799999,1791376157436,legacy_historical,,,,,,,,,
1788841800000,770.65343503,1788842699999,1791376157436,legacy_historical,,,,,,,,,
1788842700000,770.53972411,1788843599999,1791376157436,legacy_historical,,,,,,,,,
1788843600000,769.78638961,1788844499999,1791376157436,legacy_historical,,,,,,,,,
1788844500000,769.87918946,1788845399999,1791376157436,legacy_historical,,,,,,,,,
1788845400000,769.13086849,1788846299999,1791376157436,legacy_historical,,,,,,,,,
1788846300000,768.78005506,1788847199999,1791376157436,legacy_historical,,,,,,,,,
1788847200000,768.42392628,1788848099999,1791376157436,legacy_historical,,,,,,,,,
1788848100000,768.06138156,1788848999999,1791376157436,legacy_historical,,,,,,,,,
1788849000000,768.51567359,1788849899999,1791376157436,legacy_historical,,,,,,,,,
1788849900000,768.52200723,1788850799999,1791376157436,legacy_historical,,,,,,,,,
1788850800000,768.74128901,1788851699999,1791376157436,legacy_historical,,,,,,,,,
1788851700000,768.67798119,1788852599999,1791376157436,legacy_historical,,,,,,,,,
1788852600000,767.79367124,1788853499999,1791376157436,legacy_historical,,,,,,,,,
1788853500000,767.42008044,1788854399999,1791376157436,legacy_historical,,,,,,,,,
1788854400000,767.56778044,1788855299999,1791376157436,legacy_historical,,,,,,,,,
1788855300000,767.36757863,1788856199999,1791376157436,legacy_historical,,,,,,,,,
1788856200000,767.24108456,1788857099999,1791376157436,legacy_historical,,,,,,,,,
1788857100000,767.39766653,1788857999999,1791376157436,legacy_historical,,,,,,,,,
1788858000000,767.7721063,1788858899999,1791376157436,legacy_historical,,,,,,,,,
1788858900000,767.90847382,1788859799999,1791376157436,legacy_historical,,,,,,,,,
1788859800000,768.52515794,1788860699999,1791376157436,legacy_historical,,,,,,,,,
1788860700000,769.06436759,1788861599999,1791376157436,legacy_historical,,,,,,,,,
1788861600000,768.86498619,1788862499999,1791376157436,legacy_historical,,,,,,,,,
1788862500000,769.18219048,1788863399999,1791376157436,legacy_historical,,,,,,,,,
1788863400000,768.61808966,1788864299999,1791376157436,legacy_historical,,,,,,,,,
1788864300000,768.27972228,1788865199999,1791376157436,legacy_historical,,,,,,,,,
1788865200000,767.8423495,1788866099999,1791376157436,legacy_historical,,,,,,,,,
1788866100000,767.99814567,1788866999999,1791376157436,legacy_historical,,,,,,,,,
1788867000000,768.10975441,1788867899999,1791376157436,legacy_historical,,,,,,,,,
1788867900000,768.66829589,1788868799999,1791376157436,legacy_historical,,,,,,,,,
1788868800000,768.25760397,1788869699999,1791376157436,legacy_historical,,,,,,,,,
1788869700000,768.61778839,1788870599999,1791376157436,legacy_historical,,,,,,,,,
1788870600000,769.15376239,1788871499999,1791376157436,legacy_historical,,,,,,,,,
1788871500000,769.5305013,1788872399999,1791376157436,legacy_historical,,,,,,,,,
1788872400000,769.58860281,1788873299999,1791376157436,legacy_historical,,,,,,,,,
1788873300000,769.41193029,1788874199999,1791376157436,legacy_historical,,,,,,,,,
1788874200000,767.60270858,1788875099999,1791376157436,legacy_historical,,,,,,,,,
1788875100000,767.7481805,1788875999999,1791376157436,legacy_historical,,,,,,,,,
1788876000000,766.75946198,1788876899999,1791376157436,legacy_historical,,,,,,,,,
1788876900000,766.96840909,1788877799999,1791376157436,legacy_historical,,,,,,,,,
1788877800000,767.35289836,1788878699999,1791376157436,legacy_historical,,,,,,,,,
1788878700000,767.8708163,1788879599999,1791376157436,legacy_historical,,,,,,,,,
1788879600000,768.30294983,1788880499999,1791376157436,legacy_historical,,,,,,,,,
1788880500000,768.0894742,1788881399999,1791376157436,legacy_historical,,,,,,,,,
1788881400000,768.22258162,1788882299999,1791376157436,legacy_historical,,,,,,,,,
1788882300000,767.59751115,1788883199999,1791376157436,legacy_historical,,,,,,,,,
1788883200000,767.452715,1788884099999,1791376157436,legacy_historical,,,,,,,,,
1788884100000,767.26974529,1788884999999,1791376157436,legacy_historical,,,,,,,,,
1788885000000,767.16675309,1788885899999,1791376157436,legacy_historical,,,,,,,,,
1788885900000,767.12366746,1788886799999,1791376157436,legacy_historical,,,,,,,,,
1788886800000,767.82358036,1788887699999,1791376157436,legacy_historical,,,,,,,,,
1788887700000,767.69148984,1788888599999,1791376157436,legacy_historical,,,,,,,,,
1788888600000,767.54385793,1788889499999,1791376157436,legacy_historical,,,,,,,,,
1788889500000,767.69227822,1788890399999,1791376157436,legacy_historical,,,,,,,,,
1788890400000,767.96731303,1788891299999,1791376157436,legacy_historical,,,,,,,,,
1788891300000,767.90800658,1788892199999,1791376157436,legacy_historical,,,,,,,,,
1788892200000,767.71343304,1788893099999,1791376157436,legacy_historical,,,,,,,,,
1788893100000,766.95186799,1788893999999,1791376157436,legacy_historical,,,,,,,,,
1788894000000,767.07911966,1788894899999,1791376157436,legacy_historical,,,,,,,,,
1788894900000,767.15576908,1788895799999,1791376157436,legacy_historical,,,,,,,,,
1788895800000,766.98404226,1788896699999,1791376157436,legacy_historical,,,,,,,,,
1788896700000,766.10901954,1788897599999,1791376157436,legacy_historical,,,,,,,,,
1788897600000,765.95676364,1788898499999,1791376157436,legacy_historical,,,,,,,,,
1788898500000,765.68825476,1788899399999,1791376157436,legacy_historical,,,,,,,,,
1788899400000,765.75269042,1788900299999,1791376157436,legacy_historical,,,,,,,,,
1788900300000,765.90929687,1788901199999,1791376157436,legacy_historical,,,,,,,,,
1788901200000,766.00437269,1788902099999,1791376157436,legacy_historical,,,,,,,,,
1788902100000,765.94164503,1788902999999,1791376157436,legacy_historical,,,,,,,,,
1788903000000,765.90505667,1788903899999,1791376157436,legacy_historical,,,,,,,,,
1788903900000,765.95348777,1788904799999,1791376157436,legacy_historical,,,,,,,,,
1788904800000,766.00763438,1788905699999,1791376157436,legacy_historical,,,,,,,,,
1788905700000,766.02314057,1788906599999,1791376157436,legacy_historical,,,,,,,,,
1788906600000,766.00346567,1788907499999,1791376157436,legacy_historical,,,,,,,,,
1788907500000,766.32495117,1788908399999,1791376157436,legacy_historical,,,,,,,,,
1788908400000,766.1623999,1788909299999,1791376157436,legacy_historical,,,,,,,,,
1788909300000,765.98653446,1788910199999,1791376157436,legacy_historical,,,,,,,,,
1788910200000,765.85052196,1788911099999,1791376157436,legacy_historical,,,,,,,,,
1788911100000,765.48564139,1788911999999,1791376157436,legacy_historical,,,,,,,,,
1788912000000,766.15049791,1788912899999,1791376157436,legacy_historical,,,,,,,,,
1788912900000,765.88097313,1788913799999,1791376157436,legacy_historical,,,,,,,,,
1788913800000,766.05416005,1788914699999,1791376157436,legacy_historical,,,,,,,,,
1788914700000,766.27937939,1788915599999,1791376157436,legacy_historical,,,,,,,,,
1788915600000,766.43478474,1788916499999,1791376157436,legacy_historical,,,,,,,,,
1788916500000,766.66334387,1788917399999,1791376157436,legacy_historical,,,,,,,,,
1788917400000,766.58782808,1788918299999,1791376157436,legacy_historical,,,,,,,,,
1788918300000,766.60054759,1788919199999,1791376157436,legacy_historical,,,,,,,,,
1788919200000,766.58740283,1788920099999,1791376157436,legacy_historical,,,,,,,,,
1788920100000,766.64296841,1788920999999,1791376157436,legacy_historical,,,,,,,,,
1788921000000,766.75859113,1788921899999,1791376157436,legacy_historical,,,,,,,,,
1788921900000,766.77403741,1788922799999,1791376157436,legacy_historical,,,,,,,,,
1788922800000,766.49708551,1788923699999,1791376157436,legacy_historical,,,,,,,,,
1788923700000,766.65458798,1788924599999,1791376157436,legacy_historical,,,,,,,,,
1788924600000,766.63692429,1788925499999,1791376157436,legacy_historical,,,,,,,,,
1788925500000,766.44959267,1788926399999,1791376157436,legacy_historical,,,,,,,,,
1788926400000,766.37191878,1788927299999,1791376157436,legacy_historical,,,,,,,,,
1788927300000,766.73986442,1788928199999,1791376157436,legacy_historical,,,,,,,,,
1788928200000,767.01503448,1788929099999,1791376157436,legacy_historical,,,,,,,,,
1788929100000,767.06000171,1788929999999,1791376157436,legacy_historical,,,,,,,,,
1788930000000,767.06607155,1788930899999,1791376157436,legacy_historical,,,,,,,,,
1788930900000,766.81231431,1788931799999,1791376157436,legacy_historical,,,,,,,,,
1788931800000,766.8846288,1788932699999,1791376157436,legacy_historical,,,,,,,,,
1788932700000,767.2335097,1788933599999,1791376157436,legacy_historical,,,,,,,,,
1788933600000,767.19636827,1788934499999,1791376157436,legacy_historical,,,,,,,,,
1788934500000,766.64159845,1788935399999,1791376157436,legacy_historical,,,,,,,,,
1788935400000,766.9590154,1788936299999,1791376157436,legacy_historical,,,,,,,,,
1788936300000,766.68268629,1788937199999,1791376157436,legacy_historical,,,,,,,,,
1788937200000,766.68990153,1788938099999,1791376157436,legacy_historical,,,,,,,,,
1788938100000,767.24629675,1788938999999,1791376157436,legacy_historical,,,,,,,,,
1788939000000,766.85778738,1788939899999,1791376157436,legacy_historical,,,,,,,,,
1788939900000,766.69231111,1788940799999,1791376157436,legacy_historical,,,,,,,,,
1788940800000,766.58971504,1788941699999,1791376157436,legacy_historical,,,,,,,,,
1788941700000,766.66834794,1788942599999,1791376157436,legacy_historical,,,,,,,,,
1788942600000,766.17593713,1788943499999,1791376157436,legacy_historical,,,,,,,,,
1788943500000,766.30422731,1788944399999,1791376157436,legacy_historical,,,,,,,,,
1788944400000,766.09676563,1788945299999,1791376157436,legacy_historical,,,,,,,,,
1788945300000,765.9743996,1788946199999,1791376157436,legacy_historical,,,,,,,,,
1788946200000,765.5441253,1788947099999,1791376157436,legacy_historical,,,,,,,,,
1788947100000,763.99055381,1788947999999,1791376157436,legacy_historical,,,,,,,,,
1788948000000,764.11482818,1788948899999,1791376157436,legacy_historical,,,,,,,,,
1788948900000,764.33063079,1788949799999,1791376157436,legacy_historical,,,,,,,,,
1788949800000,763.86915879,1788950699999,1791376157436,legacy_historical,,,,,,,,,
1788950700000,763.25266581,1788951599999,1791376157436,legacy_historical,,,,,,,,,
1788951600000,763.64119969,1788952499999,1791376157436,legacy_historical,,,,,,,,,
1788952500000,763.7436242,1788953399999,1791376157436,legacy_historical,,,,,,,,,
1788953400000,763.39667609,1788954299999,1791376157436,legacy_historical,,,,,,,,,
1788954300000,763.67090867,1788955199999,1791376157436,legacy_historical,,,,,,,,,
1788955200000,762.81546516,1788956099999,1791376157436,legacy_historical,,,,,,,,,
1788956100000,763.00443786,1788956999999,1791376157436,legacy_historical,,,,,,,,,
1788957000000,763.5153596,1788957899999,1791376157436,legacy_historical,,,,,,,,,
1788957900000,763.74419158,1788958799999,1791376157436,legacy_historical,,,,,,,,,
1788958800000,763.91651601,1788959699999,1791376157436,legacy_historical,,,,,,,,,
1788959700000,764.22768603,1788960599999,1791376157436,legacy_historical,,,,,,,,,
1788960600000,763.94918814,1788961499999,1791376157436,legacy_historical,,,,,,,,,
1788961500000,764.36776503,1788962399999,1791376157436,legacy_historical,,,,,,,,,
1788962400000,764.12786873,1788963299999,1791376157436,legacy_historical,,,,,,,,,
1788963300000,764.18884379,1788964199999,1791376157436,legacy_historical,,,,,,,,,
1788964200000,763.93884025,1788965099999,1791376157436,legacy_historical,,,,,,,,,
1788965100000,763.98861773,1788965999999,1791376157436,legacy_historical,,,,,,,,,
1788966000000,761.85978631,1788966899999,1791376157436,legacy_historical,,,,,,,,,
1788966900000,761.78315439,1788967799999,1791376157436,legacy_historical,,,,,,,,,
1788967800000,762.46650917,1788968699999,1791376157436,legacy_historical,,,,,,,,,
1788968700000,762.40851194,1788969599999,1791376157436,legacy_historical,,,,,,,,,
1788969600000,761.89050673,1788970499999,1791376157436,legacy_historical,,,,,,,,,
1788970500000,761.85886854,1788971399999,1791376157436,legacy_historical,,,,,,,,,
1788971400000,762.66995476,1788972299999,1791376157436,legacy_historical,,,,,,,,,
1788972300000,762.81636125,1788973199999,1791376157436,legacy_historical,,,,,,,,,
1788973200000,763.33898788,1788974099999,1791376157436,legacy_historical,,,,,,,,,
1788974100000,763.1472624,1788974999999,1791376157436,legacy_historical,,,,,,,,,
1788975000000,763.19309155,1788975899999,1791376157436,legacy_historical,,,,,,,,,
1788975900000,763.30166786,1788976799999,1791376157436,legacy_historical,,,,,,,,,
1788976800000,762.69321293,1788977699999,1791376157436,legacy_historical,,,,,,,,,
1788977700000,763.03023824,1788978599999,1791376157436,legacy_historical,,,,,,,,,
1788978600000,763.37386689,1788979499999,1791376157436,legacy_historical,,,,,,,,,
1788979500000,763.10502322,1788980399999,1791376157436,legacy_historical,,,,,,,,,
1788980400000,763.17941806,1788981299999,1791376157436,legacy_historical,,,,,,,,,
1788981300000,763.30019447,1788982199999,1791376157436,legacy_historical,,,,,,,,,
1788982200000,762.9894886,1788983099999,1791376157436,legacy_historical,,,,,,,,,
1788983100000,762.5816073,1788983999999,1791376157436,legacy_historical,,,,,,,,,
1788984000000,762.7760532,1788984899999,1791376157436,legacy_historical,,,,,,,,,
1788984900000,762.72225432,1788985799999,1791376157436,legacy_historical,,,,,,,,,
1788985800000,762.85958287,1788986699999,1791376157436,legacy_historical,,,,,,,,,
1788986700000,762.99847822,1788987599999,1791376157436,legacy_historical,,,,,,,,,
1788987600000,762.89156563,1788988499999,1791376157436,legacy_historical,,,,,,,,,
1788988500000,762.92903734,1788989399999,1791376157436,legacy_historical,,,,,,,,,
1788989400000,762.89683008,1788990299999,1791376157436,legacy_historical,,,,,,,,,
1788990300000,762.90581309,1788991199999,1791376157436,legacy_historical,,,,,,,,,
1788991200000,762.94235069,1788992099999,1791376157436,legacy_historical,,,,,,,,,
1788992100000,762.90590068,1788992999999,1791376157436,legacy_historical,,,,,,,,,
1788993000000,763.01764171,1788993899999,1791376157436,legacy_historical,,,,,,,,,
1788993900000,762.98551157,1788994799999,1791376157436,legacy_historical,,,,,,,,,
1788994800000,762.81577071,1788995699999,1791376157436,legacy_historical,,,,,,,,,
1788995700000,762.87901917,1788996599999,1791376157436,legacy_historical,,,,,,,,,
1788996600000,762.98246346,1788997499999,1791376157436,legacy_historical,,,,,,,,,
1788997500000,763.38191075,1788998399999,1791376157436,legacy_historical,,,,,,,,,
1788998400000,763.36954796,1788999299999,1791376157436,legacy_historical,,,,,,,,,
1788999300000,763.77555827,1789000199999,1791376157436,legacy_historical,,,,,,,,,
1789000200000,763.60208199,1789001099999,1791376157436,legacy_historical,,,,,,,,,
1789001100000,763.08562297,1789001999999,1791376157436,legacy_historical,,,,,,,,,
1789002000000,763.09370114,1789002899999,1791376157436,legacy_historical,,,,,,,,,
1789002900000,762.85532967,1789003799999,1791376157436,legacy_historical,,,,,,,,,
1789003800000,763.1434619,1789004699999,1791376157436,legacy_historical,,,,,,,,,
1789004700000,763.4257686,1789005599999,1791376157436,legacy_historical,,,,,,,,,
1789005600000,763.29491984,1789006499999,1791376157436,legacy_historical,,,,,,,,,
1789006500000,763.25796679,1789007399999,1791376157436,legacy_historical,,,,,,,,,
1789007400000,763.70170585,1789008299999,1791376157436,legacy_historical,,,,,,,,,
1789008300000,763.81252166,1789009199999,1791376157436,legacy_historical,,,,,,,,,
1789009200000,763.80585045,1789010099999,1791376157436,legacy_historical,,,,,,,,,
1789010100000,763.72003994,1789010999999,1791376157436,legacy_historical,,,,,,,,,
1789011000000,763.77398415,1789011899999,1791376157436,legacy_historical,,,,,,,,,
1789011900000,763.9738982,1789012799999,1791376157436,legacy_historical,,,,,,,,,
1789012800000,764.04293695,1789013699999,1791376157436,legacy_historical,,,,,,,,,
1789013700000,763.91579265,1789014599999,1791376157436,legacy_historical,,,,,,,,,
1789014600000,764.01085864,1789015499999,1791376157436,legacy_historical,,,,,,,,,
1789015500000,764.2366569,1789016399999,1791376157436,legacy_historical,,,,,,,,,
1789016400000,764.34829807,1789017299999,1791376157436,legacy_historical,,,,,,,,,
1789017300000,764.58092044,1789018199999,1791376157436,legacy_historical,,,,,,,,,
1789018200000,764.66855568,1789019099999,1791376157436,legacy_historical,,,,,,,,,
1789019100000,764.70782682,1789019999999,1791376157436,legacy_historical,,,,,,,,,
1789020000000,764.54156996,1789020899999,1791376157436,legacy_historical,,,,,,,,,
1789020900000,764.6587721,1789021799999,1791376157436,legacy_historical,,,,,,,,,
1789021800000,764.8042262,1789022699999,1791376157436,legacy_historical,,,,,,,,,
1789022700000,764.7284936,1789023599999,1791376157436,legacy_historical,,,,,,,,,
1789023600000,764.57352175,1789024499999,1791376157436,legacy_historical,,,,,,,,,
1789024500000,764.13962032,1789025399999,1791376157436,legacy_historical,,,,,,,,,
1789025400000,764.3869698,1789026299999,1791376157436,legacy_historical,,,,,,,,,
1789026300000,764.33705154,1789027199999,1791376157436,legacy_historical,,,,,,,,,
1789027200000,764.16908441,1789028099999,1791376157436,legacy_historical,,,,,,,,,
1789028100000,764.31862274,1789028999999,1791376157436,legacy_historical,,,,,,,,,
1789029000000,763.75434772,1789029899999,1791376157436,legacy_historical,,,,,,,,,
1789029900000,763.70862834,1789030799999,1791376157436,legacy_historical,,,,,,,,,
1789030800000,763.75091053,1789031699999,1791376157436,legacy_historical,,,,,,,,,
1789031700000,763.62328456,1789032599999,1791376157436,legacy_historical,,,,,,,,,
1789032600000,763.53942297,1789033499999,1791376157436,legacy_historical,,,,,,,,,
1789033500000,763.67616046,1789034399999,1791376157436,legacy_historical,,,,,,,,,
1789034400000,763.5612596,1789035299999,1791376157436,legacy_historical,,,,,,,,,
1789035300000,763.63529997,1789036199999,1791376157436,legacy_historical,,,,,,,,,
1789036200000,763.53190754,1789037099999,1791376157436,legacy_historical,,,,,,,,,
1789037100000,763.40774447,1789037999999,1791376157436,legacy_historical,,,,,,,,,
1789038000000,762.82167858,1789038899999,1791376157436,legacy_historical,,,,,,,,,
1789038900000,762.73975678,1789039799999,1791376157436,legacy_historical,,,,,,,,,
1789039800000,762.83711361,1789040699999,1791376157436,legacy_historical,,,,,,,,,
1789040700000,761.76573939,1789041599999,1791376157436,legacy_historical,,,,,,,,,
1789041600000,761.68755947,1789042499999,1791376157436,legacy_historical,,,,,,,,,
1789042500000,760.99207217,1789043399999,1791376157436,legacy_historical,,,,,,,,,
1789043400000,758.60882174,1789044299999,1791376157436,legacy_historical,,,,,,,,,
1789044300000,758.44797542,1789045199999,1791376157436,legacy_historical,,,,,,,,,
1789045200000,758.54478757,1789046099999,1791376157436,legacy_historical,,,,,,,,,
1789046100000,758.30579152,1789046999999,1791376157436,legacy_historical,,,,,,,,,
1789047000000,758.41051955,1789047899999,1791376157436,legacy_historical,,,,,,,,,
1789047900000,757.05693811,1789048799999,1791376157436,legacy_historical,,,,,,,,,
1789048800000,757.69931852,1789049699999,1791376157436,legacy_historical,,,,,,,,,
1789049700000,759.07461161,1789050599999,1791376157436,legacy_historical,,,,,,,,,
1789050600000,759.20454063,1789051499999,1791376157436,legacy_historical,,,,,,,,,
1789051500000,759.68303656,1789052399999,1791376157436,legacy_historical,,,,,,,,,
1789052400000,759.309323,1789053299999,1791376157436,legacy_historical,,,,,,,,,
1789053300000,759.53531017,1789054199999,1791376157436,legacy_historical,,,,,,,,,
1789054200000,759.70373205,1789055099999,1791376157436,legacy_historical,,,,,,,,,
1789055100000,758.89133176,1789055999999,1791376157436,legacy_historical,,,,,,,,,
1789056000000,758.50092976,1789056899999,1791376157436,legacy_historical,,,,,,,,,
1789056900000,758.44188427,1789057799999,1791376157436,legacy_historical,,,,,,,,,
1789057800000,759.16740509,1789058699999,1791376157436,legacy_historical,,,,,,,,,
1789058700000,759.55132134,1789059599999,1791376157436,legacy_historical,,,,,,,,,
1789059600000,759.45073218,1789060499999,1791376157436,legacy_historical,,,,,,,,,
1789060500000,758.90761593,1789061399999,1791376157436,legacy_historical,,,,,,,,,
1789061400000,758.75077659,1789062299999,1791376157436,legacy_historical,,,,,,,,,
1789062300000,758.65695938,1789063199999,1791376157436,legacy_historical,,,,,,,,,
1789063200000,758.08751042,1789064099999,1791376157436,legacy_historical,,,,,,,,,
1789064100000,758.07530931,1789064999999,1791376157436,legacy_historical,,,,,,,,,
1789065000000,758.14037448,1789065899999,1791376157436,legacy_historical,,,,,,,,,
1789065900000,758.09253664,1789066799999,1791376157436,legacy_historical,,,,,,,,,
1789066800000,758.14190367,1789067699999,1791376157436,legacy_historical,,,,,,,,,
1789067700000,757.9174537,1789068599999,1791376157436,legacy_historical,,,,,,,,,
1789068600000,758.37723634,1789069499999,1791376157436,legacy_historical,,,,,,,,,
1789069500000,758.23454124,1789070399999,1791376157436,legacy_historical,,,,,,,,,
1789070400000,758.83940882,1789071299999,1791376157436,legacy_historical,,,,,,,,,
1789071300000,758.65236181,1789072199999,1791376157436,legacy_historical,,,,,,,,,
1789072200000,758.68926825,1789073099999,1791376157436,legacy_historical,,,,,,,,,
1789073100000,758.56549751,1789073999999,1791376157436,legacy_historical,,,,,,,,,
1789074000000,758.58631621,1789074899999,1791376157436,legacy_historical,,,,,,,,,
1789074900000,758.56671492,1789075799999,1791376157436,legacy_historical,,,,,,,,,
1789075800000,758.43278571,1789076699999,1791376157436,legacy_historical,,,,,,,,,
1789076700000,758.59435798,1789077599999,1791376157436,legacy_historical,,,,,,,,,
1789077600000,758.51982416,1789078499999,1791376157436,legacy_historical,,,,,,,,,
1789078500000,758.55967803,1789079399999,1791376157436,legacy_historical,,,,,,,,,
1789079400000,758.31939468,1789080299999,1791376157436,legacy_historical,,,,,,,,,
1789080300000,758.32856706,1789081199999,1791376157436,legacy_historical,,,,,,,,,
1789081200000,758.40588177,1789082099999,1791376157436,legacy_historical,,,,,,,,,
1789082100000,758.33871445,1789082999999,1791376157436,legacy_historical,,,,,,,,,
1789083000000,758.39070167,1789083899999,1791376157436,legacy_historical,,,,,,,,,
1789083900000,757.97269415,1789084799999,1791376157436,legacy_historical,,,,,,,,,
1789084800000,758.76283921,1789085699999,1791376157436,legacy_historical,,,,,,,,,
1789085700000,759.08500629,1789086599999,1791376157436,legacy_historical,,,,,,,,,
1789086600000,758.96851462,1789087499999,1791376157436,legacy_historical,,,,,,,,,
1789087500000,759.65559672,1789088399999,1791376157436,legacy_historical,,,,,,,,,
1789088400000,759.87739175,1789089299999,1791376157436,legacy_historical,,,,,,,,,
1789089300000,759.51931061,1789090199999,1791376157436,legacy_historical,,,,,,,,,
1789090200000,759.4705334,1789091099999,1791376157436,legacy_historical,,,,,,,,,
1789091100000,759.59102082,1789091999999,1791376157436,legacy_historical,,,,,,,,,
1789092000000,759.67085662,1789092899999,1791376157436,legacy_historical,,,,,,,,,
1789092900000,759.22466075,1789093799999,1791376157436,legacy_historical,,,,,,,,,
1789093800000,758.92013746,1789094699999,1791376157436,legacy_historical,,,,,,,,,
1789094700000,759.00621411,1789095599999,1791376157436,legacy_historical,,,,,,,,,
1789095600000,758.88400134,1789096499999,1791376157436,legacy_historical,,,,,,,,,
1789096500000,758.75047174,1789097399999,1791376157436,legacy_historical,,,,,,,,,
1789097400000,758.92089945,1789098299999,1791376157436,legacy_historical,,,,,,,,,
1789098300000,758.7373836,1789099199999,1791376157436,legacy_historical,,,,,,,,,
1789099200000,759.26036141,1789100099999,1791376157436,legacy_historical,,,,,,,,,
1789100100000,759.68306492,1789100999999,1791376157436,legacy_historical,,,,,,,,,
1789101000000,759.79265717,1789101899999,1791376157436,legacy_historical,,,,,,,,,
1789101900000,759.67905758,1789102799999,1791376157436,legacy_historical,,,,,,,,,
1789102800000,760.18219193,1789103699999,1791376157436,legacy_historical,,,,,,,,,
1789103700000,759.82042816,1789104599999,1791376157436,legacy_historical,,,,,,,,,
1789104600000,760.58417822,1789105499999,1791376157436,legacy_historical,,,,,,,,,
1789105500000,761.21140474,1789106399999,1791376157436,legacy_historical,,,,,,,,,
1789106400000,761.44453168,1789107299999,1791376157436,legacy_historical,,,,,,,,,
1789107300000,761.31797249,1789108199999,1791376157436,legacy_historical,,,,,,,,,
1789108200000,761.26297761,1789109099999,1791376157436,legacy_historical,,,,,,,,,
1789109100000,761.7417985,1789109999999,1791376157436,legacy_historical,,,,,,,,,
1789110000000,761.66601003,1789110899999,1791376157436,legacy_historical,,,,,,,,,
1789110900000,761.34626563,1789111799999,1791376157436,legacy_historical,,,,,,,,,
1789111800000,761.28270695,1789112699999,1791376157436,legacy_historical,,,,,,,,,
1789112700000,761.21043035,1789113599999,1791376157436,legacy_historical,,,,,,,,,
1789113600000,761.23611205,1789114499999,1791376157436,legacy_historical,,,,,,,,,
1789114500000,762.08903578,1789115399999,1791376157436,legacy_historical,,,,,,,,,
1789115400000,762.17076032,1789116299999,1791376157436,legacy_historical,,,,,,,,,
1789116300000,762.71616942,1789117199999,1791376157436,legacy_historical,,,,,,,,,
1789117200000,762.33483513,1789118099999,1791376157436,legacy_historical,,,,,,,,,
1789118100000,762.48114706,1789118999999,1791376157436,legacy_historical,,,,,,,,,
1789119000000,762.48371963,1789119899999,1791376157436,legacy_historical,,,,,,,,,
1789119900000,762.63768583,1789120799999,1791376157436,legacy_historical,,,,,,,,,
1789120800000,762.7778841,1789121699999,1791376157436,legacy_historical,,,,,,,,,
1789121700000,762.70518165,1789122599999,1791376157436,legacy_historical,,,,,,,,,
1789122600000,762.70476869,1789123499999,1791376157436,legacy_historical,,,,,,,,,
1789123500000,762.47182889,1789124399999,1791376157436,legacy_historical,,,,,,,,,
1789124400000,762.25844616,1789125299999,1791376157436,legacy_historical,,,,,,,,,
1789125300000,762.50202334,1789126199999,1791376157436,legacy_historical,,,,,,,,,
1789126200000,762.58459537,1789127099999,1791376157436,legacy_historical,,,,,,,,,
1789127100000,762.67508182,1789127999999,1791376157436,legacy_historical,,,,,,,,,
1789128000000,762.67489072,1789128899999,1791376157436,legacy_historical,,,,,,,,,
1789128900000,763.68457141,1789129799999,1791376157436,legacy_historical,,,,,,,,,
1789129800000,763.22246568,1789130699999,1791376157436,legacy_historical,,,,,,,,,
1789130700000,766.16521825,1789131599999,1791376157436,legacy_historical,,,,,,,,,
1789131600000,765.2030195,1789132499999,1791376157436,legacy_historical,,,,,,,,,
1789132500000,765.14436608,1789133399999,1791376157436,legacy_historical,,,,,,,,,
1789133400000,765.74027609,1789134299999,1791376157436,legacy_historical,,,,,,,,,
1789134300000,766.49811191,1789135199999,1791376157436,legacy_historical,,,,,,,,,
1789135200000,765.1889236,1789136099999,1791376157436,legacy_historical,,,,,,,,,
1789136100000,766.05294756,1789136999999,1791376157436,legacy_historical,,,,,,,,,
1789137000000,764.29876905,1789137899999,1791376157436,legacy_historical,,,,,,,,,
1789137900000,764.19416823,1789138799999,1791376157436,legacy_historical,,,,,,,,,
1789138800000,764.79087399,1789139699999,1791376157436,legacy_historical,,,,,,,,,
1789139700000,766.23641012,1789140599999,1791376157436,legacy_historical,,,,,,,,,
1789140600000,766.34389303,1789141499999,1791376157436,legacy_historical,,,,,,,,,
1789141500000,765.98954223,1789142399999,1791376157436,legacy_historical,,,,,,,,,
1789142400000,765.80666995,1789143299999,1791376157436,legacy_historical,,,,,,,,,
1789143300000,765.11229019,1789144199999,1791376157436,legacy_historical,,,,,,,,,
1789144200000,765.62626145,1789145099999,1791376157436,legacy_historical,,,,,,,,,
1789145100000,765.83761627,1789145999999,1791376157436,legacy_historical,,,,,,,,,
1789146000000,765.7086701,1789146899999,1791376157436,legacy_historical,,,,,,,,,
1789146900000,766.1458131,1789147799999,1791376157436,legacy_historical,,,,,,,,,
1789147800000,766.06021554,1789148699999,1791376157436,legacy_historical,,,,,,,,,
1789148700000,765.93642352,1789149599999,1791376157436,legacy_historical,,,,,,,,,
1789149600000,765.84953537,1789150499999,1791376157436,legacy_historical,,,,,,,,,
1789150500000,765.66179607,1789151399999,1791376157436,legacy_historical,,,,,,,,,
1789151400000,765.40259702,1789152299999,1791376157436,legacy_historical,,,,,,,,,
1789152300000,765.24476044,1789153199999,1791376157436,legacy_historical,,,,,,,,,
1789153200000,765.07619044,1789154099999,1791376157436,legacy_historical,,,,,,,,,
1789154100000,765.23674945,1789154999999,1791376157436,legacy_historical,,,,,,,,,
1789155000000,765.23018226,1789155899999,1791376157436,legacy_historical,,,,,,,,,
1789155900000,764.52894437,1789156799999,1791376157436,legacy_historical,,,,,,,,,
1789156800000,764.5149653,1789157699999,1791376157436,legacy_historical,,,,,,,,,
1789157700000,764.51345587,1789158599999,1791376157436,legacy_historical,,,,,,,,,
1789158600000,764.49743326,1789159499999,1791376157436,legacy_historical,,,,,,,,,
1789159500000,764.59111855,1789160399999,1791376157436,legacy_historical,,,,,,,,,
1789160400000,764.46479818,1789161299999,1791376157436,legacy_historical,,,,,,,,,
1789161300000,764.30890105,1789162199999,1791376157436,legacy_historical,,,,,,,,,
1789162200000,764.35355493,1789163099999,1791376157436,legacy_historical,,,,,,,,,
1789163100000,764.58998769,1789163999999,1791376157436,legacy_historical,,,,,,,,,
1789164000000,764.66987668,1789164899999,1791376157436,legacy_historical,,,,,,,,,
1789164900000,764.60929332,1789165799999,1791376157436,legacy_historical,,,,,,,,,
1789165800000,764.94494877,1789166699999,1791376157436,legacy_historical,,,,,,,,,
1789166700000,764.86007836,1789167599999,1791376157436,legacy_historical,,,,,,,,,
1789167600000,764.72140876,1789168499999,1791376157436,legacy_historical,,,,,,,,,
1789168500000,764.71883355,1789169399999,1791376157436,legacy_historical,,,,,,,,,
1789169400000,764.72418479,1789170299999,1791376157436,legacy_historical,,,,,,,,,
1789170300000,764.72464334,1789171199999,1791376157436,legacy_historical,,,,,,,,,
1789171200000,764.91531953,1789172099999,1791376157436,legacy_historical,,,,,,,,,
1789172100000,765.03091685,1789172999999,1791376157436,legacy_historical,,,,,,,,,
1789173000000,765.11248735,1789173899999,1791376157436,legacy_historical,,,,,,,,,
1789173900000,765.17507983,1789174799999,1791376157436,legacy_historical,,,,,,,,,
1789174800000,765.26716458,1789175699999,1791376157436,legacy_historical,,,,,,,,,
1789175700000,765.33185162,1789176599999,1791376157436,legacy_historical,,,,,,,,,
1789176600000,765.34807089,1789177499999,1791376157436,legacy_historical,,,,,,,,,
1789177500000,765.33339188,1789178399999,1791376157436,legacy_historical,,,,,,,,,
1789178400000,765.32162627,1789179299999,1791376157436,legacy_historical,,,,,,,,,
1789179300000,765.32410784,1789180199999,1791376157436,legacy_historical,,,,,,,,,
1789180200000,765.3114252,1789181099999,1791376157436,legacy_historical,,,,,,,,,
1789181100000,765.35822305,1789181999999,1791376157436,legacy_historical,,,,,,,,,
1789182000000,765.42150842,1789182899999,1791376157436,legacy_historical,,,,,,,,,
1789182900000,765.45203309,1789183799999,1791376157436,legacy_historical,,,,,,,,,
1789183800000,765.48157467,1789184699999,1791376157436,legacy_historical,,,,,,,,,
1789184700000,765.50215986,1789185599999,1791376157436,legacy_historical,,,,,,,,,
1789185600000,765.49036251,1789186499999,1791376157436,legacy_historical,,,,,,,,,
1789186500000,765.4785453,1789187399999,1791376157436,legacy_historical,,,,,,,,,
1789187400000,765.51085443,1789188299999,1791376157436,legacy_historical,,,,,,,,,
1789188300000,765.54511571,1789189199999,1791376157436,legacy_historical,,,,,,,,,
1789189200000,765.57832268,1789190099999,1791376157436,legacy_historical,,,,,,,,,
1789190100000,765.5953639,1789190999999,1791376157436,legacy_historical,,,,,,,,,
1789191000000,765.59835599,1789191899999,1791376157436,legacy_historical,,,,,,,,,
1789191900000,765.61273201,1789192799999,1791376157436,legacy_historical,,,,,,,,,
1789192800000,765.65620343,1789193699999,1791376157436,legacy_historical,,,,,,,,,
1789193700000,765.69235192,1789194599999,1791376157436,legacy_historical,,,,,,,,,
1789194600000,765.65978743,1789195499999,1791376157436,legacy_historical,,,,,,,,,
1789195500000,765.67129503,1789196399999,1791376157436,legacy_historical,,,,,,,,,
1789196400000,765.66771903,1789197299999,1791376157436,legacy_historical,,,,,,,,,
1789197300000,765.64095692,1789198199999,1791376157436,legacy_historical,,,,,,,,,
1789198200000,765.68726756,1789199099999,1791376157436,legacy_historical,,,,,,,,,
1789199100000,765.71704747,1789199999999,1791376157436,legacy_historical,,,,,,,,,
1789200000000,765.73835678,1789200899999,1791376157436,legacy_historical,,,,,,,,,
1789200900000,765.74565432,1789201799999,1791376157436,legacy_historical,,,,,,,,,
1789201800000,765.75091402,1789202699999,1791376157436,legacy_historical,,,,,,,,,
1789202700000,765.75842413,1789203599999,1791376157436,legacy_historical,,,,,,,,,
1789203600000,765.75591247,1789204499999,1791376157436,legacy_historical,,,,,,,,,
1789204500000,765.76946086,1789205399999,1791376157436,legacy_historical,,,,,,,,,
1789205400000,765.75171203,1789206299999,1791376157436,legacy_historical,,,,,,,,,
1789206300000,765.70692822,1789207199999,1791376157436,legacy_historical,,,,,,,,,
1789207200000,765.70532936,1789208099999,1791376157436,legacy_historical,,,,,,,,,
1789208100000,765.75878247,1789208999999,1791376157436,legacy_historical,,,,,,,,,
1789209000000,765.78887565,1789209899999,1791376157436,legacy_historical,,,,,,,,,
1789209900000,765.79231489,1789210799999,1791376157436,legacy_historical,,,,,,,,,
1789210800000,765.77408862,1789211699999,1791376157436,legacy_historical,,,,,,,,,
1789211700000,765.76587205,1789212599999,1791376157436,legacy_historical,,,,,,,,,
1789212600000,765.74335933,1789213499999,1791376157436,legacy_historical,,,,,,,,,
1789213500000,765.74265717,1789214399999,1791376157436,legacy_historical,,,,,,,,,
1789214400000,765.73796292,1789215299999,1791376157436,legacy_historical,,,,,,,,,
1789215300000,765.67207528,1789216199999,1791376157436,legacy_historical,,,,,,,,,
1789216200000,765.66631903,1789217099999,1791376157436,legacy_historical,,,,,,,,,
1789217100000,765.71180302,1789217999999,1791376157436,legacy_historical,,,,,,,,,
1789218000000,765.78147163,1789218899999,1791376157436,legacy_historical,,,,,,,,,
1789218900000,765.80869699,1789219799999,1791376157436,legacy_historical,,,,,,,,,
1789219800000,765.84242719,1789220699999,1791376157436,legacy_historical,,,,,,,,,
1789220700000,765.8725085,1789221599999,1791376157436,legacy_historical,,,,,,,,,
1789221600000,765.88648682,1789222499999,1791376157436,legacy_historical,,,,,,,,,
1789222500000,765.92282646,1789223399999,1791376157436,legacy_historical,,,,,,,,,
1789223400000,765.94982698,1789224299999,1791376157436,legacy_historical,,,,,,,,,
1789224300000,765.94865531,1789225199999,1791376157436,legacy_historical,,,,,,,,,
1789225200000,765.94540461,1789226099999,1791376157436,legacy_historical,,,,,,,,,
1789226100000,765.95153506,1789226999999,1791376157436,legacy_historical,,,,,,,,,
1789227000000,765.99174506,1789227899999,1791376157436,legacy_historical,,,,,,,,,
1789227900000,766.01465612,1789228799999,1791376157436,legacy_historical,,,,,,,,,
1789228800000,766.03095279,1789229699999,1791376157436,legacy_historical,,,,,,,,,
1789229700000,766.0456004,1789230599999,1791376157436,legacy_historical,,,,,,,,,
1789230600000,766.0539464,1789231499999,1791376157436,legacy_historical,,,,,,,,,
1789231500000,766.05870182,1789232399999,1791376157436,legacy_historical,,,,,,,,,
1789232400000,766.06141139,1789233299999,1791376157436,legacy_historical,,,,,,,,,
1789233300000,766.06295526,1789234199999,1791376157436,legacy_historical,,,,,,,,,
1789234200000,766.05253897,1789235099999,1791376157436,legacy_historical,,,,,,,,,
1789235100000,765.98628162,1789235999999,1791376157436,legacy_historical,,,,,,,,,
1789236000000,765.93410448,1789236899999,1791376157436,legacy_historical,,,,,,,,,
1789236900000,765.90446216,1789237799999,1791376157436,legacy_historical,,,,,,,,,
1789237800000,765.91759999,1789238699999,1791376157436,legacy_historical,,,,,,,,,
1789238700000,765.97825486,1789239599999,1791376157436,legacy_historical,,,,,,,,,
1789239600000,766.01289441,1789240499999,1791376157436,legacy_historical,,,,,,,,,
1789240500000,766.03100885,1789241399999,1791376157436,legacy_historical,,,,,,,,,
1789241400000,765.98515444,1789242299999,1791376157436,legacy_historical,,,,,,,,,
1789242300000,765.91324354,1789243199999,1791376157436,legacy_historical,,,,,,,,,
1789243200000,765.86274101,1789244099999,1791376157436,legacy_historical,,,,,,,,,
1789244100000,765.82928149,1789244999999,1791376157436,legacy_historical,,,,,,,,,
1789245000000,765.80104401,1789245899999,1791376157436,legacy_historical,,,,,,,,,
1789245900000,765.69958526,1789246799999,1791376157436,legacy_historical,,,,,,,,,
1789246800000,765.68521837,1789247699999,1791376157436,legacy_historical,,,,,,,,,
1789247700000,765.69963584,1789248599999,1791376157436,legacy_historical,,,,,,,,,
1789248600000,765.78172497,1789249499999,1791376157436,legacy_historical,,,,,,,,,
1789249500000,765.88585568,1789250399999,1791376157436,legacy_historical,,,,,,,,,
1789250400000,765.94571762,1789251299999,1791376157436,legacy_historical,,,,,,,,,
1789251300000,765.97474766,1789252199999,1791376157436,legacy_historical,,,,,,,,,
1789252200000,765.96373581,1789253099999,1791376157436,legacy_historical,,,,,,,,,
1789253100000,765.95369163,1789253999999,1791376157436,legacy_historical,,,,,,,,,
1789254000000,765.92854379,1789254899999,1791376157436,legacy_historical,,,,,,,,,
1789254900000,765.88679076,1789255799999,1791376157436,legacy_historical,,,,,,,,,
1789255800000,765.86020746,1789256699999,1791376157436,legacy_historical,,,,,,,,,
1789256700000,765.84506069,1789257599999,1791376157436,legacy_historical,,,,,,,,,
1789257600000,765.84757379,1789258499999,1791376157436,legacy_historical,,,,,,,,,
1789258500000,765.82893889,1789259399999,1791376157436,legacy_historical,,,,,,,,,
1789259400000,765.78115256,1789260299999,1791376157436,legacy_historical,,,,,,,,,
1789260300000,765.67496952,1789261199999,1791376157436,legacy_historical,,,,,,,,,
1789261200000,765.5887803,1789262099999,1791376157436,legacy_historical,,,,,,,,,
1789262100000,765.49295522,1789262999999,1791376157436,legacy_historical,,,,,,,,,
1789263000000,765.43161062,1789263899999,1791376157436,legacy_historical,,,,,,,,,
1789263900000,765.37611341,1789264799999,1791376157436,legacy_historical,,,,,,,,,
1789264800000,765.3152607,1789265699999,1791376157436,legacy_historical,,,,,,,,,
1789265700000,765.28073136,1789266599999,1791376157436,legacy_historical,,,,,,,,,
1789266600000,765.26604603,1789267499999,1791376157436,legacy_historical,,,,,,,,,
1789267500000,765.3020772,1789268399999,1791376157436,legacy_historical,,,,,,,,,
1789268400000,765.31810955,1789269299999,1791376157436,legacy_historical,,,,,,,,,
1789269300000,765.33819457,1789270199999,1791376157436,legacy_historical,,,,,,,,,
1789270200000,765.3334047,1789271099999,1791376157436,legacy_historical,,,,,,,,,
1789271100000,765.31751297,1789271999999,1791376157436,legacy_historical,,,,,,,,,
1789272000000,765.25577425,1789272899999,1791376157436,legacy_historical,,,,,,,,,
1789272900000,765.13673749,1789273799999,1791376157436,legacy_historical,,,,,,,,,
1789273800000,765.03705178,1789274699999,1791376157436,legacy_historical,,,,,,,,,
1789274700000,764.92714556,1789275599999,1791376157436,legacy_historical,,,,,,,,,
1789275600000,764.67197419,1789276499999,1791376157436,legacy_historical,,,,,,,,,
1789276500000,764.36176094,1789277399999,1791376157436,legacy_historical,,,,,,,,,
1789277400000,764.25072057,1789278299999,1791376157436,legacy_historical,,,,,,,,,
1789278300000,764.21114116,1789279199999,1791376157436,legacy_historical,,,,,,,,,
1789279200000,764.14719204,1789280099999,1791376157436,legacy_historical,,,,,,,,,
1789280100000,764.08988471,1789280999999,1791376157436,legacy_historical,,,,,,,,,
1789281000000,764.02295574,1789281899999,1791376157436,legacy_historical,,,,,,,,,
1789281900000,763.93342078,1789282799999,1791376157436,legacy_historical,,,,,,,,,
1789282800000,763.77599464,1789283699999,1791376157436,legacy_historical,,,,,,,,,
1789283700000,763.70980511,1789284599999,1791376157436,legacy_historical,,,,,,,,,
1789284600000,763.76301233,1789285499999,1791376157436,legacy_historical,,,,,,,,,
1789285500000,763.74869194,1789286399999,1791376157436,legacy_historical,,,,,,,,,
1789286400000,763.74420904,1789287299999,1791376157436,legacy_historical,,,,,,,,,
1789287300000,763.51022623,1789288199999,1791376157436,legacy_historical,,,,,,,,,
1789288200000,763.25993386,1789289099999,1791376157436,legacy_historical,,,,,,,,,
1789289100000,762.96048885,1789289999999,1791376157436,legacy_historical,,,,,,,,,
1789290000000,762.65701703,1789290899999,1791376157436,legacy_historical,,,,,,,,,
1789290900000,762.40888155,1789291799999,1791376157436,legacy_historical,,,,,,,,,
1789291800000,761.9928139,1789292699999,1791376157436,legacy_historical,,,,,,,,,
1789292700000,761.76709998,1789293599999,1791376157436,legacy_historical,,,,,,,,,
1789293600000,761.55887281,1789294499999,1791376157436,legacy_historical,,,,,,,,,
1789294500000,761.32283153,1789295399999,1791376157436,legacy_historical,,,,,,,,,
1789295400000,761.09618421,1789296299999,1791376157436,legacy_historical,,,,,,,,,
1789296300000,760.87887217,1789297199999,1791376157436,legacy_historical,,,,,,,,,
1789297200000,760.74861847,1789298099999,1791376157436,legacy_historical,,,,,,,,,
1789298100000,760.75276619,1789298999999,1791376157436,legacy_historical,,,,,,,,,
1789299000000,760.8159431,1789299899999,1791376157436,legacy_historical,,,,,,,,,
1789299900000,760.75818654,1789300799999,1791376157436,legacy_historical,,,,,,,,,
1789300800000,760.67152154,1789301699999,1791376157436,legacy_historical,,,,,,,,,
1789301700000,760.60078859,1789302599999,1791376157436,legacy_historical,,,,,,,,,
1789302600000,760.53698667,1789303499999,1791376157436,legacy_historical,,,,,,,,,
1789303500000,760.54544864,1789304399999,1791376157436,legacy_historical,,,,,,,,,
1789304400000,760.56431891,1789305299999,1791376157436,legacy_historical,,,,,,,,,
1789305300000,760.58693404,1789306199999,1791376157436,legacy_historical,,,,,,,,,
1789306200000,760.49536908,1789307099999,1791376157436,legacy_historical,,,,,,,,,
1789307100000,760.85602535,1789307999999,1791376157436,legacy_historical,,,,,,,,,
1789308000000,761.08446905,1789308899999,1791376157436,legacy_historical,,,,,,,,,
1789308900000,761.30651841,1789309799999,1791376157436,legacy_historical,,,,,,,,,
1789309800000,761.29664882,1789310699999,1791376157436,legacy_historical,,,,,,,,,
1789310700000,761.19596027,1789311599999,1791376157436,legacy_historical,,,,,,,,,
1789311600000,761.14190833,1789312499999,1791376157436,legacy_historical,,,,,,,,,
1789312500000,761.03238669,1789313399999,1791376157436,legacy_historical,,,,,,,,,
1789313400000,760.86371096,1789314299999,1791376157436,legacy_historical,,,,,,,,,
1789314300000,760.72978355,1789315199999,1791376157436,legacy_historical,,,,,,,,,
1789315200000,761.09115416,1789316099999,1791376157436,legacy_historical,,,,,,,,,
1789316100000,761.44617815,1789316999999,1791376157436,legacy_historical,,,,,,,,,
1789317000000,761.54921937,1789317899999,1791376157436,legacy_historical,,,,,,,,,
1789317900000,761.55021432,1789318799999,1791376157436,legacy_historical,,,,,,,,,
1789318800000,761.59285089,1789319699999,1791376157436,legacy_historical,,,,,,,,,
1789319700000,761.55892318,1789320599999,1791376157436,legacy_historical,,,,,,,,,
1789320600000,761.38502938,1789321499999,1791376157436,legacy_historical,,,,,,,,,
1789321500000,761.17519253,1789322399999,1791376157436,legacy_historical,,,,,,,,,
1789322400000,761.06899971,1789323299999,1791376157436,legacy_historical,,,,,,,,,
1789323300000,761.01057906,1789324199999,1791376157436,legacy_historical,,,,,,,,,
1789324200000,760.9884649,1789325099999,1791376157436,legacy_historical,,,,,,,,,
1789325100000,760.97917236,1789325999999,1791376157436,legacy_historical,,,,,,,,,
1789326000000,760.95708231,1789326899999,1791376157436,legacy_historical,,,,,,,,,
1789326900000,760.91156594,1789327799999,1791376157436,legacy_historical,,,,,,,,,
1789327800000,760.85771255,1789328699999,1791376157436,legacy_historical,,,,,,,,,
1789328700000,760.82500859,1789329599999,1791376157436,legacy_historical,,,,,,,,,
1789329600000,760.85331192,1789330499999,1791376157436,legacy_historical,,,,,,,,,
1789330500000,760.94529182,1789331399999,1791376157436,legacy_historical,,,,,,,,,
1789331400000,761.11882061,1789332299999,1791376157436,legacy_historical,,,,,,,,,
1789332300000,761.25552306,1789333199999,1791376157436,legacy_historical,,,,,,,,,
1789333200000,761.33696276,1789334099999,1791376157436,legacy_historical,,,,,,,,,
1789334100000,761.51155186,1789334999999,1791376157436,legacy_historical,,,,,,,,,
1789335000000,761.62463458,1789335899999,1791376157436,legacy_historical,,,,,,,,,
1789335900000,761.94834122,1789336799999,1791376157436,legacy_historical,,,,,,,,,
1789336800000,761.1877473,1789337699999,1791376157436,legacy_historical,,,,,,,,,
1789337700000,760.74797587,1789338599999,1791376157436,legacy_historical,,,,,,,,,
1789338600000,760.77090817,1789339499999,1791376157436,legacy_historical,,,,,,,,,
1789339500000,760.75692535,1789340399999,1791376157436,legacy_historical,,,,,,,,,
1789340400000,760.74693487,1789341299999,1791376157436,legacy_historical,,,,,,,,,
1789341300000,760.83555899,1789342199999,1791376157436,legacy_historical,,,,,,,,,
1789342200000,760.86529312,1789343099999,1791376157436,legacy_historical,,,,,,,,,
1789343100000,760.7760671,1789343999999,1791376157436,legacy_historical,,,,,,,,,
1789344000000,760.78023934,1789344899999,1791376157436,legacy_historical,,,,,,,,,
1789344900000,760.66483926,1789345799999,1791376157436,legacy_historical,,,,,,,,,
1789345800000,760.97947346,1789346699999,1791376157436,legacy_historical,,,,,,,,,
1789346700000,760.87917396,1789347599999,1791376157436,legacy_historical,,,,,,,,,
1789347600000,760.97313657,1789348499999,1791376157436,legacy_historical,,,,,,,,,
1789348500000,761.08399226,1789349399999,1791376157436,legacy_historical,,,,,,,,,
1789349400000,761.38360347,1789350299999,1791376157436,legacy_historical,,,,,,,,,
1789350300000,762.05961484,1789351199999,1791376157436,legacy_historical,,,,,,,,,
1789351200000,761.96029438,1789352099999,1791376157436,legacy_historical,,,,,,,,,
1789352100000,761.89218787,1789352999999,1791376157436,legacy_historical,,,,,,,,,
1789353000000,761.7450024,1789353899999,1791376157436,legacy_historical,,,,,,,,,
1789353900000,761.67084702,1789354799999,1791376157436,legacy_historical,,,,,,,,,
1789354800000,761.28515094,1789355699999,1791376157436,legacy_historical,,,,,,,,,
1789355700000,761.3350044,1789356599999,1791376157436,legacy_historical,,,,,,,,,
1789356600000,761.01783881,1789357499999,1791376157436,legacy_historical,,,,,,,,,
1789357500000,760.99513373,1789358399999,1791376157436,legacy_historical,,,,,,,,,
1789358400000,760.87955535,1789359299999,1791376157436,legacy_historical,,,,,,,,,
1789359300000,760.95903403,1789360199999,1791376157436,legacy_historical,,,,,,,,,
1789360200000,760.70894111,1789361099999,1791376157436,legacy_historical,,,,,,,,,
1789361100000,760.72730767,1789361999999,1791376157436,legacy_historical,,,,,,,,,
1789362000000,760.72144802,1789362899999,1791376157436,legacy_historical,,,,,,,,,
1789362900000,760.52535248,1789363799999,1791376157436,legacy_historical,,,,,,,,,
1789363800000,760.35981917,1789364699999,1791376157436,legacy_historical,,,,,,,,,
1789364700000,760.72872568,1789365599999,1791376157436,legacy_historical,,,,,,,,,
1789365600000,761.07225795,1789366499999,1791376157436,legacy_historical,,,,,,,,,
1789366500000,760.89749216,1789367399999,1791376157436,legacy_historical,,,,,,,,,
1789367400000,760.16879906,1789368299999,1791376157436,legacy_historical,,,,,,,,,
1789368300000,759.74400186,1789369199999,1791376157436,legacy_historical,,,,,,,,,
1789369200000,760.29988858,1789370099999,1791376157436,legacy_historical,,,,,,,,,
1789370100000,759.93163503,1789370999999,1791376157436,legacy_historical,,,,,,,,,
1789371000000,759.2998173,1789371899999,1791376157436,legacy_historical,,,,,,,,,
1789371900000,759.59559958,1789372799999,1791376157436,legacy_historical,,,,,,,,,
1789372800000,759.69313468,1789373699999,1791376157436,legacy_historical,,,,,,,,,
1789373700000,759.34177147,1789374599999,1791376157436,legacy_historical,,,,,,,,,
1789374600000,759.51807872,1789375499999,1791376157436,legacy_historical,,,,,,,,,
1789375500000,759.39169691,1789376399999,1791376157436,legacy_historical,,,,,,,,,
1789376400000,759.02216768,1789377299999,1791376157436,legacy_historical,,,,,,,,,
1789377300000,758.55102604,1789378199999,1791376157436,legacy_historical,,,,,,,,,
1789378200000,758.36534243,1789379099999,1791376157436,legacy_historical,,,,,,,,,
1789379100000,758.32245471,1789379999999,1791376157436,legacy_historical,,,,,,,,,
1789380000000,758.58152757,1789380899999,1791376157436,legacy_historical,,,,,,,,,
1789380900000,759.07960193,1789381799999,1791376157436,legacy_historical,,,,,,,,,
1789381800000,759.501999,1789382699999,1791376157436,legacy_historical,,,,,,,,,
1789382700000,759.57944483,1789383599999,1791376157436,legacy_historical,,,,,,,,,
1789383600000,759.88607078,1789384499999,1791376157436,legacy_historical,,,,,,,,,
1789384500000,760.26670621,1789385399999,1791376157436,legacy_historical,,,,,,,,,
1789385400000,760.10884933,1789386299999,1791376157436,legacy_historical,,,,,,,,,
1789386300000,759.90629659,1789387199999,1791376157436,legacy_historical,,,,,,,,,
1789387200000,759.7196174,1789388099999,1791376157436,legacy_historical,,,,,,,,,
1789388100000,759.73818547,1789388999999,1791376157436,legacy_historical,,,,,,,,,
1789389000000,759.36293465,1789389899999,1791376157436,legacy_historical,,,,,,,,,
1789389900000,759.3219341,1789390799999,1791376157436,legacy_historical,,,,,,,,,
1789390800000,759.30473482,1789391699999,1791376157436,legacy_historical,,,,,,,,,
1789391700000,759.38603333,1789392599999,1791376157436,legacy_historical,,,,,,,,,
1789392600000,759.75769764,1789393499999,1791376157436,legacy_historical,,,,,,,,,
1789393500000,760.36846182,1789394399999,1791376157436,legacy_historical,,,,,,,,,
1789394400000,760.89525568,1789395299999,1791376157436,legacy_historical,,,,,,,,,
1789395300000,759.16093805,1789396199999,1791376157436,legacy_historical,,,,,,,,,
1789396200000,758.93539809,1789397099999,1791376157436,legacy_historical,,,,,,,,,
1789397100000,758.85658283,1789397999999,1791376157436,legacy_historical,,,,,,,,,
1789398000000,759.0238777,1789398899999,1791376157436,legacy_historical,,,,,,,,,
1789398900000,759.92477309,1789399799999,1791376157436,legacy_historical,,,,,,,,,
1789399800000,762.41710928,1789400699999,1791376157436,legacy_historical,,,,,,,,,
1789400700000,762.07139605,1789401599999,1791376157436,legacy_historical,,,,,,,,,
1789401600000,761.74485458,1789402499999,1791376157436,legacy_historical,,,,,,,,,
1789402500000,762.28362079,1789403399999,1791376157436,legacy_historical,,,,,,,,,
1789403400000,762.48681666,1789404299999,1791376157436,legacy_historical,,,,,,,,,
1789404300000,763.0416379,1789405199999,1791376157436,legacy_historical,,,,,,,,,
1789405200000,762.42152948,1789406099999,1791376157436,legacy_historical,,,,,,,,,
1789406100000,762.88828398,1789406999999,1791376157436,legacy_historical,,,,,,,,,
1789407000000,762.80728445,1789407899999,1791376157436,legacy_historical,,,,,,,,,
1789407900000,762.51593688,1789408799999,1791376157436,legacy_historical,,,,,,,,,
1789408800000,762.44106085,1789409699999,1791376157436,legacy_historical,,,,,,,,,
1789409700000,762.15016782,1789410599999,1791376157436,legacy_historical,,,,,,,,,
1789410600000,762.475902,1789411499999,1791376157436,legacy_historical,,,,,,,,,
1789411500000,762.30788511,1789412399999,1791376157436,legacy_historical,,,,,,,,,
1789412400000,762.16448789,1789413299999,1791376157436,legacy_historical,,,,,,,,,
1789413300000,761.8939802,1789414199999,1791376157436,legacy_historical,,,,,,,,,
1789414200000,761.74761203,1789415099999,1791376157436,legacy_historical,,,,,,,,,
1789415100000,761.06193547,1789415999999,1791376157436,legacy_historical,,,,,,,,,
1789416000000,760.94765857,1789416899999,1791376157436,legacy_historical,,,,,,,,,
1789416900000,761.17288929,1789417799999,1791376157436,legacy_historical,,,,,,,,,
1789417800000,761.15959868,1789418699999,1791376157436,legacy_historical,,,,,,,,,
1789418700000,761.66571583,1789419599999,1791376157436,legacy_historical,,,,,,,,,
1789419600000,761.35808248,1789420499999,1791376157436,legacy_historical,,,,,,,,,
1789420500000,761.25293552,1789421399999,1791376157436,legacy_historical,,,,,,,,,
1789421400000,761.27879589,1789422299999,1791376157436,legacy_historical,,,,,,,,,
1789422300000,761.42673425,1789423199999,1791376157436,legacy_historical,,,,,,,,,
1789423200000,761.34812142,1789424099999,1791376157436,legacy_historical,,,,,,,,,
1789424100000,761.35644828,1789424999999,1791376157436,legacy_historical,,,,,,,,,
1789425000000,761.31468689,1789425899999,1791376157436,legacy_historical,,,,,,,,,
1789425900000,761.40884617,1789426799999,1791376157436,legacy_historical,,,,,,,,,
1789426800000,761.34817934,1789427699999,1791376157436,legacy_historical,,,,,,,,,
1789427700000,761.25570912,1789428599999,1791376157436,legacy_historical,,,,,,,,,
1789428600000,761.29475914,1789429499999,1791376157436,legacy_historical,,,,,,,,,
1789429500000,761.27374846,1789430399999,1791376157436,legacy_historical,,,,,,,,,
1789430400000,761.37675851,1789431299999,1791376157436,legacy_historical,,,,,,,,,
1789431300000,761.30793867,1789432199999,1791376157436,legacy_historical,,,,,,,,,
1789432200000,761.6951188,1789433099999,1791376157436,legacy_historical,,,,,,,,,
1789433100000,761.57769163,1789433999999,1791376157436,legacy_historical,,,,,,,,,
1789434000000,761.82695791,1789434899999,1791376157436,legacy_historical,,,,,,,,,
1789434900000,761.61783167,1789435799999,1791376157436,legacy_historical,,,,,,,,,
1789435800000,761.04835902,1789436699999,1791376157436,legacy_historical,,,,,,,,,
1789436700000,761.15166098,1789437599999,1791376157436,legacy_historical,,,,,,,,,
1789437600000,761.1220876,1789438499999,1791376157436,legacy_historical,,,,,,,,,
1789438500000,761.09025273,1789439399999,1791376157436,legacy_historical,,,,,,,,,
1789439400000,760.95085634,1789440299999,1791376157436,legacy_historical,,,,,,,,,
1789440300000,760.93379547,1789441199999,1791376157436,legacy_historical,,,,,,,,,
1789441200000,760.74999828,1789442099999,1791376157436,legacy_historical,,,,,,,,,
1789442100000,760.65243229,1789442999999,1791376157436,legacy_historical,,,,,,,,,
1789443000000,760.62587814,1789443899999,1791376157436,legacy_historical,,,,,,,,,
1789443900000,760.07172817,1789444799999,1791376157436,legacy_historical,,,,,,,,,
1789444800000,759.92370983,1789445699999,1791376157436,legacy_historical,,,,,,,,,
1789445700000,759.39432996,1789446599999,1791376157436,legacy_historical,,,,,,,,,
1789446600000,759.57104227,1789447499999,1791376157436,legacy_historical,,,,,,,,,
1789447500000,758.82272041,1789448399999,1791376157436,legacy_historical,,,,,,,,,
1789448400000,758.44376365,1789449299999,1791376157436,legacy_historical,,,,,,,,,
1789449300000,758.69641733,1789450199999,1791376157436,legacy_historical,,,,,,,,,
1789450200000,759.36266288,1789451099999,1791376157436,legacy_historical,,,,,,,,,
1789451100000,759.4077167,1789451999999,1791376157436,legacy_historical,,,,,,,,,
1789452000000,759.41579619,1789452899999,1791376157436,legacy_historical,,,,,,,,,
1789452900000,759.10650752,1789453799999,1791376157436,legacy_historical,,,,,,,,,
1789453800000,758.73575521,1789454699999,1791376157436,legacy_historical,,,,,,,,,
1789454700000,758.72478794,1789455599999,1791376157436,legacy_historical,,,,,,,,,
1789455600000,757.98979446,1789456499999,1791376157436,legacy_historical,,,,,,,,,
1789456500000,758.4195678,1789457399999,1791376157436,legacy_historical,,,,,,,,,
1789457400000,757.62347101,1789458299999,1791376157436,legacy_historical,,,,,,,,,
1789458300000,757.91272548,1789459199999,1791376157436,legacy_historical,,,,,,,,,
1789459200000,757.35076672,1789460099999,1791376157436,legacy_historical,,,,,,,,,
1789460100000,757.38934916,1789460999999,1791376157436,legacy_historical,,,,,,,,,
1789461000000,757.16193112,1789461899999,1791376157436,legacy_historical,,,,,,,,,
1789461900000,757.13396963,1789462799999,1791376157436,legacy_historical,,,,,,,,,
1789462800000,757.16322661,1789463699999,1791376157436,legacy_historical,,,,,,,,,
1789463700000,757.16716076,1789464599999,1791376157436,legacy_historical,,,,,,,,,
1789464600000,757.61390787,1789465499999,1791376157436,legacy_historical,,,,,,,,,
1789465500000,758.54158776,1789466399999,1791376157436,legacy_historical,,,,,,,,,
1789466400000,758.72753802,1789467299999,1791376157436,legacy_historical,,,,,,,,,
1789467300000,758.85166981,1789468199999,1791376157436,legacy_historical,,,,,,,,,
1789468200000,759.27829527,1789469099999,1791376157436,legacy_historical,,,,,,,,,
1789469100000,759.6922469,1789469999999,1791376157436,legacy_historical,,,,,,,,,
1789470000000,759.92829202,1789470899999,1791376157436,legacy_historical,,,,,,,,,
1789470900000,759.83061434,1789471799999,1791376157436,legacy_historical,,,,,,,,,
1789471800000,759.82719725,1789472699999,1791376157436,legacy_historical,,,,,,,,,
1789472700000,760.06907285,1789473599999,1791376157436,legacy_historical,,,,,,,,,
1789473600000,760.17109363,1789474499999,1791376157436,legacy_historical,,,,,,,,,
1789474500000,760.135792,1789475399999,1791376157436,legacy_historical,,,,,,,,,
1789475400000,760.37643699,1789476299999,1791376157436,legacy_historical,,,,,,,,,
1789476300000,760.82337528,1789477199999,1791376157436,legacy_historical,,,,,,,,,
1789477200000,760.90223603,1789478099999,1791376157436,legacy_historical,,,,,,,,,
1789478100000,760.57775399,1789478999999,1791376157436,legacy_historical,,,,,,,,,
1789479000000,760.26755306,1789479899999,1791376157436,legacy_historical,,,,,,,,,
1789479900000,759.91140502,1789480799999,1791376157436,legacy_historical,,,,,,,,,
1789480800000,758.35374961,1789481699999,1791376157436,legacy_historical,,,,,,,,,
1789481700000,757.8909067,1789482599999,1791376157436,legacy_historical,,,,,,,,,
1789482600000,757.59030097,1789483499999,1791376157436,legacy_historical,,,,,,,,,
1789483500000,756.95700145,1789484399999,1791376157436,legacy_historical,,,,,,,,,
1789484400000,757.37708081,1789485299999,1791376157436,legacy_historical,,,,,,,,,
1789485300000,757.82003572,1789486199999,1791376157436,legacy_historical,,,,,,,,,
1789486200000,757.96225204,1789487099999,1791376157436,legacy_historical,,,,,,,,,
1789487100000,757.53225075,1789487999999,1791376157436,legacy_historical,,,,,,,,,
1789488000000,757.26860934,1789488899999,1791376157436,legacy_historical,,,,,,,,,
1789488900000,758.02547158,1789489799999,1791376157436,legacy_historical,,,,,,,,,
1789489800000,758.07207368,1789490699999,1791376157436,legacy_historical,,,,,,,,,
1789490700000,758.17125598,1789491599999,1791376157436,legacy_historical,,,,,,,,,
1789491600000,757.62001803,1789492499999,1791376157436,legacy_historical,,,,,,,,,
1789492500000,757.33253488,1789493399999,1791376157436,legacy_historical,,,,,,,,,
1789493400000,757.57677681,1789494299999,1791376157436,legacy_historical,,,,,,,,,
1789494300000,757.71809498,1789495199999,1791376157436,legacy_historical,,,,,,,,,
1789495200000,758.25650907,1789496099999,1791376157436,legacy_historical,,,,,,,,,
1789496100000,758.11250958,1789496999999,1791376157436,legacy_historical,,,,,,,,,
1789497000000,757.63665056,1789497899999,1791376157436,legacy_historical,,,,,,,,,
1789497900000,757.99743283,1789498799999,1791376157436,legacy_historical,,,,,,,,,
1789498800000,757.67717078,1789499699999,1791376157436,legacy_historical,,,,,,,,,
1789499700000,757.51448183,1789500599999,1791376157436,legacy_historical,,,,,,,,,
1789500600000,757.21169968,1789501499999,1791376157436,legacy_historical,,,,,,,,,
1789501500000,757.91244796,1789502399999,1791376157436,legacy_historical,,,,,,,,,
1789502400000,758.65543618,1789503299999,1791376157436,legacy_historical,,,,,,,,,
1789503300000,758.51337312,1789504199999,1791376157436,legacy_historical,,,,,,,,,
1789504200000,758.60713961,1789505099999,1791376157436,legacy_historical,,,,,,,,,
1789505100000,758.5875132,1789505999999,1791376157436,legacy_historical,,,,,,,,,
1789506000000,758.56004251,1789506899999,1791376157436,legacy_historical,,,,,,,,,
1789506900000,758.53489509,1789507799999,1791376157436,legacy_historical,,,,,,,,,
1789507800000,758.47261861,1789508699999,1791376157436,legacy_historical,,,,,,,,,
1789508700000,758.42118455,1789509599999,1791376157436,legacy_historical,,,,,,,,,
1789509600000,758.46236684,1789510499999,1791376157436,legacy_historical,,,,,,,,,
1789510500000,758.52674844,1789511399999,1791376157436,legacy_historical,,,,,,,,,
1789511400000,758.72634965,1789512299999,1791376157436,legacy_historical,,,,,,,,,
1789512300000,758.85261431,1789513199999,1791376157436,legacy_historical,,,,,,,,,
1789513200000,758.65028872,1789514099999,1791376157436,legacy_historical,,,,,,,,,
1789514100000,758.56175193,1789514999999,1791376157436,legacy_historical,,,,,,,,,
1789515000000,758.74019667,1789515899999,1791376157436,legacy_historical,,,,,,,,,
1789515900000,758.84254504,1789516799999,1791376157436,legacy_historical,,,,,,,,,
1789516800000,758.96594339,1789517699999,1791376157436,legacy_historical,,,,,,,,,
1789517700000,758.951778,1789518599999,1791376157436,legacy_historical,,,,,,,,,
1789518600000,758.85734508,1789519499999,1791376157436,legacy_historical,,,,,,,,,
1789519500000,758.89754736,1789520399999,1791376157436,legacy_historical,,,,,,,,,
1789520400000,758.96706829,1789521299999,1791376157436,legacy_historical,,,,,,,,,
1789521300000,759.07379724,1789522199999,1791376157436,legacy_historical,,,,,,,,,
1789522200000,758.64026057,1789523099999,1791376157436,legacy_historical,,,,,,,,,
1789523100000,758.29839176,1789523999999,1791376157436,legacy_historical,,,,,,,,,
1789524000000,758.53075204,1789524899999,1791376157436,legacy_historical,,,,,,,,,
1789524900000,759.0275814,1789525799999,1791376157436,legacy_historical,,,,,,,,,
1789525800000,758.91295941,1789526699999,1791376157436,legacy_historical,,,,,,,,,
1789526700000,759.22324521,1789527599999,1791376157436,legacy_historical,,,,,,,,,
1789527600000,759.69157717,1789528499999,1791376157436,legacy_historical,,,,,,,,,
1789528500000,759.74589214,1789529399999,1791376157436,legacy_historical,,,,,,,,,
1789529400000,759.60965199,1789530299999,1791376157436,legacy_historical,,,,,,,,,
1789530300000,759.7152343,1789531199999,1791376157436,legacy_historical,,,,,,,,,
1789531200000,759.6858724,1789532099999,1791376157436,legacy_historical,,,,,,,,,
1789532100000,759.46973743,1789532999999,1791376157436,legacy_historical,,,,,,,,,
1789533000000,759.17917002,1789533899999,1791376157436,legacy_historical,,,,,,,,,
1789533900000,759.30108417,1789534799999,1791376157436,legacy_historical,,,,,,,,,
1789534800000,759.3696241,1789535699999,1791376157436,legacy_historical,,,,,,,,,
1789535700000,759.4338747,1789536599999,1791376157436,legacy_historical,,,,,,,,,
1789536600000,759.7551033,1789537499999,1791376157436,legacy_historical,,,,,,,,,
1789537500000,759.51563494,1789538399999,1791376157436,legacy_historical,,,,,,,,,
1789538400000,759.89249534,1789539299999,1791376157436,legacy_historical,,,,,,,,,
1789539300000,759.5911556,1789540199999,1791376157436,legacy_historical,,,,,,,,,
1789540200000,759.52643458,1789541099999,1791376157436,legacy_historical,,,,,,,,,
1789541100000,759.75063039,1789541999999,1791376157436,legacy_historical,,,,,,,,,
1789542000000,760.11311338,1789542899999,1791376157436,legacy_historical,,,,,,,,,
1789542900000,759.91680594,1789543799999,1791376157436,legacy_historical,,,,,,,,,
1789543800000,759.72685741,1789544699999,1791376157436,legacy_historical,,,,,,,,,
1789544700000,759.56397526,1789545599999,1791376157436,legacy_historical,,,,,,,,,
1789545600000,759.11363793,1789546499999,1791376157436,legacy_historical,,,,,,,,,
1789546500000,759.39255954,1789547399999,1791376157436,legacy_historical,,,,,,,,,
1789547400000,759.4024982,1789548299999,1791376157436,legacy_historical,,,,,,,,,
1789548300000,759.71789725,1789549199999,1791376157436,legacy_historical,,,,,,,,,
1789549200000,759.58593338,1789550099999,1791376157436,legacy_historical,,,,,,,,,
1789550100000,759.28797793,1789550999999,1791376157436,legacy_historical,,,,,,,,,
1789551000000,759.88370823,1789551899999,1791376157436,legacy_historical,,,,,,,,,
1789551900000,759.91003928,1789552799999,1791376157436,legacy_historical,,,,,,,,,
1789552800000,759.73493818,1789553699999,1791376157436,legacy_historical,,,,,,,,,
1789553700000,759.77389844,1789554599999,1791376157436,legacy_historical,,,,,,,,,
1789554600000,759.81507982,1789555499999,1791376157436,legacy_historical,,,,,,,,,
1789555500000,759.81465563,1789556399999,1791376157436,legacy_historical,,,,,,,,,
1789556400000,759.95652535,1789557299999,1791376157436,legacy_historical,,,,,,,,,
1789557300000,760.0837552,1789558199999,1791376157436,legacy_historical,,,,,,,,,
1789558200000,760.53994451,1789559099999,1791376157436,legacy_historical,,,,,,,,,
1789559100000,760.82571264,1789559999999,1791376157436,legacy_historical,,,,,,,,,
1789560000000,760.89615832,1789560899999,1791376157436,legacy_historical,,,,,,,,,
1789560900000,760.78708315,1789561799999,1791376157436,legacy_historical,,,,,,,,,
1789561800000,760.18313261,1789562699999,1791376157436,legacy_historical,,,,,,,,,
1789562700000,760.54048613,1789563599999,1791376157436,legacy_historical,,,,,,,,,
1789563600000,760.48433097,1789564499999,1791376157436,legacy_historical,,,,,,,,,
1789564500000,760.2929984,1789565399999,1791376157436,legacy_historical,,,,,,,,,
1789565400000,759.52046286,1789566299999,1791376157436,legacy_historical,,,,,,,,,
1789566300000,760.83805507,1789567199999,1791376157436,legacy_historical,,,,,,,,,
1789567200000,760.14724383,1789568099999,1791376157436,legacy_historical,,,,,,,,,
1789568100000,759.59108523,1789568999999,1791376157436,legacy_historical,,,,,,,,,
1789569000000,760.43672838,1789569899999,1791376157436,legacy_historical,,,,,,,,,
1789569900000,760.77779531,1789570799999,1791376157436,legacy_historical,,,,,,,,,
1789570800000,761.29901395,1789571699999,1791376157436,legacy_historical,,,,,,,,,
1789571700000,760.90265026,1789572599999,1791376157436,legacy_historical,,,,,,,,,
1789572600000,761.07567394,1789573499999,1791376157436,legacy_historical,,,,,,,,,
1789573500000,761.19893813,1789574399999,1791376157436,legacy_historical,,,,,,,,,
1789574400000,760.90642596,1789575299999,1791376157436,legacy_historical,,,,,,,,,
1789575300000,760.72757466,1789576199999,1791376157436,legacy_historical,,,,,,,,,
1789576200000,760.522032,1789577099999,1791376157436,legacy_historical,,,,,,,,,
1789577100000,760.35230713,1789577999999,1791376157436,legacy_historical,,,,,,,,,
1789578000000,760.35296304,1789578899999,1791376157436,legacy_historical,,,,,,,,,
1789578900000,760.52402432,1789579799999,1791376157436,legacy_historical,,,,,,,,,
1789579800000,759.94877286,1789580699999,1791376157436,legacy_historical,,,,,,,,,
1789580700000,760.86756122,1789581599999,1791376157436,legacy_historical,,,,,,,,,
1789581600000,760.63547698,1789582499999,1791376157436,legacy_historical,,,,,,,,,
1789582500000,760.5370271,1789583399999,1791376157436,legacy_historical,,,,,,,,,
1789583400000,759.67625708,1789584299999,1791376157436,legacy_historical,,,,,,,,,
1789584300000,754.71241298,1789585199999,1791376157436,legacy_historical,,,,,,,,,
1789585200000,752.05465649,1789586099999,1791376157436,legacy_historical,,,,,,,,,
1789586100000,751.98580541,1789586999999,1791376157436,legacy_historical,,,,,,,,,
1789587000000,752.90424554,1789587899999,1791376157436,legacy_historical,,,,,,,,,
1789587900000,754.9220094,1789588799999,1791376157436,legacy_historical,,,,,,,,,
1789588800000,754.83404085,1789589699999,1791376157436,legacy_historical,,,,,,,,,
1789589700000,754.59386351,1789590599999,1791376157436,legacy_historical,,,,,,,,,
1789590600000,754.67309918,1789591499999,1791376157436,legacy_historical,,,,,,,,,
1789591500000,754.73566301,1789592399999,1791376157436,legacy_historical,,,,,,,,,
1789592400000,754.73685856,1789593299999,1791376157436,legacy_historical,,,,,,,,,
1789593300000,754.74400836,1789594199999,1791376157436,legacy_historical,,,,,,,,,
1789594200000,754.95913676,1789595099999,1791376157436,legacy_historical,,,,,,,,,
1789595100000,754.82336469,1789595999999,1791376157436,legacy_historical,,,,,,,,,
1789596000000,755.11427185,1789596899999,1791376157436,legacy_historical,,,,,,,,,
1789596900000,755.6413695,1789597799999,1791376157436,legacy_historical,,,,,,,,,
1789597800000,756.21550707,1789598699999,1791376157436,legacy_historical,,,,,,,,,
1789598700000,755.97541773,1789599599999,1791376157436,legacy_historical,,,,,,,,,
1789599600000,756.0965889,1789600499999,1791376157436,legacy_historical,,,,,,,,,
1789600500000,756.97002218,1789601399999,1791376157436,legacy_historical,,,,,,,,,
1789601400000,757.46492319,1789602299999,1791376157436,legacy_historical,,,,,,,,,
1789602300000,757.9074961,1789603199999,1791376157436,legacy_historical,,,,,,,,,
1789603200000,757.98617413,1789604099999,1791376157436,legacy_historical,,,,,,,,,
1789604100000,758.17050467,1789604999999,1791376157436,legacy_historical,,,,,,,,,
1789605000000,758.95042229,1789605899999,1791376157436,legacy_historical,,,,,,,,,
1789605900000,758.84615455,1789606799999,1791376157436,legacy_historical,,,,,,,,,
1789606800000,758.85834116,1789607699999,1791376157436,legacy_historical,,,,,,,,,
1789607700000,758.88594442,1789608599999,1791376157436,legacy_historical,,,,,,,,,
1789608600000,758.87009896,1789609499999,1791376157436,legacy_historical,,,,,,,,,
1789609500000,758.55741786,1789610399999,1791376157436,legacy_historical,,,,,,,,,
1789610400000,758.67736374,1789611299999,1791376157436,legacy_historical,,,,,,,,,
1789611300000,758.84771508,1789612199999,1791376157436,legacy_historical,,,,,,,,,
1789612200000,759.39492151,1789613099999,1791376157436,legacy_historical,,,,,,,,,
1789613100000,759.05861911,1789613999999,1791376157436,legacy_historical,,,,,,,,,
1789614000000,759.28914603,1789614899999,1791376157436,legacy_historical,,,,,,,,,
1789614900000,759.44301066,1789615799999,1791376157436,legacy_historical,,,,,,,,,
1789615800000,759.55640822,1789616699999,1791376157436,legacy_historical,,,,,,,,,
1789616700000,759.52015656,1789617599999,1791376157436,legacy_historical,,,,,,,,,
1789617600000,759.36195605,1789618499999,1791376157436,legacy_historical,,,,,,,,,
1789618500000,759.3395206,1789619399999,1791376157436,legacy_historical,,,,,,,,,
1789619400000,759.53743831,1789620299999,1791376157436,legacy_historical,,,,,,,,,
1789620300000,759.30747211,1789621199999,1791376157436,legacy_historical,,,,,,,,,
1789621200000,759.08336438,1789622099999,1791376157436,legacy_historical,,,,,,,,,
1789622100000,758.96275288,1789622999999,1791376157436,legacy_historical,,,,,,,,,
1789623000000,758.54373444,1789623899999,1791376157436,legacy_historical,,,,,,,,,
1789623900000,758.35216652,1789624799999,1791376157436,legacy_historical,,,,,,,,,
1789624800000,758.75393422,1789625699999,1791376157436,legacy_historical,,,,,,,,,
1789625700000,759.70317431,1789626599999,1791376157436,legacy_historical,,,,,,,,,
1789626600000,760.20997801,1789627499999,1791376157436,legacy_historical,,,,,,,,,
1789627500000,760.14176506,1789628399999,1791376157436,legacy_historical,,,,,,,,,
1789628400000,760.57365053,1789629299999,1791376157436,legacy_historical,,,,,,,,,
1789629300000,761.2666442,1789630199999,1791376157436,legacy_historical,,,,,,,,,
1789630200000,761.14068657,1789631099999,1791376157436,legacy_historical,,,,,,,,,
1789631100000,760.65834857,1789631999999,1791376157436,legacy_historical,,,,,,,,,
1789632000000,760.16418415,1789632899999,1791376157436,legacy_historical,,,,,,,,,
1789632900000,760.33126993,1789633799999,1791376157436,legacy_historical,,,,,,,,,
1789633800000,760.54798845,1789634699999,1791376157436,legacy_historical,,,,,,,,,
1789634700000,760.89736624,1789635599999,1791376157436,legacy_historical,,,,,,,,,
1789635600000,761.18438314,1789636499999,1791376157436,legacy_historical,,,,,,,,,
1789636500000,760.99590412,1789637399999,1791376157436,legacy_historical,,,,,,,,,
1789637400000,761.13297629,1789638299999,1791376157436,legacy_historical,,,,,,,,,
1789638300000,760.85474215,1789639199999,1791376157436,legacy_historical,,,,,,,,,
1789639200000,761.10318237,1789640099999,1791376157436,legacy_historical,,,,,,,,,
1789640100000,761.29053146,1789640999999,1791376157436,legacy_historical,,,,,,,,,
1789641000000,761.10185665,1789641899999,1791376157436,legacy_historical,,,,,,,,,
1789641900000,761.29410965,1789642799999,1791376157436,legacy_historical,,,,,,,,,
1789642800000,761.33370428,1789643699999,1791376157436,legacy_historical,,,,,,,,,
1789643700000,761.19172183,1789644599999,1791376157436,legacy_historical,,,,,,,,,
1789644600000,760.89401019,1789645499999,1791376157436,legacy_historical,,,,,,,,,
1789645500000,761.95249552,1789646399999,1791376157436,legacy_historical,,,,,,,,,
1789646400000,762.72864127,1789647299999,1791376157436,legacy_historical,,,,,,,,,
1789647300000,764.07198822,1789648199999,1791376157436,legacy_historical,,,,,,,,,
1789648200000,764.34823368,1789649099999,1791376157436,legacy_historical,,,,,,,,,
1789649100000,764.30061038,1789649999999,1791376157436,legacy_historical,,,,,,,,,
1789650000000,764.14107107,1789650899999,1791376157436,legacy_historical,,,,,,,,,
1789650900000,763.79435395,1789651799999,1791376157436,legacy_historical,,,,,,,,,
1789651800000,761.61967423,1789652699999,1791376157436,legacy_historical,,,,,,,,,
1789652700000,761.94671752,1789653599999,1791376157436,legacy_historical,,,,,,,,,
1789653600000,761.83751314,1789654499999,1791376157436,legacy_historical,,,,,,,,,
1789654500000,762.39885733,1789655399999,1791376157436,legacy_historical,,,,,,,,,
1789655400000,762.60222488,1789656299999,1791376157436,legacy_historical,,,,,,,,,
1789656300000,761.45928027,1789657199999,1791376157436,legacy_historical,,,,,,,,,
1789657200000,761.8619408,1789658099999,1791376157436,legacy_historical,,,,,,,,,
1789658100000,762.26690744,1789658999999,1791376157436,legacy_historical,,,,,,,,,
1789659000000,762.94738067,1789659899999,1791376157436,legacy_historical,,,,,,,,,
1789659900000,763.14266809,1789660799999,1791376157436,legacy_historical,,,,,,,,,
1789660800000,762.85932713,1789661699999,1791376157436,legacy_historical,,,,,,,,,
1789661700000,763.16828974,1789662599999,1791376157436,legacy_historical,,,,,,,,,
1789662600000,763.21326088,1789663499999,1791376157436,legacy_historical,,,,,,,,,
1789663500000,763.05987563,1789664399999,1791376157436,legacy_historical,,,,,,,,,
1789664400000,762.93896604,1789665299999,1791376157436,legacy_historical,,,,,,,,,
1789665300000,762.67357567,1789666199999,1791376157436,legacy_historical,,,,,,,,,
1789666200000,763.09205787,1789667099999,1791376157436,legacy_historical,,,,,,,,,
1789667100000,763.21631423,1789667999999,1791376157436,legacy_historical,,,,,,,,,
1789668000000,763.32847074,1789668899999,1791376157436,legacy_historical,,,,,,,,,
1789668900000,763.35650718,1789669799999,1791376157436,legacy_historical,,,,,,,,,
1789669800000,762.98338124,1789670699999,1791376157436,legacy_historical,,,,,,,,,
1789670700000,763.07904297,1789671599999,1791376157436,legacy_historical,,,,,,,,,
1789671600000,763.42900885,1789672499999,1791376157436,legacy_historical,,,,,,,,,
1789672500000,763.16999862,1789673399999,1791376157436,legacy_historical,,,,,,,,,
1789673400000,763.70024337,1789674299999,1791376157436,legacy_historical,,,,,,,,,
1789674300000,763.21574455,1789675199999,1791376157436,legacy_historical,,,,,,,,,
1789675200000,762.98556577,1789676099999,1791376157436,legacy_historical,,,,,,,,,
1789676100000,762.74150926,1789676999999,1791376157436,legacy_historical,,,,,,,,,
1789677000000,762.73561842,1789677899999,1791376157436,legacy_historical,,,,,,,,,
1789677900000,762.8368545,1789678799999,1791376157436,legacy_historical,,,,,,,,,
1789678800000,762.83720205,1789679699999,1791376157436,legacy_historical,,,,,,,,,
1789679700000,762.85340145,1789680599999,1791376157436,legacy_historical,,,,,,,,,
1789680600000,762.85280501,1789681499999,1791376157436,legacy_historical,,,,,,,,,
1789681500000,762.85713817,1789682399999,1791376157436,legacy_historical,,,,,,,,,
1789682400000,762.64233926,1789683299999,1791376157436,legacy_historical,,,,,,,,,
1789683300000,762.42463931,1789684199999,1791376157436,legacy_historical,,,,,,,,,
1789684200000,762.38694763,1789685099999,1791376157436,legacy_historical,,,,,,,,,
1789685100000,762.35788535,1789685999999,1791376157436,legacy_historical,,,,,,,,,
1789686000000,762.61272179,1789686899999,1791376157436,legacy_historical,,,,,,,,,
1789686900000,762.63244976,1789687799999,1791376157436,legacy_historical,,,,,,,,,
1789687800000,762.7231327,1789688699999,1791376157436,legacy_historical,,,,,,,,,
1789688700000,762.7119331,1789689599999,1791376157436,legacy_historical,,,,,,,,,
1789689600000,761.46632635,1789690499999,1791376157436,legacy_historical,,,,,,,,,
1789690500000,761.40081553,1789691399999,1791376157436,legacy_historical,,,,,,,,,
1789691400000,761.43014387,1789692299999,1791376157436,legacy_historical,,,,,,,,,
1789692300000,760.96161885,1789693199999,1791376157436,legacy_historical,,,,,,,,,
1789693200000,760.74730022,1789694099999,1791376157436,legacy_historical,,,,,,,,,
1789694100000,760.69808923,1789694999999,1791376157436,legacy_historical,,,,,,,,,
1789695000000,760.81593697,1789695899999,1791376157436,legacy_historical,,,,,,,,,
1789695900000,761.20146163,1789696799999,1791376157436,legacy_historical,,,,,,,,,
1789696800000,761.10515252,1789697699999,1791376157436,legacy_historical,,,,,,,,,
1789697700000,761.35514424,1789698599999,1791376157436,legacy_historical,,,,,,,,,
1789698600000,761.42094766,1789699499999,1791376157436,legacy_historical,,,,,,,,,
1789699500000,761.438238,1789700399999,1791376157436,legacy_historical,,,,,,,,,
1789700400000,761.99369301,1789701299999,1791376157436,legacy_historical,,,,,,,,,
1789701300000,761.93535859,1789702199999,1791376157436,legacy_historical,,,,,,,,,
1789702200000,762.20778742,1789703099999,1791376157436,legacy_historical,,,,,,,,,
1789703100000,762.31353625,1789703999999,1791376157436,legacy_historical,,,,,,,,,
1789704000000,762.49661553,1789704899999,1791376157436,legacy_historical,,,,,,,,,
1789704900000,762.54486902,1789705799999,1791376157436,legacy_historical,,,,,,,,,
1789705800000,762.88672783,1789706699999,1791376157436,legacy_historical,,,,,,,,,
1789706700000,763.10363862,1789707599999,1791376157436,legacy_historical,,,,,,,,,
1789707600000,763.28343568,1789708499999,1791376157436,legacy_historical,,,,,,,,,
1789708500000,763.23173252,1789709399999,1791376157436,legacy_historical,,,,,,,,,
1789709400000,763.88532485,1789710299999,1791376157436,legacy_historical,,,,,,,,,
1789710300000,763.62939469,1789711199999,1791376157436,legacy_historical,,,,,,,,,
1789711200000,763.72559007,1789712099999,1791376157436,legacy_historical,,,,,,,,,
1789712100000,763.93859866,1789712999999,1791376157436,legacy_historical,,,,,,,,,
1789713000000,764.27496199,1789713899999,1791376157436,legacy_historical,,,,,,,,,
1789713900000,764.40919464,1789714799999,1791376157436,legacy_historical,,,,,,,,,
1789714800000,764.38125918,1789715699999,1791376157436,legacy_historical,,,,,,,,,
1789715700000,764.78745617,1789716599999,1791376157436,legacy_historical,,,,,,,,,
1789716600000,764.4634179,1789717499999,1791376157436,legacy_historical,,,,,,,,,
1789717500000,764.40116352,1789718399999,1791376157436,legacy_historical,,,,,,,,,
1789718400000,764.04457584,1789719299999,1791376157436,legacy_historical,,,,,,,,,
1789719300000,763.80421464,1789720199999,1791376157436,legacy_historical,,,,,,,,,
1789720200000,763.96632854,1789721099999,1791376157436,legacy_historical,,,,,,,,,
1789721100000,763.74595396,1789721999999,1791376157436,legacy_historical,,,,,,,,,
1789722000000,763.63893224,1789722899999,1791376157436,legacy_historical,,,,,,,,,
1789722900000,763.43866698,1789723799999,1791376157436,legacy_historical,,,,,,,,,
1789723800000,763.03899667,1789724699999,1791376157436,legacy_historical,,,,,,,,,
1789724700000,762.82340973,1789725599999,1791376157436,legacy_historical,,,,,,,,,
1789725600000,762.85247615,1789726499999,1791376157436,legacy_historical,,,,,,,,,
1789726500000,762.86654736,1789727399999,1791376157436,legacy_historical,,,,,,,,,
1789727400000,763.28968149,1789728299999,1791376157436,legacy_historical,,,,,,,,,
1789728300000,762.99571793,1789729199999,1791376157436,legacy_historical,,,,,,,,,
1789729200000,762.71755197,1789730099999,1791376157436,legacy_historical,,,,,,,,,
1789730100000,762.26867138,1789730999999,1791376157436,legacy_historical,,,,,,,,,
1789731000000,762.25716073,1789731899999,1791376157436,legacy_historical,,,,,,,,,
1789731900000,762.11070131,1789732799999,1791376157436,legacy_historical,,,,,,,,,
1789732800000,761.20502653,1789733699999,1791376157436,legacy_historical,,,,,,,,,
1789733700000,760.85459278,1789734599999,1791376157436,legacy_historical,,,,,,,,,
1789734600000,761.14215451,1789735499999,1791376157436,legacy_historical,,,,,,,,,
1789735500000,760.97083161,1789736399999,1791376157436,legacy_historical,,,,,,,,,
1789736400000,761.021091,1789737299999,1791376157436,legacy_historical,,,,,,,,,
1789737300000,761.64960705,1789738199999,1791376157436,legacy_historical,,,,,,,,,
1789738200000,761.43769172,1789739099999,1791376157436,legacy_historical,,,,,,,,,
1789739100000,760.24692931,1789739999999,1791376157436,legacy_historical,,,,,,,,,
1789740000000,759.72133759,1789740899999,1791376157436,legacy_historical,,,,,,,,,
1789740900000,759.76655946,1789741799999,1791376157436,legacy_historical,,,,,,,,,
1789741800000,759.41902603,1789742699999,1791376157436,legacy_historical,,,,,,,,,
1789742700000,760.28730352,1789743599999,1791376157436,legacy_historical,,,,,,,,,
1789743600000,759.93682731,1789744499999,1791376157436,legacy_historical,,,,,,,,,
1789744500000,760.34631195,1789745399999,1791376157436,legacy_historical,,,,,,,,,
1789745400000,759.58846409,1789746299999,1791376157436,legacy_historical,,,,,,,,,
1789746300000,759.29436227,1789747199999,1791376157436,legacy_historical,,,,,,,,,
1789747200000,759.32623573,1789748099999,1791376157436,legacy_historical,,,,,,,,,
1789748100000,759.12948384,1789748999999,1791376157436,legacy_historical,,,,,,,,,
1789749000000,759.41845942,1789749899999,1791376157436,legacy_historical,,,,,,,,,
1789749900000,759.64891705,1789750799999,1791376157436,legacy_historical,,,,,,,,,
1789750800000,759.57645248,1789751699999,1791376157436,legacy_historical,,,,,,,,,
1789751700000,759.65578294,1789752599999,1791376157436,legacy_historical,,,,,,,,,
1789752600000,760.02996338,1789753499999,1791376157436,legacy_historical,,,,,,,,,
1789753500000,760.11543175,1789754399999,1791376157436,legacy_historical,,,,,,,,,
1789754400000,760.08818977,1789755299999,1791376157436,legacy_historical,,,,,,,,,
1789755300000,760.70227497,1789756199999,1791376157436,legacy_historical,,,,,,,,,
1789756200000,760.83074883,1789757099999,1791376157436,legacy_historical,,,,,,,,,
1789757100000,761.4707179,1789757999999,1791376157436,legacy_historical,,,,,,,,,
1789758000000,761.43626289,1789758899999,1791376157436,legacy_historical,,,,,,,,,
1789758900000,761.15263291,1789759799999,1791376157436,legacy_historical,,,,,,,,,
1789759800000,761.63340888,1789760699999,1791376157436,legacy_historical,,,,,,,,,
1789760700000,761.78106719,1789761599999,1791376157436,legacy_historical,,,,,,,,,
1789761600000,763.04878547,1789762499999,1791376157436,legacy_historical,,,,,,,,,
1789762500000,763.0168767,1789763399999,1791376157436,legacy_historical,,,,,,,,,
1789763400000,763.1076147,1789764299999,1791376157436,legacy_historical,,,,,,,,,
1789764300000,762.91922906,1789765199999,1791376157436,legacy_historical,,,,,,,,,
1789765200000,762.93399947,1789766099999,1791376157436,legacy_historical,,,,,,,,,
1789766100000,763.01646972,1789766999999,1791376157436,legacy_historical,,,,,,,,,
1789767000000,763.02519348,1789767899999,1791376157436,legacy_historical,,,,,,,,,
1789767900000,763.13707568,1789768799999,1791376157436,legacy_historical,,,,,,,,,
1789768800000,763.05183569,1789769699999,1791376157436,legacy_historical,,,,,,,,,
1789769700000,763.08021095,1789770599999,1791376157436,legacy_historical,,,,,,,,,
1789770600000,762.9197714,1789771499999,1791376157436,legacy_historical,,,,,,,,,
1789771500000,763.0346345,1789772399999,1791376157436,legacy_historical,,,,,,,,,
1789772400000,763.00482396,1789773299999,1791376157436,legacy_historical,,,,,,,,,
1789773300000,763.04370523,1789774199999,1791376157436,legacy_historical,,,,,,,,,
1789774200000,762.987153,1789775099999,1791376157436,legacy_historical,,,,,,,,,
1789775100000,763.04626654,1789775999999,1791376157436,legacy_historical,,,,,,,,,
1789776000000,763.0457098,1789776899999,1791376157436,legacy_historical,,,,,,,,,
1789776900000,763.1136409,1789777799999,1791376157436,legacy_historical,,,,,,,,,
1789777800000,763.17442047,1789778699999,1791376157436,legacy_historical,,,,,,,,,
1789778700000,763.21290382,1789779599999,1791376157436,legacy_historical,,,,,,,,,
1789779600000,763.21895302,1789780499999,1791376157436,legacy_historical,,,,,,,,,
1789780500000,763.22442803,1789781399999,1791376157436,legacy_historical,,,,,,,,,
1789781400000,763.29193573,1789782299999,1791376157436,legacy_historical,,,,,,,,,
1789782300000,763.34832487,1789783199999,1791376157436,legacy_historical,,,,,,,,,
1789783200000,763.3930175,1789784099999,1791376157436,legacy_historical,,,,,,,,,
1789784100000,763.44239208,1789784999999,1791376157436,legacy_historical,,,,,,,,,
1789785000000,763.46952972,1789785899999,1791376157436,legacy_historical,,,,,,,,,
1789785900000,763.441396,1789786799999,1791376157436,legacy_historical,,,,,,,,,
1789786800000,763.44524688,1789787699999,1791376157436,legacy_historical,,,,,,,,,
1789787700000,763.59338007,1789788599999,1791376157436,legacy_historical,,,,,,,,,
1789788600000,763.66680443,1789789499999,1791376157436,legacy_historical,,,,,,,,,
1789789500000,763.68460838,1789790399999,1791376157436,legacy_historical,,,,,,,,,
1789790400000,763.64759079,1789791299999,1791376157436,legacy_historical,,,,,,,,,
1789791300000,763.58655423,1789792199999,1791376157436,legacy_historical,,,,,,,,,
1789792200000,763.5170855,1789793099999,1791376157436,legacy_historical,,,,,,,,,
1789793100000,763.45290245,1789793999999,1791376157436,legacy_historical,,,,,,,,,
1789794000000,763.42538256,1789794899999,1791376157436,legacy_historical,,,,,,,,,
1789794900000,763.32015273,1789795799999,1791376157436,legacy_historical,,,,,,,,,
1789795800000,763.22554109,1789796699999,1791376157436,legacy_historical,,,,,,,,,
1789796700000,763.14126821,1789797599999,1791376157436,legacy_historical,,,,,,,,,
1789797600000,763.0606262,1789798499999,1791376157436,legacy_historical,,,,,,,,,
1789798500000,762.93381431,1789799399999,1791376157436,legacy_historical,,,,,,,,,
1789799400000,762.86775005,1789800299999,1791376157436,legacy_historical,,,,,,,,,
1789800300000,762.81445331,1789801199999,1791376157436,legacy_historical,,,,,,,,,
1789801200000,762.83298617,1789802099999,1791376157436,legacy_historical,,,,,,,,,
1789802100000,762.86421786,1789802999999,1791376157436,legacy_historical,,,,,,,,,
1789803000000,762.89550295,1789803899999,1791376157436,legacy_historical,,,,,,,,,
1789803900000,762.9242808,1789804799999,1791376157436,legacy_historical,,,,,,,,,
1789804800000,762.95276288,1789805699999,1791376157436,legacy_historical,,,,,,,,,
1789805700000,763.00873221,1789806599999,1791376157436,legacy_historical,,,,,,,,,
1789806600000,763.07039372,1789807499999,1791376157436,legacy_historical,,,,,,,,,
1789807500000,763.08745142,1789808399999,1791376157436,legacy_historical,,,,,,,,,
1789808400000,763.12068658,1789809299999,1791376157436,legacy_historical,,,,,,,,,
1789809300000,763.13212686,1789810199999,1791376157436,legacy_historical,,,,,,,,,
1789810200000,763.08232194,1789811099999,1791376157436,legacy_historical,,,,,,,,,
1789811100000,763.04092767,1789811999999,1791376157436,legacy_historical,,,,,,,,,
1789812000000,762.98526278,1789812899999,1791376157436,legacy_historical,,,,,,,,,
1789812900000,762.96310095,1789813799999,1791376157436,legacy_historical,,,,,,,,,
1789813800000,762.96069775,1789814699999,1791376157436,legacy_historical,,,,,,,,,
1789814700000,762.91015357,1789815599999,1791376157436,legacy_historical,,,,,,,,,
1789815600000,762.79236751,1789816499999,1791376157436,legacy_historical,,,,,,,,,
1789816500000,762.75254789,1789817399999,1791376157436,legacy_historical,,,,,,,,,
1789817400000,762.77516039,1789818299999,1791376157436,legacy_historical,,,,,,,,,
1789818300000,762.80430047,1789819199999,1791376157436,legacy_historical,,,,,,,,,
1789819200000,762.83210436,1789820099999,1791376157436,legacy_historical,,,,,,,,,
1789820100000,762.80560511,1789820999999,1791376157436,legacy_historical,,,,,,,,,
1789821000000,762.86011927,1789821899999,1791376157436,legacy_historical,,,,,,,,,
1789821900000,762.8656297,1789822799999,1791376157436,legacy_historical,,,,,,,,,
1789822800000,762.84174077,1789823699999,1791376157436,legacy_historical,,,,,,,,,
1789823700000,762.89109058,1789824599999,1791376157436,legacy_historical,,,,,,,,,
1789824600000,762.87563496,1789825499999,1791376157436,legacy_historical,,,,,,,,,
1789825500000,762.90493783,1789826399999,1791376157436,legacy_historical,,,,,,,,,
1789826400000,762.95157724,1789827299999,1791376157436,legacy_historical,,,,,,,,,
1789827300000,762.97955642,1789828199999,1791376157436,legacy_historical,,,,,,,,,
1789828200000,763.03106439,1789829099999,1791376157436,legacy_historical,,,,,,,,,
1789829100000,763.10719672,1789829999999,1791376157436,legacy_historical,,,,,,,,,
1789830000000,763.16648172,1789830899999,1791376157436,legacy_historical,,,,,,,,,
1789830900000,763.22333337,1789831799999,1791376157436,legacy_historical,,,,,,,,,
1789831800000,763.45206748,1789832699999,1791376157436,legacy_historical,,,,,,,,,
1789832700000,763.60263353,1789833599999,1791376157436,legacy_historical,,,,,,,,,
1789833600000,763.70167191,1789834499999,1791376157436,legacy_historical,,,,,,,,,
1789834500000,763.8522121,1789835399999,1791376157436,legacy_historical,,,,,,,,,
1789835400000,763.97969938,1789836299999,1791376157436,legacy_historical,,,,,,,,,
1789836300000,764.05386939,1789837199999,1791376157436,legacy_historical,,,,,,,,,
1789837200000,764.05451982,1789838099999,1791376157436,legacy_historical,,,,,,,,,
1789838100000,764.06051909,1789838999999,1791376157436,legacy_historical,,,,,,,,,
1789839000000,763.96990573,1789839899999,1791376157436,legacy_historical,,,,,,,,,
1789839900000,763.90567487,1789840799999,1791376157436,legacy_historical,,,,,,,,,
1789840800000,764.00693379,1789841699999,1791376157436,legacy_historical,,,,,,,,,
1789841700000,764.0921448,1789842599999,1791376157436,legacy_historical,,,,,,,,,
1789842600000,764.12235407,1789843499999,1791376157436,legacy_historical,,,,,,,,,
1789843500000,764.13383001,1789844399999,1791376157436,legacy_historical,,,,,,,,,
1789844400000,764.16121514,1789845299999,1791376157436,legacy_historical,,,,,,,,,
1789845300000,764.06701416,1789846199999,1791376157436,legacy_historical,,,,,,,,,
1789846200000,763.96719825,1789847099999,1791376157436,legacy_historical,,,,,,,,,
1789847100000,763.99536716,1789847999999,1791376157436,legacy_historical,,,,,,,,,
1789848000000,764.04646847,1789848899999,1791376157436,legacy_historical,,,,,,,,,
1789848900000,764.05749813,1789849799999,1791376157436,legacy_historical,,,,,,,,,
1789849800000,763.97492537,1789850699999,1791376157436,legacy_historical,,,,,,,,,
1789850700000,763.93027605,1789851599999,1791376157436,legacy_historical,,,,,,,,,
1789851600000,763.92976906,1789852499999,1791376157436,legacy_historical,,,,,,,,,
1789852500000,763.88673856,1789853399999,1791376157436,legacy_historical,,,,,,,,,
1789853400000,763.86396929,1789854299999,1791376157436,legacy_historical,,,,,,,,,
1789854300000,763.8800937,1789855199999,1791376157436,legacy_historical,,,,,,,,,
1789855200000,763.84407081,1789856099999,1791376157436,legacy_historical,,,,,,,,,
1789856100000,763.83156412,1789856999999,1791376157436,legacy_historical,,,,,,,,,
1789857000000,763.82443799,1789857899999,1791376157436,legacy_historical,,,,,,,,,
1789857900000,763.83292293,1789858799999,1791376157436,legacy_historical,,,,,,,,,
1789858800000,763.8517822,1789859699999,1791376157436,legacy_historical,,,,,,,,,
1789859700000,763.81286847,1789860599999,1791376157436,legacy_historical,,,,,,,,,
1789860600000,763.72739557,1789861499999,1791376157436,legacy_historical,,,,,,,,,
1789861500000,763.67933664,1789862399999,1791376157436,legacy_historical,,,,,,,,,
1789862400000,763.66601456,1789863299999,1791376157436,legacy_historical,,,,,,,,,
1789863300000,763.64060258,1789864199999,1791376157436,legacy_historical,,,,,,,,,
1789864200000,763.62070456,1789865099999,1791376157436,legacy_historical,,,,,,,,,
1789865100000,763.60114357,1789865999999,1791376157436,legacy_historical,,,,,,,,,
1789866000000,763.56892572,1789866899999,1791376157436,legacy_historical,,,,,,,,,
1789866900000,763.53712178,1789867799999,1791376157436,legacy_historical,,,,,,,,,
1789867800000,763.52816763,1789868699999,1791376157436,legacy_historical,,,,,,,,,
1789868700000,763.51343401,1789869599999,1791376157436,legacy_historical,,,,,,,,,
1789869600000,763.47145513,1789870499999,1791376157436,legacy_historical,,,,,,,,,
1789870500000,763.45146945,1789871399999,1791376157436,legacy_historical,,,,,,,,,
1789871400000,763.40670117,1789872299999,1791376157436,legacy_historical,,,,,,,,,
1789872300000,763.23962214,1789873199999,1791376157436,legacy_historical,,,,,,,,,
1789873200000,763.01358187,1789874099999,1791376157436,legacy_historical,,,,,,,,,
1789874100000,762.85623349,1789874999999,1791376157436,legacy_historical,,,,,,,,,
1789875000000,762.73923572,1789875899999,1791376157436,legacy_historical,,,,,,,,,
1789875900000,762.65709577,1789876799999,1791376157436,legacy_historical,,,,,,,,,
1789876800000,762.62268498,1789877699999,1791376157436,legacy_historical,,,,,,,,,
1789877700000,762.58026771,1789878599999,1791376157436,legacy_historical,,,,,,,,,
1789878600000,762.54788643,1789879499999,1791376157436,legacy_historical,,,,,,,,,
1789879500000,762.52658528,1789880399999,1791376157436,legacy_historical,,,,,,,,,
1789880400000,762.51252989,1789881299999,1791376157436,legacy_historical,,,,,,,,,
1789881300000,762.47670729,1789882199999,1791376157436,legacy_historical,,,,,,,,,
1789882200000,762.45446205,1789883099999,1791376157436,legacy_historical,,,,,,,,,
1789883100000,762.40681131,1789883999999,1791376157436,legacy_historical,,,,,,,,,
1789884000000,762.41834906,1789884899999,1791376157436,legacy_historical,,,,,,,,,
1789884900000,762.43411683,1789885799999,1791376157436,legacy_historical,,,,,,,,,
1789885800000,762.40827044,1789886699999,1791376157436,legacy_historical,,,,,,,,,
1789886700000,762.35588173,1789887599999,1791376157436,legacy_historical,,,,,,,,,
1789887600000,762.32755058,1789888499999,1791376157436,legacy_historical,,,,,,,,,
1789888500000,762.28108101,1789889399999,1791376157436,legacy_historical,,,,,,,,,
1789889400000,762.20147041,1789890299999,1791376157436,legacy_historical,,,,,,,,,
1789890300000,762.13630031,1789891199999,1791376157436,legacy_historical,,,,,,,,,
1789891200000,762.07876183,1789892099999,1791376157436,legacy_historical,,,,,,,,,
1789892100000,762.03607215,1789892999999,1791376157436,legacy_historical,,,,,,,,,
1789893000000,762.02916783,1789893899999,1791376157436,legacy_historical,,,,,,,,,
1789893900000,762.01849084,1789894799999,1791376157436,legacy_historical,,,,,,,,,
1789894800000,762.02737072,1789895699999,1791376157436,legacy_historical,,,,,,,,,
1789895700000,762.04763994,1789896599999,1791376157436,legacy_historical,,,,,,,,,
1789896600000,762.1139991,1789897499999,1791376157436,legacy_historical,,,,,,,,,
1789897500000,762.23400167,1789898399999,1791376157436,legacy_historical,,,,,,,,,
1789898400000,762.3471452,1789899299999,1791376157436,legacy_historical,,,,,,,,,
1789899300000,762.43120986,1789900199999,1791376157436,legacy_historical,,,,,,,,,
1789900200000,762.49776364,1789901099999,1791376157436,legacy_historical,,,,,,,,,
1789901100000,762.50199705,1789901999999,1791376157436,legacy_historical,,,,,,,,,
1789902000000,762.3248599,1789902899999,1791376157436,legacy_historical,,,,,,,,,
1789902900000,762.22140157,1789903799999,1791376157436,legacy_historical,,,,,,,,,
1789903800000,762.22049081,1789904699999,1791376157436,legacy_historical,,,,,,,,,
1789904700000,762.27632851,1789905599999,1791376157436,legacy_historical,,,,,,,,,
1789905600000,762.33583653,1789906499999,1791376157436,legacy_historical,,,,,,,,,
1789906500000,762.36371246,1789907399999,1791376157436,legacy_historical,,,,,,,,,
1789907400000,762.35730844,1789908299999,1791376157436,legacy_historical,,,,,,,,,
1789908300000,762.36102818,1789909199999,1791376157436,legacy_historical,,,,,,,,,
1789909200000,762.42912899,1789910099999,1791376157436,legacy_historical,,,,,,,,,
1789910100000,762.52387611,1789910999999,1791376157436,legacy_historical,,,,,,,,,
1789911000000,762.5805607,1789911899999,1791376157436,legacy_historical,,,,,,,,,
1789911900000,762.64117517,1789912799999,1791376157436,legacy_historical,,,,,,,,,
1789912800000,762.62372866,1789913699999,1791376157436,legacy_historical,,,,,,,,,
1789913700000,762.60140971,1789914599999,1791376157436,legacy_historical,,,,,,,,,
1789914600000,762.55038812,1789915499999,1791376157436,legacy_historical,,,,,,,,,
1789915500000,762.51136932,1789916399999,1791376157436,legacy_historical,,,,,,,,,
1789916400000,762.53616305,1789917299999,1791376157436,legacy_historical,,,,,,,,,
1789917300000,762.53606092,1789918199999,1791376157436,legacy_historical,,,,,,,,,
1789918200000,762.53927982,1789919099999,1791376157436,legacy_historical,,,,,,,,,
1789919100000,762.56393455,1789919999999,1791376157436,legacy_historical,,,,,,,,,
1789920000000,762.57747774,1789920899999,1791376157436,legacy_historical,,,,,,,,,
1789920900000,762.57207846,1789921799999,1791376157436,legacy_historical,,,,,,,,,
1789921800000,762.54072433,1789922699999,1791376157436,legacy_historical,,,,,,,,,
1789922700000,762.52150658,1789923599999,1791376157436,legacy_historical,,,,,,,,,
1789923600000,762.52585536,1789924499999,1791376157436,legacy_historical,,,,,,,,,
1789924500000,762.49967449,1789925399999,1791376157436,legacy_historical,,,,,,,,,
1789925400000,762.48159137,1789926299999,1791376157436,legacy_historical,,,,,,,,,
1789926300000,762.47015137,1789927199999,1791376157436,legacy_historical,,,,,,,,,
1789927200000,762.45460219,1789928099999,1791376157436,legacy_historical,,,,,,,,,
1789928100000,762.41855549,1789928999999,1791376157436,legacy_historical,,,,,,,,,
1789929000000,762.38752979,1789929899999,1791376157436,legacy_historical,,,,,,,,,
1789929900000,762.36923285,1789930799999,1791376157436,legacy_historical,,,,,,,,,
1789930800000,762.35924943,1789931699999,1791376157436,legacy_historical,,,,,,,,,
1789931700000,762.36602556,1789932599999,1791376157436,legacy_historical,,,,,,,,,
1789932600000,762.38279294,1789933499999,1791376157436,legacy_historical,,,,,,,,,
1789933500000,762.39234674,1789934399999,1791376157436,legacy_historical,,,,,,,,,
1789934400000,762.39779036,1789935299999,1791376157436,legacy_historical,,,,,,,,,
1789935300000,762.5975101,1789936199999,1791376157436,legacy_historical,,,,,,,,,
1789936200000,762.94880591,1789937099999,1791376157436,legacy_historical,,,,,,,,,
1789937100000,763.04793631,1789937999999,1791376157436,legacy_historical,,,,,,,,,
1789938000000,763.04495308,1789938899999,1791376157436,legacy_historical,,,,,,,,,
1789938900000,763.02019765,1789939799999,1791376157436,legacy_historical,,,,,,,,,
1789939800000,763.00291907,1789940699999,1791376157436,legacy_historical,,,,,,,,,
1789940700000,762.93715054,1789941599999,1791376157436,legacy_historical,,,,,,,,,
1789941600000,763.23603634,1789942499999,1791376157436,legacy_historical,,,,,,,,,
1789942500000,763.67497992,1789943399999,1791376157436,legacy_historical,,,,,,,,,
1789943400000,764.11121008,1789944299999,1791376157436,legacy_historical,,,,,,,,,
1789944300000,764.35031815,1789945199999,1791376157436,legacy_historical,,,,,,,,,
1789945200000,764.55270587,1789946099999,1791376157436,legacy_historical,,,,,,,,,
1789946100000,764.64938234,1789946999999,1791376157436,legacy_historical,,,,,,,,,
1789947000000,764.77001299,1789947899999,1791376157436,legacy_historical,,,,,,,,,
1789947900000,764.81963117,1789948799999,1791376157436,legacy_historical,,,,,,,,,
1789948800000,764.05253816,1789949699999,1791376157436,legacy_historical,,,,,,,,,
1789949700000,764.27407735,1789950599999,1791376157436,legacy_historical,,,,,,,,,
1789950600000,764.44828058,1789951499999,1791376157436,legacy_historical,,,,,,,,,
1789951500000,764.57571994,1789952399999,1791376157436,legacy_historical,,,,,,,,,
1789952400000,764.7730061,1789953299999,1791376157436,legacy_historical,,,,,,,,,
1789953300000,764.6881481,1789954199999,1791376157436,legacy_historical,,,,,,,,,
1789954200000,764.84350021,1789955099999,1791376157436,legacy_historical,,,,,,,,,
1789955100000,764.39828159,1789955999999,1791376157436,legacy_historical,,,,,,,,,
1789956000000,764.53628651,1789956899999,1791376157436,legacy_historical,,,,,,,,,
1789956900000,764.5714,1789957799999,1791376157436,legacy_historical,,,,,,,,,
1789957800000,764.63622298,1789958699999,1791376157436,legacy_historical,,,,,,,,,
1789958700000,764.59839456,1789959599999,1791376157436,legacy_historical,,,,,,,,,
1789959600000,764.95054609,1789960499999,1791376157436,legacy_historical,,,,,,,,,
1789960500000,765.0424428,1789961399999,1791376157436,legacy_historical,,,,,,,,,
1789961400000,765.02641226,1789962299999,1791376157436,legacy_historical,,,,,,,,,
1789962300000,765.01041634,1789963199999,1791376157436,legacy_historical,,,,,,,,,
1789963200000,764.95618257,1789964099999,1791376157436,legacy_historical,,,,,,,,,
1789964100000,765.16782153,1789964999999,1791376157436,legacy_historical,,,,,,,,,
1789965000000,765.08022306,1789965899999,1791376157436,legacy_historical,,,,,,,,,
1789965900000,765.06954704,1789966799999,1791376157436,legacy_historical,,,,,,,,,
1789966800000,764.89126563,1789967699999,1791376157436,legacy_historical,,,,,,,,,
1789967700000,764.96875207,1789968599999,1791376157436,legacy_historical,,,,,,,,,
1789968600000,765.18631563,1789969499999,1791376157436,legacy_historical,,,,,,,,,
1789969500000,765.07263556,1789970399999,1791376157436,legacy_historical,,,,,,,,,
1789970400000,765.24172357,1789971299999,1791376157436,legacy_historical,,,,,,,,,
1789971300000,765.29528222,1789972199999,1791376157436,legacy_historical,,,,,,,,,
1789972200000,765.3980804,1789973099999,1791376157436,legacy_historical,,,,,,,,,
1789973100000,765.70473596,1789973999999,1791376157436,legacy_historical,,,,,,,,,
1789974000000,766.05461709,1789974899999,1791376157436,legacy_historical,,,,,,,,,
1789974900000,766.05464142,1789975799999,1791376157436,legacy_historical,,,,,,,,,
1789975800000,765.92515556,1789976699999,1791376157436,legacy_historical,,,,,,,,,
1789976700000,766.31385551,1789977599999,1791376157436,legacy_historical,,,,,,,,,
1789977600000,766.58224886,1789978499999,1791376157436,legacy_historical,,,,,,,,,
1789978500000,766.57088154,1789979399999,1791376157436,legacy_historical,,,,,,,,,
1789979400000,766.84316574,1789980299999,1791376157436,legacy_historical,,,,,,,,,
1789980300000,766.72261123,1789981199999,1791376157436,legacy_historical,,,,,,,,,
1789981200000,766.65209098,1789982099999,1791376157436,legacy_historical,,,,,,,,,
1789982100000,766.67056571,1789982999999,1791376157436,legacy_historical,,,,,,,,,
1789983000000,766.77558958,1789983899999,1791376157436,legacy_historical,,,,,,,,,
1789983900000,766.7772298,1789984799999,1791376157436,legacy_historical,,,,,,,,,
1789984800000,766.98414807,1789985699999,1791376157436,legacy_historical,,,,,,,,,
1789985700000,767.09263934,1789986599999,1791376157436,legacy_historical,,,,,,,,,
1789986600000,767.13996848,1789987499999,1791376157436,legacy_historical,,,,,,,,,
1789987500000,767.0741639,1789988399999,1791376157436,legacy_historical,,,,,,,,,
1789988400000,766.90911686,1789989299999,1791376157436,legacy_historical,,,,,,,,,
1789989300000,766.87767746,1789990199999,1791376157436,legacy_historical,,,,,,,,,
1789990200000,767.10334507,1789991099999,1791376157436,legacy_historical,,,,,,,,,
1789991100000,767.21285545,1789991999999,1791376157436,legacy_historical,,,,,,,,,
1789992000000,767.1596802,1789992899999,1791376157436,legacy_historical,,,,,,,,,
1789992900000,766.76680983,1789993799999,1791376157436,legacy_historical,,,,,,,,,
1789993800000,767.02731765,1789994699999,1791376157436,legacy_historical,,,,,,,,,
1789994700000,766.60616938,1789995599999,1791376157436,legacy_historical,,,,,,,,,
1789995600000,766.63728511,1789996499999,1791376157436,legacy_historical,,,,,,,,,
1789996500000,766.47458327,1789997399999,1791376157436,legacy_historical,,,,,,,,,
1789997400000,767.0099486,1789998299999,1791376157436,legacy_historical,,,,,,,,,
1789998300000,767.94586848,1789999199999,1791376157436,legacy_historical,,,,,,,,,
1789999200000,768.07275685,1790000099999,1791376157436,legacy_historical,,,,,,,,,
1790000100000,769.24585896,1790000999999,1791376157436,legacy_historical,,,,,,,,,
1790001000000,769.17770287,1790001899999,1791376157436,legacy_historical,,,,,,,,,
1790001900000,769.45901952,1790002799999,1791376157436,legacy_historical,,,,,,,,,
1790002800000,769.92423883,1790003699999,1791376157436,legacy_historical,,,,,,,,,
1790003700000,770.03569324,1790004599999,1791376157436,legacy_historical,,,,,,,,,
1790004600000,770.78762489,1790005499999,1791376157436,legacy_historical,,,,,,,,,
1790005500000,770.73988465,1790006399999,1791376157436,legacy_historical,,,,,,,,,
1790006400000,771.57351931,1790007299999,1791376157436,legacy_historical,,,,,,,,,
1790007300000,771.906073,1790008199999,1791376157436,legacy_historical,,,,,,,,,
1790008200000,772.02444688,1790009099999,1791376157436,legacy_historical,,,,,,,,,
1790009100000,772.40391332,1790009999999,1791376157436,legacy_historical,,,,,,,,,
1790010000000,772.93834065,1790010899999,1791376157436,legacy_historical,,,,,,,,,
1790010900000,772.83957551,1790011799999,1791376157436,legacy_historical,,,,,,,,,
1790011800000,772.91690255,1790012699999,1791376157436,legacy_historical,,,,,,,,,
1790012700000,772.97723107,1790013599999,1791376157436,legacy_historical,,,,,,,,,
1790013600000,773.34503621,1790014499999,1791376157436,legacy_historical,,,,,,,,,
1790014500000,773.91956551,1790015399999,1791376157436,legacy_historical,,,,,,,,,
1790015400000,774.1585428,1790016299999,1791376157436,legacy_historical,,,,,,,,,
1790016300000,774.32326471,1790017199999,1791376157436,legacy_historical,,,,,,,,,
1790017200000,774.5633623,1790018099999,1791376157436,legacy_historical,,,,,,,,,
1790018100000,774.21166114,1790018999999,1791376157436,legacy_historical,,,,,,,,,
1790019000000,774.55304685,1790019899999,1791376157436,legacy_historical,,,,,,,,,
1790019900000,773.68281169,1790020799999,1791376157436,legacy_historical,,,,,,,,,
1790020800000,773.44377315,1790021699999,1791376157436,legacy_historical,,,,,,,,,
1790021700000,773.36522314,1790022599999,1791376157436,legacy_historical,,,,,,,,,
1790022600000,773.076795,1790023499999,1791376157436,legacy_historical,,,,,,,,,
1790023500000,773.31197147,1790024399999,1791376157436,legacy_historical,,,,,,,,,
1790024400000,773.34635542,1790025299999,1791376157436,legacy_historical,,,,,,,,,
1790025300000,773.4661214,1790026199999,1791376157436,legacy_historical,,,,,,,,,
1790026200000,773.55620328,1790027099999,1791376157436,legacy_historical,,,,,,,,,
1790027100000,773.64456132,1790027999999,1791376157436,legacy_historical,,,,,,,,,
1790028000000,773.74159731,1790028899999,1791376157436,legacy_historical,,,,,,,,,
1790028900000,773.91646349,1790029799999,1791376157436,legacy_historical,,,,,,,,,
1790029800000,773.90411859,1790030699999,1791376157436,legacy_historical,,,,,,,,,
1790030700000,773.94824398,1790031599999,1791376157436,legacy_historical,,,,,,,,,
1790031600000,773.98917186,1790032499999,1791376157436,legacy_historical,,,,,,,,,
1790032500000,773.89482283,1790033399999,1791376157436,legacy_historical,,,,,,,,,
1790033400000,774.00816623,1790034299999,1791376157436,legacy_historical,,,,,,,,,
1790034300000,774.0636957,1790035199999,1791376157436,legacy_historical,,,,,,,,,
1790035200000,774.36053486,1790036099999,1791376157436,legacy_historical,,,,,,,,,
1790036100000,774.24945789,1790036999999,1791376157436,legacy_historical,,,,,,,,,
1790037000000,773.99849831,1790037899999,1791376157436,legacy_historical,,,,,,,,,
1790037900000,774.0355725,1790038799999,1791376157436,legacy_historical,,,,,,,,,
1790038800000,773.88282021,1790039699999,1791376157436,legacy_historical,,,,,,,,,
1790039700000,773.97551188,1790040599999,1791376157436,legacy_historical,,,,,,,,,
1790040600000,774.07342542,1790041499999,1791376157436,legacy_historical,,,,,,,,,
1790041500000,773.91860695,1790042399999,1791376157436,legacy_historical,,,,,,,,,
1790042400000,774.01489477,1790043299999,1791376157436,legacy_historical,,,,,,,,,
1790043300000,774.09391058,1790044199999,1791376157436,legacy_historical,,,,,,,,,
1790044200000,774.12074764,1790045099999,1791376157436,legacy_historical,,,,,,,,,
1790045100000,774.01893068,1790045999999,1791376157436,legacy_historical,,,,,,,,,
1790046000000,773.91672872,1790046899999,1791376157436,legacy_historical,,,,,,,,,
1790046900000,773.99970767,1790047799999,1791376157436,legacy_historical,,,,,,,,,
1790047800000,773.93975746,1790048699999,1791376157436,legacy_historical,,,,,,,,,
1790048700000,773.8859913,1790049599999,1791376157436,legacy_historical,,,,,,,,,
1790049600000,773.97770769,1790050499999,1791376157436,legacy_historical,,,,,,,,,
1790050500000,774.01327919,1790051399999,1791376157436,legacy_historical,,,,,,,,,
1790051400000,774.07643853,1790052299999,1791376157436,legacy_historical,,,,,,,,,
1790052300000,773.95061991,1790053199999,1791376157436,legacy_historical,,,,,,,,,
1790053200000,773.9217197,1790054099999,1791376157436,legacy_historical,,,,,,,,,
1790054100000,773.88588362,1790054999999,1791376157436,legacy_historical,,,,,,,,,
1790055000000,774.20202814,1790055899999,1791376157436,legacy_historical,,,,,,,,,
1790055900000,774.32910238,1790056799999,1791376157436,legacy_historical,,,,,,,,,
1790056800000,774.14884422,1790057699999,1791376157436,legacy_historical,,,,,,,,,
1790057700000,774.10318104,1790058599999,1791376157436,legacy_historical,,,,,,,,,
1790058600000,774.18550798,1790059499999,1791376157436,legacy_historical,,,,,,,,,
1790059500000,774.17485058,1790060399999,1791376157436,legacy_historical,,,,,,,,,
1790060400000,774.05035914,1790061299999,1791376157436,legacy_historical,,,,,,,,,
1790061300000,774.04068694,1790062199999,1791376157436,legacy_historical,,,,,,,,,
1790062200000,773.77342775,1790063099999,1791376157436,legacy_historical,,,,,,,,,
1790063100000,773.23042919,1790063999999,1791376157436,legacy_historical,,,,,,,,,
1790064000000,772.8972879,1790064899999,1791376157436,legacy_historical,,,,,,,,,
1790064900000,771.98305827,1790065799999,1791376157436,legacy_historical,,,,,,,,,
1790065800000,773.08142781,1790066699999,1791376157436,legacy_historical,,,,,,,,,
1790066700000,773.97014643,1790067599999,1791376157436,legacy_historical,,,,,,,,,
1790067600000,773.44774219,1790068499999,1791376157436,legacy_historical,,,,,,,,,
1790068500000,773.37492616,1790069399999,1791376157436,legacy_historical,,,,,,,,,
1790069400000,773.75581362,1790070299999,1791376157436,legacy_historical,,,,,,,,,
1790070300000,774.34754464,1790071199999,1791376157436,legacy_historical,,,,,,,,,
1790071200000,774.38813241,1790072099999,1791376157436,legacy_historical,,,,,,,,,
1790072100000,774.31442122,1790072999999,1791376157436,legacy_historical,,,,,,,,,
1790073000000,774.56586783,1790073899999,1791376157436,legacy_historical,,,,,,,,,
1790073900000,774.53585465,1790074799999,1791376157436,legacy_historical,,,,,,,,,
1790074800000,773.92651086,1790075699999,1791376157436,legacy_historical,,,,,,,,,
1790075700000,774.1809831,1790076599999,1791376157436,legacy_historical,,,,,,,,,
1790076600000,774.523517,1790077499999,1791376157436,legacy_historical,,,,,,,,,
1790077500000,774.39078771,1790078399999,1791376157436,legacy_historical,,,,,,,,,
1790078400000,774.28649905,1790079299999,1791376157436,legacy_historical,,,,,,,,,
1790079300000,774.51047523,1790080199999,1791376157436,legacy_historical,,,,,,,,,
1790080200000,774.5768354,1790081099999,1791376157436,legacy_historical,,,,,,,,,
1790081100000,774.24217956,1790081999999,1791376157436,legacy_historical,,,,,,,,,
1790082000000,774.63505955,1790082899999,1791376157436,legacy_historical,,,,,,,,,
1790082900000,774.29650203,1790083799999,1791376157436,legacy_historical,,,,,,,,,
1790083800000,774.94812824,1790084699999,1791376157436,legacy_historical,,,,,,,,,
1790084700000,774.06351056,1790085599999,1791376157436,legacy_historical,,,,,,,,,
1790085600000,774.50535289,1790086499999,1791376157436,legacy_historical,,,,,,,,,
1790086500000,773.79555326,1790087399999,1791376157436,legacy_historical,,,,,,,,,
1790087400000,773.49109187,1790088299999,1791376157436,legacy_historical,,,,,,,,,
1790088300000,773.56530553,1790089199999,1791376157436,legacy_historical,,,,,,,,,
1790089200000,773.70023312,1790090099999,1791376157436,legacy_historical,,,,,,,,,
1790090100000,773.51759559,1790090999999,1791376157436,legacy_historical,,,,,,,,,
1790091000000,773.00151166,1790091899999,1791376157436,legacy_historical,,,,,,,,,
1790091900000,773.07369275,1790092799999,1791376157436,legacy_historical,,,,,,,,,
1790092800000,773.49572201,1790093699999,1791376157436,legacy_historical,,,,,,,,,
1790093700000,773.05217258,1790094599999,1791376157436,legacy_historical,,,,,,,,,
1790094600000,773.18400975,1790095499999,1791376157436,legacy_historical,,,,,,,,,
1790095500000,773.65020833,1790096399999,1791376157436,legacy_historical,,,,,,,,,
1790096400000,773.43586372,1790097299999,1791376157436,legacy_historical,,,,,,,,,
1790097300000,773.56927805,1790098199999,1791376157436,legacy_historical,,,,,,,,,
1790098200000,773.57964434,1790099099999,1791376157436,legacy_historical,,,,,,,,,
1790099100000,774.18055785,1790099999999,1791376157436,legacy_historical,,,,,,,,,
1790100000000,773.99452297,1790100899999,1791376157436,legacy_historical,,,,,,,,,
1790100900000,774.23737943,1790101799999,1791376157436,legacy_historical,,,,,,,,,
1790101800000,774.2044368,1790102699999,1791376157436,legacy_historical,,,,,,,,,
1790102700000,773.84701958,1790103599999,1791376157436,legacy_historical,,,,,,,,,
1790103600000,774.03311328,1790104499999,1791376157436,legacy_historical,,,,,,,,,
1790104500000,774.43300188,1790105399999,1791376157436,legacy_historical,,,,,,,,,
1790105400000,774.47225862,1790106299999,1791376157436,legacy_historical,,,,,,,,,
1790106300000,773.47091102,1790107199999,1791376157436,legacy_historical,,,,,,,,,
1790107200000,773.62064897,1790108099999,1791376157436,legacy_historical,,,,,,,,,
1790108100000,773.29227427,1790108999999,1791376157436,legacy_historical,,,,,,,,,
1790109000000,773.304826,1790109899999,1791376157436,legacy_historical,,,,,,,,,
1790109900000,773.13396421,1790110799999,1791376157436,legacy_historical,,,,,,,,,
1790110800000,773.24033689,1790111699999,1791376157436,legacy_historical,,,,,,,,,
1790111700000,773.29450027,1790112599999,1791376157436,legacy_historical,,,,,,,,,
1790112600000,773.28798022,1790113499999,1791376157436,legacy_historical,,,,,,,,,
1790113500000,773.27487985,1790114399999,1791376157436,legacy_historical,,,,,,,,,
1790114400000,773.49528111,1790115299999,1791376157436,legacy_historical,,,,,,,,,
1790115300000,773.65205347,1790116199999,1791376157436,legacy_historical,,,,,,,,,
1790116200000,773.73308853,1790117099999,1791376157436,legacy_historical,,,,,,,,,
1790117100000,773.63175675,1790117999999,1791376157436,legacy_historical,,,,,,,,,
1790118000000,773.6517527,1790118899999,1791376157436,legacy_historical,,,,,,,,,
1790118900000,773.70188973,1790119799999,1791376157436,legacy_historical,,,,,,,,,
1790119800000,773.71394861,1790120699999,1791376157436,legacy_historical,,,,,,,,,
1790120700000,773.88502872,1790121599999,1791376157436,legacy_historical,,,,,,,,,
1790121600000,773.87686089,1790122499999,1791376157436,legacy_historical,,,,,,,,,
1790122500000,773.75573875,1790123399999,1791376157436,legacy_historical,,,,,,,,,
1790123400000,773.7634397,1790124299999,1791376157436,legacy_historical,,,,,,,,,
1790124300000,773.49397557,1790125199999,1791376157436,legacy_historical,,,,,,,,,
1790125200000,773.65996702,1790126099999,1791376157436,legacy_historical,,,,,,,,,
1790126100000,773.84626126,1790126999999,1791376157436,legacy_historical,,,,,,,,,
1790127000000,773.71685435,1790127899999,1791376157436,legacy_historical,,,,,,,,,
1790127900000,773.92168888,1790128799999,1791376157436,legacy_historical,,,,,,,,,
1790128800000,773.60681032,1790129699999,1791376157436,legacy_historical,,,,,,,,,
1790129700000,773.87732448,1790130599999,1791376157436,legacy_historical,,,,,,,,,
1790130600000,773.84841931,1790131499999,1791376157436,legacy_historical,,,,,,,,,
1790131500000,773.89865773,1790132399999,1791376157436,legacy_historical,,,,,,,,,
1790132400000,774.01022147,1790133299999,1791376157436,legacy_historical,,,,,,,,,
1790133300000,774.14310737,1790134199999,1791376157436,legacy_historical,,,,,,,,,
1790134200000,774.3245413,1790135099999,1791376157436,legacy_historical,,,,,,,,,
1790135100000,774.20447084,1790135999999,1791376157436,legacy_historical,,,,,,,,,
1790136000000,774.51848689,1790136899999,1791376157436,legacy_historical,,,,,,,,,
1790136900000,774.53328797,1790137799999,1791376157436,legacy_historical,,,,,,,,,
1790137800000,774.60031734,1790138699999,1791376157436,legacy_historical,,,,,,,,,
1790138700000,774.46210122,1790139599999,1791376157436,legacy_historical,,,,,,,,,
1790139600000,774.44350719,1790140499999,1791376157436,legacy_historical,,,,,,,,,
1790140500000,774.41242213,1790141399999,1791376157436,legacy_historical,,,,,,,,,
1790141400000,774.27261272,1790142299999,1791376157436,legacy_historical,,,,,,,,,
1790142300000,774.25869155,1790143199999,1791376157436,legacy_historical,,,,,,,,,
1790143200000,774.55588707,1790144099999,1791376157436,legacy_historical,,,,,,,,,
1790144100000,774.45307667,1790144999999,1791376157436,legacy_historical,,,,,,,,,
1790145000000,774.8372299,1790145899999,1791376157436,legacy_historical,,,,,,,,,
1790145900000,774.39545143,1790146799999,1791376157436,legacy_historical,,,,,,,,,
1790146800000,774.41160956,1790147699999,1791376157436,legacy_historical,,,,,,,,,
1790147700000,774.49782305,1790148599999,1791376157436,legacy_historical,,,,,,,,,
1790148600000,774.45084745,1790149499999,1791376157436,legacy_historical,,,,,,,,,
1790149500000,774.47952173,1790150399999,1791376157436,legacy_historical,,,,,,,,,
1790150400000,774.59381314,1790151299999,1791376157436,legacy_historical,,,,,,,,,
1790151300000,774.51917269,1790152199999,1791376157436,legacy_historical,,,,,,,,,
1790152200000,774.18273246,1790153099999,1791376157436,legacy_historical,,,,,,,,,
1790153100000,774.22878286,1790153999999,1791376157436,legacy_historical,,,,,,,,,
1790154000000,774.14878233,1790154899999,1791376157436,legacy_historical,,,,,,,,,
1790154900000,774.3570334,1790155799999,1791376157436,legacy_historical,,,,,,,,,
1790155800000,774.24918514,1790156699999,1791376157436,legacy_historical,,,,,,,,,
1790156700000,774.01979156,1790157599999,1791376157436,legacy_historical,,,,,,,,,
1790157600000,774.40402445,1790158499999,1791376157436,legacy_historical,,,,,,,,,
1790158500000,774.38773277,1790159399999,1791376157436,legacy_historical,,,,,,,,,
1790159400000,774.24176695,1790160299999,1791376157436,legacy_historical,,,,,,,,,
1790160300000,774.26223292,1790161199999,1791376157436,legacy_historical,,,,,,,,,
1790161200000,773.934664,1790162099999,1791376157436,legacy_historical,,,,,,,,,
1790162100000,773.30937062,1790162999999,1791376157436,legacy_historical,,,,,,,,,
1790163000000,772.66411634,1790163899999,1791376157436,legacy_historical,,,,,,,,,
1790163900000,773.1034035,1790164799999,1791376157436,legacy_historical,,,,,,,,,
1790164800000,772.70451962,1790165699999,1791376157436,legacy_historical,,,,,,,,,
1790165700000,772.8662165,1790166599999,1791376157436,legacy_historical,,,,,,,,,
1790166600000,772.8820749,1790167499999,1791376157436,legacy_historical,,,,,,,,,
1790167500000,772.88394876,1790168399999,1791376157436,legacy_historical,,,,,,,,,
1790168400000,772.75430368,1790169299999,1791376157436,legacy_historical,,,,,,,,,
1790169300000,773.06355941,1790170199999,1791376157436,legacy_historical,,,,,,,,,
1790170200000,772.1216725,1790171099999,1791376157436,legacy_historical,,,,,,,,,
1790171100000,770.87622801,1790171999999,1791376157436,legacy_historical,,,,,,,,,
1790172000000,769.79559404,1790172899999,1791376157436,legacy_historical,,,,,,,,,
1790172900000,769.1344581,1790173799999,1791376157436,legacy_historical,,,,,,,,,
1790173800000,769.42690599,1790174699999,1791376157436,legacy_historical,,,,,,,,,
1790174700000,770.44438689,1790175599999,1791376157436,legacy_historical,,,,,,,,,
1790175600000,769.85547382,1790176499999,1791376157436,legacy_historical,,,,,,,,,
1790176500000,769.06603336,1790177399999,1791376157436,legacy_historical,,,,,,,,,
1790177400000,769.3318026,1790178299999,1791376157436,legacy_historical,,,,,,,,,
1790178300000,768.69273157,1790179199999,1791376157436,legacy_historical,,,,,,,,,
1790179200000,768.72986935,1790180099999,1791376157436,legacy_historical,,,,,,,,,
1790180100000,768.5638392,1790180999999,1791376157436,legacy_historical,,,,,,,,,
1790181000000,767.93847167,1790181899999,1791376157436,legacy_historical,,,,,,,,,
1790181900000,767.60219417,1790182799999,1791376157436,legacy_historical,,,,,,,,,
1790182800000,767.30694603,1790183699999,1791376157436,legacy_historical,,,,,,,,,
1790183700000,767.40060045,1790184599999,1791376157436,legacy_historical,,,,,,,,,
1790184600000,768.63940836,1790185499999,1791376157436,legacy_historical,,,,,,,,,
1790185500000,769.16541816,1790186399999,1791376157436,legacy_historical,,,,,,,,,
1790186400000,768.62863845,1790187299999,1791376157436,legacy_historical,,,,,,,,,
1790187300000,768.48999147,1790188199999,1791376157436,legacy_historical,,,,,,,,,
1790188200000,767.98378714,1790189099999,1791376157436,legacy_historical,,,,,,,,,
1790189100000,768.3331026,1790189999999,1791376157436,legacy_historical,,,,,,,,,
1790190000000,768.09522922,1790190899999,1791376157436,legacy_historical,,,,,,,,,
1790190900000,767.7875902,1790191799999,1791376157436,legacy_historical,,,,,,,,,
1790191800000,767.6541091,1790192699999,1791376157436,legacy_historical,,,,,,,,,
1790192700000,767.80622236,1790193599999,1791376157436,legacy_historical,,,,,,,,,
1790193600000,767.77682045,1790194499999,1791376157436,legacy_historical,,,,,,,,,
1790194500000,767.74711632,1790195399999,1791376157436,legacy_historical,,,,,,,,,
1790195400000,767.83886322,1790196299999,1791376157436,legacy_historical,,,,,,,,,
1790196300000,767.78262025,1790197199999,1791376157436,legacy_historical,,,,,,,,,
1790197200000,767.84118712,1790198099999,1791376157436,legacy_historical,,,,,,,,,
1790198100000,767.83086464,1790198999999,1791376157436,legacy_historical,,,,,,,,,
1790199000000,767.90009683,1790199899999,1791376157436,legacy_historical,,,,,,,,,
1790199900000,767.86389223,1790200799999,1791376157436,legacy_historical,,,,,,,,,
1790200800000,768.31069818,1790201699999,1791376157436,legacy_historical,,,,,,,,,
1790201700000,768.31140232,1790202599999,1791376157436,legacy_historical,,,,,,,,,
1790202600000,768.23006003,1790203499999,1791376157436,legacy_historical,,,,,,,,,
1790203500000,768.19220075,1790204399999,1791376157436,legacy_historical,,,,,,,,,
1790204400000,768.0440565,1790205299999,1791376157436,legacy_historical,,,,,,,,,
1790205300000,767.56920528,1790206199999,1791376157436,legacy_historical,,,,,,,,,
1790206200000,767.47956118,1790207099999,1791376157436,legacy_historical,,,,,,,,,
1790207100000,767.51385808,1790207999999,1791376157436,legacy_historical,,,,,,,,,
1790208000000,767.26198241,1790208899999,1791376157436,legacy_historical,,,,,,,,,
1790208900000,767.39936535,1790209799999,1791376157436,legacy_historical,,,,,,,,,
1790209800000,767.22623866,1790210699999,1791376157436,legacy_historical,,,,,,,,,
1790210700000,767.21518859,1790211599999,1791376157436,legacy_historical,,,,,,,,,
1790211600000,767.35997747,1790212499999,1791376157436,legacy_historical,,,,,,,,,
1790212500000,767.17651851,1790213399999,1791376157436,legacy_historical,,,,,,,,,
1790213400000,767.10392225,1790214299999,1791376157436,legacy_historical,,,,,,,,,
1790214300000,767.17941823,1790215199999,1791376157436,legacy_historical,,,,,,,,,
1790215200000,766.83124157,1790216099999,1791376157436,legacy_historical,,,,,,,,,
1790216100000,767.08562304,1790216999999,1791376157436,legacy_historical,,,,,,,,,
1790217000000,767.33548326,1790217899999,1791376157436,legacy_historical,,,,,,,,,
1790217900000,767.21122286,1790218799999,1791376157436,legacy_historical,,,,,,,,,
1790218800000,766.8370465,1790219699999,1791376157436,legacy_historical,,,,,,,,,
1790219700000,766.69077044,1790220599999,1791376157436,legacy_historical,,,,,,,,,
1790220600000,766.40066754,1790221499999,1791376157436,legacy_historical,,,,,,,,,
1790221500000,766.68638393,1790222399999,1791376157436,legacy_historical,,,,,,,,,
1790222400000,765.4381697,1790223299999,1791376157436,legacy_historical,,,,,,,,,
1790223300000,765.87729833,1790224199999,1791376157436,legacy_historical,,,,,,,,,
1790224200000,766.25756426,1790225099999,1791376157436,legacy_historical,,,,,,,,,
1790225100000,766.18744274,1790225999999,1791376157436,legacy_historical,,,,,,,,,
1790226000000,766.2199946,1790226899999,1791376157436,legacy_historical,,,,,,,,,
1790226900000,766.38109212,1790227799999,1791376157436,legacy_historical,,,,,,,,,
1790227800000,765.7549833,1790228699999,1791376157436,legacy_historical,,,,,,,,,
1790228700000,764.98046519,1790229599999,1791376157436,legacy_historical,,,,,,,,,
1790229600000,765.36837125,1790230499999,1791376157436,legacy_historical,,,,,,,,,
1790230500000,764.91465375,1790231399999,1791376157436,legacy_historical,,,,,,,,,
1790231400000,764.76954836,1790232299999,1791376157436,legacy_historical,,,,,,,,,
1790232300000,764.33431504,1790233199999,1791376157436,legacy_historical,,,,,,,,,
1790233200000,765.23981642,1790234099999,1791376157436,legacy_historical,,,,,,,,,
1790234100000,765.24306154,1790234999999,1791376157436,legacy_historical,,,,,,,,,
1790235000000,765.42923205,1790235899999,1791376157436,legacy_historical,,,,,,,,,
1790235900000,764.20040472,1790236799999,1791376157436,legacy_historical,,,,,,,,,
1790236800000,763.77381817,1790237699999,1791376157436,legacy_historical,,,,,,,,,
1790237700000,763.47375157,1790238599999,1791376157436,legacy_historical,,,,,,,,,
1790238600000,763.45668538,1790239499999,1791376157436,legacy_historical,,,,,,,,,
1790239500000,763.14760778,1790240399999,1791376157436,legacy_historical,,,,,,,,,
1790240400000,763.51860622,1790241299999,1791376157436,legacy_historical,,,,,,,,,
1790241300000,763.45087014,1790242199999,1791376157436,legacy_historical,,,,,,,,,
1790242200000,762.24526112,1790243099999,1791376157436,legacy_historical,,,,,,,,,
1790243100000,763.2292879,1790243999999,1791376157436,legacy_historical,,,,,,,,,
1790244000000,763.33649076,1790244899999,1791376157436,legacy_historical,,,,,,,,,
1790244900000,763.00471683,1790245799999,1791376157436,legacy_historical,,,,,,,,,
1790245800000,763.96908278,1790246699999,1791376157436,legacy_historical,,,,,,,,,
1790246700000,764.09894415,1790247599999,1791376157436,legacy_historical,,,,,,,,,
1790247600000,764.05896805,1790248499999,1791376157436,legacy_historical,,,,,,,,,
1790248500000,763.97099064,1790249399999,1791376157436,legacy_historical,,,,,,,,,
1790249400000,763.60978665,1790250299999,1791376157436,legacy_historical,,,,,,,,,
1790250300000,764.00234638,1790251199999,1791376157436,legacy_historical,,,,,,,,,
1790251200000,764.17195581,1790252099999,1791376157436,legacy_historical,,,,,,,,,
1790252100000,764.20693098,1790252999999,1791376157436,legacy_historical,,,,,,,,,
1790253000000,764.00104907,1790253899999,1791376157436,legacy_historical,,,,,,,,,
1790253900000,764.24580683,1790254799999,1791376157436,legacy_historical,,,,,,,,,
1790254800000,764.65389528,1790255699999,1791376157436,legacy_historical,,,,,,,,,
1790255700000,764.41209599,1790256599999,1791376157436,legacy_historical,,,,,,,,,
1790256600000,764.8175974,1790257499999,1791376157436,legacy_historical,,,,,,,,,
1790257500000,765.61396134,1790258399999,1791376157436,legacy_historical,,,,,,,,,
1790258400000,766.25930773,1790259299999,1791376157436,legacy_historical,,,,,,,,,
1790259300000,766.22753224,1790260199999,1791376157436,legacy_historical,,,,,,,,,
1790260200000,765.52448092,1790261099999,1791376157436,legacy_historical,,,,,,,,,
1790261100000,764.78976505,1790261999999,1791376157436,legacy_historical,,,,,,,,,
1790262000000,763.59121894,1790262899999,1791376157436,legacy_historical,,,,,,,,,
1790262900000,763.8945829,1790263799999,1791376157436,legacy_historical,,,,,,,,,
1790263800000,764.35625618,1790264699999,1791376157436,legacy_historical,,,,,,,,,
1790264700000,764.5153457,1790265599999,1791376157436,legacy_historical,,,,,,,,,
1790265600000,764.50235901,1790266499999,1791376157436,legacy_historical,,,,,,,,,
1790266500000,767.40380651,1790267399999,1791376157436,legacy_historical,,,,,,,,,
1790267400000,768.0463211,1790268299999,1791376157436,legacy_historical,,,,,,,,,
1790268300000,768.60273277,1790269199999,1791376157436,legacy_historical,,,,,,,,,
1790269200000,768.66470159,1790270099999,1791376157436,legacy_historical,,,,,,,,,
1790270100000,767.51305917,1790270999999,1791376157436,legacy_historical,,,,,,,,,
1790271000000,766.46995572,1790271899999,1791376157436,legacy_historical,,,,,,,,,
1790271900000,767.20006174,1790272799999,1791376157436,legacy_historical,,,,,,,,,
1790272800000,767.29767631,1790273699999,1791376157436,legacy_historical,,,,,,,,,
1790273700000,767.94291317,1790274599999,1791376157436,legacy_historical,,,,,,,,,
1790274600000,767.78036807,1790275499999,1791376157436,legacy_historical,,,,,,,,,
1790275500000,768.22958174,1790276399999,1791376157436,legacy_historical,,,,,,,,,
1790276400000,767.58335716,1790277299999,1791376157436,legacy_historical,,,,,,,,,
1790277300000,767.86852764,1790278199999,1791376157436,legacy_historical,,,,,,,,,
1790278200000,767.94041739,1790279099999,1791376157436,legacy_historical,,,,,,,,,
1790279100000,767.69335147,1790279999999,1791376157436,legacy_historical,,,,,,,,,
1790280000000,766.85305758,1790280899999,1791376157436,legacy_historical,,,,,,,,,
1790280900000,765.94066652,1790281799999,1791376157436,legacy_historical,,,,,,,,,
1790281800000,766.42545162,1790282699999,1791376157436,legacy_historical,,,,,,,,,
1790282700000,766.84060371,1790283599999,1791376157436,legacy_historical,,,,,,,,,
1790283600000,766.71599021,1790284499999,1791376157436,legacy_historical,,,,,,,,,
1790284500000,766.68595675,1790285399999,1791376157436,legacy_historical,,,,,,,,,
1790285400000,766.88922501,1790286299999,1791376157436,legacy_historical,,,,,,,,,
1790286300000,766.81357416,1790287199999,1791376157436,legacy_historical,,,,,,,,,
1790287200000,766.81230207,1790288099999,1791376157436,legacy_historical,,,,,,,,,
1790288100000,766.504073,1790288999999,1791376157436,legacy_historical,,,,,,,,,
1790289000000,766.72231371,1790289899999,1791376157436,legacy_historical,,,,,,,,,
1790289900000,766.61759692,1790290799999,1791376157436,legacy_historical,,,,,,,,,
1790290800000,766.5945788,1790291699999,1791376157436,legacy_historical,,,,,,,,,
1790291700000,766.75663875,1790292599999,1791376157436,legacy_historical,,,,,,,,,
1790292600000,766.68041741,1790293499999,1791376157436,legacy_historical,,,,,,,,,
1790293500000,766.1824969,1790294399999,1791376157436,legacy_historical,,,,,,,,,
1790294400000,766.46402816,1790295299999,1791376157436,legacy_historical,,,,,,,,,
1790295300000,766.61720683,1790296199999,1791376157436,legacy_historical,,,,,,,,,
1790296200000,766.26368949,1790297099999,1791376157436,legacy_historical,,,,,,,,,
1790297100000,766.37564995,1790297999999,1791376157436,legacy_historical,,,,,,,,,
1790298000000,767.27363174,1790298899999,1791376157436,legacy_historical,,,,,,,,,
1790298900000,767.4184913,1790299799999,1791376157436,legacy_historical,,,,,,,,,
1790299800000,767.59925631,1790300699999,1791376157436,legacy_historical,,,,,,,,,
1790300700000,767.33230852,1790301599999,1791376157436,legacy_historical,,,,,,,,,
1790301600000,767.60612225,1790302499999,1791376157436,legacy_historical,,,,,,,,,
1790302500000,767.40786971,1790303399999,1791376157436,legacy_historical,,,,,,,,,
1790303400000,767.44048848,1790304299999,1791376157436,legacy_historical,,,,,,,,,
1790304300000,767.37773826,1790305199999,1791376157436,legacy_historical,,,,,,,,,
1790305200000,767.66451708,1790306099999,1791376157436,legacy_historical,,,,,,,,,
1790306100000,767.74647396,1790306999999,1791376157436,legacy_historical,,,,,,,,,
1790307000000,767.43081719,1790307899999,1791376157436,legacy_historical,,,,,,,,,
1790307900000,767.6116614,1790308799999,1791376157436,legacy_historical,,,,,,,,,
1790308800000,767.22140515,1790309699999,1791376157436,legacy_historical,,,,,,,,,
1790309700000,767.18819755,1790310599999,1791376157436,legacy_historical,,,,,,,,,
1790310600000,767.33669339,1790311499999,1791376157436,legacy_historical,,,,,,,,,
1790311500000,767.14923723,1790312399999,1791376157436,legacy_historical,,,,,,,,,
1790312400000,767.46813061,1790313299999,1791376157436,legacy_historical,,,,,,,,,
1790313300000,767.54000498,1790314199999,1791376157436,legacy_historical,,,,,,,,,
1790314200000,768.39215399,1790315099999,1791376157436,legacy_historical,,,,,,,,,
1790315100000,768.17241199,1790315999999,1791376157436,legacy_historical,,,,,,,,,
1790316000000,768.71919063,1790316899999,1791376157436,legacy_historical,,,,,,,,,
1790316900000,768.6423118,1790317799999,1791376157436,legacy_historical,,,,,,,,,
1790317800000,768.83826686,1790318699999,1791376157436,legacy_historical,,,,,,,,,
1790318700000,768.60511061,1790319599999,1791376157436,legacy_historical,,,,,,,,,
1790319600000,768.93230008,1790320499999,1791376157436,legacy_historical,,,,,,,,,
1790320500000,769.14020938,1790321399999,1791376157436,legacy_historical,,,,,,,,,
1790321400000,768.68644081,1790322299999,1791376157436,legacy_historical,,,,,,,,,
1790322300000,768.71218085,1790323199999,1791376157436,legacy_historical,,,,,,,,,
1790323200000,768.96626188,1790324099999,1791376157436,legacy_historical,,,,,,,,,
1790324100000,769.45052647,1790324999999,1791376157436,legacy_historical,,,,,,,,,
1790325000000,769.6768809,1790325899999,1791376157436,legacy_historical,,,,,,,,,
1790325900000,770.18311439,1790326799999,1791376157436,legacy_historical,,,,,,,,,
1790326800000,770.21627341,1790327699999,1791376157436,legacy_historical,,,,,,,,,
1790327700000,770.07013882,1790328599999,1791376157436,legacy_historical,,,,,,,,,
1790328600000,770.1858245,1790329499999,1791376157436,legacy_historical,,,,,,,,,
1790329500000,769.98023166,1790330399999,1791376157436,legacy_historical,,,,,,,,,
1790330400000,769.98842729,1790331299999,1791376157436,legacy_historical,,,,,,,,,
1790331300000,770.01190486,1790332199999,1791376157436,legacy_historical,,,,,,,,,
1790332200000,769.77265214,1790333099999,1791376157436,legacy_historical,,,,,,,,,
1790333100000,769.71438768,1790333999999,1791376157436,legacy_historical,,,,,,,,,
1790334000000,770.53684553,1790334899999,1791376157436,legacy_historical,,,,,,,,,
1790334900000,770.69095792,1790335799999,1791376157436,legacy_historical,,,,,,,,,
1790335800000,770.60103784,1790336699999,1791376157436,legacy_historical,,,,,,,,,
1790336700000,770.53334331,1790337599999,1791376157436,legacy_historical,,,,,,,,,
1790337600000,770.42472536,1790338499999,1791376157436,legacy_historical,,,,,,,,,
1790338500000,770.42369943,1790339399999,1791376157436,legacy_historical,,,,,,,,,
1790339400000,769.87664531,1790340299999,1791376157436,legacy_historical,,,,,,,,,
1790340300000,769.64754541,1790341199999,1791376157436,legacy_historical,,,,,,,,,
1790341200000,770.05444118,1790342099999,1791376157436,legacy_historical,,,,,,,,,
1790342100000,769.00405598,1790342999999,1791376157436,legacy_historical,,,,,,,,,
1790343000000,769.69175451,1790343899999,1791376157436,legacy_historical,,,,,,,,,
1790343900000,769.87543325,1790344799999,1791376157436,legacy_historical,,,,,,,,,
1790344800000,767.1162683,1790345699999,1791376157436,legacy_historical,,,,,,,,,
1790345700000,767.52282388,1790346599999,1791376157436,legacy_historical,,,,,,,,,
1790346600000,767.94984509,1790347499999,1791376157436,legacy_historical,,,,,,,,,
1790347500000,768.95223017,1790348399999,1791376157436,legacy_historical,,,,,,,,,
1790348400000,769.13700174,1790349299999,1791376157436,legacy_historical,,,,,,,,,
1790349300000,768.94481327,1790350199999,1791376157436,legacy_historical,,,,,,,,,
1790350200000,767.92719013,1790351099999,1791376157436,legacy_historical,,,,,,,,,
1790351100000,770.03873859,1790351999999,1791376157436,legacy_historical,,,,,,,,,
1790352000000,771.65865891,1790352899999,1791376157436,legacy_historical,,,,,,,,,
1790352900000,771.70380086,1790353799999,1791376157436,legacy_historical,,,,,,,,,
1790353800000,771.36023858,1790354699999,1791376157436,legacy_historical,,,,,,,,,
1790354700000,770.71027359,1790355599999,1791376157436,legacy_historical,,,,,,,,,
1790355600000,771.39148154,1790356499999,1791376157436,legacy_historical,,,,,,,,,
1790356500000,771.45825556,1790357399999,1791376157436,legacy_historical,,,,,,,,,
1790357400000,771.14482102,1790358299999,1791376157436,legacy_historical,,,,,,,,,
1790358300000,771.33517213,1790359199999,1791376157436,legacy_historical,,,,,,,,,
1790359200000,771.64290172,1790360099999,1791376157436,legacy_historical,,,,,,,,,
1790360100000,771.042071,1790360999999,1791376157436,legacy_historical,,,,,,,,,
1790361000000,771.15325317,1790361899999,1791376157436,legacy_historical,,,,,,,,,
1790361900000,770.83103941,1790362799999,1791376157436,legacy_historical,,,,,,,,,
1790362800000,771.28003266,1790363699999,1791376157436,legacy_historical,,,,,,,,,
1790363700000,770.50571091,1790364599999,1791376157436,legacy_historical,,,,,,,,,
1790364600000,771.39155442,1790365499999,1791376157436,legacy_historical,,,,,,,,,
1790365500000,771.53436387,1790366399999,1791376157436,legacy_historical,,,,,,,,,
1790366400000,771.47381182,1790367299999,1791376157436,legacy_historical,,,,,,,,,
1790367300000,771.32299592,1790368199999,1791376157436,legacy_historical,,,,,,,,,
1790368200000,771.60913438,1790369099999,1791376157436,legacy_historical,,,,,,,,,
1790369100000,771.59014721,1790369999999,1791376157436,legacy_historical,,,,,,,,,
1790370000000,771.66315568,1790370899999,1791376157436,legacy_historical,,,,,,,,,
1790370900000,772.20302904,1790371799999,1791376157436,legacy_historical,,,,,,,,,
1790371800000,772.23225579,1790372699999,1791376157436,legacy_historical,,,,,,,,,
1790372700000,772.15696597,1790373599999,1791376157436,legacy_historical,,,,,,,,,
1790373600000,772.39385421,1790374499999,1791376157436,legacy_historical,,,,,,,,,
1790374500000,772.39648706,1790375399999,1791376157436,legacy_historical,,,,,,,,,
1790375400000,772.35394236,1790376299999,1791376157436,legacy_historical,,,,,,,,,
1790376300000,772.3880075,1790377199999,1791376157436,legacy_historical,,,,,,,,,
1790377200000,772.33724514,1790378099999,1791376157436,legacy_historical,,,,,,,,,
1790378100000,772.52575626,1790378999999,1791376157436,legacy_historical,,,,,,,,,
1790379000000,772.49527684,1790379899999,1791376157436,legacy_historical,,,,,,,,,
1790379900000,772.25743129,1790380799999,1791376157436,legacy_historical,,,,,,,,,
1790380800000,772.42450625,1790381699999,1791376157436,legacy_historical,,,,,,,,,
1790381700000,772.54814006,1790382599999,1791376157436,legacy_historical,,,,,,,,,
1790382600000,771.91106247,1790383499999,1791376157436,legacy_historical,,,,,,,,,
1790383500000,771.19233772,1790384399999,1791376157436,legacy_historical,,,,,,,,,
1790384400000,771.08267107,1790385299999,1791376157436,legacy_historical,,,,,,,,,
1790385300000,771.08819367,1790386199999,1791376157436,legacy_historical,,,,,,,,,
1790386200000,771.11856941,1790387099999,1791376157436,legacy_historical,,,,,,,,,
1790387100000,771.12994572,1790387999999,1791376157436,legacy_historical,,,,,,,,,
1790388000000,771.22013582,1790388899999,1791376157436,legacy_historical,,,,,,,,,
1790388900000,771.24257331,1790389799999,1791376157436,legacy_historical,,,,,,,,,
1790389800000,771.28134559,1790390699999,1791376157436,legacy_historical,,,,,,,,,
1790390700000,771.28489622,1790391599999,1791376157436,legacy_historical,,,,,,,,,
1790391600000,771.2864064,1790392499999,1791376157436,legacy_historical,,,,,,,,,
1790392500000,771.21000167,1790393399999,1791376157436,legacy_historical,,,,,,,,,
1790393400000,771.1623668,1790394299999,1791376157436,legacy_historical,,,,,,,,,
1790394300000,771.12801219,1790395199999,1791376157436,legacy_historical,,,,,,,,,
1790395200000,771.09748294,1790396099999,1791376157436,legacy_historical,,,,,,,,,
1790396100000,771.11486994,1790396999999,1791376157436,legacy_historical,,,,,,,,,
1790397000000,771.14172615,1790397899999,1791376157436,legacy_historical,,,,,,,,,
1790397900000,771.18633591,1790398799999,1791376157436,legacy_historical,,,,,,,,,
1790398800000,771.11982621,1790399699999,1791376157436,legacy_historical,,,,,,,,,
1790399700000,771.08352693,1790400599999,1791376157436,legacy_historical,,,,,,,,,
1790400600000,771.09617202,1790401499999,1791376157436,legacy_historical,,,,,,,,,
1790401500000,771.08441995,1790402399999,1791376157436,legacy_historical,,,,,,,,,
1790402400000,771.01880009,1790403299999,1791376157436,legacy_historical,,,,,,,,,
1790403300000,770.95069924,1790404199999,1791376157436,legacy_historical,,,,,,,,,
1790404200000,770.89830444,1790405099999,1791376157436,legacy_historical,,,,,,,,,
1790405100000,770.92180232,1790405999999,1791376157436,legacy_historical,,,,,,,,,
1790406000000,770.95241694,1790406899999,1791376157436,legacy_historical,,,,,,,,,
1790406900000,770.94713659,1790407799999,1791376157436,legacy_historical,,,,,,,,,
1790407800000,770.93979787,1790408699999,1791376157436,legacy_historical,,,,,,,,,
1790408700000,770.90930647,1790409599999,1791376157436,legacy_historical,,,,,,,,,
1790409600000,770.85498834,1790410499999,1791376157436,legacy_historical,,,,,,,,,
1790410500000,770.83352453,1790411399999,1791376157436,legacy_historical,,,,,,,,,
1790411400000,770.8212517,1790412299999,1791376157436,legacy_historical,,,,,,,,,
1790412300000,770.83498259,1790413199999,1791376157436,legacy_historical,,,,,,,,,
1790413200000,770.84408528,1790414099999,1791376157436,legacy_historical,,,,,,,,,
1790414100000,770.77370818,1790414999999,1791376157436,legacy_historical,,,,,,,,,
1790415000000,770.86390228,1790415899999,1791376157436,legacy_historical,,,,,,,,,
1790415900000,770.80991393,1790416799999,1791376157436,legacy_historical,,,,,,,,,
1790416800000,770.76105232,1790417699999,1791376157436,legacy_historical,,,,,,,,,
1790417700000,770.76738018,1790418599999,1791376157436,legacy_historical,,,,,,,,,
1790418600000,770.80454669,1790419499999,1791376157436,legacy_historical,,,,,,,,,
1790419500000,770.87080615,1790420399999,1791376157436,legacy_historical,,,,,,,,,
1790420400000,770.95649959,1790421299999,1791376157436,legacy_historical,,,,,,,,,
1790421300000,770.96533272,1790422199999,1791376157436,legacy_historical,,,,,,,,,
1790422200000,771.00594239,1790423099999,1791376157436,legacy_historical,,,,,,,,,
1790423100000,771.02374598,1790423999999,1791376157436,legacy_historical,,,,,,,,,
1790424000000,770.93949213,1790424899999,1791376157436,legacy_historical,,,,,,,,,
1790424900000,770.92125758,1790425799999,1791376157436,legacy_historical,,,,,,,,,
1790425800000,770.92868542,1790426699999,1791376157436,legacy_historical,,,,,,,,,
1790426700000,770.9468932,1790427599999,1791376157436,legacy_historical,,,,,,,,,
1790427600000,770.97184909,1790428499999,1791376157436,legacy_historical,,,,,,,,,
1790428500000,770.96466225,1790429399999,1791376157436,legacy_historical,,,,,,,,,
1790429400000,770.99621717,1790430299999,1791376157436,legacy_historical,,,,,,,,,
1790430300000,770.98686641,1790431199999,1791376157436,legacy_historical,,,,,,,,,
1790431200000,770.96631141,1790432099999,1791376157436,legacy_historical,,,,,,,,,
1790432100000,770.99973877,1790432999999,1791376157436,legacy_historical,,,,,,,,,
1790433000000,771.02303998,1790433899999,1791376157436,legacy_historical,,,,,,,,,
1790433900000,771.08492141,1790434799999,1791376157436,legacy_historical,,,,,,,,,
1790434800000,771.11202912,1790435699999,1791376157436,legacy_historical,,,,,,,,,
1790435700000,771.07936583,1790436599999,1791376157436,legacy_historical,,,,,,,,,
1790436600000,771.07144171,1790437499999,1791376157436,legacy_historical,,,,,,,,,
1790437500000,771.05133933,1790438399999,1791376157436,legacy_historical,,,,,,,,,
1790438400000,771.05291196,1790439299999,1791376157436,legacy_historical,,,,,,,,,
1790439300000,771.06344909,1790440199999,1791376157436,legacy_historical,,,,,,,,,
1790440200000,771.0465279,1790441099999,1791376157436,legacy_historical,,,,,,,,,
1790441100000,771.0491259,1790441999999,1791376157436,legacy_historical,,,,,,,,,
1790442000000,771.07301943,1790442899999,1791376157436,legacy_historical,,,,,,,,,
1790442900000,771.0824758,1790443799999,1791376157436,legacy_historical,,,,,,,,,
1790443800000,771.08788811,1790444699999,1791376157436,legacy_historical,,,,,,,,,
1790444700000,771.09094775,1790445599999,1791376157436,legacy_historical,,,,,,,,,
1790445600000,771.06558871,1790446499999,1791376157436,legacy_historical,,,,,,,,,
1790446500000,770.89088373,1790447399999,1791376157436,legacy_historical,,,,,,,,,
1790447400000,770.77364817,1790448299999,1791376157436,legacy_historical,,,,,,,,,
1790448300000,770.73472371,1790449199999,1791376157436,legacy_historical,,,,,,,,,
1790449200000,770.71452914,1790450099999,1791376157436,legacy_historical,,,,,,,,,
1790450100000,770.7320092,1790450999999,1791376157436,legacy_historical,,,,,,,,,
1790451000000,770.74190018,1790451899999,1791376157436,legacy_historical,,,,,,,,,
1790451900000,770.77404739,1790452799999,1791376157436,legacy_historical,,,,,,,,,
1790452800000,770.80290078,1790453699999,1791376157436,legacy_historical,,,,,,,,,
1790453700000,770.7678442,1790454599999,1791376157436,legacy_historical,,,,,,,,,
1790454600000,770.70846732,1790455499999,1791376157436,legacy_historical,,,,,,,,,
1790455500000,770.58823892,1790456399999,1791376157436,legacy_historical,,,,,,,,,
1790456400000,770.53533218,1790457299999,1791376157436,legacy_historical,,,,,,,,,
1790457300000,770.5299618,1790458199999,1791376157436,legacy_historical,,,,,,,,,
1790458200000,770.55905906,1790459099999,1791376157436,legacy_historical,,,,,,,,,
1790459100000,770.58073143,1790459999999,1791376157436,legacy_historical,,,,,,,,,
1790460000000,770.60497294,1790460899999,1791376157436,legacy_historical,,,,,,,,,
1790460900000,770.67679989,1790461799999,1791376157436,legacy_historical,,,,,,,,,
1790461800000,770.71571358,1790462699999,1791376157436,legacy_historical,,,,,,,,,
1790462700000,770.73402849,1790463599999,1791376157436,legacy_historical,,,,,,,,,
1790463600000,770.74274775,1790464499999,1791376157436,legacy_historical,,,,,,,,,
1790464500000,770.76092062,1790465399999,1791376157436,legacy_historical,,,,,,,,,
1790465400000,770.77127992,1790466299999,1791376157436,legacy_historical,,,,,,,,,
1790466300000,770.79574531,1790467199999,1791376157436,legacy_historical,,,,,,,,,
1790467200000,770.8169354,1790468099999,1791376157436,legacy_historical,,,,,,,,,
1790468100000,770.82923437,1790468999999,1791376157436,legacy_historical,,,,,,,,,
1790469000000,770.83865478,1790469899999,1791376157436,legacy_historical,,,,,,,,,
1790469900000,770.73234542,1790470799999,1791376157436,legacy_historical,,,,,,,,,
1790470800000,770.59544167,1790471699999,1791376157436,legacy_historical,,,,,,,,,
1790471700000,770.58498494,1790472599999,1791376157436,legacy_historical,,,,,,,,,
1790472600000,770.62139873,1790473499999,1791376157436,legacy_historical,,,,,,,,,
1790473500000,770.6230338,1790474399999,1791376157436,legacy_historical,,,,,,,,,
1790474400000,770.58524025,1790475299999,1791376157436,legacy_historical,,,,,,,,,
1790475300000,770.5662049,1790476199999,1791376157436,legacy_historical,,,,,,,,,
1790476200000,770.61235973,1790477099999,1791376157436,legacy_historical,,,,,,,,,
1790477100000,770.68650097,1790477999999,1791376157436,legacy_historical,,,,,,,,,
1790478000000,770.76466509,1790478899999,1791376157436,legacy_historical,,,,,,,,,
1790478900000,770.8231459,1790479799999,1791376157436,legacy_historical,,,,,,,,,
1790479800000,770.87111679,1790480699999,1791376157436,legacy_historical,,,,,,,,,
1790480700000,770.89607153,1790481599999,1791376157436,legacy_historical,,,,,,,,,
1790481600000,770.94749959,1790482499999,1791376157436,legacy_historical,,,,,,,,,
1790482500000,770.99301036,1790483399999,1791376157436,legacy_historical,,,,,,,,,
1790483400000,770.96660285,1790484299999,1791376157436,legacy_historical,,,,,,,,,
1790484300000,770.93989669,1790485199999,1791376157436,legacy_historical,,,,,,,,,
1790485200000,770.87405365,1790486099999,1791376157436,legacy_historical,,,,,,,,,
1790486100000,770.84434575,1790486999999,1791376157436,legacy_historical,,,,,,,,,
1790487000000,770.82501046,1790487899999,1791376157436,legacy_historical,,,,,,,,,
1790487900000,770.8275653,1790488799999,1791376157436,legacy_historical,,,,,,,,,
1790488800000,770.83264787,1790489699999,1791376157436,legacy_historical,,,,,,,,,
1790489700000,770.86498348,1790490599999,1791376157436,legacy_historical,,,,,,,,,
1790490600000,770.87789703,1790491499999,1791376157436,legacy_historical,,,,,,,,,
1790491500000,770.95736584,1790492399999,1791376157436,legacy_historical,,,,,,,,,
1790492400000,770.97906072,1790493299999,1791376157436,legacy_historical,,,,,,,,,
1790493300000,770.99189779,1790494199999,1791376157436,legacy_historical,,,,,,,,,
1790494200000,771.03429422,1790495099999,1791376157436,legacy_historical,,,,,,,,,
1790495100000,771.055171,1790495999999,1791376157436,legacy_historical,,,,,,,,,
1790496000000,771.14080752,1790496899999,1791376157436,legacy_historical,,,,,,,,,
1790496900000,771.26167209,1790497799999,1791376157436,legacy_historical,,,,,,,,,
1790497800000,771.40874273,1790498699999,1791376157436,legacy_historical,,,,,,,,,
1790498700000,771.57518949,1790499599999,1791376157436,legacy_historical,,,,,,,,,
1790499600000,771.68922829,1790500499999,1791376157436,legacy_historical,,,,,,,,,
1790500500000,771.7439799,1790501399999,1791376157436,legacy_historical,,,,,,,,,
1790501400000,771.77796378,1790502299999,1791376157436,legacy_historical,,,,,,,,,
1790502300000,771.80680201,1790503199999,1791376157436,legacy_historical,,,,,,,,,
1790503200000,771.82762467,1790504099999,1791376157436,legacy_historical,,,,,,,,,
1790504100000,771.87732491,1790504999999,1791376157436,legacy_historical,,,,,,,,,
1790505000000,771.91074188,1790505899999,1791376157436,legacy_historical,,,,,,,,,
1790505900000,771.95831173,1790506799999,1791376157436,legacy_historical,,,,,,,,,
1790506800000,771.99202484,1790507699999,1791376157436,legacy_historical,,,,,,,,,
1790507700000,771.97081679,1790508599999,1791376157436,legacy_historical,,,,,,,,,
1790508600000,771.91621352,1790509499999,1791376157436,legacy_historical,,,,,,,,,
1790509500000,771.87697212,1790510399999,1791376157436,legacy_historical,,,,,,,,,
1790510400000,771.84049596,1790511299999,1791376157436,legacy_historical,,,,,,,,,
1790511300000,771.78679424,1790512199999,1791376157436,legacy_historical,,,,,,,,,
1790512200000,771.57670723,1790513099999,1791376157436,legacy_historical,,,,,,,,,
1790513100000,771.39476492,1790513999999,1791376157436,legacy_historical,,,,,,,,,
1790514000000,771.16856809,1790514899999,1791376157436,legacy_historical,,,,,,,,,
1790514900000,771.01026733,1790515799999,1791376157436,legacy_historical,,,,,,,,,
1790515800000,770.90343501,1790516699999,1791376157436,legacy_historical,,,,,,,,,
1790516700000,770.89602721,1790517599999,1791376157436,legacy_historical,,,,,,,,,
1790517600000,770.8795621,1790518499999,1791376157436,legacy_historical,,,,,,,,,
1790518500000,770.79277476,1790519399999,1791376157436,legacy_historical,,,,,,,,,
1790519400000,770.6961767,1790520299999,1791376157436,legacy_historical,,,,,,,,,
1790520300000,770.65128602,1790521199999,1791376157436,legacy_historical,,,,,,,,,
1790521200000,770.73084763,1790522099999,1791376157436,legacy_historical,,,,,,,,,
1790522100000,770.84756436,1790522999999,1791376157436,legacy_historical,,,,,,,,,
1790523000000,770.92743069,1790523899999,1791376157436,legacy_historical,,,,,,,,,
1790523900000,771.03897007,1790524799999,1791376157436,legacy_historical,,,,,,,,,
1790524800000,771.1507842,1790525699999,1791376157436,legacy_historical,,,,,,,,,
1790525700000,771.17905486,1790526599999,1791376157436,legacy_historical,,,,,,,,,
1790526600000,771.14004503,1790527499999,1791376157436,legacy_historical,,,,,,,,,
1790527500000,770.92556169,1790528399999,1791376157436,legacy_historical,,,,,,,,,
1790528400000,770.72325108,1790529299999,1791376157436,legacy_historical,,,,,,,,,
1790529300000,770.62920662,1790530199999,1791376157436,legacy_historical,,,,,,,,,
1790530200000,770.86647076,1790531099999,1791376157436,legacy_historical,,,,,,,,,
1790531100000,771.07169571,1790531999999,1791376157436,legacy_historical,,,,,,,,,
1790532000000,771.27485254,1790532899999,1791376157436,legacy_historical,,,,,,,,,
1790532900000,771.45234798,1790533799999,1791376157436,legacy_historical,,,,,,,,,
1790533800000,771.55829961,1790534699999,1791376157436,legacy_historical,,,,,,,,,
1790534700000,771.62488246,1790535599999,1791376157436,legacy_historical,,,,,,,,,
1790535600000,771.5324579,1790536499999,1791376157436,legacy_historical,,,,,,,,,
1790536500000,771.49115231,1790537399999,1791376157436,legacy_historical,,,,,,,,,
1790537400000,771.52037004,1790538299999,1791376157436,legacy_historical,,,,,,,,,
1790538300000,771.55866338,1790539199999,1791376157436,legacy_historical,,,,,,,,,
1790539200000,771.69311204,1790540099999,1791376157436,legacy_historical,,,,,,,,,
1790540100000,771.76932713,1790540999999,1791376157436,legacy_historical,,,,,,,,,
1790541000000,771.82996658,1790541899999,1791376157436,legacy_historical,,,,,,,,,
1790541900000,771.8017533,1790542799999,1791376157436,legacy_historical,,,,,,,,,
1790542800000,771.65814267,1790543699999,1791376157436,legacy_historical,,,,,,,,,
1790543700000,771.58221806,1790544599999,1791376157436,legacy_historical,,,,,,,,,
1790544600000,771.55360626,1790545499999,1791376157436,legacy_historical,,,,,,,,,
1790545500000,771.41328024,1790546399999,1791376157436,legacy_historical,,,,,,,,,
1790546400000,771.10553444,1790547299999,1791376157436,legacy_historical,,,,,,,,,
1790547300000,770.77070359,1790548199999,1791376157436,legacy_historical,,,,,,,,,
1790548200000,770.42553781,1790549099999,1791376157436,legacy_historical,,,,,,,,,
1790549100000,770.1433116,1790549999999,1791376157436,legacy_historical,,,,,,,,,
1790550000000,769.96260971,1790550899999,1791376157436,legacy_historical,,,,,,,,,
1790550900000,769.92733971,1790551799999,1791376157436,legacy_historical,,,,,,,,,
1790551800000,769.83444594,1790552699999,1791376157436,legacy_historical,,,,,,,,,
1790552700000,769.8680106,1790553599999,1791376157436,legacy_historical,,,,,,,,,
1790553600000,770.24915269,1790554499999,1791376157436,legacy_historical,,,,,,,,,
1790554500000,770.02153949,1790555399999,1791376157436,legacy_historical,,,,,,,,,
1790555400000,769.67228133,1790556299999,1791376157436,legacy_historical,,,,,,,,,
1790556300000,769.44681614,1790557199999,1791376157436,legacy_historical,,,,,,,,,
1790557200000,769.68306303,1790558099999,1791376157436,legacy_historical,,,,,,,,,
1790558100000,769.8204848,1790558999999,1791376157436,legacy_historical,,,,,,,,,
1790559000000,769.69154324,1790559899999,1791376157436,legacy_historical,,,,,,,,,
1790559900000,769.35870515,1790560799999,1791376157436,legacy_historical,,,,,,,,,
1790560800000,769.18602061,1790561699999,1791376157436,legacy_historical,,,,,,,,,
1790561700000,769.17135935,1790562599999,1791376157436,legacy_historical,,,,,,,,,
1790562600000,769.015924,1790563499999,1791376157436,legacy_historical,,,,,,,,,
1790563500000,768.75519522,1790564399999,1791376157436,legacy_historical,,,,,,,,,
1790564400000,768.9021522,1790565299999,1791376157436,legacy_historical,,,,,,,,,
1790565300000,768.80337845,1790566199999,1791376157436,legacy_historical,,,,,,,,,
1790566200000,768.75078193,1790567099999,1791376157436,legacy_historical,,,,,,,,,
1790567100000,768.5148051,1790567999999,1791376157436,legacy_historical,,,,,,,,,
1790568000000,768.99141092,1790568899999,1791376157436,legacy_historical,,,,,,,,,
1790568900000,768.96899495,1790569799999,1791376157436,legacy_historical,,,,,,,,,
1790569800000,768.89644587,1790570699999,1791376157436,legacy_historical,,,,,,,,,
1790570700000,768.85390347,1790571599999,1791376157436,legacy_historical,,,,,,,,,
1790571600000,768.72062904,1790572499999,1791376157436,legacy_historical,,,,,,,,,
1790572500000,768.62351584,1790573399999,1791376157436,legacy_historical,,,,,,,,,
1790573400000,768.46489854,1790574299999,1791376157436,legacy_historical,,,,,,,,,
1790574300000,768.8600284,1790575199999,1791376157436,legacy_historical,,,,,,,,,
1790575200000,768.98236452,1790576099999,1791376157436,legacy_historical,,,,,,,,,
1790576100000,768.31139012,1790576999999,1791376157436,legacy_historical,,,,,,,,,
1790577000000,768.62980874,1790577899999,1791376157436,legacy_historical,,,,,,,,,
1790577900000,768.88253026,1790578799999,1791376157436,legacy_historical,,,,,,,,,
1790578800000,768.31644263,1790579699999,1791376157436,legacy_historical,,,,,,,,,
1790579700000,768.26131596,1790580599999,1791376157436,legacy_historical,,,,,,,,,
1790580600000,768.10326204,1790581499999,1791376157436,legacy_historical,,,,,,,,,
1790581500000,768.54697441,1790582399999,1791376157436,legacy_historical,,,,,,,,,
1790582400000,768.89495392,1790583299999,1791376157436,legacy_historical,,,,,,,,,
1790583300000,768.7628401,1790584199999,1791376157436,legacy_historical,,,,,,,,,
1790584200000,768.36035746,1790585099999,1791376157436,legacy_historical,,,,,,,,,
1790585100000,768.3745351,1790585999999,1791376157436,legacy_historical,,,,,,,,,
1790586000000,767.78186138,1790586899999,1791376157436,legacy_historical,,,,,,,,,
1790586900000,767.91801869,1790587799999,1791376157436,legacy_historical,,,,,,,,,
1790587800000,768.00703039,1790588699999,1791376157436,legacy_historical,,,,,,,,,
1790588700000,768.00077221,1790589599999,1791376157436,legacy_historical,,,,,,,,,
1790589600000,767.52638385,1790590499999,1791376157436,legacy_historical,,,,,,,,,
1790590500000,767.57448398,1790591399999,1791376157436,legacy_historical,,,,,,,,,
1790591400000,767.5707795,1790592299999,1791376157436,legacy_historical,,,,,,,,,
1790592300000,767.91870325,1790593199999,1791376157436,legacy_historical,,,,,,,,,
1790593200000,767.92373164,1790594099999,1791376157436,legacy_historical,,,,,,,,,
1790594100000,768.42903431,1790594999999,1791376157436,legacy_historical,,,,,,,,,
1790595000000,768.31286372,1790595899999,1791376157436,legacy_historical,,,,,,,,,
1790595900000,768.22795031,1790596799999,1791376157436,legacy_historical,,,,,,,,,
1790596800000,769.04435612,1790597699999,1791376157436,legacy_historical,,,,,,,,,
1790597700000,768.98511943,1790598599999,1791376157436,legacy_historical,,,,,,,,,
1790598600000,769.08369978,1790599499999,1791376157436,legacy_historical,,,,,,,,,
1790599500000,769.30298466,1790600399999,1791376157436,legacy_historical,,,,,,,,,
1790600400000,768.98710196,1790601299999,1791376157436,legacy_historical,,,,,,,,,
1790601300000,768.67749885,1790602199999,1791376157436,legacy_historical,,,,,,,,,
1790602200000,767.95348098,1790603099999,1791376157436,legacy_historical,,,,,,,,,
1790603100000,768.62023113,1790603999999,1791376157436,legacy_historical,,,,,,,,,
1790604000000,767.47460553,1790604899999,1791376157436,legacy_historical,,,,,,,,,
1790604900000,767.75976092,1790605799999,1791376157436,legacy_historical,,,,,,,,,
1790605800000,765.56922247,1790606699999,1791376157436,legacy_historical,,,,,,,,,
1790606700000,764.41886722,1790607599999,1791376157436,legacy_historical,,,,,,,,,
1790607600000,765.39086879,1790608499999,1791376157436,legacy_historical,,,,,,,,,
1790608500000,765.26803476,1790609399999,1791376157436,legacy_historical,,,,,,,,,
1790609400000,765.20412688,1790610299999,1791376157436,legacy_historical,,,,,,,,,
1790610300000,765.8119499,1790611199999,1791376157436,legacy_historical,,,,,,,,,
1790611200000,765.68166551,1790612099999,1791376157436,legacy_historical,,,,,,,,,
1790612100000,768.97577199,1790612999999,1791376157436,legacy_historical,,,,,,,,,
1790613000000,767.24283853,1790613899999,1791376157436,legacy_historical,,,,,,,,,
1790613900000,767.43611665,1790614799999,1791376157436,legacy_historical,,,,,,,,,
1790614800000,769.17023499,1790615699999,1791376157436,legacy_historical,,,,,,,,,
1790615700000,767.39897818,1790616599999,1791376157436,legacy_historical,,,,,,,,,
1790616600000,767.50022053,1790617499999,1791376157436,legacy_historical,,,,,,,,,
1790617500000,767.62294512,1790618399999,1791376157436,legacy_historical,,,,,,,,,
1790618400000,767.72098098,1790619299999,1791376157436,legacy_historical,,,,,,,,,
1790619300000,767.22995894,1790620199999,1791376157436,legacy_historical,,,,,,,,,
1790620200000,767.42415288,1790621099999,1791376157436,legacy_historical,,,,,,,,,
1790621100000,767.30632988,1790621999999,1791376157436,legacy_historical,,,,,,,,,
1790622000000,766.19992814,1790622899999,1791376157436,legacy_historical,,,,,,,,,
1790622900000,766.29796846,1790623799999,1791376157436,legacy_historical,,,,,,,,,
1790623800000,765.80835788,1790624699999,1791376157436,legacy_historical,,,,,,,,,
1790624700000,765.70509468,1790625599999,1791376157436,legacy_historical,,,,,,,,,
1790625600000,765.70053338,1790626499999,1791376157436,legacy_historical,,,,,,,,,
1790626500000,765.85342832,1790627399999,1791376157436,legacy_historical,,,,,,,,,
1790627400000,765.71424102,1790628299999,1791376157436,legacy_historical,,,,,,,,,
1790628300000,765.98590156,1790629199999,1791376157436,legacy_historical,,,,,,,,,
1790629200000,766.07364238,1790630099999,1791376157436,legacy_historical,,,,,,,,,
1790630100000,766.1368511,1790630999999,1791376157436,legacy_historical,,,,,,,,,
1790631000000,766.13510674,1790631899999,1791376157436,legacy_historical,,,,,,,,,
1790631900000,766.15941933,1790632799999,1791376157436,legacy_historical,,,,,,,,,
1790632800000,766.20718384,1790633699999,1791376157436,legacy_historical,,,,,,,,,
1790633700000,766.14143184,1790634599999,1791376157436,legacy_historical,,,,,,,,,
1790634600000,766.11118772,1790635499999,1791376157436,legacy_historical,,,,,,,,,
1790635500000,766.2973501,1790636399999,1791376157436,legacy_historical,,,,,,,,,
1790636400000,766.25232127,1790637299999,1791376157436,legacy_historical,,,,,,,,,
1790637300000,766.38552714,1790638199999,1791376157436,legacy_historical,,,,,,,,,
1790638200000,766.33153163,1790639099999,1791376157436,legacy_historical,,,,,,,,,
1790639100000,766.17712682,1790639999999,1791376157436,legacy_historical,,,,,,,,,
1790640000000,766.20905682,1790640899999,1791376157436,legacy_historical,,,,,,,,,
1790640900000,765.60312858,1790641799999,1791376157436,legacy_historical,,,,,,,,,
1790641800000,765.69716829,1790642699999,1791376157436,legacy_historical,,,,,,,,,
1790642700000,765.03726834,1790643599999,1791376157436,legacy_historical,,,,,,,,,
1790643600000,764.82760745,1790644499999,1791376157436,legacy_historical,,,,,,,,,
1790644500000,764.82517133,1790645399999,1791376157436,legacy_historical,,,,,,,,,
1790645400000,765.02976177,1790646299999,1791376157436,legacy_historical,,,,,,,,,
1790646300000,765.04467684,1790647199999,1791376157436,legacy_historical,,,,,,,,,
1790647200000,765.19283236,1790648099999,1791376157436,legacy_historical,,,,,,,,,
1790648100000,765.03348455,1790648999999,1791376157436,legacy_historical,,,,,,,,,
1790649000000,764.76626921,1790649899999,1791376157436,legacy_historical,,,,,,,,,
1790649900000,764.48553452,1790650799999,1791376157436,legacy_historical,,,,,,,,,
1790650800000,764.08067162,1790651699999,1791376157436,legacy_historical,,,,,,,,,
1790651700000,764.86191599,1790652599999,1791376157436,legacy_historical,,,,,,,,,
1790652600000,764.91222516,1790653499999,1791376157436,legacy_historical,,,,,,,,,
1790653500000,764.08909635,1790654399999,1791376157436,legacy_historical,,,,,,,,,
1790654400000,764.0404694,1790655299999,1791376157436,legacy_historical,,,,,,,,,
1790655300000,764.19335183,1790656199999,1791376157436,legacy_historical,,,,,,,,,
1790656200000,764.0907724,1790657099999,1791376157436,legacy_historical,,,,,,,,,
1790657100000,764.17596392,1790657999999,1791376157436,legacy_historical,,,,,,,,,
1790658000000,764.13946465,1790658899999,1791376157436,legacy_historical,,,,,,,,,
1790658900000,763.93571071,1790659799999,1791376157436,legacy_historical,,,,,,,,,
1790659800000,763.85472547,1790660699999,1791376157436,legacy_historical,,,,,,,,,
1790660700000,764.24877013,1790661599999,1791376157436,legacy_historical,,,,,,,,,
1790661600000,765.29872574,1790662499999,1791376157436,legacy_historical,,,,,,,,,
1790662500000,765.51730612,1790663399999,1791376157436,legacy_historical,,,,,,,,,
1790663400000,765.79533754,1790664299999,1791376157436,legacy_historical,,,,,,,,,
1790664300000,765.64949414,1790665199999,1791376157436,legacy_historical,,,,,,,,,
1790665200000,765.50899243,1790666099999,1791376157436,legacy_historical,,,,,,,,,
1790666100000,765.99124775,1790666999999,1791376157436,legacy_historical,,,,,,,,,
1790667000000,766.07774176,1790667899999,1791376157436,legacy_historical,,,,,,,,,
1790667900000,765.73857531,1790668799999,1791376157436,legacy_historical,,,,,,,,,
1790668800000,765.72505962,1790669699999,1791376157436,legacy_historical,,,,,,,,,
1790669700000,765.80010412,1790670599999,1791376157436,legacy_historical,,,,,,,,,
1790670600000,766.06899395,1790671499999,1791376157436,legacy_historical,,,,,,,,,
1790671500000,765.91203307,1790672399999,1791376157436,legacy_historical,,,,,,,,,
1790672400000,765.70354385,1790673299999,1791376157436,legacy_historical,,,,,,,,,
1790673300000,765.25913713,1790674199999,1791376157436,legacy_historical,,,,,,,,,
1790674200000,765.47018183,1790675099999,1791376157436,legacy_historical,,,,,,,,,
1790675100000,765.39678864,1790675999999,1791376157436,legacy_historical,,,,,,,,,
1790676000000,765.81347801,1790676899999,1791376157436,legacy_historical,,,,,,,,,
1790676900000,766.00840217,1790677799999,1791376157436,legacy_historical,,,,,,,,,
1790677800000,765.97389485,1790678699999,1791376157436,legacy_historical,,,,,,,,,
1790678700000,766.53757761,1790679599999,1791376157436,legacy_historical,,,,,,,,,
1790679600000,766.68850842,1790680499999,1791376157436,legacy_historical,,,,,,,,,
1790680500000,767.07509095,1790681399999,1791376157436,legacy_historical,,,,,,,,,
1790681400000,767.20675307,1790682299999,1791376157436,legacy_historical,,,,,,,,,
1790682300000,767.73016939,1790683199999,1791376157436,legacy_historical,,,,,,,,,
1790683200000,767.73957479,1790684099999,1791376157436,legacy_historical,,,,,,,,,
1790684100000,767.23132319,1790684999999,1791376157436,legacy_historical,,,,,,,,,
1790685000000,767.12083144,1790685899999,1791376157436,legacy_historical,,,,,,,,,
1790685900000,766.68213757,1790686799999,1791376157436,legacy_historical,,,,,,,,,
1790686800000,766.93651402,1790687699999,1791376157436,legacy_historical,,,,,,,,,
1790687700000,767.13653302,1790688599999,1791376157436,legacy_historical,,,,,,,,,
1790688600000,765.43692328,1790689499999,1791376157436,legacy_historical,,,,,,,,,
1790689500000,765.02588538,1790690399999,1791376157436,legacy_historical,,,,,,,,,
1790690400000,765.48131243,1790691299999,1791376157436,legacy_historical,,,,,,,,,
1790691300000,765.49980035,1790692199999,1791376157436,legacy_historical,,,,,,,,,
1790692200000,765.32054855,1790693099999,1791376157436,legacy_historical,,,,,,,,,
1790693100000,765.22266639,1790693999999,1791376157436,legacy_historical,,,,,,,,,
1790694000000,764.44156543,1790694899999,1791376157436,legacy_historical,,,,,,,,,
1790694900000,763.219942,1790695799999,1791376157436,legacy_historical,,,,,,,,,
1790695800000,764.05039963,1790696699999,1791376157436,legacy_historical,,,,,,,,,
1790696700000,763.44905297,1790697599999,1791376157436,legacy_historical,,,,,,,,,
1790697600000,763.25061596,1790698499999,1791376157436,legacy_historical,,,,,,,,,
1790698500000,763.66815947,1790699399999,1791376157436,legacy_historical,,,,,,,,,
1790699400000,762.96224677,1790700299999,1791376157436,legacy_historical,,,,,,,,,
1790700300000,763.26898375,1790701199999,1791376157436,legacy_historical,,,,,,,,,
1790701200000,762.99751894,1790702099999,1791376157436,legacy_historical,,,,,,,,,
1790702100000,763.34503597,1790702999999,1791376157436,legacy_historical,,,,,,,,,
1790703000000,763.53183411,1790703899999,1791376157436,legacy_historical,,,,,,,,,
1790703900000,762.93921918,1790704799999,1791376157436,legacy_historical,,,,,,,,,
1790704800000,764.03628098,1790705699999,1791376157436,legacy_historical,,,,,,,,,
1790705700000,764.24817754,1790706599999,1791376157436,legacy_historical,,,,,,,,,
1790706600000,765.15541437,1790707499999,1791376157436,legacy_historical,,,,,,,,,
1790707500000,765.10277675,1790708399999,1791376157436,legacy_historical,,,,,,,,,
1790708400000,764.70082021,1790709299999,1791376157436,legacy_historical,,,,,,,,,
1790709300000,764.84092755,1790710199999,1791376157436,legacy_historical,,,,,,,,,
1790710200000,764.43502553,1790711099999,1791376157436,legacy_historical,,,,,,,,,
1790711100000,764.53723948,1790711999999,1791376157436,legacy_historical,,,,,,,,,
1790712000000,765.03317887,1790712899999,1791376157436,legacy_historical,,,,,,,,,
1790712900000,765.20332848,1790713799999,1791376157436,legacy_historical,,,,,,,,,
1790713800000,765.38846706,1790714699999,1791376157436,legacy_historical,,,,,,,,,
1790714700000,765.2173807,1790715599999,1791376157436,legacy_historical,,,,,,,,,
1790715600000,765.14391434,1790716499999,1791376157436,legacy_historical,,,,,,,,,
1790716500000,765.27023031,1790717399999,1791376157436,legacy_historical,,,,,,,,,
1790717400000,765.20284533,1790718299999,1791376157436,legacy_historical,,,,,,,,,
1790718300000,765.20142398,1790719199999,1791376157436,legacy_historical,,,,,,,,,
1790719200000,765.85573826,1790720099999,1791376157436,legacy_historical,,,,,,,,,
1790720100000,765.77801523,1790720999999,1791376157436,legacy_historical,,,,,,,,,
1790721000000,765.6595018,1790721899999,1791376157436,legacy_historical,,,,,,,,,
1790721900000,765.59082739,1790722799999,1791376157436,legacy_historical,,,,,,,,,
1790722800000,765.74309575,1790723699999,1791376157436,legacy_historical,,,,,,,,,
1790723700000,765.76575312,1790724599999,1791376157436,legacy_historical,,,,,,,,,
1790724600000,765.95690354,1790725499999,1791376157436,legacy_historical,,,,,,,,,
1790725500000,766.33079995,1790726399999,1791376157436,legacy_historical,,,,,,,,,
1790726400000,766.6193251,1790727299999,1791376157436,legacy_historical,,,,,,,,,
1790727300000,766.27379341,1790728199999,1791376157436,legacy_historical,,,,,,,,,
1790728200000,766.14303435,1790729099999,1791376157436,legacy_historical,,,,,,,,,
1790729100000,765.96644801,1790729999999,1791376157436,legacy_historical,,,,,,,,,
1790730000000,765.74857927,1790730899999,1791376157436,legacy_historical,,,,,,,,,
1790730900000,765.6682477,1790731799999,1791376157436,legacy_historical,,,,,,,,,
1790731800000,765.93402788,1790732699999,1791376157436,legacy_historical,,,,,,,,,
1790732700000,766.2152078,1790733599999,1791376157436,legacy_historical,,,,,,,,,
1790733600000,766.10018449,1790734499999,1791376157436,legacy_historical,,,,,,,,,
1790734500000,766.20560048,1790735399999,1791376157436,legacy_historical,,,,,,,,,
1790735400000,765.8696073,1790736299999,1791376157436,legacy_historical,,,,,,,,,
1790736300000,765.90747089,1790737199999,1791376157436,legacy_historical,,,,,,,,,
1790737200000,765.93145884,1790738099999,1791376157436,legacy_historical,,,,,,,,,
1790738100000,766.02462249,1790738999999,1791376157436,legacy_historical,,,,,,,,,
1790739000000,766.43391718,1790739899999,1791376157436,legacy_historical,,,,,,,,,
1790739900000,766.4376454,1790740799999,1791376157436,legacy_historical,,,,,,,,,
1790740800000,766.58572187,1790741699999,1791376157436,legacy_historical,,,,,,,,,
1790741700000,766.63843192,1790742599999,1791376157436,legacy_historical,,,,,,,,,
1790742600000,766.79734518,1790743499999,1791376157436,legacy_historical,,,,,,,,,
1790743500000,766.56459948,1790744399999,1791376157436,legacy_historical,,,,,,,,,
1790744400000,766.05997946,1790745299999,1791376157436,legacy_historical,,,,,,,,,
1790745300000,766.11970182,1790746199999,1791376157436,legacy_historical,,,,,,,,,
1790746200000,766.18878328,1790747099999,1791376157436,legacy_historical,,,,,,,,,
1790747100000,766.18217211,1790747999999,1791376157436,legacy_historical,,,,,,,,,
1790748000000,765.9483398,1790748899999,1791376157436,legacy_historical,,,,,,,,,
1790748900000,765.92784872,1790749799999,1791376157436,legacy_historical,,,,,,,,,
1790749800000,765.36702735,1790750699999,1791376157436,legacy_historical,,,,,,,,,
1790750700000,765.45829121,1790751599999,1791376157436,legacy_historical,,,,,,,,,
1790751600000,766.39595871,1790752499999,1791376157436,legacy_historical,,,,,,,,,
1790752500000,766.45105713,1790753399999,1791376157436,legacy_historical,,,,,,,,,
1790753400000,766.74419129,1790754299999,1791376157436,legacy_historical,,,,,,,,,
1790754300000,766.91425456,1790755199999,1791376157436,legacy_historical,,,,,,,,,
1790755200000,766.66505406,1790756099999,1791376157436,legacy_historical,,,,,,,,,
1790756100000,766.69274475,1790756999999,1791376157436,legacy_historical,,,,,,,,,
1790757000000,766.30062657,1790757899999,1791376157436,legacy_historical,,,,,,,,,
1790757900000,766.0598526,1790758799999,1791376157436,legacy_historical,,,,,,,,,
1790758800000,765.97023179,1790759699999,1791376157436,legacy_historical,,,,,,,,,
1790759700000,765.71166184,1790760599999,1791376157436,legacy_historical,,,,,,,,,
1790760600000,765.53504382,1790761499999,1791376157436,legacy_historical,,,,,,,,,
1790761500000,765.63981938,1790762399999,1791376157436,legacy_historical,,,,,,,,,
1790762400000,765.26097304,1790763299999,1791376157436,legacy_historical,,,,,,,,,
1790763300000,765.07662416,1790764199999,1791376157436,legacy_historical,,,,,,,,,
1790764200000,764.9509219,1790765099999,1791376157436,legacy_historical,,,,,,,,,
1790765100000,764.93058789,1790765999999,1791376157436,legacy_historical,,,,,,,,,
1790766000000,763.91337693,1790766899999,1791376157436,legacy_historical,,,,,,,,,
1790766900000,764.85350853,1790767799999,1791376157436,legacy_historical,,,,,,,,,
1790767800000,764.95550451,1790768699999,1791376157436,legacy_historical,,,,,,,,,
1790768700000,765.10667482,1790769599999,1791376157436,legacy_historical,,,,,,,,,
1790769600000,764.95404261,1790770499999,1791376157436,legacy_historical,,,,,,,,,
1790770500000,765.78125803,1790771399999,1791376157436,legacy_historical,,,,,,,,,
1790771400000,767.39862755,1790772299999,1791376157436,legacy_historical,,,,,,,,,
1790772300000,767.13055811,1790773199999,1791376157436,legacy_historical,,,,,,,,,
1790773200000,767.39684719,1790774099999,1791376157436,legacy_historical,,,,,,,,,
1790774100000,766.72579238,1790774999999,1791376157436,legacy_historical,,,,,,,,,
1790775000000,766.99541623,1790775899999,1791376157436,legacy_historical,,,,,,,,,
1790775900000,768.30512752,1790776799999,1791376157436,legacy_historical,,,,,,,,,
1790776800000,768.54089415,1790777699999,1791376157436,legacy_historical,,,,,,,,,
1790777700000,768.24643221,1790778599999,1791376157436,legacy_historical,,,,,,,,,
1790778600000,768.17264192,1790779499999,1791376157436,legacy_historical,,,,,,,,,
1790779500000,768.95129857,1790780399999,1791376157436,legacy_historical,,,,,,,,,
1790780400000,768.59840017,1790781299999,1791376157436,legacy_historical,,,,,,,,,
1790781300000,769.20732819,1790782199999,1791376157436,legacy_historical,,,,,,,,,
1790782200000,768.48259284,1790783099999,1791376157436,legacy_historical,,,,,,,,,
1790783100000,769.15514905,1790783999999,1791376157436,legacy_historical,,,,,,,,,
1790784000000,769.4789936,1790784899999,1791376157436,legacy_historical,,,,,,,,,
1790784900000,768.57737562,1790785799999,1791376157436,legacy_historical,,,,,,,,,
1790785800000,768.80937018,1790786699999,1791376157436,legacy_historical,,,,,,,,,
1790786700000,768.70204611,1790787599999,1791376157436,legacy_historical,,,,,,,,,
1790787600000,768.17394763,1790788499999,1791376157436,legacy_historical,,,,,,,,,
1790788500000,767.3875207,1790789399999,1791376157436,legacy_historical,,,,,,,,,
1790789400000,767.86183096,1790790299999,1791376157436,legacy_historical,,,,,,,,,
1790790300000,768.08514817,1790791199999,1791376157436,legacy_historical,,,,,,,,,
1790791200000,767.65530687,1790792099999,1791376157436,legacy_historical,,,,,,,,,
1790792100000,767.09708311,1790792999999,1791376157436,legacy_historical,,,,,,,,,
1790793000000,767.14587285,1790793899999,1791376157436,legacy_historical,,,,,,,,,
1790793900000,766.82870337,1790794799999,1791376157436,legacy_historical,,,,,,,,,
1790794800000,767.25362674,1790795699999,1791376157436,legacy_historical,,,,,,,,,
1790795700000,766.73059658,1790796599999,1791376157436,legacy_historical,,,,,,,,,
1790796600000,766.21312074,1790797499999,1791376157436,legacy_historical,,,,,,,,,
1790797500000,763.26288661,1790798399999,1791376157436,legacy_historical,,,,,,,,,
1790798400000,763.74171875,1790799299999,1791376157436,legacy_historical,,,,,,,,,
1790799300000,763.97727355,1790800199999,1791376157436,legacy_historical,,,,,,,,,
1790800200000,763.67546871,1790801099999,1791376157436,legacy_historical,,,,,,,,,
1790801100000,763.73731171,1790801999999,1791376157436,legacy_historical,,,,,,,,,
1790802000000,763.5286506,1790802899999,1791376157436,legacy_historical,,,,,,,,,
1790802900000,763.51669614,1790803799999,1791376157436,legacy_historical,,,,,,,,,
1790803800000,763.42116855,1790804699999,1791376157436,legacy_historical,,,,,,,,,
1790804700000,763.49050057,1790805599999,1791376157436,legacy_historical,,,,,,,,,
1790805600000,764.32003717,1790806499999,1791376157436,legacy_historical,,,,,,,,,
1790806500000,764.68329362,1790807399999,1791376157436,legacy_historical,,,,,,,,,
1790807400000,764.91583707,1790808299999,1791376157436,legacy_historical,,,,,,,,,
1790808300000,764.99336302,1790809199999,1791376157436,legacy_historical,,,,,,,,,
1790809200000,765.03542416,1790810099999,1791376157436,legacy_historical,,,,,,,,,
1790810100000,765.28203193,1790810999999,1791376157436,legacy_historical,,,,,,,,,
1790811000000,765.94542538,1790811899999,1791376157436,legacy_historical,,,,,,,,,
1790811900000,766.04962182,1790812799999,1791376157436,legacy_historical,,,,,,,,,
1790812800000,765.82309169,1790813699999,1791376157436,legacy_historical,,,,,,,,,
1790813700000,765.36592826,1790814599999,1791376157436,legacy_historical,,,,,,,,,
1790814600000,765.79226578,1790815499999,1791376157436,legacy_historical,,,,,,,,,
1790815500000,765.60151285,1790816399999,1791376157436,legacy_historical,,,,,,,,,
1790816400000,765.8262849,1790817299999,1791376157436,legacy_historical,,,,,,,,,
1790817300000,765.98182804,1790818199999,1791376157436,legacy_historical,,,,,,,,,
1790818200000,765.78032004,1790819099999,1791376157436,legacy_historical,,,,,,,,,
1790819100000,765.64903103,1790819999999,1791376157436,legacy_historical,,,,,,,,,
1790820000000,765.70515146,1790820899999,1791376157436,legacy_historical,,,,,,,,,
1790820900000,765.96091201,1790821799999,1791376157436,legacy_historical,,,,,,,,,
1790821800000,766.01040482,1790822699999,1791376157436,legacy_historical,,,,,,,,,
1790822700000,766.00020114,1790823599999,1791376157436,legacy_historical,,,,,,,,,
1790823600000,766.11736699,1790824499999,1791376157436,legacy_historical,,,,,,,,,
1790824500000,766.2082609,1790825399999,1791376157436,legacy_historical,,,,,,,,,
1790825400000,766.16835701,1790826299999,1791376157436,legacy_historical,,,,,,,,,
1790826300000,766.51722078,1790827199999,1791376157436,legacy_historical,,,,,,,,,
1790827200000,766.82534126,1790828099999,1791376157436,legacy_historical,,,,,,,,,
1790828100000,766.61123533,1790828999999,1791376157436,legacy_historical,,,,,,,,,
1790829000000,766.88957224,1790829899999,1791376157436,legacy_historical,,,,,,,,,
1790829900000,767.27207112,1790830799999,1791376157436,legacy_historical,,,,,,,,,
1790830800000,767.63943534,1790831699999,1791376157436,legacy_historical,,,,,,,,,
1790831700000,768.11355622,1790832599999,1791376157436,legacy_historical,,,,,,,,,
1790832600000,768.09043097,1790833499999,1791376157436,legacy_historical,,,,,,,,,
1790833500000,768.00018612,1790834399999,1791376157436,legacy_historical,,,,,,,,,
1790834400000,768.06055856,1790835299999,1791376157436,legacy_historical,,,,,,,,,
1790835300000,767.88444389,1790836199999,1791376157436,legacy_historical,,,,,,,,,
1790836200000,766.89689775,1790837099999,1791376157436,legacy_historical,,,,,,,,,
1790837100000,766.54051044,1790837999999,1791376157436,legacy_historical,,,,,,,,,
1790838000000,765.36262115,1790838899999,1791376157436,legacy_historical,,,,,,,,,
1790838900000,762.6040983,1790839799999,1791376157436,legacy_historical,,,,,,,,,
1790839800000,763.52222336,1790840699999,1791376157436,legacy_historical,,,,,,,,,
1790840700000,763.42237135,1790841599999,1791376157436,legacy_historical,,,,,,,,,
1790841600000,763.50074874,1790842499999,1791376157436,legacy_historical,,,,,,,,,
1790842500000,762.7965011,1790843399999,1791376157436,legacy_historical,,,,,,,,,
1790843400000,763.59565283,1790844299999,1791376157436,legacy_historical,,,,,,,,,
1790844300000,763.76958128,1790845199999,1791376157436,legacy_historical,,,,,,,,,
1790845200000,764.56628505,1790846099999,1791376157436,legacy_historical,,,,,,,,,
1790846100000,765.03430274,1790846999999,1791376157436,legacy_historical,,,,,,,,,
1790847000000,764.70045078,1790847899999,1791376157436,legacy_historical,,,,,,,,,
1790847900000,764.50275707,1790848799999,1791376157436,legacy_historical,,,,,,,,,
1790848800000,764.52723079,1790849699999,1791376157436,legacy_historical,,,,,,,,,
1790849700000,764.93393146,1790850599999,1791376157436,legacy_historical,,,,,,,,,
1790850600000,765.66661955,1790851499999,1791376157436,legacy_historical,,,,,,,,,
1790851500000,766.04199286,1790852399999,1791376157436,legacy_historical,,,,,,,,,
1790852400000,765.11649407,1790853299999,1791376157436,legacy_historical,,,,,,,,,
1790853300000,764.57111266,1790854199999,1791376157436,legacy_historical,,,,,,,,,
1790854200000,765.3387296,1790855099999,1791376157436,legacy_historical,,,,,,,,,
1790855100000,765.94239025,1790855999999,1791376157436,legacy_historical,,,,,,,,,
1790856000000,765.76883038,1790856899999,1791376157436,legacy_historical,,,,,,,,,
1790856900000,765.73570028,1790857799999,1791376157436,legacy_historical,,,,,,,,,
1790857800000,765.94091859,1790858699999,1791376157436,legacy_historical,,,,,,,,,
1790858700000,764.97935107,1790859599999,1791376157436,legacy_historical,,,,,,,,,
1790859600000,765.12248271,1790860499999,1791376157436,legacy_historical,,,,,,,,,
1790860500000,764.71933449,1790861399999,1791376157436,legacy_historical,,,,,,,,,
1790861400000,763.73692949,1790862299999,1791376157436,legacy_historical,,,,,,,,,
1790862300000,762.96183679,1790863199999,1791376157436,legacy_historical,,,,,,,,,
1790863200000,761.00408658,1790864099999,1791376157436,legacy_historical,,,,,,,,,
1790864100000,760.84385941,1790864999999,1791376157436,legacy_historical,,,,,,,,,
1790865000000,761.68307955,1790865899999,1791376157436,legacy_historical,,,,,,,,,
1790865900000,760.71814555,1790866799999,1791376157436,legacy_historical,,,,,,,,,
1790866800000,760.63838677,1790867699999,1791376157436,legacy_historical,,,,,,,,,
1790867700000,760.85423077,1790868599999,1791376157436,legacy_historical,,,,,,,,,
1790868600000,760.01779338,1790869499999,1791376157436,legacy_historical,,,,,,,,,
1790869500000,760.9657403,1790870399999,1791376157436,legacy_historical,,,,,,,,,
1790870400000,760.91465671,1790871299999,1791376157436,legacy_historical,,,,,,,,,
1790871300000,761.63654476,1790872199999,1791376157436,legacy_historical,,,,,,,,,
1790872200000,762.33413384,1790873099999,1791376157436,legacy_historical,,,,,,,,,
1790873100000,761.32154996,1790873999999,1791376157436,legacy_historical,,,,,,,,,
1790874000000,762.33612616,1790874899999,1791376157436,legacy_historical,,,,,,,,,
1790874900000,764.00171819,1790875799999,1791376157436,legacy_historical,,,,,,,,,
1790875800000,765.01482175,1790876699999,1791376157436,legacy_historical,,,,,,,,,
1790876700000,763.88832698,1790877599999,1791376157436,legacy_historical,,,,,,,,,
1790877600000,763.63405726,1790878499999,1791376157436,legacy_historical,,,,,,,,,
1790878500000,764.47116984,1790879399999,1791376157436,legacy_historical,,,,,,,,,
1790879400000,764.71186856,1790880299999,1791376157436,legacy_historical,,,,,,,,,
1790880300000,765.13853257,1790881199999,1791376157436,legacy_historical,,,,,,,,,
1790881200000,764.91483812,1790882099999,1791376157436,legacy_historical,,,,,,,,,
1790882100000,764.84257362,1790882999999,1791376157436,legacy_historical,,,,,,,,,
1790883000000,765.01655335,1790883899999,1791376157436,legacy_historical,,,,,,,,,
1790883900000,764.28674169,1790884799999,1791376157436,legacy_historical,,,,,,,,,
1790884800000,764.88323895,1790885699999,1791376157436,legacy_historical,,,,,,,,,
1790885700000,764.7802483,1790886599999,1791376157436,legacy_historical,,,,,,,,,
1790886600000,764.46849715,1790887499999,1791376157436,legacy_historical,,,,,,,,,
1790887500000,764.30203746,1790888399999,1791376157436,legacy_historical,,,,,,,,,
1790888400000,764.38133938,1790889299999,1791376157436,legacy_historical,,,,,,,,,
1790889300000,764.38315463,1790890199999,1791376157436,legacy_historical,,,,,,,,,
1790890200000,764.07166475,1790891099999,1791376157436,legacy_historical,,,,,,,,,
1790891100000,764.18304409,1790891999999,1791376157436,legacy_historical,,,,,,,,,
1790892000000,764.2737952,1790892899999,1791376157436,legacy_historical,,,,,,,,,
1790892900000,764.28087739,1790893799999,1791376157436,legacy_historical,,,,,,,,,
1790893800000,764.33052361,1790894699999,1791376157436,legacy_historical,,,,,,,,,
1790894700000,764.71391136,1790895599999,1791376157436,legacy_historical,,,,,,,,,
1790895600000,765.18121073,1790896499999,1791376157436,legacy_historical,,,,,,,,,
1790896500000,764.95503176,1790897399999,1791376157436,legacy_historical,,,,,,,,,
1790897400000,764.67278485,1790898299999,1791376157436,legacy_historical,,,,,,,,,
1790898300000,764.9177983,1790899199999,1791376157436,legacy_historical,,,,,,,,,
1790899200000,765.49552768,1790900099999,1791376157436,legacy_historical,,,,,,,,,
1790900100000,765.16503518,1790900999999,1791376157436,legacy_historical,,,,,,,,,
1790901000000,765.2693184,1790901899999,1791376157436,legacy_historical,,,,,,,,,
1790901900000,765.1624904,1790902799999,1791376157436,legacy_historical,,,,,,,,,
1790902800000,765.04976919,1790903699999,1791376157436,legacy_historical,,,,,,,,,
1790903700000,764.78436494,1790904599999,1791376157436,legacy_historical,,,,,,,,,
1790904600000,764.9950821,1790905499999,1791376157436,legacy_historical,,,,,,,,,
1790905500000,765.65642894,1790906399999,1791376157436,legacy_historical,,,,,,,,,
1790906400000,765.73332119,1790907299999,1791376157436,legacy_historical,,,,,,,,,
1790907300000,765.98169745,1790908199999,1791376157436,legacy_historical,,,,,,,,,
1790908200000,765.99302978,1790909099999,1791376157436,legacy_historical,,,,,,,,,
1790909100000,766.19411193,1790909999999,1791376157436,legacy_historical,,,,,,,,,
1790910000000,766.17956083,1790910899999,1791376157436,legacy_historical,,,,,,,,,
1790910900000,766.17905181,1790911799999,1791376157436,legacy_historical,,,,,,,,,
1790911800000,766.15641601,1790912699999,1791376157436,legacy_historical,,,,,,,,,
1790912700000,766.33150556,1790913599999,1791376157436,legacy_historical,,,,,,,,,
1790913600000,766.59339799,1790914499999,1791376157436,legacy_historical,,,,,,,,,
1790914500000,766.6190558,1790915399999,1791376157436,legacy_historical,,,,,,,,,
1790915400000,766.47997759,1790916299999,1791376157436,legacy_historical,,,,,,,,,
1790916300000,766.96636087,1790917199999,1791376157436,legacy_historical,,,,,,,,,
1790917200000,766.89796423,1790918099999,1791376157436,legacy_historical,,,,,,,,,
1790918100000,766.63097149,1790918999999,1791376157436,legacy_historical,,,,,,,,,
1790919000000,766.61225696,1790919899999,1791376157436,legacy_historical,,,,,,,,,
1790919900000,766.46483255,1790920799999,1791376157436,legacy_historical,,,,,,,,,
1790920800000,766.87435571,1790921699999,1791376157436,legacy_historical,,,,,,,,,
1790921700000,766.6445428,1790922599999,1791376157436,legacy_historical,,,,,,,,,
1790922600000,766.14505382,1790923499999,1791376157436,legacy_historical,,,,,,,,,
1790923500000,766.30057733,1790924399999,1791376157436,legacy_historical,,,,,,,,,
1790924400000,767.00438352,1790925299999,1791376157436,legacy_historical,,,,,,,,,
1790925300000,766.27010482,1790926199999,1791376157436,legacy_historical,,,,,,,,,
1790926200000,766.6137689,1790927099999,1791376157436,legacy_historical,,,,,,,,,
1790927100000,767.39368708,1790927999999,1791376157436,legacy_historical,,,,,,,,,
1790928000000,768.13794386,1790928899999,1791376157436,legacy_historical,,,,,,,,,
1790928900000,767.60772871,1790929799999,1791376157436,legacy_historical,,,,,,,,,
1790929800000,767.73883724,1790930699999,1791376157436,legacy_historical,,,,,,,,,
1790930700000,768.09045522,1790931599999,1791376157436,legacy_historical,,,,,,,,,
1790931600000,768.07133571,1790932499999,1791376157436,legacy_historical,,,,,,,,,
1790932500000,768.1029035,1790933399999,1791376157436,legacy_historical,,,,,,,,,
1790933400000,768.06243354,1790934299999,1791376157436,legacy_historical,,,,,,,,,
1790934300000,767.95041317,1790935199999,1791376157436,legacy_historical,,,,,,,,,
1790935200000,767.37246241,1790936099999,1791376157436,legacy_historical,,,,,,,,,
1790936100000,767.39842166,1790936999999,1791376157436,legacy_historical,,,,,,,,,
1790937000000,767.85587471,1790937899999,1791376157436,legacy_historical,,,,,,,,,
1790937900000,768.15284257,1790938799999,1791376157436,legacy_historical,,,,,,,,,
1790938800000,768.06685474,1790939699999,1791376157436,legacy_historical,,,,,,,,,
1790939700000,768.23180884,1790940599999,1791376157436,legacy_historical,,,,,,,,,
1790940600000,767.78802289,1790941499999,1791376157436,legacy_historical,,,,,,,,,
1790941500000,767.53158309,1790942399999,1791376157436,legacy_historical,,,,,,,,,
1790942400000,767.40072709,1790943299999,1791376157436,legacy_historical,,,,,,,,,
1790943300000,768.02067274,1790944199999,1791376157436,legacy_historical,,,,,,,,,
1790944200000,770.55115716,1790945099999,1791376157436,legacy_historical,,,,,,,,,
1790945100000,771.49671367,1790945999999,1791376157436,legacy_historical,,,,,,,,,
1790946000000,771.193352,1790946899999,1791376157436,legacy_historical,,,,,,,,,
1790946900000,770.74720382,1790947799999,1791376157436,legacy_historical,,,,,,,,,
1790947800000,771.72382252,1790948699999,1791376157436,legacy_historical,,,,,,,,,
1790948700000,770.66255946,1790949599999,1791376157436,legacy_historical,,,,,,,,,
1790949600000,771.58426922,1790950499999,1791376157436,legacy_historical,,,,,,,,,
1790950500000,772.33475653,1790951399999,1791376157436,legacy_historical,,,,,,,,,
1790951400000,772.28846837,1790952299999,1791376157436,legacy_historical,,,,,,,,,
1790952300000,771.13819047,1790953199999,1791376157436,legacy_historical,,,,,,,,,
1790953200000,768.78435261,1790954099999,1791376157436,legacy_historical,,,,,,,,,
1790954100000,768.77228489,1790954999999,1791376157436,legacy_historical,,,,,,,,,
1790955000000,769.24697933,1790955899999,1791376157436,legacy_historical,,,,,,,,,
1790955900000,769.3723841,1790956799999,1791376157436,legacy_historical,,,,,,,,,
1790956800000,769.71550242,1790957699999,1791376157436,legacy_historical,,,,,,,,,
1790957700000,769.102352,1790958599999,1791376157436,legacy_historical,,,,,,,,,
1790958600000,769.19106354,1790959499999,1791376157436,legacy_historical,,,,,,,,,
1790959500000,769.47270415,1790960399999,1791376157436,legacy_historical,,,,,,,,,
1790960400000,769.51687034,1790961299999,1791376157436,legacy_historical,,,,,,,,,
1790961300000,768.74594629,1790962199999,1791376157436,legacy_historical,,,,,,,,,
1790962200000,769.13410255,1790963099999,1791376157436,legacy_historical,,,,,,,,,
1790963100000,769.27390991,1790963999999,1791376157436,legacy_historical,,,,,,,,,
1790964000000,769.40798376,1790964899999,1791376157436,legacy_historical,,,,,,,,,
1790964900000,769.14194686,1790965799999,1791376157436,legacy_historical,,,,,,,,,
1790965800000,769.45099481,1790966699999,1791376157436,legacy_historical,,,,,,,,,
1790966700000,769.54924719,1790967599999,1791376157436,legacy_historical,,,,,,,,,
1790967600000,769.3450599,1790968499999,1791376157436,legacy_historical,,,,,,,,,
1790968500000,769.50554911,1790969399999,1791376157436,legacy_historical,,,,,,,,,
1790969400000,769.80070767,1790970299999,1791376157436,legacy_historical,,,,,,,,,
1790970300000,769.79724894,1790971199999,1791376157436,legacy_historical,,,,,,,,,
1790971200000,770.2210181,1790972099999,1791376157436,legacy_historical,,,,,,,,,
1790972100000,769.86381261,1790972999999,1791376157436,legacy_historical,,,,,,,,,
1790973000000,769.80195891,1790973899999,1791376157436,legacy_historical,,,,,,,,,
1790973900000,769.6181272,1790974799999,1791376157436,legacy_historical,,,,,,,,,
1790974800000,769.6022026,1790975699999,1791376157436,legacy_historical,,,,,,,,,
1790975700000,769.51428147,1790976599999,1791376157436,legacy_historical,,,,,,,,,
1790976600000,769.46056852,1790977499999,1791376157436,legacy_historical,,,,,,,,,
1790977500000,769.37667582,1790978399999,1791376157436,legacy_historical,,,,,,,,,
1790978400000,769.24102685,1790979299999,1791376157436,legacy_historical,,,,,,,,,
1790979300000,769.43446026,1790980199999,1791376157436,legacy_historical,,,,,,,,,
1790980200000,769.40623735,1790981099999,1791376157436,legacy_historical,,,,,,,,,
1790981100000,769.73174256,1790981999999,1791376157436,legacy_historical,,,,,,,,,
1790982000000,769.63155436,1790982899999,1791376157436,legacy_historical,,,,,,,,,
1790982900000,769.66255882,1790983799999,1791376157436,legacy_historical,,,,,,,,,
1790983800000,769.72054922,1790984699999,1791376157436,legacy_historical,,,,,,,,,
1790984700000,769.81341172,1790985599999,1791376157436,legacy_historical,,,,,,,,,
1790985600000,770.00149799,1790986499999,1791376157436,legacy_historical,,,,,,,,,
1790986500000,770.09845033,1790987399999,1791376157436,legacy_historical,,,,,,,,,
1790987400000,770.17010131,1790988299999,1791376157436,legacy_historical,,,,,,,,,
1790988300000,770.20839267,1790989199999,1791376157436,legacy_historical,,,,,,,,,
1790989200000,770.25199468,1790990099999,1791376157436,legacy_historical,,,,,,,,,
1790990100000,770.42178537,1790990999999,1791376157436,legacy_historical,,,,,,,,,
1790991000000,770.55190709,1790991899999,1791376157436,legacy_historical,,,,,,,,,
1790991900000,770.71940295,1790992799999,1791376157436,legacy_historical,,,,,,,,,
1790992800000,770.84657316,1790993699999,1791376157436,legacy_historical,,,,,,,,,
1790993700000,770.93866263,1790994599999,1791376157436,legacy_historical,,,,,,,,,
1790994600000,771.01850995,1790995499999,1791376157436,legacy_historical,,,,,,,,,
1790995500000,771.06838831,1790996399999,1791376157436,legacy_historical,,,,,,,,,
1790996400000,771.10386313,1790997299999,1791376157436,legacy_historical,,,,,,,,,
1790997300000,771.13480224,1790998199999,1791376157436,legacy_historical,,,,,,,,,
1790998200000,771.19848982,1790999099999,1791376157436,legacy_historical,,,,,,,,,
1790999100000,771.25732822,1790999999999,1791376157436,legacy_historical,,,,,,,,,
1791000000000,771.24879736,1791000899999,1791376157436,legacy_historical,,,,,,,,,
1791000900000,771.18583169,1791001799999,1791376157436,legacy_historical,,,,,,,,,
1791001800000,771.06525576,1791002699999,1791376157436,legacy_historical,,,,,,,,,
1791002700000,771.02412892,1791003599999,1791376157436,legacy_historical,,,,,,,,,
1791003600000,771.09093298,1791004499999,1791376157436,legacy_historical,,,,,,,,,
1791004500000,771.12138439,1791005399999,1791376157436,legacy_historical,,,,,,,,,
1791005400000,771.14850179,1791006299999,1791376157436,legacy_historical,,,,,,,,,
1791006300000,771.16514748,1791007199999,1791376157436,legacy_historical,,,,,,,,,
1791007200000,771.1464453,1791008099999,1791376157436,legacy_historical,,,,,,,,,
1791008100000,771.16800591,1791008999999,1791376157436,legacy_historical,,,,,,,,,
1791009000000,771.19116732,1791009899999,1791376157436,legacy_historical,,,,,,,,,
1791009900000,771.14331561,1791010799999,1791376157436,legacy_historical,,,,,,,,,
1791010800000,771.11819132,1791011699999,1791376157436,legacy_historical,,,,,,,,,
1791011700000,771.17552243,1791012599999,1791376157436,legacy_historical,,,,,,,,,
1791012600000,771.17482147,1791013499999,1791376157436,legacy_historical,,,,,,,,,
1791013500000,771.08424271,1791014399999,1791376157436,legacy_historical,,,,,,,,,
1791014400000,770.98992134,1791015299999,1791376157436,legacy_historical,,,,,,,,,
1791015300000,770.92822413,1791016199999,1791376157436,legacy_historical,,,,,,,,,
1791016200000,770.89233691,1791017099999,1791376157436,legacy_historical,,,,,,,,,
1791017100000,770.88768987,1791017999999,1791376157436,legacy_historical,,,,,,,,,
1791018000000,770.89157798,1791018899999,1791376157436,legacy_historical,,,,,,,,,
1791018900000,770.91885748,1791019799999,1791376157436,legacy_historical,,,,,,,,,
1791019800000,770.92362189,1791020699999,1791376157436,legacy_historical,,,,,,,,,
1791020700000,770.90260075,1791021599999,1791376157436,legacy_historical,,,,,,,,,
1791021600000,770.86978004,1791022499999,1791376157436,legacy_historical,,,,,,,,,
1791022500000,770.68401067,1791023399999,1791376157436,legacy_historical,,,,,,,,,
1791023400000,770.57669432,1791024299999,1791376157436,legacy_historical,,,,,,,,,
1791024300000,770.55872263,1791025199999,1791376157436,legacy_historical,,,,,,,,,
1791025200000,770.40590127,1791026099999,1791376157436,legacy_historical,,,,,,,,,
1791026100000,770.15829028,1791026999999,1791376157436,legacy_historical,,,,,,,,,
1791027000000,770.01517623,1791027899999,1791376157436,legacy_historical,,,,,,,,,
1791027900000,769.94709754,1791028799999,1791376157436,legacy_historical,,,,,,,,,
1791028800000,769.9278111,1791029699999,1791376157436,legacy_historical,,,,,,,,,
1791029700000,769.95183281,1791030599999,1791376157436,legacy_historical,,,,,,,,,
1791030600000,769.92432024,1791031499999,1791376157436,legacy_historical,,,,,,,,,
1791031500000,770.06573939,1791032399999,1791376157436,legacy_historical,,,,,,,,,
1791032400000,770.20153444,1791033299999,1791376157436,legacy_historical,,,,,,,,,
1791033300000,770.30379845,1791034199999,1791376157436,legacy_historical,,,,,,,,,
1791034200000,770.44727172,1791035099999,1791376157436,legacy_historical,,,,,,,,,
1791035100000,770.62564053,1791035999999,1791376157436,legacy_historical,,,,,,,,,
1791036000000,770.68960689,1791036899999,1791376157436,legacy_historical,,,,,,,,,
1791036900000,770.73867799,1791037799999,1791376157436,legacy_historical,,,,,,,,,
1791037800000,770.70024998,1791038699999,1791376157436,legacy_historical,,,,,,,,,
1791038700000,770.64555043,1791039599999,1791376157436,legacy_historical,,,,,,,,,
1791039600000,770.65075079,1791040499999,1791376157436,legacy_historical,,,,,,,,,
1791040500000,770.73688178,1791041399999,1791376157436,legacy_historical,,,,,,,,,
1791041400000,770.8503077,1791042299999,1791376157436,legacy_historical,,,,,,,,,
1791042300000,770.95990419,1791043199999,1791376157436,legacy_historical,,,,,,,,,
1791043200000,771.06063398,1791044099999,1791376157436,legacy_historical,,,,,,,,,
1791044100000,771.07484399,1791044999999,1791376157436,legacy_historical,,,,,,,,,
1791045000000,771.08819355,1791045899999,1791376157436,legacy_historical,,,,,,,,,
1791045900000,771.11418005,1791046799999,1791376157436,legacy_historical,,,,,,,,,
1791046800000,771.14894998,1791047699999,1791376157436,legacy_historical,,,,,,,,,
1791047700000,771.18647001,1791048599999,1791376157436,legacy_historical,,,,,,,,,
1791048600000,771.18309852,1791049499999,1791376157436,legacy_historical,,,,,,,,,
1791049500000,771.21360793,1791050399999,1791376157436,legacy_historical,,,,,,,,,
1791050400000,771.30248335,1791051299999,1791376157436,legacy_historical,,,,,,,,,
1791051300000,771.35046355,1791052199999,1791376157436,legacy_historical,,,,,,,,,
1791052200000,771.37124331,1791053099999,1791376157436,legacy_historical,,,,,,,,,
1791053100000,771.34778093,1791053999999,1791376157436,legacy_historical,,,,,,,,,
1791054000000,771.33231479,1791054899999,1791376157436,legacy_historical,,,,,,,,,
1791054900000,771.31565578,1791055799999,1791376157436,legacy_historical,,,,,,,,,
1791055800000,771.27235218,1791056699999,1791376157436,legacy_historical,,,,,,,,,
1791056700000,771.2753547,1791057599999,1791376157436,legacy_historical,,,,,,,,,
1791057600000,771.20738121,1791058499999,1791376157436,legacy_historical,,,,,,,,,
1791058500000,771.17216331,1791059399999,1791376157436,legacy_historical,,,,,,,,,
1791059400000,771.15951151,1791060299999,1791376157436,legacy_historical,,,,,,,,,
1791060300000,771.16179229,1791061199999,1791376157436,legacy_historical,,,,,,,,,
1791061200000,771.14191375,1791062099999,1791376157436,legacy_historical,,,,,,,,,
1791062100000,771.10980221,1791062999999,1791376157436,legacy_historical,,,,,,,,,
1791063000000,771.20581014,1791063899999,1791376157436,legacy_historical,,,,,,,,,
1791063900000,771.29632009,1791064799999,1791376157436,legacy_historical,,,,,,,,,
1791064800000,771.38118809,1791065699999,1791376157436,legacy_historical,,,,,,,,,
1791065700000,771.469191,1791066599999,1791376157436,legacy_historical,,,,,,,,,
1791066600000,771.52405707,1791067499999,1791376157436,legacy_historical,,,,,,,,,
1791067500000,771.51115704,1791068399999,1791376157436,legacy_historical,,,,,,,,,
1791068400000,771.42650936,1791069299999,1791376157436,legacy_historical,,,,,,,,,
1791069300000,771.43173385,1791070199999,1791376157436,legacy_historical,,,,,,,,,
1791070200000,771.39424698,1791071099999,1791376157436,legacy_historical,,,,,,,,,
1791071100000,771.41979536,1791071999999,1791376157436,legacy_historical,,,,,,,,,
1791072000000,771.40193265,1791072899999,1791376157436,legacy_historical,,,,,,,,,
1791072900000,771.3531933,1791073799999,1791376157436,legacy_historical,,,,,,,,,
1791073800000,771.29384656,1791074699999,1791376157436,legacy_historical,,,,,,,,,
1791074700000,771.23393656,1791075599999,1791376157436,legacy_historical,,,,,,,,,
1791075600000,771.23591327,1791076499999,1791376157436,legacy_historical,,,,,,,,,
1791076500000,771.22378075,1791077399999,1791376157436,legacy_historical,,,,,,,,,
1791077400000,771.21292685,1791078299999,1791376157436,legacy_historical,,,,,,,,,
1791078300000,771.23887946,1791079199999,1791376157436,legacy_historical,,,,,,,,,
1791079200000,771.26501443,1791080099999,1791376157436,legacy_historical,,,,,,,,,
1791080100000,771.28202718,1791080999999,1791376157436,legacy_historical,,,,,,,,,
1791081000000,771.32352525,1791081899999,1791376157436,legacy_historical,,,,,,,,,
1791081900000,771.34804804,1791082799999,1791376157436,legacy_historical,,,,,,,,,
1791082800000,771.42670139,1791083699999,1791376157436,legacy_historical,,,,,,,,,
1791083700000,771.50332926,1791084599999,1791376157436,legacy_historical,,,,,,,,,
1791084600000,771.53901425,1791085499999,1791376157436,legacy_historical,,,,,,,,,
1791085500000,771.5569689,1791086399999,1791376157436,legacy_historical,,,,,,,,,
1791086400000,771.52937897,1791087299999,1791376157436,legacy_historical,,,,,,,,,
1791087300000,771.44517145,1791088199999,1791376157436,legacy_historical,,,,,,,,,
1791088200000,771.40352597,1791089099999,1791376157436,legacy_historical,,,,,,,,,
1791089100000,771.45045571,1791089999999,1791376157436,legacy_historical,,,,,,,,,
1791090000000,771.47370357,1791090899999,1791376157436,legacy_historical,,,,,,,,,
1791090900000,771.49147935,1791091799999,1791376157436,legacy_historical,,,,,,,,,
1791091800000,771.51174532,1791092699999,1791376157436,legacy_historical,,,,,,,,,
1791092700000,771.57114758,1791093599999,1791376157436,legacy_historical,,,,,,,,,
1791093600000,771.51414526,1791094499999,1791376157436,legacy_historical,,,,,,,,,
1791094500000,771.45450516,1791095399999,1791376157436,legacy_historical,,,,,,,,,
1791095400000,771.39436283,1791096299999,1791376157436,legacy_historical,,,,,,,,,
1791096300000,771.42917519,1791097199999,1791376157436,legacy_historical,,,,,,,,,
1791097200000,771.54023945,1791098099999,1791376157436,legacy_historical,,,,,,,,,
1791098100000,771.38440822,1791098999999,1791376157436,legacy_historical,,,,,,,,,
1791099000000,771.25778299,1791099899999,1791376157436,legacy_historical,,,,,,,,,
1791099900000,771.12985371,1791100799999,1791376157436,legacy_historical,,,,,,,,,
1791100800000,771.08164851,1791101699999,1791376157436,legacy_historical,,,,,,,,,
1791101700000,771.04005784,1791102599999,1791376157436,legacy_historical,,,,,,,,,
1791102600000,770.99295142,1791103499999,1791376157436,legacy_historical,,,,,,,,,
1791103500000,770.99369793,1791104399999,1791376157436,legacy_historical,,,,,,,,,
1791104400000,770.99811197,1791105299999,1791376157436,legacy_historical,,,,,,,,,
1791105300000,771.07064064,1791106199999,1791376157436,legacy_historical,,,,,,,,,
1791106200000,771.14286494,1791107099999,1791376157436,legacy_historical,,,,,,,,,
1791107100000,771.26000648,1791107999999,1791376157436,legacy_historical,,,,,,,,,
1791108000000,771.33701964,1791108899999,1791376157436,legacy_historical,,,,,,,,,
1791108900000,771.38088576,1791109799999,1791376157436,legacy_historical,,,,,,,,,
1791109800000,771.38429527,1791110699999,1791376157436,legacy_historical,,,,,,,,,
1791110700000,771.36830078,1791111599999,1791376157436,legacy_historical,,,,,,,,,
1791111600000,771.34867971,1791112499999,1791376157436,legacy_historical,,,,,,,,,
1791112500000,771.43058785,1791113399999,1791376157436,legacy_historical,,,,,,,,,
1791113400000,771.388643,1791114299999,1791376157436,legacy_historical,,,,,,,,,
1791114300000,771.3878592,1791115199999,1791376157436,legacy_historical,,,,,,,,,
1791115200000,771.38608908,1791116099999,1791376157436,legacy_historical,,,,,,,,,
1791116100000,771.44457517,1791116999999,1791376157436,legacy_historical,,,,,,,,,
1791117000000,771.46782333,1791117899999,1791376157436,legacy_historical,,,,,,,,,
1791117900000,771.44521696,1791118799999,1791376157436,legacy_historical,,,,,,,,,
1791118800000,771.39478653,1791119699999,1791376157436,legacy_historical,,,,,,,,,
1791119700000,771.36870894,1791120599999,1791376157436,legacy_historical,,,,,,,,,
1791120600000,771.39987879,1791121499999,1791376157436,legacy_historical,,,,,,,,,
1791121500000,771.42217382,1791122399999,1791376157436,legacy_historical,,,,,,,,,
1791122400000,771.40427861,1791123299999,1791376157436,legacy_historical,,,,,,,,,
1791123300000,771.34978969,1791124199999,1791376157436,legacy_historical,,,,,,,,,
1791124200000,771.28368627,1791125099999,1791376157436,legacy_historical,,,,,,,,,
1791125100000,771.24844943,1791125999999,1791376157436,legacy_historical,,,,,,,,,
1791126000000,771.28027253,1791126899999,1791376157436,legacy_historical,,,,,,,,,
1791126900000,771.31200224,1791127799999,1791376157436,legacy_historical,,,,,,,,,
1791127800000,771.3235715,1791128699999,1791376157436,legacy_historical,,,,,,,,,
1791128700000,771.30532708,1791129599999,1791376157436,legacy_historical,,,,,,,,,
1791129600000,771.33780577,1791130499999,1791376157436,legacy_historical,,,,,,,,,
1791130500000,771.28685534,1791131399999,1791376157436,legacy_historical,,,,,,,,,
1791131400000,771.23879734,1791132299999,1791376157436,legacy_historical,,,,,,,,,
1791132300000,771.17720535,1791133199999,1791376157436,legacy_historical,,,,,,,,,
1791133200000,771.1451151,1791134099999,1791376157436,legacy_historical,,,,,,,,,
1791134100000,771.12741028,1791134999999,1791376157436,legacy_historical,,,,,,,,,
1791135000000,771.13429779,1791135899999,1791376157436,legacy_historical,,,,,,,,,
1791135900000,771.17084622,1791136799999,1791376157436,legacy_historical,,,,,,,,,
1791136800000,771.22981691,1791137699999,1791376157436,legacy_historical,,,,,,,,,
1791137700000,771.27723192,1791138599999,1791376157436,legacy_historical,,,,,,,,,
1791138600000,771.22942233,1791139499999,1791376157436,legacy_historical,,,,,,,,,
1791139500000,771.22383638,1791140399999,1791376157436,legacy_historical,,,,,,,,,
1791140400000,771.2300612,1791141299999,1791376157436,legacy_historical,,,,,,,,,
1791141300000,771.22360309,1791142199999,1791376157436,legacy_historical,,,,,,,,,
1791142200000,771.24025132,1791143099999,1791376157436,legacy_historical,,,,,,,,,
1791143100000,771.30872019,1791143999999,1791376157436,legacy_historical,,,,,,,,,
1791144000000,771.37389278,1791144899999,1791376157436,legacy_historical,,,,,,,,,
1791144900000,771.41223518,1791145799999,1791376157436,legacy_historical,,,,,,,,,
1791145800000,771.51129744,1791146699999,1791376157436,legacy_historical,,,,,,,,,
1791146700000,771.6170191,1791147599999,1791376157436,legacy_historical,,,,,,,,,
1791147600000,771.66895828,1791148499999,1791376157436,legacy_historical,,,,,,,,,
1791148500000,771.63941087,1791149399999,1791376157436,legacy_historical,,,,,,,,,
1791149400000,771.62551548,1791150299999,1791376157436,legacy_historical,,,,,,,,,
1791150300000,771.60835438,1791151199999,1791376157436,legacy_historical,,,,,,,,,
1791151200000,771.38763659,1791152099999,1791376157436,legacy_historical,,,,,,,,,
1791152100000,771.17617875,1791152999999,1791376157436,legacy_historical,,,,,,,,,
1791153000000,771.21213849,1791153899999,1791376157436,legacy_historical,,,,,,,,,
1791153900000,771.26400185,1791154799999,1791376157436,legacy_historical,,,,,,,,,
1791154800000,771.25005541,1791155699999,1791376157436,legacy_historical,,,,,,,,,
1791155700000,771.27581094,1791156599999,1791376157436,legacy_historical,,,,,,,,,
1791156600000,771.29770897,1791157499999,1791376157436,legacy_historical,,,,,,,,,
1791157500000,771.17458238,1791158399999,1791376157436,legacy_historical,,,,,,,,,
1791158400000,770.68723542,1791159299999,1791376157436,legacy_historical,,,,,,,,,
1791159300000,770.4903132,1791160199999,1791376157436,legacy_historical,,,,,,,,,
1791160200000,770.88399449,1791161099999,1791376157436,legacy_historical,,,,,,,,,
1791161100000,770.97500486,1791161999999,1791376157436,legacy_historical,,,,,,,,,
1791162000000,770.94740106,1791162899999,1791376157436,legacy_historical,,,,,,,,,
1791162900000,771.06156036,1791163799999,1791376157436,legacy_historical,,,,,,,,,
1791163800000,771.0533007,1791164699999,1791376157436,legacy_historical,,,,,,,,,
1791164700000,770.80639378,1791165599999,1791376157436,legacy_historical,,,,,,,,,
1791165600000,770.70051064,1791166499999,1791376157436,legacy_historical,,,,,,,,,
1791166500000,770.80245186,1791167399999,1791376157436,legacy_historical,,,,,,,,,
1791167400000,770.35410068,1791168299999,1791376157436,legacy_historical,,,,,,,,,
1791168300000,769.93746496,1791169199999,1791376157436,legacy_historical,,,,,,,,,
1791169200000,769.74887886,1791170099999,1791376157436,legacy_historical,,,,,,,,,
1791170100000,769.92818506,1791170999999,1791376157436,legacy_historical,,,,,,,,,
1791171000000,769.69813687,1791171899999,1791376157436,legacy_historical,,,,,,,,,
1791171900000,769.29519036,1791172799999,1791376157436,legacy_historical,,,,,,,,,
1791172800000,769.35214146,1791173699999,1791376157436,legacy_historical,,,,,,,,,
1791173700000,769.05648103,1791174599999,1791376157436,legacy_historical,,,,,,,,,
1791174600000,769.18284366,1791175499999,1791376157436,legacy_historical,,,,,,,,,
1791175500000,769.20268451,1791176399999,1791376157436,legacy_historical,,,,,,,,,
1791176400000,769.15951862,1791177299999,1791376157436,legacy_historical,,,,,,,,,
1791177300000,768.88312792,1791178199999,1791376157436,legacy_historical,,,,,,,,,
1791178200000,768.66383435,1791179099999,1791376157436,legacy_historical,,,,,,,,,
1791179100000,768.82612252,1791179999999,1791376157436,legacy_historical,,,,,,,,,
1791180000000,769.52806333,1791180899999,1791376157436,legacy_historical,,,,,,,,,
1791180900000,768.98587306,1791181799999,1791376157436,legacy_historical,,,,,,,,,
1791181800000,768.65871927,1791182699999,1791376157436,legacy_historical,,,,,,,,,
1791182700000,769.17780515,1791183599999,1791376157436,legacy_historical,,,,,,,,,
1791183600000,769.20868981,1791184499999,1791376157436,legacy_historical,,,,,,,,,
1791184500000,768.55092215,1791185399999,1791376157436,legacy_historical,,,,,,,,,
1791185400000,768.80774551,1791186299999,1791376157436,legacy_historical,,,,,,,,,
1791186300000,769.00450255,1791187199999,1791376157436,legacy_historical,,,,,,,,,
1791187200000,769.66947746,1791188099999,1791376157436,legacy_historical,,,,,,,,,
1791188100000,769.69746898,1791188999999,1791376157436,legacy_historical,,,,,,,,,
1791189000000,768.91708798,1791189899999,1791376157436,legacy_historical,,,,,,,,,
1791189900000,769.09590014,1791190799999,1791376157436,legacy_historical,,,,,,,,,
1791190800000,769.20189577,1791191699999,1791376157436,legacy_historical,,,,,,,,,
1791191700000,768.90045739,1791192599999,1791376157436,legacy_historical,,,,,,,,,
1791192600000,768.53905586,1791193499999,1791376157436,legacy_historical,,,,,,,,,
1791193500000,768.46513208,1791194399999,1791376157436,legacy_historical,,,,,,,,,
1791194400000,768.4941698,1791195299999,1791376157436,legacy_historical,,,,,,,,,
1791195300000,768.41881247,1791196199999,1791376157436,legacy_historical,,,,,,,,,
1791196200000,768.4229888,1791197099999,1791376157436,legacy_historical,,,,,,,,,
1791197100000,769.2184975,1791197999999,1791376157436,legacy_historical,,,,,,,,,
1791198000000,768.97710062,1791198899999,1791376157436,legacy_historical,,,,,,,,,
1791198900000,769.96396322,1791199799999,1791376157436,legacy_historical,,,,,,,,,
1791199800000,769.35900368,1791200699999,1791376157436,legacy_historical,,,,,,,,,
1791200700000,769.54973499,1791201599999,1791376157436,legacy_historical,,,,,,,,,
1791201600000,769.90566232,1791202499999,1791376157436,legacy_historical,,,,,,,,,
1791202500000,769.66327238,1791203399999,1791376157436,legacy_historical,,,,,,,,,
1791203400000,769.16709528,1791204299999,1791376157436,legacy_historical,,,,,,,,,
1791204300000,768.96291,1791205199999,1791376157436,legacy_historical,,,,,,,,,
1791205200000,769.24906575,1791206099999,1791376157436,legacy_historical,,,,,,,,,
1791206100000,769.82346863,1791206999999,1791376157436,legacy_historical,,,,,,,,,
1791207000000,770.85300543,1791207899999,1791376157436,legacy_historical,,,,,,,,,
1791207900000,770.91538466,1791208799999,1791376157436,legacy_historical,,,,,,,,,
1791208800000,772.18306215,1791209699999,1791376157436,legacy_historical,,,,,,,,,
1791209700000,772.90376714,1791210599999,1791376157436,legacy_historical,,,,,,,,,
1791210600000,772.49437812,1791211499999,1791376157436,legacy_historical,,,,,,,,,
1791211500000,773.0273237,1791212399999,1791376157436,legacy_historical,,,,,,,,,
1791212400000,772.79136028,1791213299999,1791376157436,legacy_historical,,,,,,,,,
1791213300000,773.06588759,1791214199999,1791376157436,legacy_historical,,,,,,,,,
1791214200000,773.50403841,1791215099999,1791376157436,legacy_historical,,,,,,,,,
1791215100000,773.50480761,1791215999999,1791376157436,legacy_historical,,,,,,,,,
1791216000000,773.464,1791216899999,1791376157436,legacy_historical,,,,,,,,,
1791216900000,773.8638878,1791217799999,1791376157436,legacy_historical,,,,,,,,,
1791217800000,774.65604401,1791218699999,1791376157436,legacy_historical,,,,,,,,,
1791218700000,774.23419166,1791219599999,1791376157436,legacy_historical,,,,,,,,,
1791219600000,774.34135643,1791220499999,1791376157436,legacy_historical,,,,,,,,,
1791220500000,774.44972405,1791221399999,1791376157436,legacy_historical,,,,,,,,,
1791221400000,774.98985248,1791222299999,1791376157436,legacy_historical,,,,,,,,,
1791222300000,774.90909147,1791223199999,1791376157436,legacy_historical,,,,,,,,,
1791223200000,774.90580434,1791224099999,1791376157436,legacy_historical,,,,,,,,,
1791224100000,775.3082895,1791224999999,1791376157436,legacy_historical,,,,,,,,,
1791225000000,775.21311669,1791225899999,1791376157436,legacy_historical,,,,,,,,,
1791225900000,775.66541095,1791226799999,1791376157436,legacy_historical,,,,,,,,,
1791226800000,776.29934491,1791227699999,1791376157436,legacy_historical,,,,,,,,,
1791227700000,776.24320111,1791228599999,1791376157436,legacy_historical,,,,,,,,,
1791228600000,775.70278179,1791229499999,1791376157436,legacy_historical,,,,,,,,,
1791229500000,774.61906213,1791230399999,1791376157436,legacy_historical,,,,,,,,,
1791230400000,774.92142615,1791231299999,1791376157436,legacy_historical,,,,,,,,,
1791231300000,774.8788241,1791232199999,1791376157436,legacy_historical,,,,,,,,,
1791232200000,774.92091919,1791233099999,1791376157436,legacy_historical,,,,,,,,,
1791233100000,774.92603841,1791233999999,1791376157436,legacy_historical,,,,,,,,,
1791234000000,774.96872523,1791234899999,1791376157436,legacy_historical,,,,,,,,,
1791234900000,775.09789792,1791235799999,1791376157436,legacy_historical,,,,,,,,,
1791235800000,775.08840946,1791236699999,1791376157436,legacy_historical,,,,,,,,,
1791236700000,775.10645411,1791237599999,1791376157436,legacy_historical,,,,,,,,,
1791237600000,775.32507985,1791238499999,1791376157436,legacy_historical,,,,,,,,,
1791238500000,775.34896848,1791239399999,1791376157436,legacy_historical,,,,,,,,,
1791239400000,775.08743231,1791240299999,1791376157436,legacy_historical,,,,,,,,,
1791240300000,775.05694086,1791241199999,1791376157436,legacy_historical,,,,,,,,,
1791241200000,775.18805705,1791242099999,1791376157436,legacy_historical,,,,,,,,,
1791242100000,775.21879371,1791242999999,1791376157436,legacy_historical,,,,,,,,,
1791243000000,775.22226601,1791243899999,1791376157436,legacy_historical,,,,,,,,,
1791243900000,775.07897247,1791244799999,1791376157436,legacy_historical,,,,,,,,,
1791244800000,775.20692959,1791245699999,1791376157436,rest,775.09035425,775.35425991,774.96191851,0.0,0.0,900.0,0.0,0.0,0.0
1791245700000,775.27054848,1791246599999,1791376157436,rest,775.2038577,775.50729993,775.18124611,0.0,0.0,900.0,0.0,0.0,0.0
1791246600000,775.31013586,1791247499999,1791376157436,rest,775.26908427,775.5240618,775.16141142,0.0,0.0,900.0,0.0,0.0,0.0
1791247500000,775.56164816,1791248399999,1791376157436,rest,775.30964404,775.56657351,775.3032675,0.0,0.0,900.0,0.0,0.0,0.0
1791248400000,775.72373479,1791249299999,1791376157436,rest,775.56255395,775.89703231,775.55320284,0.0,0.0,900.0,0.0,0.0,0.0
1791249300000,775.46978072,1791250199999,1791376157436,rest,775.72653146,775.72653146,775.21221279,0.0,0.0,900.0,0.0,0.0,0.0
1791250200000,775.33327929,1791251099999,1791376157436,rest,775.46549006,775.54856617,775.16823171,0.0,0.0,900.0,0.0,0.0,0.0
1791251100000,775.31262093,1791251999999,1791376157436,rest,775.3455298,775.38327459,775.21612116,0.0,0.0,900.0,0.0,0.0,0.0
1791252000000,775.21085591,1791252899999,1791376157436,rest,775.31589195,775.37030767,775.09352811,0.0,0.0,900.0,0.0,0.0,0.0
1791252900000,775.29428049,1791253799999,1791376157436,rest,775.22698806,775.41330654,775.21315711,0.0,0.0,900.0,0.0,0.0,0.0
1791253800000,775.31848932,1791254699999,1791376157436,rest,775.29525837,775.35183061,775.06850096,0.0,0.0,900.0,0.0,0.0,0.0
1791254700000,775.3667022,1791255599999,1791376157436,rest,775.3157924,775.42276294,775.22379387,0.0,0.0,900.0,0.0,0.0,0.0
1791255600000,775.53357138,1791256499999,1791376157436,rest,775.37928936,775.61655123,775.37928936,0.0,0.0,900.0,0.0,0.0,0.0
1791256500000,775.62485712,1791257399999,1791376157436,rest,775.53393651,775.7472327,775.50350952,0.0,0.0,900.0,0.0,0.0,0.0
1791257400000,775.58928246,1791258299999,1791376157436,rest,775.62745534,775.66845981,775.44245686,0.0,0.0,900.0,0.0,0.0,0.0
1791258300000,775.52455513,1791259199999,1791376157436,rest,775.58912418,775.62453844,775.49129986,0.0,0.0,900.0,0.0,0.0,0.0
1791259200000,775.64995171,1791260099999,1791376157436,rest,775.52437524,775.8291062,775.51036481,0.0,0.0,900.0,0.0,0.0,0.0
1791260100000,775.64121074,1791260999999,1791376157436,rest,775.65044478,775.78656306,775.54229644,0.0,0.0,900.0,0.0,0.0,0.0
1791261000000,775.4902166,1791261899999,1791376157436,rest,775.64202928,775.66793108,775.46196835,0.0,0.0,900.0,0.0,0.0,0.0
1791261900000,775.4257371,1791262799999,1791376157436,rest,775.49197011,775.61920304,775.39086521,0.0,0.0,900.0,0.0,0.0,0.0
1791262800000,775.65290341,1791263699999,1791376157436,rest,775.43186451,775.6989715,775.41130463,0.0,0.0,900.0,0.0,0.0,0.0
1791263700000,775.52532628,1791264599999,1791376157436,rest,775.65016818,775.68439197,775.43832187,0.0,0.0,900.0,0.0,0.0,0.0
1791264600000,775.54351612,1791265499999,1791376157436,rest,775.52810256,775.71508693,775.48231577,0.0,0.0,900.0,0.0,0.0,0.0
1791265500000,775.82909167,1791266399999,1791376157436,rest,775.54425539,775.88014726,775.51694594,0.0,0.0,900.0,0.0,0.0,0.0
1791266400000,775.81922262,1791267299999,1791376157436,rest,775.83036719,775.90824286,775.59078328,0.0,0.0,900.0,0.0,0.0,0.0
1791267300000,776.2255675,1791268199999,1791376157436,rest,775.81817565,776.40630034,775.7881159,0.0,0.0,900.0,0.0,0.0,0.0
1791268200000,776.35540348,1791269099999,1791376157436,rest,776.22323857,776.44280998,776.13683133,0.0,0.0,900.0,0.0,0.0,0.0
1791269100000,776.33445588,1791269999999,1791376157436,rest,776.35729222,776.55446892,776.30586807,0.0,0.0,900.0,0.0,0.0,0.0
1791270000000,776.51078888,1791270899999,1791376157436,rest,776.33960252,776.5245009,775.78080742,0.0,0.0,900.0,0.0,0.0,0.0
1791270900000,776.28653541,1791271799999,1791376157436,rest,776.5028122,776.60124805,776.28373736,0.0,0.0,900.0,0.0,0.0,0.0
1791271800000,776.54384023,1791272699999,1791376157436,rest,776.28729311,776.56339966,775.87743659,0.0,0.0,900.0,0.0,0.0,0.0
1791272700000,776.34096405,1791273599999,1791376157436,rest,776.54881533,776.59082396,776.26981257,0.0,0.0,900.0,0.0,0.0,0.0
1791273600000,776.50781834,1791274499999,1791376157436,rest,776.22358097,776.67504175,776.22358097,0.0,0.0,900.0,0.0,0.0,0.0
1791274500000,776.44461266,1791275399999,1791376157436,rest,776.51718908,776.64049023,776.41391835,0.0,0.0,900.0,0.0,0.0,0.0
1791275400000,776.74524252,1791276299999,1791376157436,rest,776.43946427,776.74725603,776.37655996,0.0,0.0,900.0,0.0,0.0,0.0
1791276300000,776.66017418,1791277199999,1791376157436,rest,776.74616775,776.77370226,776.59826522,0.0,0.0,900.0,0.0,0.0,0.0
1791277200000,776.59873511,1791278099999,1791376157436,rest,776.65923662,776.8710742,776.4993323,0.0,0.0,900.0,0.0,0.0,0.0
1791278100000,776.71296447,1791278999999,1791376157436,rest,776.59669878,776.86088193,776.45001877,0.0,0.0,900.0,0.0,0.0,0.0
1791279000000,776.73285285,1791279899999,1791376157436,rest,776.69805936,776.83299757,776.6640692,0.0,0.0,900.0,0.0,0.0,0.0
1791279900000,776.61547102,1791280799999,1791376157436,rest,776.73453178,776.86561033,776.58966815,0.0,0.0,900.0,0.0,0.0,0.0
1791280800000,776.62484503,1791281699999,1791376157436,rest,776.61893666,776.68635786,776.37639944,0.0,0.0,900.0,0.0,0.0,0.0
1791281700000,776.69297119,1791282599999,1791376157436,rest,776.63216073,776.76981149,776.50832208,0.0,0.0,900.0,0.0,0.0,0.0
1791282600000,776.95090501,1791283499999,1791376157436,rest,776.69266576,776.9623879,776.65299034,0.0,0.0,900.0,0.0,0.0,0.0
1791283500000,777.01388895,1791284399999,1791376157436,rest,776.94900035,777.07544273,776.93906122,0.0,0.0,900.0,0.0,0.0,0.0
1791284400000,777.53317455,1791285299999,1791376157436,rest,776.9910845,777.53317455,776.95998691,0.0,0.0,900.0,0.0,0.0,0.0
1791285300000,777.82487485,1791286199999,1791376157436,rest,777.5431239,778.34216645,777.5431239,0.0,0.0,900.0,0.0,0.0,0.0
1791286200000,778.20199334,1791287099999,1791376157436,rest,777.82420162,778.21228144,777.77070991,0.0,0.0,900.0,0.0,0.0,0.0
1791287100000,778.55368231,1791287999999,1791376157436,rest,778.2002954,778.60984895,778.16225321,0.0,0.0,900.0,0.0,0.0,0.0
1791288000000,778.64139588,1791288899999,1791376157436,rest,778.55521226,778.75771481,778.34449831,0.0,0.0,900.0,0.0,0.0,0.0
1791288900000,778.0667133,1791289799999,1791376157436,rest,778.63346593,778.70327481,778.03670828,0.0,0.0,900.0,0.0,0.0,0.0
1791289800000,777.82704945,1791290699999,1791376157436,rest,778.06679779,778.09136466,777.73954764,0.0,0.0,900.0,0.0,0.0,0.0
1791290700000,777.98566429,1791291599999,1791376157436,rest,777.82954144,778.08314352,777.52742879,0.0,0.0,900.0,0.0,0.0,0.0
1791291600000,778.19641927,1791292499999,1791376157436,rest,777.99846846,778.33035184,777.94724917,0.0,0.0,900.0,0.0,0.0,0.0
1791292500000,778.3512639,1791293399999,1791376157436,rest,778.19508676,778.43228357,778.03953848,0.0,0.0,900.0,0.0,0.0,0.0
1791293400000,778.77459323,1791294299999,1791376157436,rest,778.35349299,778.98659492,778.17768305,0.0,0.0,900.0,0.0,0.0,0.0
1791294300000,779.98417384,1791295199999,1791376157436,rest,778.80201769,780.12612383,778.62740989,0.0,0.0,900.0,0.0,0.0,0.0
1791295200000,780.14254304,1791296099999,1791376157436,rest,779.96724404,780.74081741,779.8553915,0.0,0.0,900.0,0.0,0.0,0.0
1791296100000,779.03574606,1791296999999,1791376157436,rest,780.1564861,780.49914455,779.03574606,0.0,0.0,900.0,0.0,0.0,0.0
1791297000000,780.38296704,1791297899999,1791376157436,rest,779.02795045,780.39528927,778.72261118,0.0,0.0,900.0,0.0,0.0,0.0
1791297900000,780.59890565,1791298799999,1791376157436,rest,780.38668312,780.63653004,779.8898288,0.0,0.0,900.0,0.0,0.0,0.0
1791298800000,781.25693129,1791299699999,1791376157436,rest,780.6116401,781.26980634,780.54184094,0.0,0.0,900.0,0.0,0.0,0.0
1791299700000,781.46380254,1791300599999,1791376157436,rest,781.25905475,781.67505445,781.21833372,0.0,0.0,900.0,0.0,0.0,0.0
1791300600000,781.29039369,1791301499999,1791376157436,rest,781.46120146,781.62604329,781.14901155,0.0,0.0,900.0,0.0,0.0,0.0
1791301500000,781.2047664,1791302399999,1791376157436,rest,781.28250882,781.42507432,780.98848388,0.0,0.0,900.0,0.0,0.0,0.0
1791302400000,781.20118419,1791303299999,1791376157436,rest,781.23149239,781.42544863,780.89705371,0.0,0.0,900.0,0.0,0.0,0.0
1791303300000,780.43183414,1791304199999,1791376157436,rest,781.20284232,781.20284232,780.41465646,0.0,0.0,900.0,0.0,0.0,0.0
1791304200000,780.54097291,1791305099999,1791376157436,rest,780.43936086,780.64394997,780.17064804,0.0,0.0,900.0,0.0,0.0,0.0
1791305100000,780.13522244,1791305999999,1791376157436,rest,780.53747025,780.58859552,780.03185358,0.0,0.0,900.0,0.0,0.0,0.0
1791306000000,779.72636603,1791306899999,1791376157436,rest,780.13071647,780.20625198,779.60172086,0.0,0.0,900.0,0.0,0.0,0.0
1791306900000,779.81357856,1791307799999,1791376157436,rest,779.72507038,779.84114918,779.04002745,0.0,0.0,900.0,0.0,0.0,0.0
1791307800000,779.9645918,1791308699999,1791376157436,rest,779.81083523,780.15395643,779.62568386,0.0,0.0,900.0,0.0,0.0,0.0
1791308700000,779.90074664,1791309599999,1791376157436,rest,779.95795383,780.26869519,779.70742029,0.0,0.0,900.0,0.0,0.0,0.0
1791309600000,780.34268013,1791310499999,1791376157436,rest,779.93251447,780.42722687,779.88854163,0.0,0.0,900.0,0.0,0.0,0.0
1791310500000,779.87933197,1791311399999,1791376157436,rest,780.34568744,780.36917414,779.85506103,0.0,0.0,900.0,0.0,0.0,0.0
1791311400000,779.96500589,1791312299999,1791376157436,rest,779.88098256,780.07755797,779.73717811,0.0,0.0,900.0,0.0,0.0,0.0
1791312300000,780.21553902,1791313199999,1791376157436,rest,779.95541129,780.2451204,779.89252336,0.0,0.0,900.0,0.0,0.0,0.0
1791313200000,780.00084535,1791314099999,1791376157436,rest,780.21023675,780.40130188,779.83536385,0.0,0.0,900.0,0.0,0.0,0.0
1791314100000,779.83534486,1791314999999,1791376157436,rest,779.99998238,780.12069246,779.70360485,0.0,0.0,900.0,0.0,0.0,0.0
1791315000000,779.71197,1791315899999,1791376157436,rest,779.8345103,779.96224387,779.54037831,0.0,0.0,900.0,0.0,0.0,0.0
1791315900000,779.33916425,1791316799999,1791376157436,rest,779.68632222,779.79206832,779.15440485,0.0,0.0,900.0,0.0,0.0,0.0
1791316800000,779.49531804,1791317699999,1791376157436,rest,779.31431506,779.62615207,779.22982247,0.0,0.0,900.0,0.0,0.0,0.0
1791317700000,779.63999118,1791318599999,1791376157436,rest,779.49658028,779.72596487,779.49544337,0.0,0.0,900.0,0.0,0.0,0.0
1791318600000,779.63783953,1791319499999,1791376157436,rest,779.64360323,779.66699515,779.56427678,0.0,0.0,900.0,0.0,0.0,0.0
1791319500000,779.8384837,1791320399999,1791376157436,rest,779.63638508,779.87541953,779.60220112,0.0,0.0,900.0,0.0,0.0,0.0
1791320400000,779.78670807,1791321299999,1791376157436,rest,779.80756064,779.85908351,779.75047773,0.0,0.0,900.0,0.0,0.0,0.0
1791321300000,779.79452541,1791322199999,1791376157436,rest,779.78831802,779.83146813,779.71939771,0.0,0.0,900.0,0.0,0.0,0.0
1791322200000,779.85631989,1791323099999,1791376157436,rest,779.79838818,779.88216669,779.69283261,0.0,0.0,900.0,0.0,0.0,0.0
1791323100000,779.88091792,1791323999999,1791376157436,rest,779.84845039,779.94678103,779.82186125,0.0,0.0,900.0,0.0,0.0,0.0
1791324000000,780.16092936,1791324899999,1791376157436,rest,779.91083039,780.16760029,779.91083039,0.0,0.0,900.0,0.0,0.0,0.0
1791324900000,780.07479284,1791325799999,1791376157436,rest,780.16066383,780.20599939,780.03533254,0.0,0.0,900.0,0.0,0.0,0.0
1791325800000,780.01769244,1791326699999,1791376157436,rest,780.07754455,780.08730652,779.92340201,0.0,0.0,900.0,0.0,0.0,0.0
1791326700000,780.04892618,1791327599999,1791376157436,rest,780.01756707,780.10974463,779.97915742,0.0,0.0,900.0,0.0,0.0,0.0
1791327600000,780.09151134,1791328499999,1791376157436,rest,780.04584273,780.13551678,780.00937037,0.0,0.0,900.0,0.0,0.0,0.0
1791328500000,780.14869206,1791329399999,1791376157436,rest,780.09182992,780.25025476,780.0648271,0.0,0.0,900.0,0.0,0.0,0.0
1791329400000,780.0569749,1791330299999,1791376157436,rest,780.14603175,780.22526659,780.01349828,0.0,0.0,900.0,0.0,0.0,0.0
1791330300000,780.01150878,1791331199999,1791376157436,rest,780.04995523,780.11316137,780.00707037,0.0,0.0,900.0,0.0,0.0,0.0
1791331200000,780.26179848,1791332099999,1791376157436,rest,780.01443071,780.29514748,779.84305318,0.0,0.0,900.0,0.0,0.0,0.0
1791332100000,780.258855,1791332999999,1791376157436,rest,780.26371976,780.35831719,780.23415416,0.0,0.0,900.0,0.0,0.0,0.0
1791333000000,780.34425875,1791333899999,1791376157436,rest,780.26091989,780.37697073,780.17753795,0.0,0.0,900.0,0.0,0.0,0.0
1791333900000,780.25074399,1791334799999,1791376157436,rest,780.35857761,780.42477275,780.10533104,0.0,0.0,900.0,0.0,0.0,0.0
1791334800000,780.21568768,1791335699999,1791376157436,rest,780.25254078,780.34295078,780.10049347,0.0,0.0,900.0,0.0,0.0,0.0
1791335700000,780.10030777,1791336599999,1791376157436,rest,780.20868432,780.30420086,780.0790182,0.0,0.0,900.0,0.0,0.0,0.0
1791336600000,780.27910297,1791337499999,1791376157436,rest,780.10980031,780.4196067,780.09237238,0.0,0.0,900.0,0.0,0.0,0.0
1791337500000,780.11457317,1791338399999,1791376157436,rest,780.27929678,780.29976375,779.82440234,0.0,0.0,900.0,0.0,0.0,0.0
1791338400000,779.75006049,1791339299999,1791376157436,rest,780.11258212,780.51653808,778.85097242,0.0,0.0,900.0,0.0,0.0,0.0
1791339300000,779.88425898,1791340199999,1791376157436,rest,779.74025575,779.91637809,779.59390098,0.0,0.0,900.0,0.0,0.0,0.0
1791340200000,779.85827708,1791341099999,1791376157436,rest,779.87710054,780.06898568,779.80470799,0.0,0.0,900.0,0.0,0.0,0.0
1791341100000,779.88084929,1791341999999,1791376157436,rest,779.84912281,780.07685705,779.8376077,0.0,0.0,900.0,0.0,0.0,0.0
1791342000000,779.76513912,1791342899999,1791376157436,rest,779.88168788,780.07042637,779.70198093,0.0,0.0,900.0,0.0,0.0,0.0
1791342900000,780.06645495,1791343799999,1791376157436,rest,779.76753546,780.11130001,779.74030922,0.0,0.0,900.0,0.0,0.0,0.0
1791343800000,780.00674873,1791344699999,1791376157436,rest,780.0686483,780.10750726,779.94706308,0.0,0.0,900.0,0.0,0.0,0.0
1791344700000,780.14858164,1791345599999,1791376157436,rest,780.00665439,780.27951282,780.00015443,0.0,0.0,900.0,0.0,0.0,0.0
1791345600000,780.17888235,1791346499999,1791376157436,rest,780.15986671,780.20899948,780.06372253,0.0,0.0,900.0,0.0,0.0,0.0
1791346500000,780.10648082,1791347399999,1791376157436,rest,780.18400827,780.23505153,780.01685144,0.0,0.0,900.0,0.0,0.0,0.0
1791347400000,780.02482672,1791348299999,1791376157436,rest,780.10271527,780.2325897,779.94882131,0.0,0.0,900.0,0.0,0.0,0.0
1791348300000,780.0221404,1791349199999,1791376157436,rest,780.01302809,780.15281341,779.9864895,0.0,0.0,900.0,0.0,0.0,0.0
1791349200000,779.91458972,1791350099999,1791376157436,rest,780.02510208,780.13324734,779.88564653,0.0,0.0,900.0,0.0,0.0,0.0
1791350100000,779.97811749,1791350999999,1791376157436,rest,779.89936244,780.00974696,779.73896268,0.0,0.0,900.0,0.0,0.0,0.0
1791351000000,779.90748375,1791351899999,1791376157436,rest,779.9810254,780.02331991,779.81881178,0.0,0.0,900.0,0.0,0.0,0.0
1791351900000,779.79125667,1791352799999,1791376157436,rest,779.90804583,780.06561305,779.77267694,0.0,0.0,900.0,0.0,0.0,0.0
1791352800000,779.52090049,1791353699999,1791376157436,rest,779.78755101,779.86773247,779.51062836,0.0,0.0,900.0,0.0,0.0,0.0
1791353700000,779.6726025,1791354599999,1791376157436,rest,779.51894583,779.71578894,779.43732741,0.0,0.0,900.0,0.0,0.0,0.0
1791354600000,779.63780559,1791355499999,1791376157436,rest,779.67236717,779.77648287,779.51781267,0.0,0.0,880.0,0.0,0.0,0.0
1791355500000,779.41462992,1791356399999,1791376157436,rest,779.63995713,779.73467103,779.37315607,0.0,0.0,900.0,0.0,0.0,0.0
1791356400000,779.51844572,1791357299999,1791376157436,rest,779.42189004,779.68584522,779.39250493,0.0,0.0,900.0,0.0,0.0,0.0
1791357300000,779.37027071,1791358199999,1791376157436,rest,779.52987409,779.53675506,779.27677964,0.0,0.0,900.0,0.0,0.0,0.0
1791358200000,779.48172669,1791359099999,1791376157436,rest,779.36898146,779.48172669,779.18117973,0.0,0.0,900.0,0.0,0.0,0.0
1791359100000,779.24436637,1791359999999,1791376157436,rest,779.47260422,779.51172541,778.95327501,0.0,0.0,900.0,0.0,0.0,0.0
1791360000000,779.55984191,1791360899999,1791376157436,rest,779.37818015,779.63904112,779.17442998,0.0,0.0,900.0,0.0,0.0,0.0
1791360900000,779.7380523,1791361799999,1791376157436,rest,779.57096333,779.91004728,779.51748254,0.0,0.0,900.0,0.0,0.0,0.0
1791361800000,779.77175581,1791362699999,1791376157436,rest,779.7425937,779.83291632,779.58408532,0.0,0.0,900.0,0.0,0.0,0.0
1791362700000,779.64587102,1791363599999,1791376157436,rest,779.77166908,779.84980451,779.64375924,0.0,0.0,900.0,0.0,0.0,0.0
1791363600000,779.15939573,1791364499999,1791376157436,rest,779.64572944,779.68332808,779.0648801,0.0,0.0,900.0,0.0,0.0,0.0
1791364500000,778.91866637,1791365399999,1791376157436,rest,779.1599297,779.16989876,778.74899938,0.0,0.0,900.0,0.0,0.0,0.0
1791365400000,778.57007017,1791366299999,1791376157436,rest,778.92013882,778.93725049,778.53866946,0.0,0.0,900.0,0.0,0.0,0.0
1791366300000,778.48235184,1791367199999,1791376157436,rest,778.56924542,778.61828527,778.2237353,0.0,0.0,900.0,0.0,0.0,0.0
1791367200000,778.57666376,1791368099999,1791376157436,rest,778.48161159,779.06784772,778.41229699,0.0,0.0,900.0,0.0,0.0,0.0
1791368100000,778.18471137,1791368999999,1791376157436,rest,778.59998866,778.61824909,778.18471137,0.0,0.0,900.0,0.0,0.0,0.0
1791369000000,777.83690875,1791369899999,1791376157436,rest,778.21145586,778.22352791,777.81383038,0.0,0.0,900.0,0.0,0.0,0.0
1791369900000,777.50762637,1791370799999,1791376157436,rest,777.83096024,777.85965414,777.3039119,0.0,0.0,900.0,0.0,0.0,0.0
1791370800000,777.2775198,1791371699999,1791376157436,rest,777.51812597,777.51812597,776.98717749,0.0,0.0,900.0,0.0,0.0,0.0
1791371700000,776.67827879,1791372599999,1791376157436,rest,777.2804807,777.29712176,776.45186691,0.0,0.0,900.0,0.0,0.0,0.0
1791372600000,776.17455816,1791373499999,1791376157436,rest,776.69046279,776.69046279,775.98757206,0.0,0.0,900.0,0.0,0.0,0.0
1791373500000,776.715321,1791374399999,1791376157436,rest,776.18839659,776.73261354,775.95443515,0.0,0.0,900.0,0.0,0.0,0.0
1791374400000,776.64383591,1791375299999,1791376157436,rest,776.72228235,776.74524626,776.51859453,0.0,0.0,900.0,0.0,0.0,0.0
1791375300000,775.76578923,1791376199999,1791377219868,rest,776.63793264,776.76284827,775.5834697,0.0,0.0,900.0,0.0,0.0,0.0
1791376200000,776.2814872,1791377099999,1791377219868,rest,775.77439421,776.46408271,775.74827835,0.0,0.0,900.0,0.0,0.0,0.0
1791377100000,776.314347,1791377999999,1791380668986,rest,776.282073,776.5322289,776.05096108,0.0,0.0,900.0,0.0,0.0,0.0
1791378000000,776.21308367,1791378899999,1791380668986,rest,776.32119497,776.57617489,776.16718698,0.0,0.0,900.0,0.0,0.0,0.0
1791378900000,776.04602927,1791379799999,1791380668986,rest,776.20065796,776.41565588,775.70997984,0.0,0.0,900.0,0.0,0.0,0.0
1791379800000,775.01273765,1791380699999,1791381198146,rest,776.03468371,776.40715939,774.59700725,0.0,0.0,900.0,0.0,0.0,0.0
1791380700000,775.13174897,1791381599999,1791381947241,rest,774.95549123,775.42442725,774.45551718,0.0,0.0,900.0,0.0,0.0,0.0
1791381600000,774.57733424,1791382499999,1791385443337,rest,775.11653946,775.12885912,774.43370493,0.0,0.0,900.0,0.0,0.0,0.0
1791382500000,774.7148168,1791383399999,1791385443337,rest,774.58876904,775.26595215,774.36441531,0.0,0.0,900.0,0.0,0.0,0.0
1791383400000,774.2456896,1791384299999,1791385443337,rest,774.7239803,775.10053322,774.2456896,0.0,0.0,900.0,0.0,0.0,0.0
1791384300000,774.65521468,1791385199999,1791385443337,rest,774.23805645,774.70425487,773.89446755,0.0,0.0,900.0,0.0,0.0,0.0
1791385200000,775.13947037,1791386099999,1791386272923,rest,774.64998669,775.4067934,774.07770334,0.0,0.0,900.0,0.0,0.0,0.0
1791386100000,775.05514943,1791386999999,1791387133189,rest,775.13811052,775.44649114,774.71365276,0.0,0.0,900.0,0.0,0.0,0.0
1791387000000,776.31028771,1791387899999,1791388054174,rest,775.08719744,776.3414895,775.02573545,0.0,0.0,900.0,0.0,0.0,0.0
1791387900000,776.6727278,1791388799999,1791388960124,rest,776.31006781,776.88214711,776.26435393,0.0,0.0,900.0,0.0,0.0,0.0
1791388800000,776.91030659,1791389699999,1791389834423,rest,776.67412791,776.95428867,776.15698649,0.0,0.0,900.0,0.0,0.0,0.0
1791389700000,777.00506394,1791390599999,1791390755147,rest,776.91179892,777.20940529,776.69595084,0.0,0.0,900.0,0.0,0.0,0.0
